OBJECTID,STATLIGLED,STATLIGLEDNAMN,SHAPE.LEN,latitude_wgs84,longitude_wgs84,osm_link,osm_nearby_link
12348588,Z 59,Vålådalen - Vålåstugorna (justerad),985.5343687006,63.0766141,12.8152322,https://www.openstreetmap.org/?mlat=63.0766141&mlon=12.8152322#map=18/63.0766141/12.8152322,"https://overpass-turbo.eu/?Q=[out:json];(nwr(around:50,63.0766141,12.8152322););out center;"
12348587,Z 59,Vålådalen - Vålåstugorna (justerad),3766.9228843242,63.0586371,12.7972064,https://www.openstreetmap.org/?mlat=63.0586371&mlon=12.7972064#map=18/63.0586371/12.7972064,"https://overpass-turbo.eu/?Q=[out:json];(nwr(around:50,63.0586371,12.7972064););out center;"
12348586,Z 59,Vålådalen - Vålåstugorna (justerad),2391.08898962359,63.1451394,12.9053434,https://www.openstreetmap.org/?mlat=63.1451394&mlon=12.9053434#map=18/63.1451394/12.9053434,"https://overpass-turbo.eu/?Q=[out:json];(nwr(around:50,63.1451394,12.9053434););out center;"
12348585,Z 59,Vålådalen - Vålåstugorna (justerad),2523.90354420842,63.1476311,12.9440732,https://www.openstreetmap.org/?mlat=63.1476311&mlon=12.9440732#map=18/63.1476311/12.9440732,"https://overpass-turbo.eu/?Q=[out:json];(nwr(around:50,63.1476311,12.9440732););out center;"
12348553,Z 59,Vålådalen - Vålåstugorna (justerad),8137.13979601537,63.111975,12.8354133,https://www.openstreetmap.org/?mlat=63.111975&mlon=12.8354133#map=18/63.111975/12.8354133,"https://overpass-turbo.eu/?Q=[out:json];(nwr(around:50,63.111975,12.8354133););out center;"
12348552,Z 59,Vålådalen - Vålåstugorna (justerad),192.041970521265,63.0719249,12.8127056,https://www.openstreetmap.org/?mlat=63.0719249&mlon=12.8127056#map=18/63.0719249/12.8127056,"https://overpass-turbo.eu/?Q=[out:json];(nwr(around:50,63.0719249,12.8127056););out center;"
12348551,Z 59,Vålådalen - Vålåstugorna (justerad),1300.29177373662,63.1334926,12.8818043,https://www.openstreetmap.org/?mlat=63.1334926&mlon=12.8818043#map=18/63.1334926/12.8818043,"https://overpass-turbo.eu/?Q=[out:json];(nwr(around:50,63.1334926,12.8818043););out center;"
12344819,Z 70,Spjätten - Grottärn,3.13001086260096,63.1357782,13.6878889,https://www.openstreetmap.org/?mlat=63.1357782&mlon=13.6878889#map=18/63.1357782/13.6878889,"https://overpass-turbo.eu/?Q=[out:json];(nwr(around:50,63.1357782,13.6878889););out center;"
12344818,Z 70,Spjätten - Grottärn,350.629880667136,63.1131076,13.7157641,https://www.openstreetmap.org/?mlat=63.1131076&mlon=13.7157641#map=18/63.1131076/13.7157641,"https://overpass-turbo.eu/?Q=[out:json];(nwr(around:50,63.1131076,13.7157641););out center;"
12344817,Z 70,Spjätten - Grottärn,18.0827410012973,63.1359526,13.6877356,https://www.openstreetmap.org/?mlat=63.1359526&mlon=13.6877356#map=18/63.1359526/13.6877356,"https://overpass-turbo.eu/?Q=[out:json];(nwr(around:50,63.1359526,13.6877356););out center;"
12344816,Z 70,Spjätten - Grottärn,7.58997416925776,63.1353199,13.6882974,https://www.openstreetmap.org/?mlat=63.1353199&mlon=13.6882974#map=18/63.1353199/13.6882974,"https://overpass-turbo.eu/?Q=[out:json];(nwr(around:50,63.1353199,13.6882974););out center;"
12344815,Z 70,Spjätten - Grottärn,0.492411311811579,63.1766069,13.6517299,https://www.openstreetmap.org/?mlat=63.1766069&mlon=13.6517299#map=18/63.1766069/13.6517299,"https://overpass-turbo.eu/?Q=[out:json];(nwr(around:50,63.1766069,13.6517299););out center;"
12344814,Z 70,Spjätten - Grottärn,20.3725649087052,63.135159,13.6884261,https://www.openstreetmap.org/?mlat=63.135159&mlon=13.6884261#map=18/63.135159/13.6884261,"https://overpass-turbo.eu/?Q=[out:json];(nwr(around:50,63.135159,13.6884261););out center;"
12344813,Z 70,Spjätten - Grottärn,154.441739674286,63.114381,13.7137172,https://www.openstreetmap.org/?mlat=63.114381&mlon=13.7137172#map=18/63.114381/13.7137172,"https://overpass-turbo.eu/?Q=[out:json];(nwr(around:50,63.114381,13.7137172););out center;"
12344812,Z 70,Spjätten - Grottärn,6.86775875231505,63.1765484,13.6517728,https://www.openstreetmap.org/?mlat=63.1765484&mlon=13.6517728#map=18/63.1765484/13.6517728,"https://overpass-turbo.eu/?Q=[out:json];(nwr(around:50,63.1765484,13.6517728););out center;"
12344811,Z 70,Spjätten - Grottärn,316.333599710418,63.1314982,13.6892659,https://www.openstreetmap.org/?mlat=63.1314982&mlon=13.6892659#map=18/63.1314982/13.6892659,"https://overpass-turbo.eu/?Q=[out:json];(nwr(around:50,63.1314982,13.6892659););out center;"
12344810,Z 70,Spjätten - Grottärn,3718.04734765447,63.1643082,13.6667701,https://www.openstreetmap.org/?mlat=63.1643082&mlon=13.6667701#map=18/63.1643082/13.6667701,"https://overpass-turbo.eu/?Q=[out:json];(nwr(around:50,63.1643082,13.6667701););out center;"
12344809,Z 70,Spjätten - Grottärn,70.5373176946785,63.1495458,13.6820232,https://www.openstreetmap.org/?mlat=63.1495458&mlon=13.6820232#map=18/63.1495458/13.6820232,"https://overpass-turbo.eu/?Q=[out:json];(nwr(around:50,63.1495458,13.6820232););out center;"
12344808,Z 70,Spjätten - Grottärn,269.033955452207,63.1328035,13.6897106,https://www.openstreetmap.org/?mlat=63.1328035&mlon=13.6897106#map=18/63.1328035/13.6897106,"https://overpass-turbo.eu/?Q=[out:json];(nwr(around:50,63.1328035,13.6897106););out center;"
12344807,Z 70,Spjätten - Grottärn,182.428310520009,63.1138803,13.7148601,https://www.openstreetmap.org/?mlat=63.1138803&mlon=13.7148601#map=18/63.1138803/13.7148601,"https://overpass-turbo.eu/?Q=[out:json];(nwr(around:50,63.1138803,13.7148601););out center;"
12344806,Z 70,Spjätten - Grottärn,97.4369657200222,63.1097425,13.7175558,https://www.openstreetmap.org/?mlat=63.1097425&mlon=13.7175558#map=18/63.1097425/13.7175558,"https://overpass-turbo.eu/?Q=[out:json];(nwr(around:50,63.1097425,13.7175558););out center;"
12344805,Z 70,Spjätten - Grottärn,47.5543815439044,63.1356097,13.6880469,https://www.openstreetmap.org/?mlat=63.1356097&mlon=13.6880469#map=18/63.1356097/13.6880469,"https://overpass-turbo.eu/?Q=[out:json];(nwr(around:50,63.1356097,13.6880469););out center;"
12344804,Z 70,Spjätten - Grottärn,17.7857722731369,63.1359148,13.6877659,https://www.openstreetmap.org/?mlat=63.1359148&mlon=13.6877659#map=18/63.1359148/13.6877659,"https://overpass-turbo.eu/?Q=[out:json];(nwr(around:50,63.1359148,13.6877659););out center;"
12344803,Z 70,Spjätten - Grottärn,1820.5791026811,63.1203846,13.7022523,https://www.openstreetmap.org/?mlat=63.1203846&mlon=13.7022523#map=18/63.1203846/13.7022523,"https://overpass-turbo.eu/?Q=[out:json];(nwr(around:50,63.1203846,13.7022523););out center;"
12344802,Z 70,Spjätten - Grottärn,474.416888457083,63.1265715,13.6937329,https://www.openstreetmap.org/?mlat=63.1265715&mlon=13.6937329#map=18/63.1265715/13.6937329,"https://overpass-turbo.eu/?Q=[out:json];(nwr(around:50,63.1265715,13.6937329););out center;"
12344801,Z 70,Spjätten - Grottärn,1654.25688115502,63.1411592,13.6828828,https://www.openstreetmap.org/?mlat=63.1411592&mlon=13.6828828#map=18/63.1411592/13.6828828,"https://overpass-turbo.eu/?Q=[out:json];(nwr(around:50,63.1411592,13.6828828););out center;"
12346916,Z 22,Ansätten - Ansättån (förbudsgränsen) mot Rörvattnet,7930.25755831471,63.8619294,13.9231116,https://www.openstreetmap.org/?mlat=63.8619294&mlon=13.9231116#map=18/63.8619294/13.9231116,"https://overpass-turbo.eu/?Q=[out:json];(nwr(around:50,63.8619294,13.9231116););out center;"
12348822,Z 55,Gåsen - Helagsstugorna,14694.867467912,63.0055332,12.4871701,https://www.openstreetmap.org/?mlat=63.0055332&mlon=12.4871701#map=18/63.0055332/12.4871701,"https://overpass-turbo.eu/?Q=[out:json];(nwr(around:50,63.0055332,12.4871701););out center;"
12349074,BD 21,Abisko - Abiskojaure,9624.73555111374,68.3092859,18.6770254,https://www.openstreetmap.org/?mlat=68.3092859&mlon=18.6770254#map=18/68.3092859/18.6770254,"https://overpass-turbo.eu/?Q=[out:json];(nwr(around:50,68.3092859,18.6770254););out center;"
12354577,BD 21,Abisko - Abiskojaure,3769.35814750211,68.3439218,18.7639563,https://www.openstreetmap.org/?mlat=68.3439218&mlon=18.7639563#map=18/68.3439218/18.7639563,"https://overpass-turbo.eu/?Q=[out:json];(nwr(around:50,68.3439218,18.7639563););out center;"
12344658,BD 21,Abisko - Abiskojaure,310.013346729994,68.3591229,18.7779576,https://www.openstreetmap.org/?mlat=68.3591229&mlon=18.7779576#map=18/68.3591229/18.7779576,"https://overpass-turbo.eu/?Q=[out:json];(nwr(around:50,68.3591229,18.7779576););out center;"
12344657,BD 21,Abisko - Abiskojaure,255.878483814825,68.2848855,18.5898914,https://www.openstreetmap.org/?mlat=68.2848855&mlon=18.5898914#map=18/68.2848855/18.5898914,"https://overpass-turbo.eu/?Q=[out:json];(nwr(around:50,68.2848855,18.5898914););out center;"
12351212,Z 60,Grönvallen - Lunndörrstugan,336.13682358331,63.0967839,13.0401581,https://www.openstreetmap.org/?mlat=63.0967839&mlon=13.0401581#map=18/63.0967839/13.0401581,"https://overpass-turbo.eu/?Q=[out:json];(nwr(around:50,63.0967839,13.0401581););out center;"
12351211,Z 60,Grönvallen - Lunndörrstugan,141.656438995091,63.064051,13.0339619,https://www.openstreetmap.org/?mlat=63.064051&mlon=13.0339619#map=18/63.064051/13.0339619,"https://overpass-turbo.eu/?Q=[out:json];(nwr(around:50,63.064051,13.0339619););out center;"
12351210,Z 60,Grönvallen - Lunndörrstugan,69.5372735963239,63.0654603,13.0311261,https://www.openstreetmap.org/?mlat=63.0654603&mlon=13.0311261#map=18/63.0654603/13.0311261,"https://overpass-turbo.eu/?Q=[out:json];(nwr(around:50,63.0654603,13.0311261););out center;"
12351054,Z 60,Grönvallen - Lunndörrstugan,48.0210447184357,63.064154,13.0327983,https://www.openstreetmap.org/?mlat=63.064154&mlon=13.0327983#map=18/63.064154/13.0327983,"https://overpass-turbo.eu/?Q=[out:json];(nwr(around:50,63.064154,13.0327983););out center;"
12351052,Z 60,Grönvallen - Lunndörrstugan,4110.03285071185,63.0809134,13.026024,https://www.openstreetmap.org/?mlat=63.0809134&mlon=13.026024#map=18/63.0809134/13.026024,"https://overpass-turbo.eu/?Q=[out:json];(nwr(around:50,63.0809134,13.026024););out center;"
12352985,Z 60,Grönvallen - Lunndörrstugan,175.111156363663,63.0645248,13.038075,https://www.openstreetmap.org/?mlat=63.0645248&mlon=13.038075#map=18/63.0645248/13.038075,"https://overpass-turbo.eu/?Q=[out:json];(nwr(around:50,63.0645248,13.038075););out center;"
12352359,Z 60,Grönvallen - Lunndörrstugan,96.6092275553428,63.0953883,13.0386614,https://www.openstreetmap.org/?mlat=63.0953883&mlon=13.0386614#map=18/63.0953883/13.0386614,"https://overpass-turbo.eu/?Q=[out:json];(nwr(around:50,63.0953883,13.0386614););out center;"
12352358,Z 60,Grönvallen - Lunndörrstugan,15.1431801765679,63.0979652,13.040817,https://www.openstreetmap.org/?mlat=63.0979652&mlon=13.040817#map=18/63.0979652/13.040817,"https://overpass-turbo.eu/?Q=[out:json];(nwr(around:50,63.0979652,13.040817););out center;"
12352357,Z 60,Grönvallen - Lunndörrstugan,129.150868290828,63.0649297,13.0315456,https://www.openstreetmap.org/?mlat=63.0649297&mlon=13.0315456#map=18/63.0649297/13.0315456,"https://overpass-turbo.eu/?Q=[out:json];(nwr(around:50,63.0649297,13.0315456););out center;"
12354894,Z 60,Grönvallen - Lunndörrstugan,208.595871629239,63.0584259,13.0623453,https://www.openstreetmap.org/?mlat=63.0584259&mlon=13.0623453#map=18/63.0584259/13.0623453,"https://overpass-turbo.eu/?Q=[out:json];(nwr(around:50,63.0584259,13.0623453););out center;"
12355425,Z 60,Grönvallen - Lunndörrstugan,31.5116420906623,63.0577437,13.0555151,https://www.openstreetmap.org/?mlat=63.0577437&mlon=13.0555151#map=18/63.0577437/13.0555151,"https://overpass-turbo.eu/?Q=[out:json];(nwr(around:50,63.0577437,13.0555151););out center;"
12355412,Z 60,Grönvallen - Lunndörrstugan,15.9144890360954,63.094953,13.0370067,https://www.openstreetmap.org/?mlat=63.094953&mlon=13.0370067#map=18/63.094953/13.0370067,"https://overpass-turbo.eu/?Q=[out:json];(nwr(around:50,63.094953,13.0370067););out center;"
12355410,Z 60,Grönvallen - Lunndörrstugan,1101.80242505347,63.0582342,13.0469932,https://www.openstreetmap.org/?mlat=63.0582342&mlon=13.0469932#map=18/63.0582342/13.0469932,"https://overpass-turbo.eu/?Q=[out:json];(nwr(around:50,63.0582342,13.0469932););out center;"
12355409,Z 60,Grönvallen - Lunndörrstugan,1834.73355275629,63.1022776,13.0529837,https://www.openstreetmap.org/?mlat=63.1022776&mlon=13.0529837#map=18/63.1022776/13.0529837,"https://overpass-turbo.eu/?Q=[out:json];(nwr(around:50,63.1022776,13.0529837););out center;"
12353869,Z 60,Grönvallen - Lunndörrstugan,146.225850922209,63.058074,13.0579007,https://www.openstreetmap.org/?mlat=63.058074&mlon=13.0579007#map=18/63.058074/13.0579007,"https://overpass-turbo.eu/?Q=[out:json];(nwr(around:50,63.058074,13.0579007););out center;"
12353868,Z 60,Grönvallen - Lunndörrstugan,64.8940985153474,63.0639839,13.0334589,https://www.openstreetmap.org/?mlat=63.0639839&mlon=13.0334589#map=18/63.0639839/13.0334589,"https://overpass-turbo.eu/?Q=[out:json];(nwr(around:50,63.0639839,13.0334589););out center;"
12353859,Z 60,Grönvallen - Lunndörrstugan,40.8385950224784,63.0581801,13.0590741,https://www.openstreetmap.org/?mlat=63.0581801&mlon=13.0590741#map=18/63.0581801/13.0590741,"https://overpass-turbo.eu/?Q=[out:json];(nwr(around:50,63.0581801,13.0590741););out center;"
12353324,Z 60,Grönvallen - Lunndörrstugan,383.904288680407,63.0914623,12.9792103,https://www.openstreetmap.org/?mlat=63.0914623&mlon=12.9792103#map=18/63.0914623/12.9792103,"https://overpass-turbo.eu/?Q=[out:json];(nwr(around:50,63.0914623,12.9792103););out center;"
12353323,Z 60,Grönvallen - Lunndörrstugan,9.41615417219527,63.0817212,13.0000375,https://www.openstreetmap.org/?mlat=63.0817212&mlon=13.0000375#map=18/63.0817212/13.0000375,"https://overpass-turbo.eu/?Q=[out:json];(nwr(around:50,63.0817212,13.0000375););out center;"
12353322,Z 60,Grönvallen - Lunndörrstugan,519.35853316381,63.0788613,13.0189415,https://www.openstreetmap.org/?mlat=63.0788613&mlon=13.0189415#map=18/63.0788613/13.0189415,"https://overpass-turbo.eu/?Q=[out:json];(nwr(around:50,63.0788613,13.0189415););out center;"
12353321,Z 60,Grönvallen - Lunndörrstugan,80.8442361537776,63.0816825,12.9994339,https://www.openstreetmap.org/?mlat=63.0816825&mlon=12.9994339#map=18/63.0816825/12.9994339,"https://overpass-turbo.eu/?Q=[out:json];(nwr(around:50,63.0816825,12.9994339););out center;"
12353320,Z 60,Grönvallen - Lunndörrstugan,932.789243211749,63.079585,13.0076997,https://www.openstreetmap.org/?mlat=63.079585&mlon=13.0076997#map=18/63.079585/13.0076997,"https://overpass-turbo.eu/?Q=[out:json];(nwr(around:50,63.079585,13.0076997););out center;"
12353319,Z 60,Grönvallen - Lunndörrstugan,579.404162392825,63.0853052,12.9936778,https://www.openstreetmap.org/?mlat=63.0853052&mlon=12.9936778#map=18/63.0853052/12.9936778,"https://overpass-turbo.eu/?Q=[out:json];(nwr(around:50,63.0853052,12.9936778););out center;"
12353423,Z 60,Grönvallen - Lunndörrstugan,171.063586780767,63.0826961,12.9993231,https://www.openstreetmap.org/?mlat=63.0826961&mlon=12.9993231#map=18/63.0826961/12.9993231,"https://overpass-turbo.eu/?Q=[out:json];(nwr(around:50,63.0826961,12.9993231););out center;"
12353422,Z 60,Grönvallen - Lunndörrstugan,247.721658464977,63.0882327,12.9873351,https://www.openstreetmap.org/?mlat=63.0882327&mlon=12.9873351#map=18/63.0882327/12.9873351,"https://overpass-turbo.eu/?Q=[out:json];(nwr(around:50,63.0882327,12.9873351););out center;"
12353578,Z 60,Grönvallen - Lunndörrstugan,277.748714877549,63.0888902,12.9852782,https://www.openstreetmap.org/?mlat=63.0888902&mlon=12.9852782#map=18/63.0888902/12.9852782,"https://overpass-turbo.eu/?Q=[out:json];(nwr(around:50,63.0888902,12.9852782););out center;"
12353577,Z 60,Grönvallen - Lunndörrstugan,39.2195967425725,63.0815318,13.0007826,https://www.openstreetmap.org/?mlat=63.0815318&mlon=13.0007826#map=18/63.0815318/13.0007826,"https://overpass-turbo.eu/?Q=[out:json];(nwr(around:50,63.0815318,13.0007826););out center;"
12353576,Z 60,Grönvallen - Lunndörrstugan,41.7853366876468,63.0873845,12.9899042,https://www.openstreetmap.org/?mlat=63.0873845&mlon=12.9899042#map=18/63.0873845/12.9899042,"https://overpass-turbo.eu/?Q=[out:json];(nwr(around:50,63.0873845,12.9899042););out center;"
12353575,Z 60,Grönvallen - Lunndörrstugan,29.3569533032636,63.0780569,13.015504,https://www.openstreetmap.org/?mlat=63.0780569&mlon=13.015504#map=18/63.0780569/13.015504,"https://overpass-turbo.eu/?Q=[out:json];(nwr(around:50,63.0780569,13.015504););out center;"
12353574,Z 60,Grönvallen - Lunndörrstugan,74.0560161500739,63.0830957,12.9985858,https://www.openstreetmap.org/?mlat=63.0830957&mlon=12.9985858#map=18/63.0830957/12.9985858,"https://overpass-turbo.eu/?Q=[out:json];(nwr(around:50,63.0830957,12.9985858););out center;"
12353002,Z 54,Sylarnas fjällstation - Helags samt sommarled över Herrklumpen,14.1876614598742,62.9555627,12.4231698,https://www.openstreetmap.org/?mlat=62.9555627&mlon=12.4231698#map=18/62.9555627/12.4231698,"https://overpass-turbo.eu/?Q=[out:json];(nwr(around:50,62.9555627,12.4231698););out center;"
12353001,Z 54,Sylarnas fjällstation - Helags samt sommarled över Herrklumpen,86.9294851819565,62.9572484,12.4147692,https://www.openstreetmap.org/?mlat=62.9572484&mlon=12.4147692#map=18/62.9572484/12.4147692,"https://overpass-turbo.eu/?Q=[out:json];(nwr(around:50,62.9572484,12.4147692););out center;"
12353000,Z 54,Sylarnas fjällstation - Helags samt sommarled över Herrklumpen,119.306801738082,62.988659,12.3558938,https://www.openstreetmap.org/?mlat=62.988659&mlon=12.3558938#map=18/62.988659/12.3558938,"https://overpass-turbo.eu/?Q=[out:json];(nwr(around:50,62.988659,12.3558938););out center;"
12352999,Z 54,Sylarnas fjällstation - Helags samt sommarled över Herrklumpen,16.6974784976654,62.9872,12.3560376,https://www.openstreetmap.org/?mlat=62.9872&mlon=12.3560376#map=18/62.9872/12.3560376,"https://overpass-turbo.eu/?Q=[out:json];(nwr(around:50,62.9872,12.3560376););out center;"
12352998,Z 54,Sylarnas fjällstation - Helags samt sommarled över Herrklumpen,35.5475014559523,62.9655118,12.3797159,https://www.openstreetmap.org/?mlat=62.9655118&mlon=12.3797159#map=18/62.9655118/12.3797159,"https://overpass-turbo.eu/?Q=[out:json];(nwr(around:50,62.9655118,12.3797159););out center;"
12352997,Z 54,Sylarnas fjällstation - Helags samt sommarled över Herrklumpen,13.3096203007828,62.9867124,12.3560974,https://www.openstreetmap.org/?mlat=62.9867124&mlon=12.3560974#map=18/62.9867124/12.3560974,"https://overpass-turbo.eu/?Q=[out:json];(nwr(around:50,62.9867124,12.3560974););out center;"
12352996,Z 54,Sylarnas fjällstation - Helags samt sommarled över Herrklumpen,44.0062890996276,62.9872,12.3560376,https://www.openstreetmap.org/?mlat=62.9872&mlon=12.3560376#map=18/62.9872/12.3560376,"https://overpass-turbo.eu/?Q=[out:json];(nwr(around:50,62.9872,12.3560376););out center;"
12352995,Z 54,Sylarnas fjällstation - Helags samt sommarled över Herrklumpen,466.326068809723,62.9563826,12.4186062,https://www.openstreetmap.org/?mlat=62.9563826&mlon=12.4186062#map=18/62.9563826/12.4186062,"https://overpass-turbo.eu/?Q=[out:json];(nwr(around:50,62.9563826,12.4186062););out center;"
12352994,Z 54,Sylarnas fjällstation - Helags samt sommarled över Herrklumpen,1982.16442932293,62.9609577,12.3974791,https://www.openstreetmap.org/?mlat=62.9609577&mlon=12.3974791#map=18/62.9609577/12.3974791,"https://overpass-turbo.eu/?Q=[out:json];(nwr(around:50,62.9609577,12.3974791););out center;"
12352993,Z 54,Sylarnas fjällstation - Helags samt sommarled över Herrklumpen,2746.28292428683,62.9751665,12.3657223,https://www.openstreetmap.org/?mlat=62.9751665&mlon=12.3657223#map=18/62.9751665/12.3657223,"https://overpass-turbo.eu/?Q=[out:json];(nwr(around:50,62.9751665,12.3657223););out center;"
12352992,Z 54,Sylarnas fjällstation - Helags samt sommarled över Herrklumpen,146.107386783603,62.9883959,12.355891,https://www.openstreetmap.org/?mlat=62.9883959&mlon=12.355891#map=18/62.9883959/12.355891,"https://overpass-turbo.eu/?Q=[out:json];(nwr(around:50,62.9883959,12.355891););out center;"
12352991,Z 54,Sylarnas fjällstation - Helags samt sommarled över Herrklumpen,8724.42647588506,63.0202113,12.3060857,https://www.openstreetmap.org/?mlat=63.0202113&mlon=12.3060857#map=18/63.0202113/12.3060857,"https://overpass-turbo.eu/?Q=[out:json];(nwr(around:50,63.0202113,12.3060857););out center;"
12352990,Z 54,Sylarnas fjällstation - Helags samt sommarled över Herrklumpen,6278.83581999145,62.9419387,12.4681845,https://www.openstreetmap.org/?mlat=62.9419387&mlon=12.4681845#map=18/62.9419387/12.4681845,"https://overpass-turbo.eu/?Q=[out:json];(nwr(around:50,62.9419387,12.4681845););out center;"
12351532,BD 1,Gappohyttan - Pältsa,10235.9857779249,69.0156098,20.3130636,https://www.openstreetmap.org/?mlat=69.0156098&mlon=20.3130636#map=18/69.0156098/20.3130636,"https://overpass-turbo.eu/?Q=[out:json];(nwr(around:50,69.0156098,20.3130636););out center;"
12352687,Z 80,Helagsstugorna - Ljungdalen samt Torkilstöten - Helagsleden (80),169.532767946377,62.915651,12.5143528,https://www.openstreetmap.org/?mlat=62.915651&mlon=12.5143528#map=18/62.915651/12.5143528,"https://overpass-turbo.eu/?Q=[out:json];(nwr(around:50,62.915651,12.5143528););out center;"
12352686,Z 80,Helagsstugorna - Ljungdalen samt Torkilstöten - Helagsleden (80),915.05807359884,62.9066096,12.656174,https://www.openstreetmap.org/?mlat=62.9066096&mlon=12.656174#map=18/62.9066096/12.656174,"https://overpass-turbo.eu/?Q=[out:json];(nwr(around:50,62.9066096,12.656174););out center;"
12352685,Z 80,Helagsstugorna - Ljungdalen samt Torkilstöten - Helagsleden (80),196.507506111417,62.9153058,12.5166657,https://www.openstreetmap.org/?mlat=62.9153058&mlon=12.5166657#map=18/62.9153058/12.5166657,"https://overpass-turbo.eu/?Q=[out:json];(nwr(around:50,62.9153058,12.5166657););out center;"
12352684,Z 80,Helagsstugorna - Ljungdalen samt Torkilstöten - Helagsleden (80),12.9295042604115,62.8614424,12.7646928,https://www.openstreetmap.org/?mlat=62.8614424&mlon=12.7646928#map=18/62.8614424/12.7646928,"https://overpass-turbo.eu/?Q=[out:json];(nwr(around:50,62.8614424,12.7646928););out center;"
12352683,Z 80,Helagsstugorna - Ljungdalen samt Torkilstöten - Helagsleden (80),19.245529293319,62.8992091,12.6869538,https://www.openstreetmap.org/?mlat=62.8992091&mlon=12.6869538#map=18/62.8992091/12.6869538,"https://overpass-turbo.eu/?Q=[out:json];(nwr(around:50,62.8992091,12.6869538););out center;"
12352682,Z 80,Helagsstugorna - Ljungdalen samt Torkilstöten - Helagsleden (80),1297.71333891833,62.899045,12.6979631,https://www.openstreetmap.org/?mlat=62.899045&mlon=12.6979631#map=18/62.899045/12.6979631,"https://overpass-turbo.eu/?Q=[out:json];(nwr(around:50,62.899045,12.6979631););out center;"
12352681,Z 80,Helagsstugorna - Ljungdalen samt Torkilstöten - Helagsleden (80),52.7204001677454,62.9156508,12.5143545,https://www.openstreetmap.org/?mlat=62.9156508&mlon=12.5143545#map=18/62.9156508/12.5143545,"https://overpass-turbo.eu/?Q=[out:json];(nwr(around:50,62.9156508,12.5143545););out center;"
12352680,Z 80,Helagsstugorna - Ljungdalen samt Torkilstöten - Helagsleden (80),888.353880922188,62.9002073,12.6781232,https://www.openstreetmap.org/?mlat=62.9002073&mlon=12.6781232#map=18/62.9002073/12.6781232,"https://overpass-turbo.eu/?Q=[out:json];(nwr(around:50,62.9002073,12.6781232););out center;"
12352679,Z 80,Helagsstugorna - Ljungdalen samt Torkilstöten - Helagsleden (80),4942.00237344098,62.8754505,12.7350314,https://www.openstreetmap.org/?mlat=62.8754505&mlon=12.7350314#map=18/62.8754505/12.7350314,"https://overpass-turbo.eu/?Q=[out:json];(nwr(around:50,62.8754505,12.7350314););out center;"
12352509,Z 80,Helagsstugorna - Ljungdalen samt Torkilstöten - Helagsleden (80),0.092161271692615,62.9156508,12.5143545,https://www.openstreetmap.org/?mlat=62.9156508&mlon=12.5143545#map=18/62.9156508/12.5143545,"https://overpass-turbo.eu/?Q=[out:json];(nwr(around:50,62.9156508,12.5143545););out center;"
12352508,Z 80,Helagsstugorna - Ljungdalen samt Torkilstöten - Helagsleden (80),15.8065697078778,62.9160471,12.5111311,https://www.openstreetmap.org/?mlat=62.9160471&mlon=12.5111311#map=18/62.9160471/12.5111311,"https://overpass-turbo.eu/?Q=[out:json];(nwr(around:50,62.9160471,12.5111311););out center;"
12352507,Z 80,Helagsstugorna - Ljungdalen samt Torkilstöten - Helagsleden (80),140.812899855233,62.9159841,12.5116793,https://www.openstreetmap.org/?mlat=62.9159841&mlon=12.5116793#map=18/62.9159841/12.5116793,"https://overpass-turbo.eu/?Q=[out:json];(nwr(around:50,62.9159841,12.5116793););out center;"
12352506,Z 80,Helagsstugorna - Ljungdalen samt Torkilstöten - Helagsleden (80),2857.36608426595,62.9168842,12.6335801,https://www.openstreetmap.org/?mlat=62.9168842&mlon=12.6335801#map=18/62.9168842/12.6335801,"https://overpass-turbo.eu/?Q=[out:json];(nwr(around:50,62.9168842,12.6335801););out center;"
12352505,Z 80,Helagsstugorna - Ljungdalen samt Torkilstöten - Helagsleden (80),12.9179650274337,62.9159841,12.5116793,https://www.openstreetmap.org/?mlat=62.9159841&mlon=12.5116793#map=18/62.9159841/12.5116793,"https://overpass-turbo.eu/?Q=[out:json];(nwr(around:50,62.9159841,12.5116793););out center;"
12352504,Z 80,Helagsstugorna - Ljungdalen samt Torkilstöten - Helagsleden (80),174.728419740965,62.9147714,12.5193961,https://www.openstreetmap.org/?mlat=62.9147714&mlon=12.5193961#map=18/62.9147714/12.5193961,"https://overpass-turbo.eu/?Q=[out:json];(nwr(around:50,62.9147714,12.5193961););out center;"
12352503,Z 80,Helagsstugorna - Ljungdalen samt Torkilstöten - Helagsleden (80),21.3548433934787,62.9120862,12.5827708,https://www.openstreetmap.org/?mlat=62.9120862&mlon=12.5827708#map=18/62.9120862/12.5827708,"https://overpass-turbo.eu/?Q=[out:json];(nwr(around:50,62.9120862,12.5827708););out center;"
12352502,Z 80,Helagsstugorna - Ljungdalen samt Torkilstöten - Helagsleden (80),37.5295453915978,62.9145889,12.5203285,https://www.openstreetmap.org/?mlat=62.9145889&mlon=12.5203285#map=18/62.9145889/12.5203285,"https://overpass-turbo.eu/?Q=[out:json];(nwr(around:50,62.9145889,12.5203285););out center;"
12352501,Z 80,Helagsstugorna - Ljungdalen samt Torkilstöten - Helagsleden (80),272.995796368703,62.9152074,12.5171685,https://www.openstreetmap.org/?mlat=62.9152074&mlon=12.5171685#map=18/62.9152074/12.5171685,"https://overpass-turbo.eu/?Q=[out:json];(nwr(around:50,62.9152074,12.5171685););out center;"
12352500,Z 80,Helagsstugorna - Ljungdalen samt Torkilstöten - Helagsleden (80),218.098248517896,62.9163131,12.5090013,https://www.openstreetmap.org/?mlat=62.9163131&mlon=12.5090013#map=18/62.9163131/12.5090013,"https://overpass-turbo.eu/?Q=[out:json];(nwr(around:50,62.9163131,12.5090013););out center;"
12352499,Z 80,Helagsstugorna - Ljungdalen samt Torkilstöten - Helagsleden (80),17.4714500974505,62.917764,12.612771,https://www.openstreetmap.org/?mlat=62.917764&mlon=12.612771#map=18/62.917764/12.612771,"https://overpass-turbo.eu/?Q=[out:json];(nwr(around:50,62.917764,12.612771););out center;"
12352498,Z 80,Helagsstugorna - Ljungdalen samt Torkilstöten - Helagsleden (80),3260.9776901511,62.9104697,12.5524577,https://www.openstreetmap.org/?mlat=62.9104697&mlon=12.5524577#map=18/62.9104697/12.5524577,"https://overpass-turbo.eu/?Q=[out:json];(nwr(around:50,62.9104697,12.5524577););out center;"
12352497,Z 80,Helagsstugorna - Ljungdalen samt Torkilstöten - Helagsleden (80),90.0925725822278,62.9164267,12.5077206,https://www.openstreetmap.org/?mlat=62.9164267&mlon=12.5077206#map=18/62.9164267/12.5077206,"https://overpass-turbo.eu/?Q=[out:json];(nwr(around:50,62.9164267,12.5077206););out center;"
12352496,Z 80,Helagsstugorna - Ljungdalen samt Torkilstöten - Helagsleden (80),1637.62338475854,62.9160731,12.5978519,https://www.openstreetmap.org/?mlat=62.9160731&mlon=12.5978519#map=18/62.9160731/12.5978519,"https://overpass-turbo.eu/?Q=[out:json];(nwr(around:50,62.9160731,12.5978519););out center;"
12352495,Z 80,Helagsstugorna - Ljungdalen samt Torkilstöten - Helagsleden (80),112.19910622779,62.9161327,12.5104258,https://www.openstreetmap.org/?mlat=62.9161327&mlon=12.5104258#map=18/62.9161327/12.5104258,"https://overpass-turbo.eu/?Q=[out:json];(nwr(around:50,62.9161327,12.5104258););out center;"
12352494,Z 80,Helagsstugorna - Ljungdalen samt Torkilstöten - Helagsleden (80),1943.06843450668,62.8535513,12.7764343,https://www.openstreetmap.org/?mlat=62.8535513&mlon=12.7764343#map=18/62.8535513/12.7764343,"https://overpass-turbo.eu/?Q=[out:json];(nwr(around:50,62.8535513,12.7764343););out center;"
12353117,Z 80,Helagsstugorna - Ljungdalen samt Torkilstöten - Helagsleden (80),3985.41432724896,62.9110326,12.5409682,https://www.openstreetmap.org/?mlat=62.9110326&mlon=12.5409682#map=18/62.9110326/12.5409682,"https://overpass-turbo.eu/?Q=[out:json];(nwr(around:50,62.9110326,12.5409682););out center;"
12347406,Z 80,Helagsstugorna - Ljungdalen samt Torkilstöten - Helagsleden (80),16790.8505702063,62.9028065,12.6468094,https://www.openstreetmap.org/?mlat=62.9028065&mlon=12.6468094#map=18/62.9028065/12.6468094,"https://overpass-turbo.eu/?Q=[out:json];(nwr(around:50,62.9028065,12.6468094););out center;"
12349307,Z 54,Sylarnas fjällstation - Helags samt sommarled över Herrklumpen,17416.7444512055,62.9623804,12.3916896,https://www.openstreetmap.org/?mlat=62.9623804&mlon=12.3916896#map=18/62.9623804/12.3916896,"https://overpass-turbo.eu/?Q=[out:json];(nwr(around:50,62.9623804,12.3916896););out center;"
12349296,Z 54,Sylarnas fjällstation - Helags samt sommarled över Herrklumpen,2185.81807929462,63.0361993,12.2865773,https://www.openstreetmap.org/?mlat=63.0361993&mlon=12.2865773#map=18/63.0361993/12.2865773,"https://overpass-turbo.eu/?Q=[out:json];(nwr(around:50,63.0361993,12.2865773););out center;"
12353003,Z 54,Sylarnas fjällstation - Helags samt sommarled över Herrklumpen,1520.56669433989,63.0280219,12.2771972,https://www.openstreetmap.org/?mlat=63.0280219&mlon=12.2771972#map=18/63.0280219/12.2771972,"https://overpass-turbo.eu/?Q=[out:json];(nwr(around:50,63.0280219,12.2771972););out center;"
12352909,Z 54,Sylarnas fjällstation - Helags samt sommarled över Herrklumpen,1807.40548511187,63.035605,12.2664789,https://www.openstreetmap.org/?mlat=63.035605&mlon=12.2664789#map=18/63.035605/12.2664789,"https://overpass-turbo.eu/?Q=[out:json];(nwr(around:50,63.035605,12.2664789););out center;"
12348821,Z 55,Gåsen - Helagsstugorna,8793.74477433021,62.9480645,12.4744002,https://www.openstreetmap.org/?mlat=62.9480645&mlon=12.4744002#map=18/62.9480645/12.4744002,"https://overpass-turbo.eu/?Q=[out:json];(nwr(around:50,62.9480645,12.4744002););out center;"
12348820,Z 55,Gåsen - Helagsstugorna,343.59348587908,62.9874949,12.4731705,https://www.openstreetmap.org/?mlat=62.9874949&mlon=12.4731705#map=18/62.9874949/12.4731705,"https://overpass-turbo.eu/?Q=[out:json];(nwr(around:50,62.9874949,12.4731705););out center;"
12348819,Z 55,Gåsen - Helagsstugorna,8206.4357482348,63.0219612,12.5039215,https://www.openstreetmap.org/?mlat=63.0219612&mlon=12.5039215#map=18/63.0219612/12.5039215,"https://overpass-turbo.eu/?Q=[out:json];(nwr(around:50,63.0219612,12.5039215););out center;"
12352380,Z 52,Sylarnas fjällstation - Ekorrdörren - Norska gränsen,9890.57902594443,62.9832135,12.2477234,https://www.openstreetmap.org/?mlat=62.9832135&mlon=12.2477234#map=18/62.9832135/12.2477234,"https://overpass-turbo.eu/?Q=[out:json];(nwr(around:50,62.9832135,12.2477234););out center;"
12353024,Z 72,Hosjöbottnarna - Visjön,10695.1220570585,63.0572781,13.6140284,https://www.openstreetmap.org/?mlat=63.0572781&mlon=13.6140284#map=18/63.0572781/13.6140284,"https://overpass-turbo.eu/?Q=[out:json];(nwr(around:50,63.0572781,13.6140284););out center;"
12346576,Z 41,Storulvån - Spåjme - Sylarna,15890.1467677433,63.104821,12.3217471,https://www.openstreetmap.org/?mlat=63.104821&mlon=12.3217471#map=18/63.104821/12.3217471,"https://overpass-turbo.eu/?Q=[out:json];(nwr(around:50,63.104821,12.3217471););out center;"
12347894,Z 35,Rundhögen - Getryggen (led 36),10361.8890577434,63.2276581,12.2367577,https://www.openstreetmap.org/?mlat=63.2276581&mlon=12.2367577#map=18/63.2276581/12.2367577,"https://overpass-turbo.eu/?Q=[out:json];(nwr(around:50,63.2276581,12.2367577););out center;"
12353421,Z 34,Storlien - Sevedholm (led 37),5391.26233989913,63.2455752,12.1329755,https://www.openstreetmap.org/?mlat=63.2455752&mlon=12.1329755#map=18/63.2455752/12.1329755,"https://overpass-turbo.eu/?Q=[out:json];(nwr(around:50,63.2455752,12.1329755););out center;"
12350919,Z 50,Stensdalsstugorna - Gåsen,14496.6559938005,63.1007369,12.6383864,https://www.openstreetmap.org/?mlat=63.1007369&mlon=12.6383864#map=18/63.1007369/12.6383864,"https://overpass-turbo.eu/?Q=[out:json];(nwr(around:50,63.1007369,12.6383864););out center;"
12345899,Z 39,Blåhammarens fjällstation - Endalen - Norska gränsen,7745.40718702612,63.1477111,12.1409069,https://www.openstreetmap.org/?mlat=63.1477111&mlon=12.1409069#map=18/63.1477111/12.1409069,"https://overpass-turbo.eu/?Q=[out:json];(nwr(around:50,63.1477111,12.1409069););out center;"
12352947,Z 38,Blåhammarens fjällstation - Ulvåtjärnstugan,5694.27787261733,63.176461,12.2214238,https://www.openstreetmap.org/?mlat=63.176461&mlon=12.2214238#map=18/63.176461/12.2214238,"https://overpass-turbo.eu/?Q=[out:json];(nwr(around:50,63.176461,12.2214238););out center;"
12352260,Z 40,Ulvåtjärnstugan - Storulvån,5744.16056351597,63.158478,12.3137369,https://www.openstreetmap.org/?mlat=63.158478&mlon=12.3137369#map=18/63.158478/12.3137369,"https://overpass-turbo.eu/?Q=[out:json];(nwr(around:50,63.158478,12.3137369););out center;"
12355077,Z 64,Vallbo - Lunndörrsstugorna (justerad),12894.9031199376,63.1001599,13.0741177,https://www.openstreetmap.org/?mlat=63.1001599&mlon=13.0741177#map=18/63.1001599/13.0741177,"https://overpass-turbo.eu/?Q=[out:json];(nwr(around:50,63.1001599,13.0741177););out center;"
12352350,Z 65,Staloviellekåtan - (led 64) (Lunndörrstugorna),5063.15341948678,63.1016688,13.1708037,https://www.openstreetmap.org/?mlat=63.1016688&mlon=13.1708037#map=18/63.1016688/13.1708037,"https://overpass-turbo.eu/?Q=[out:json];(nwr(around:50,63.1016688,13.1708037););out center;"
12347986,Z 65,Staloviellekåtan - (led 64) (Lunndörrstugorna),641.699757063717,63.084712,13.1041595,https://www.openstreetmap.org/?mlat=63.084712&mlon=13.1041595#map=18/63.084712/13.1041595,"https://overpass-turbo.eu/?Q=[out:json];(nwr(around:50,63.084712,13.1041595););out center;"
12347891,Z 65,Staloviellekåtan - (led 64) (Lunndörrstugorna),1932.74706435872,63.0873215,13.1254983,https://www.openstreetmap.org/?mlat=63.0873215&mlon=13.1254983#map=18/63.0873215/13.1254983,"https://overpass-turbo.eu/?Q=[out:json];(nwr(around:50,63.0873215,13.1254983););out center;"
12354111,Z 66,Anarisstugan - Gröndalen (led65),12016.4900462909,63.0718996,13.2415159,https://www.openstreetmap.org/?mlat=63.0718996&mlon=13.2415159#map=18/63.0718996/13.2415159,"https://overpass-turbo.eu/?Q=[out:json];(nwr(around:50,63.0718996,13.2415159););out center;"
12346881,Z 67,Anarisstugan - Hosjöbottnarna,13244.8934454377,63.1009077,13.432971,https://www.openstreetmap.org/?mlat=63.1009077&mlon=13.432971#map=18/63.1009077/13.432971,"https://overpass-turbo.eu/?Q=[out:json];(nwr(around:50,63.1009077,13.432971););out center;"
12353188,Z 71,Hosjöbottnarna - Höglekardalen,13774.1706286059,63.0733778,13.6333172,https://www.openstreetmap.org/?mlat=63.0733778&mlon=13.6333172#map=18/63.0733778/13.6333172,"https://overpass-turbo.eu/?Q=[out:json];(nwr(around:50,63.0733778,13.6333172););out center;"
12351244,Z 73,Höglekardalen - Väster Arådalen (Glen),16170.3151405157,63.0128727,13.6419451,https://www.openstreetmap.org/?mlat=63.0128727&mlon=13.6419451#map=18/63.0128727/13.6419451,"https://overpass-turbo.eu/?Q=[out:json];(nwr(around:50,63.0128727,13.6419451););out center;"
12353070,Z 75,Väster Arådalen - Tossåsen samt separat skoterled vid Arådalen + skoterled Buhösten,24736.267805353,62.9496042,13.4567653,https://www.openstreetmap.org/?mlat=62.9496042&mlon=13.4567653#map=18/62.9496042/13.4567653,"https://overpass-turbo.eu/?Q=[out:json];(nwr(around:50,62.9496042,13.4567653););out center;"
12353164,Z 76,Lunndörrsstugorna - Tossåsen via Dörrsjön,3338.27293571234,62.9421037,13.234513,https://www.openstreetmap.org/?mlat=62.9421037&mlon=13.234513#map=18/62.9421037/13.234513,"https://overpass-turbo.eu/?Q=[out:json];(nwr(around:50,62.9421037,13.234513););out center;"
12347416,Z 77,Lunndörrsstugorna - Lunndörrspasset - Tossåsen,21582.2246687471,62.9565021,13.1272168,https://www.openstreetmap.org/?mlat=62.9565021&mlon=13.1272168#map=18/62.9565021/13.1272168,"https://overpass-turbo.eu/?Q=[out:json];(nwr(around:50,62.9565021,13.1272168););out center;"
12353022,Z 81,Övre Nedalsjön (V Ekorrpasset) (led 52) - Väketjakke (led 82),20129.2616864214,62.8821721,12.3356032,https://www.openstreetmap.org/?mlat=62.8821721&mlon=12.3356032#map=18/62.8821721/12.3356032,"https://overpass-turbo.eu/?Q=[out:json];(nwr(around:50,62.8821721,12.3356032););out center;"
12353021,Z 81,Övre Nedalsjön (V Ekorrpasset) (led 52) - Väketjakke (led 82),4903.86041831397,62.9652212,12.2139057,https://www.openstreetmap.org/?mlat=62.9652212&mlon=12.2139057#map=18/62.9652212/12.2139057,"https://overpass-turbo.eu/?Q=[out:json];(nwr(around:50,62.9652212,12.2139057););out center;"
12353023,Z 81,Övre Nedalsjön (V Ekorrpasset) (led 52) - Väketjakke (led 82),3656.4189845097,62.9420454,12.1624671,https://www.openstreetmap.org/?mlat=62.9420454&mlon=12.1624671#map=18/62.9420454/12.1624671,"https://overpass-turbo.eu/?Q=[out:json];(nwr(around:50,62.9420454,12.1624671););out center;"
12352689,Z 17,Brattli - Jougdaberg - Flyberg,12638.3599390469,64.5030909,14.8835264,https://www.openstreetmap.org/?mlat=64.5030909&mlon=14.8835264#map=18/64.5030909/14.8835264,"https://overpass-turbo.eu/?Q=[out:json];(nwr(around:50,64.5030909,14.8835264););out center;"
12353115,Z 17,Brattli - Jougdaberg - Flyberg,21527.70298797,64.532721,14.422285,https://www.openstreetmap.org/?mlat=64.532721&mlon=14.422285#map=18/64.532721/14.422285,"https://overpass-turbo.eu/?Q=[out:json];(nwr(around:50,64.532721,14.422285););out center;"
12348196,Z 51,Gamla Sylarna - Gåsån (led 42),10723.1066429066,63.0664132,12.372605,https://www.openstreetmap.org/?mlat=63.0664132&mlon=12.372605#map=18/63.0664132/12.372605,"https://overpass-turbo.eu/?Q=[out:json];(nwr(around:50,63.0664132,12.372605););out center;"
12348726,Z 53,Norska gränsen (Fiskåhöjden) - Sylarnas fjällstation + sommarled Nedalen,4869.71844359008,63.0685087,12.1928855,https://www.openstreetmap.org/?mlat=63.0685087&mlon=12.1928855#map=18/63.0685087/12.1928855,"https://overpass-turbo.eu/?Q=[out:json];(nwr(around:50,63.0685087,12.1928855););out center;"
12348310,Z 53,Norska gränsen (Fiskåhöjden) - Sylarnas fjällstation + sommarled Nedalen,3077.64139460108,63.0535355,12.2555818,https://www.openstreetmap.org/?mlat=63.0535355&mlon=12.2555818#map=18/63.0535355/12.2555818,"https://overpass-turbo.eu/?Q=[out:json];(nwr(around:50,63.0535355,12.2555818););out center;"
12346880,Z 53,Norska gränsen (Fiskåhöjden) - Sylarnas fjällstation + sommarled Nedalen,3516.50293858735,63.0576118,12.2041127,https://www.openstreetmap.org/?mlat=63.0576118&mlon=12.2041127#map=18/63.0576118/12.2041127,"https://overpass-turbo.eu/?Q=[out:json];(nwr(around:50,63.0576118,12.2041127););out center;"
12348198,Z 56,Gåsen - Vålåstugorna,7559.57359548959,63.047135,12.6129245,https://www.openstreetmap.org/?mlat=63.047135&mlon=12.6129245#map=18/63.047135/12.6129245,"https://overpass-turbo.eu/?Q=[out:json];(nwr(around:50,63.047135,12.6129245););out center;"
12348197,Z 56,Gåsen - Vålåstugorna,3776.76659648895,63.0355245,12.7665471,https://www.openstreetmap.org/?mlat=63.0355245&mlon=12.7665471#map=18/63.0355245/12.7665471,"https://overpass-turbo.eu/?Q=[out:json];(nwr(around:50,63.0355245,12.7665471););out center;"
12353271,Z 56,Gåsen - Vålåstugorna,2857.37483460329,63.0348688,12.7066576,https://www.openstreetmap.org/?mlat=63.0348688&mlon=12.7066576#map=18/63.0348688/12.7066576,"https://overpass-turbo.eu/?Q=[out:json];(nwr(around:50,63.0348688,12.7066576););out center;"
12344842,Z 57,Stensdalen - Skaftet (led 59),6547.20115428853,63.1165748,12.7763317,https://www.openstreetmap.org/?mlat=63.1165748&mlon=12.7763317#map=18/63.1165748/12.7763317,"https://overpass-turbo.eu/?Q=[out:json];(nwr(around:50,63.1165748,12.7763317););out center;"
12350956,Z 59,Vålådalen - Vålåstugorna (justerad),18750.1478868274,63.1228083,12.8599393,https://www.openstreetmap.org/?mlat=63.1228083&mlon=12.8599393#map=18/63.1228083/12.8599393,"https://overpass-turbo.eu/?Q=[out:json];(nwr(around:50,63.1228083,12.8599393););out center;"
12353163,Z 36,Enafors - Ulvåtjärnstugan - Enkälen (led 37),12764.0694013869,63.1736952,12.2726235,https://www.openstreetmap.org/?mlat=63.1736952&mlon=12.2726235#map=18/63.1736952/12.2726235,"https://overpass-turbo.eu/?Q=[out:json];(nwr(around:50,63.1736952,12.2726235););out center;"
12345934,Z 37,Rundhögen - Blåhammarens fjällstation - Enkälen - Sylarnas fjällstation,26995.3974532315,63.144984,12.2119664,https://www.openstreetmap.org/?mlat=63.144984&mlon=12.2119664#map=18/63.144984/12.2119664,"https://overpass-turbo.eu/?Q=[out:json];(nwr(around:50,63.144984,12.2119664););out center;"
12353004,Z 61,Vålåstugorna - Lunndörrstugorna,15618.7217700988,63.0484284,12.9293196,https://www.openstreetmap.org/?mlat=63.0484284&mlon=12.9293196#map=18/63.0484284/12.9293196,"https://overpass-turbo.eu/?Q=[out:json];(nwr(around:50,63.0484284,12.9293196););out center;"
12353019,Z 62,Vålådalen - Lunndörrstugorna,12327.1427179652,63.1123795,13.0170219,https://www.openstreetmap.org/?mlat=63.1123795&mlon=13.0170219#map=18/63.1123795/13.0170219,"https://overpass-turbo.eu/?Q=[out:json];(nwr(around:50,63.1123795,13.0170219););out center;"
12347421,Z 63,Vålådalen - Vallbo - Anarisstugan + skoterled Vallbo - Ottsjön,26085.7239259366,63.1295585,13.1489624,https://www.openstreetmap.org/?mlat=63.1295585&mlon=13.1489624#map=18/63.1295585/13.1489624,"https://overpass-turbo.eu/?Q=[out:json];(nwr(around:50,63.1295585,13.1489624););out center;"
12353346,Z 107,Bustvålen (led 106) - Rogenstugan + vinterled Rödviken - Skedbrostugan,12765.4307608762,62.3554691,12.3554115,https://www.openstreetmap.org/?mlat=62.3554691&mlon=12.3554115#map=18/62.3554691/12.3554115,"https://overpass-turbo.eu/?Q=[out:json];(nwr(around:50,62.3554691,12.3554115););out center;"
12348202,Z 109,Rogenstugan - Tandsjövålen - Länsgränsen öster Rogsstöten + vinterled Rogenstugan - Länsgränsen sjös,12012.3024463429,62.284829,12.5089252,https://www.openstreetmap.org/?mlat=62.284829&mlon=12.5089252#map=18/62.284829/12.5089252,"https://overpass-turbo.eu/?Q=[out:json];(nwr(around:50,62.284829,12.5089252););out center;"
12347971,Z 58,Vålåstugorna - Helags,8079.99814163314,62.9325938,12.5679228,https://www.openstreetmap.org/?mlat=62.9325938&mlon=12.5679228#map=18/62.9325938/12.5679228,"https://overpass-turbo.eu/?Q=[out:json];(nwr(around:50,62.9325938,12.5679228););out center;"
12347964,Z 58,Vålåstugorna - Helags,15242.174132881,62.995271,12.7172758,https://www.openstreetmap.org/?mlat=62.995271&mlon=12.7172758#map=18/62.995271/12.7172758,"https://overpass-turbo.eu/?Q=[out:json];(nwr(around:50,62.995271,12.7172758););out center;"
12347963,Z 58,Vålåstugorna - Helags,10.5578389384381,62.9503583,12.6302108,https://www.openstreetmap.org/?mlat=62.9503583&mlon=12.6302108#map=18/62.9503583/12.6302108,"https://overpass-turbo.eu/?Q=[out:json];(nwr(around:50,62.9503583,12.6302108););out center;"
12346909,Z 80,Helagsstugorna - Ljungdalen samt Torkilstöten - Helagsleden (80),9231.51966952936,62.8891702,12.6447832,https://www.openstreetmap.org/?mlat=62.8891702&mlon=12.6447832#map=18/62.8891702/12.6447832,"https://overpass-turbo.eu/?Q=[out:json];(nwr(around:50,62.8891702,12.6447832););out center;"
12354110,Z 79,Ljungris - Ljungdalen via Dunsjön,8661.11689781661,62.8832965,12.8000602,https://www.openstreetmap.org/?mlat=62.8832965&mlon=12.8000602#map=18/62.8832965/12.8000602,"https://overpass-turbo.eu/?Q=[out:json];(nwr(around:50,62.8832965,12.8000602););out center;"
12353042,Z 1,Stekenjokkvägen (Hamptjärn) - Raukaselet,21524.9426660144,64.9590161,14.4616194,https://www.openstreetmap.org/?mlat=64.9590161&mlon=14.4616194#map=18/64.9590161/14.4616194,"https://overpass-turbo.eu/?Q=[out:json];(nwr(around:50,64.9590161,14.4616194););out center;"
12353426,Z 3,Slipsiken (länsgränsen) - Raukasjö,8274.30227751643,64.9441881,14.6174997,https://www.openstreetmap.org/?mlat=64.9441881&mlon=14.6174997#map=18/64.9441881/14.6174997,"https://overpass-turbo.eu/?Q=[out:json];(nwr(around:50,64.9441881,14.6174997););out center;"
12353425,Z 3,Slipsiken (länsgränsen) - Raukasjö,1974.13762714786,64.9712949,14.6932326,https://www.openstreetmap.org/?mlat=64.9712949&mlon=14.6932326#map=18/64.9712949/14.6932326,"https://overpass-turbo.eu/?Q=[out:json];(nwr(around:50,64.9712949,14.6932326););out center;"
12353424,Z 4,Storjola - Raukaselet,10602.2002626618,64.8920332,14.7055381,https://www.openstreetmap.org/?mlat=64.8920332&mlon=14.7055381#map=18/64.8920332/14.7055381,"https://overpass-turbo.eu/?Q=[out:json];(nwr(around:50,64.8920332,14.7055381););out center;"
12353484,Z 14,Sipmesjaure - Gransjön - Blomhöjden (justerad),26839.356394008,64.670351,14.5401193,https://www.openstreetmap.org/?mlat=64.670351&mlon=14.5401193#map=18/64.670351/14.5401193,"https://overpass-turbo.eu/?Q=[out:json];(nwr(around:50,64.670351,14.5401193););out center;"
12351104,W 1,Länsgränsen - Grövelsjön,1344.2686763988,62.1129376,12.3527731,https://www.openstreetmap.org/?mlat=62.1129376&mlon=12.3527731#map=18/62.1129376/12.3527731,"https://overpass-turbo.eu/?Q=[out:json];(nwr(around:50,62.1129376,12.3527731););out center;"
12344510,W 1,Länsgränsen - Grövelsjön,8158.11582603532,62.1518013,12.3732607,https://www.openstreetmap.org/?mlat=62.1518013&mlon=12.3732607#map=18/62.1518013/12.3732607,"https://overpass-turbo.eu/?Q=[out:json];(nwr(around:50,62.1518013,12.3732607););out center;"
12344692,W 1,Länsgränsen - Grövelsjön,551.626240549927,62.0989378,12.3309749,https://www.openstreetmap.org/?mlat=62.0989378&mlon=12.3309749#map=18/62.0989378/12.3309749,"https://overpass-turbo.eu/?Q=[out:json];(nwr(around:50,62.0989378,12.3309749););out center;"
12344691,W 1,Länsgränsen - Grövelsjön,1121.05306962355,62.1041913,12.3432102,https://www.openstreetmap.org/?mlat=62.1041913&mlon=12.3432102#map=18/62.1041913/12.3432102,"https://overpass-turbo.eu/?Q=[out:json];(nwr(around:50,62.1041913,12.3432102););out center;"
12344642,W 1,Länsgränsen - Grövelsjön,1764.97131192538,62.0946012,12.315586,https://www.openstreetmap.org/?mlat=62.0946012&mlon=12.315586#map=18/62.0946012/12.315586,"https://overpass-turbo.eu/?Q=[out:json];(nwr(around:50,62.0946012,12.315586););out center;"
12349096,W 1,Länsgränsen - Grövelsjön,981.033566457525,62.0991428,12.3225755,https://www.openstreetmap.org/?mlat=62.0991428&mlon=12.3225755#map=18/62.0991428/12.3225755,"https://overpass-turbo.eu/?Q=[out:json];(nwr(around:50,62.0991428,12.3225755););out center;"
12344510,W 1,Länsgränsen - Grövelsjön,8158.11582603532,62.1518013,12.3732607,https://www.openstreetmap.org/?mlat=62.1518013&mlon=12.3732607#map=18/62.1518013/12.3732607,"https://overpass-turbo.eu/?Q=[out:json];(nwr(around:50,62.1518013,12.3732607););out center;"
12344509,W 1,Länsgränsen - Grövelsjön,1275.27315090471,62.1847831,12.4008059,https://www.openstreetmap.org/?mlat=62.1847831&mlon=12.4008059#map=18/62.1847831/12.4008059,"https://overpass-turbo.eu/?Q=[out:json];(nwr(around:50,62.1847831,12.4008059););out center;"
12344508,W 1,Länsgränsen - Grövelsjön,1585.84535518133,62.1076155,12.3344835,https://www.openstreetmap.org/?mlat=62.1076155&mlon=12.3344835#map=18/62.1076155/12.3344835,"https://overpass-turbo.eu/?Q=[out:json];(nwr(around:50,62.1076155,12.3344835););out center;"
12350701,W 1,Länsgränsen - Grövelsjön,5855.48693177176,62.2146627,12.4592665,https://www.openstreetmap.org/?mlat=62.2146627&mlon=12.4592665#map=18/62.2146627/12.4592665,"https://overpass-turbo.eu/?Q=[out:json];(nwr(around:50,62.2146627,12.4592665););out center;"
12353847,W 1,Länsgränsen - Grövelsjön,434.067457325136,62.2298526,12.5018025,https://www.openstreetmap.org/?mlat=62.2298526&mlon=12.5018025#map=18/62.2298526/12.5018025,"https://overpass-turbo.eu/?Q=[out:json];(nwr(around:50,62.2298526,12.5018025););out center;"
12353846,W 1,Länsgränsen - Grövelsjön,624.059934465589,62.1153725,12.3421275,https://www.openstreetmap.org/?mlat=62.1153725&mlon=12.3421275#map=18/62.1153725/12.3421275,"https://overpass-turbo.eu/?Q=[out:json];(nwr(around:50,62.1153725,12.3421275););out center;"
12353700,W 1,Länsgränsen - Grövelsjön,1451.32896446283,62.2205574,12.5013044,https://www.openstreetmap.org/?mlat=62.2205574&mlon=12.5013044#map=18/62.2205574/12.5013044,"https://overpass-turbo.eu/?Q=[out:json];(nwr(around:50,62.2205574,12.5013044););out center;"
12349572,W 1,Länsgränsen - Grövelsjön,1078.67510592433,62.1877663,12.4236454,https://www.openstreetmap.org/?mlat=62.1877663&mlon=12.4236454#map=18/62.1877663/12.4236454,"https://overpass-turbo.eu/?Q=[out:json];(nwr(around:50,62.1877663,12.4236454););out center;"
12348727,Z 96,Skenörsfjället (led 94) - Hamrafjället,6309.91563998611,62.5889513,12.2483723,https://www.openstreetmap.org/?mlat=62.5889513&mlon=12.2483723#map=18/62.5889513/12.2483723,"https://overpass-turbo.eu/?Q=[out:json];(nwr(around:50,62.5889513,12.2483723););out center;"
12352969,Z 97,Andersborg - (led 92) - Funäsdalen,2380.85630098886,62.5628264,12.344506,https://www.openstreetmap.org/?mlat=62.5628264&mlon=12.344506#map=18/62.5628264/12.344506,"https://overpass-turbo.eu/?Q=[out:json];(nwr(around:50,62.5628264,12.344506););out center;"
12352968,Z 97,Andersborg - (led 92) - Funäsdalen,10924.8872924728,62.5325156,12.4489368,https://www.openstreetmap.org/?mlat=62.5325156&mlon=12.4489368#map=18/62.5325156/12.4489368,"https://overpass-turbo.eu/?Q=[out:json];(nwr(around:50,62.5325156,12.4489368););out center;"
12354888,Z 42,Storulvån - Tjallingen - Gåsen,25.1563578556197,63.049319,12.5429784,https://www.openstreetmap.org/?mlat=63.049319&mlon=12.5429784#map=18/63.049319/12.5429784,"https://overpass-turbo.eu/?Q=[out:json];(nwr(around:50,63.049319,12.5429784););out center;"
12354887,Z 42,Storulvån - Tjallingen - Gåsen,4392.14874267132,63.054345,12.5042499,https://www.openstreetmap.org/?mlat=63.054345&mlon=12.5042499#map=18/63.054345/12.5042499,"https://overpass-turbo.eu/?Q=[out:json];(nwr(around:50,63.054345,12.5042499););out center;"
12354886,Z 42,Storulvån - Tjallingen - Gåsen,88.3638845406453,63.0494483,12.5435852,https://www.openstreetmap.org/?mlat=63.0494483&mlon=12.5435852#map=18/63.0494483/12.5435852,"https://overpass-turbo.eu/?Q=[out:json];(nwr(around:50,63.0494483,12.5435852););out center;"
12348704,Z 48,Sörbotten - Ottfjället - Vålådalen (justerad),15305.986105857,63.1975953,12.9271763,https://www.openstreetmap.org/?mlat=63.1975953&mlon=12.9271763#map=18/63.1975953/12.9271763,"https://overpass-turbo.eu/?Q=[out:json];(nwr(around:50,63.1975953,12.9271763););out center;"
12348199,Z 49,Vålådalen - Stensdalsstugorna,8256.37306960727,63.1384108,12.8121,https://www.openstreetmap.org/?mlat=63.1384108&mlon=12.8121#map=18/63.1384108/12.8121,"https://overpass-turbo.eu/?Q=[out:json];(nwr(around:50,63.1384108,12.8121););out center;"
12354187,W 1,Länsgränsen - Grövelsjön,7175.64145017877,62.1513624,12.361723,https://www.openstreetmap.org/?mlat=62.1513624&mlon=12.361723#map=18/62.1513624/12.361723,"https://overpass-turbo.eu/?Q=[out:json];(nwr(around:50,62.1513624,12.361723););out center;"
12354091,W 1,Länsgränsen - Grövelsjön,120.406932866946,62.0975144,12.3230215,https://www.openstreetmap.org/?mlat=62.0975144&mlon=12.3230215#map=18/62.0975144/12.3230215,"https://overpass-turbo.eu/?Q=[out:json];(nwr(around:50,62.0975144,12.3230215););out center;"
12344501,W 1,Länsgränsen - Grövelsjön,1585.84535518133,62.1076155,12.3344835,https://www.openstreetmap.org/?mlat=62.1076155&mlon=12.3344835#map=18/62.1076155/12.3344835,"https://overpass-turbo.eu/?Q=[out:json];(nwr(around:50,62.1076155,12.3344835););out center;"
12344500,W 1,Länsgränsen - Grövelsjön,1059.12523203699,62.1177087,12.3429993,https://www.openstreetmap.org/?mlat=62.1177087&mlon=12.3429993#map=18/62.1177087/12.3429993,"https://overpass-turbo.eu/?Q=[out:json];(nwr(around:50,62.1177087,12.3429993););out center;"
12344499,W 1,Länsgränsen - Grövelsjön,2104.07789778675,62.1794987,12.4050774,https://www.openstreetmap.org/?mlat=62.1794987&mlon=12.4050774#map=18/62.1794987/12.4050774,"https://overpass-turbo.eu/?Q=[out:json];(nwr(around:50,62.1794987,12.4050774););out center;"
12344497,W 1,Länsgränsen - Grövelsjön,1292.81218070076,62.2241923,12.4958776,https://www.openstreetmap.org/?mlat=62.2241923&mlon=12.4958776#map=18/62.2241923/12.4958776,"https://overpass-turbo.eu/?Q=[out:json];(nwr(around:50,62.2241923,12.4958776););out center;"
12350701,W 1,Länsgränsen - Grövelsjön,5855.48693177176,62.2146627,12.4592665,https://www.openstreetmap.org/?mlat=62.2146627&mlon=12.4592665#map=18/62.2146627/12.4592665,"https://overpass-turbo.eu/?Q=[out:json];(nwr(around:50,62.2146627,12.4592665););out center;"
12353847,W 1,Länsgränsen - Grövelsjön,434.067457325136,62.2298526,12.5018025,https://www.openstreetmap.org/?mlat=62.2298526&mlon=12.5018025#map=18/62.2298526/12.5018025,"https://overpass-turbo.eu/?Q=[out:json];(nwr(around:50,62.2298526,12.5018025););out center;"
12353825,W 1,Länsgränsen - Grövelsjön,564.894399413561,62.1820979,12.3897569,https://www.openstreetmap.org/?mlat=62.1820979&mlon=12.3897569#map=18/62.1820979/12.3897569,"https://overpass-turbo.eu/?Q=[out:json];(nwr(around:50,62.1820979,12.3897569););out center;"
12349572,W 1,Länsgränsen - Grövelsjön,1078.67510592433,62.1877663,12.4236454,https://www.openstreetmap.org/?mlat=62.1877663&mlon=12.4236454#map=18/62.1877663/12.4236454,"https://overpass-turbo.eu/?Q=[out:json];(nwr(around:50,62.1877663,12.4236454););out center;"
12349444,W 1,Länsgränsen - Grövelsjön,599.188694590858,62.1011056,12.3242473,https://www.openstreetmap.org/?mlat=62.1011056&mlon=12.3242473#map=18/62.1011056/12.3242473,"https://overpass-turbo.eu/?Q=[out:json];(nwr(around:50,62.1011056,12.3242473););out center;"
12349443,W 1,Länsgränsen - Grövelsjön,331.838276659107,62.1001864,12.3163238,https://www.openstreetmap.org/?mlat=62.1001864&mlon=12.3163238#map=18/62.1001864/12.3163238,"https://overpass-turbo.eu/?Q=[out:json];(nwr(around:50,62.1001864,12.3163238););out center;"
12349442,W 1,Länsgränsen - Grövelsjön,509.191799419201,62.0986469,12.3270886,https://www.openstreetmap.org/?mlat=62.0986469&mlon=12.3270886#map=18/62.0986469/12.3270886,"https://overpass-turbo.eu/?Q=[out:json];(nwr(around:50,62.0986469,12.3270886););out center;"
12349181,W 16,STF Grövelsjön - Valosen (ny),2165.06538940785,61.9858527,12.2831343,https://www.openstreetmap.org/?mlat=61.9858527&mlon=12.2831343#map=18/61.9858527/12.2831343,"https://overpass-turbo.eu/?Q=[out:json];(nwr(around:50,61.9858527,12.2831343););out center;"
12349180,W 16,STF Grövelsjön - Valosen (ny),7721.80117852317,62.014938,12.2670112,https://www.openstreetmap.org/?mlat=62.014938&mlon=12.2670112#map=18/62.014938/12.2670112,"https://overpass-turbo.eu/?Q=[out:json];(nwr(around:50,62.014938,12.2670112););out center;"
12353828,W 16,STF Grövelsjön - Valosen (ny),389.314546532699,62.1050099,12.2879809,https://www.openstreetmap.org/?mlat=62.1050099&mlon=12.2879809#map=18/62.1050099/12.2879809,"https://overpass-turbo.eu/?Q=[out:json];(nwr(around:50,62.1050099,12.2879809););out center;"
12353827,W 16,STF Grövelsjön - Valosen (ny),323.195016608926,62.105845,12.2945333,https://www.openstreetmap.org/?mlat=62.105845&mlon=12.2945333#map=18/62.105845/12.2945333,"https://overpass-turbo.eu/?Q=[out:json];(nwr(around:50,62.105845,12.2945333););out center;"
12353826,W 16,STF Grövelsjön - Valosen (ny),1914.9247162709,62.100948,12.2730759,https://www.openstreetmap.org/?mlat=62.100948&mlon=12.2730759#map=18/62.100948/12.2730759,"https://overpass-turbo.eu/?Q=[out:json];(nwr(around:50,62.100948,12.2730759););out center;"
12353824,W 16,STF Grövelsjön - Valosen (ny),1323.62783322546,62.1028541,12.3064941,https://www.openstreetmap.org/?mlat=62.1028541&mlon=12.3064941#map=18/62.1028541/12.3064941,"https://overpass-turbo.eu/?Q=[out:json];(nwr(around:50,62.1028541,12.3064941););out center;"
12353620,W 16,STF Grövelsjön - Valosen (ny),2341.98336547037,62.0717062,12.2573653,https://www.openstreetmap.org/?mlat=62.0717062&mlon=12.2573653#map=18/62.0717062/12.2573653,"https://overpass-turbo.eu/?Q=[out:json];(nwr(around:50,62.0717062,12.2573653););out center;"
12353618,W 16,STF Grövelsjön - Valosen (ny),677.413757901318,62.0818309,12.2717963,https://www.openstreetmap.org/?mlat=62.0818309&mlon=12.2717963#map=18/62.0818309/12.2717963,"https://overpass-turbo.eu/?Q=[out:json];(nwr(around:50,62.0818309,12.2717963););out center;"
12353617,W 16,STF Grövelsjön - Valosen (ny),2051.17182492933,62.0557492,12.2430111,https://www.openstreetmap.org/?mlat=62.0557492&mlon=12.2430111#map=18/62.0557492/12.2430111,"https://overpass-turbo.eu/?Q=[out:json];(nwr(around:50,62.0557492,12.2430111););out center;"
12353616,W 16,STF Grövelsjön - Valosen (ny),1232.98651469394,62.0899588,12.2722092,https://www.openstreetmap.org/?mlat=62.0899588&mlon=12.2722092#map=18/62.0899588/12.2722092,"https://overpass-turbo.eu/?Q=[out:json];(nwr(around:50,62.0899588,12.2722092););out center;"
12354515,W 6,Rösjöstugorna - Storbron,10127.8716296947,61.5157975,12.7884198,https://www.openstreetmap.org/?mlat=61.5157975&mlon=12.7884198#map=18/61.5157975/12.7884198,"https://overpass-turbo.eu/?Q=[out:json];(nwr(around:50,61.5157975,12.7884198););out center;"
12354447,W 6,Rösjöstugorna - Storbron,5066.82216744254,61.6113385,12.7053879,https://www.openstreetmap.org/?mlat=61.6113385&mlon=12.7053879#map=18/61.6113385/12.7053879,"https://overpass-turbo.eu/?Q=[out:json];(nwr(around:50,61.6113385,12.7053879););out center;"
12355287,W 6,Rösjöstugorna - Storbron,4300.2323926156,61.5720937,12.7362024,https://www.openstreetmap.org/?mlat=61.5720937&mlon=12.7362024#map=18/61.5720937/12.7362024,"https://overpass-turbo.eu/?Q=[out:json];(nwr(around:50,61.5720937,12.7362024););out center;"
12353630,W 6,Rösjöstugorna - Storbron,2951.73052422238,61.4004767,12.8448501,https://www.openstreetmap.org/?mlat=61.4004767&mlon=12.8448501#map=18/61.4004767/12.8448501,"https://overpass-turbo.eu/?Q=[out:json];(nwr(around:50,61.4004767,12.8448501););out center;"
12353629,W 6,Rösjöstugorna - Storbron,9764.8402773023,61.4468535,12.8568348,https://www.openstreetmap.org/?mlat=61.4468535&mlon=12.8568348#map=18/61.4468535/12.8568348,"https://overpass-turbo.eu/?Q=[out:json];(nwr(around:50,61.4468535,12.8568348););out center;"
12349181,W 13,Lövåsen - Sågliden - Guttudalskojan (ny),2165.06538940785,61.9858527,12.2831343,https://www.openstreetmap.org/?mlat=61.9858527&mlon=12.2831343#map=18/61.9858527/12.2831343,"https://overpass-turbo.eu/?Q=[out:json];(nwr(around:50,61.9858527,12.2831343););out center;"
12347912,W 13,Lövåsen - Sågliden - Guttudalskojan (ny),13583.4482364791,62.0225322,12.364167,https://www.openstreetmap.org/?mlat=62.0225322&mlon=12.364167#map=18/62.0225322/12.364167,"https://overpass-turbo.eu/?Q=[out:json];(nwr(around:50,62.0225322,12.364167););out center;"
12351998,W 13,Lövåsen - Sågliden - Guttudalskojan (ny),1867.88974785265,62.0366588,12.4254426,https://www.openstreetmap.org/?mlat=62.0366588&mlon=12.4254426#map=18/62.0366588/12.4254426,"https://overpass-turbo.eu/?Q=[out:json];(nwr(around:50,62.0366588,12.4254426););out center;"
12349007,W 15,Flötningen - IdPerssätern (ny),280.599577942038,61.8531188,12.2127067,https://www.openstreetmap.org/?mlat=61.8531188&mlon=12.2127067#map=18/61.8531188/12.2127067,"https://overpass-turbo.eu/?Q=[out:json];(nwr(around:50,61.8531188,12.2127067););out center;"
12349006,W 15,Flötningen - IdPerssätern (ny),5415.68455967044,61.6979367,12.313309,https://www.openstreetmap.org/?mlat=61.6979367&mlon=12.313309#map=18/61.6979367/12.313309,"https://overpass-turbo.eu/?Q=[out:json];(nwr(around:50,61.6979367,12.313309););out center;"
12349348,W 15,Flötningen - IdPerssätern (ny),5367.88488617103,61.7109953,12.1747883,https://www.openstreetmap.org/?mlat=61.7109953&mlon=12.1747883#map=18/61.7109953/12.1747883,"https://overpass-turbo.eu/?Q=[out:json];(nwr(around:50,61.7109953,12.1747883););out center;"
12349347,W 15,Flötningen - IdPerssätern (ny),398.491430476271,61.767003,12.1807889,https://www.openstreetmap.org/?mlat=61.767003&mlon=12.1807889#map=18/61.767003/12.1807889,"https://overpass-turbo.eu/?Q=[out:json];(nwr(around:50,61.767003,12.1807889););out center;"
12349346,W 15,Flötningen - IdPerssätern (ny),4605.20088973112,61.7059626,12.2379029,https://www.openstreetmap.org/?mlat=61.7059626&mlon=12.2379029#map=18/61.7059626/12.2379029,"https://overpass-turbo.eu/?Q=[out:json];(nwr(around:50,61.7059626,12.2379029););out center;"
12349399,W 15,Flötningen - IdPerssätern (ny),3736.30352024443,61.7499304,12.1853765,https://www.openstreetmap.org/?mlat=61.7499304&mlon=12.1853765#map=18/61.7499304/12.1853765,"https://overpass-turbo.eu/?Q=[out:json];(nwr(around:50,61.7499304,12.1853765););out center;"
12349398,W 15,Flötningen - IdPerssätern (ny),10277.197407095,61.8128497,12.2055705,https://www.openstreetmap.org/?mlat=61.8128497&mlon=12.2055705#map=18/61.8128497/12.2055705,"https://overpass-turbo.eu/?Q=[out:json];(nwr(around:50,61.8128497,12.2055705););out center;"
12349314,W 4,Drevdagen - Gördalen,364.623939009256,61.5881339,12.4688119,https://www.openstreetmap.org/?mlat=61.5881339&mlon=12.4688119#map=18/61.5881339/12.4688119,"https://overpass-turbo.eu/?Q=[out:json];(nwr(around:50,61.5881339,12.4688119););out center;"
12354583,W 4,Drevdagen - Gördalen,2808.77936573232,61.6766318,12.3590975,https://www.openstreetmap.org/?mlat=61.6766318&mlon=12.3590975#map=18/61.6766318/12.3590975,"https://overpass-turbo.eu/?Q=[out:json];(nwr(around:50,61.6766318,12.3590975););out center;"
12354581,W 4,Drevdagen - Gördalen,1175.87081187257,61.7565044,12.4228268,https://www.openstreetmap.org/?mlat=61.7565044&mlon=12.4228268#map=18/61.7565044/12.4228268,"https://overpass-turbo.eu/?Q=[out:json];(nwr(around:50,61.7565044,12.4228268););out center;"
12354580,W 4,Drevdagen - Gördalen,11823.6860776195,61.7087431,12.4188895,https://www.openstreetmap.org/?mlat=61.7087431&mlon=12.4188895#map=18/61.7087431/12.4188895,"https://overpass-turbo.eu/?Q=[out:json];(nwr(around:50,61.7087431,12.4188895););out center;"
12354246,W 4,Drevdagen - Gördalen,1466.38021044338,61.5929262,12.4860945,https://www.openstreetmap.org/?mlat=61.5929262&mlon=12.4860945#map=18/61.5929262/12.4860945,"https://overpass-turbo.eu/?Q=[out:json];(nwr(around:50,61.5929262,12.4860945););out center;"
12354245,W 4,Drevdagen - Gördalen,334.302750502848,61.5886322,12.4739857,https://www.openstreetmap.org/?mlat=61.5886322&mlon=12.4739857#map=18/61.5886322/12.4739857,"https://overpass-turbo.eu/?Q=[out:json];(nwr(around:50,61.5886322,12.4739857););out center;"
12344538,W 4,Drevdagen - Gördalen,6057.45549069891,61.6336709,12.3671241,https://www.openstreetmap.org/?mlat=61.6336709&mlon=12.3671241#map=18/61.6336709/12.3671241,"https://overpass-turbo.eu/?Q=[out:json];(nwr(around:50,61.6336709,12.3671241););out center;"
12344539,W 4,Drevdagen - Gördalen,6119.69154344306,61.6029587,12.4270446,https://www.openstreetmap.org/?mlat=61.6029587&mlon=12.4270446#map=18/61.6029587/12.4270446,"https://overpass-turbo.eu/?Q=[out:json];(nwr(around:50,61.6029587,12.4270446););out center;"
12351349,Z 91,Långbrottsjön - Bruksvallarna,9616.91270039227,62.6632903,12.336572,https://www.openstreetmap.org/?mlat=62.6632903&mlon=12.336572#map=18/62.6632903/12.336572,"https://overpass-turbo.eu/?Q=[out:json];(nwr(around:50,62.6632903,12.336572););out center;"
12348875,Z 92,Ramundberget - Ösjöstugan - Svalåtjärn - Tänndalen,2225.58037164494,62.6973777,12.3833878,https://www.openstreetmap.org/?mlat=62.6973777&mlon=12.3833878#map=18/62.6973777/12.3833878,"https://overpass-turbo.eu/?Q=[out:json];(nwr(around:50,62.6973777,12.3833878););out center;"
12348874,Z 92,Ramundberget - Ösjöstugan - Svalåtjärn - Tänndalen,19319.6106584935,62.6317483,12.3345699,https://www.openstreetmap.org/?mlat=62.6317483&mlon=12.3345699#map=18/62.6317483/12.3345699,"https://overpass-turbo.eu/?Q=[out:json];(nwr(around:50,62.6317483,12.3345699););out center;"
12348873,Z 92,Ramundberget - Ösjöstugan - Svalåtjärn - Tänndalen,19.7397316344473,62.6924738,12.3727271,https://www.openstreetmap.org/?mlat=62.6924738&mlon=12.3727271#map=18/62.6924738/12.3727271,"https://overpass-turbo.eu/?Q=[out:json];(nwr(around:50,62.6924738,12.3727271););out center;"
12351726,Z 93,Ösjöstugan - Klasberget (led 89),33.4266428828861,62.7092919,12.2939075,https://www.openstreetmap.org/?mlat=62.7092919&mlon=12.2939075#map=18/62.7092919/12.2939075,"https://overpass-turbo.eu/?Q=[out:json];(nwr(around:50,62.7092919,12.2939075););out center;"
12352348,Z 93,Ösjöstugan - Klasberget (led 89),3706.89590601839,62.6974336,12.3138362,https://www.openstreetmap.org/?mlat=62.6974336&mlon=12.3138362#map=18/62.6974336/12.3138362,"https://overpass-turbo.eu/?Q=[out:json];(nwr(around:50,62.6974336,12.3138362););out center;"
12352347,Z 93,Ösjöstugan - Klasberget (led 89),1822.77297541731,62.7141141,12.2958556,https://www.openstreetmap.org/?mlat=62.7141141&mlon=12.2958556#map=18/62.7141141/12.2958556,"https://overpass-turbo.eu/?Q=[out:json];(nwr(around:50,62.7141141,12.2958556););out center;"
12347420,Z 94,Bruksvallarna - Fjällnäs,15323.0709948093,62.6151393,12.3015074,https://www.openstreetmap.org/?mlat=62.6151393&mlon=12.3015074#map=18/62.6151393/12.3015074,"https://overpass-turbo.eu/?Q=[out:json];(nwr(around:50,62.6151393,12.3015074););out center;"
12347147,Z 98,Svansjökläppen - Rödfjället (led 99),13492.1590751654,62.526668,12.2057969,https://www.openstreetmap.org/?mlat=62.526668&mlon=12.2057969#map=18/62.526668/12.2057969,"https://overpass-turbo.eu/?Q=[out:json];(nwr(around:50,62.526668,12.2057969););out center;"
12353130,Z 103,Käringsjövallen - Rogenstugan,9037.27200064893,62.3352156,12.5112343,https://www.openstreetmap.org/?mlat=62.3352156&mlon=12.5112343#map=18/62.3352156/12.5112343,"https://overpass-turbo.eu/?Q=[out:json];(nwr(around:50,62.3352156,12.5112343););out center;"
12353129,Z 104,Käringsjön (led 102) - Rödviken (led 107),4752.48872279467,62.3438683,12.4326189,https://www.openstreetmap.org/?mlat=62.3438683&mlon=12.4326189#map=18/62.3438683/12.4326189,"https://overpass-turbo.eu/?Q=[out:json];(nwr(around:50,62.3438683,12.4326189););out center;"
12347122,Z 105,Skedbrostugan - Norska gränsen vid Skedbrofjället,4825.48784135111,62.3898739,12.2481572,https://www.openstreetmap.org/?mlat=62.3898739&mlon=12.2481572#map=18/62.3898739/12.2481572,"https://overpass-turbo.eu/?Q=[out:json];(nwr(around:50,62.3898739,12.2481572););out center;"
12348728,Z 106,Skedbrostugan - Reva (Norska gränsen),5474.01137417342,62.3750184,12.2596775,https://www.openstreetmap.org/?mlat=62.3750184&mlon=12.2596775#map=18/62.3750184/12.2596775,"https://overpass-turbo.eu/?Q=[out:json];(nwr(around:50,62.3750184,12.2596775););out center;"
12349259,W 15,Flötningen - IdPerssätern (ny),1764.3676830303,61.7320647,12.1750177,https://www.openstreetmap.org/?mlat=61.7320647&mlon=12.1750177#map=18/61.7320647/12.1750177,"https://overpass-turbo.eu/?Q=[out:json];(nwr(around:50,61.7320647,12.1750177););out center;"
12346659,W 15,Flötningen - IdPerssätern (ny),2863.39517738101,61.7519234,12.1769253,https://www.openstreetmap.org/?mlat=61.7519234&mlon=12.1769253#map=18/61.7519234/12.1769253,"https://overpass-turbo.eu/?Q=[out:json];(nwr(around:50,61.7519234,12.1769253););out center;"
12346658,W 15,Flötningen - IdPerssätern (ny),429.109649157297,61.7666383,12.1804818,https://www.openstreetmap.org/?mlat=61.7666383&mlon=12.1804818#map=18/61.7666383/12.1804818,"https://overpass-turbo.eu/?Q=[out:json];(nwr(around:50,61.7666383,12.1804818););out center;"
12346655,W 15,Flötningen - IdPerssätern (ny),8058.32071500463,61.799917,12.1945306,https://www.openstreetmap.org/?mlat=61.799917&mlon=12.1945306#map=18/61.799917/12.1945306,"https://overpass-turbo.eu/?Q=[out:json];(nwr(around:50,61.799917,12.1945306););out center;"
12353632,W 15,Flötningen - IdPerssätern (ny),4473.71014322026,61.6886681,12.3232065,https://www.openstreetmap.org/?mlat=61.6886681&mlon=12.3232065#map=18/61.6886681/12.3232065,"https://overpass-turbo.eu/?Q=[out:json];(nwr(around:50,61.6886681,12.3232065););out center;"
12353631,W 15,Flötningen - IdPerssätern (ny),1490.40734704818,61.7072116,12.288915,https://www.openstreetmap.org/?mlat=61.7072116&mlon=12.288915#map=18/61.7072116/12.288915,"https://overpass-turbo.eu/?Q=[out:json];(nwr(around:50,61.7072116,12.288915););out center;"
12349474,W 15,Flötningen - IdPerssätern (ny),1281.78770523016,61.8499513,12.2069085,https://www.openstreetmap.org/?mlat=61.8499513&mlon=12.2069085#map=18/61.8499513/12.2069085,"https://overpass-turbo.eu/?Q=[out:json];(nwr(around:50,61.8499513,12.2069085););out center;"
12349473,W 15,Flötningen - IdPerssätern (ny),1933.60960010983,61.8402708,12.1966792,https://www.openstreetmap.org/?mlat=61.8402708&mlon=12.1966792#map=18/61.8402708/12.1966792,"https://overpass-turbo.eu/?Q=[out:json];(nwr(around:50,61.8402708,12.1966792););out center;"
12349454,W 15,Flötningen - IdPerssätern (ny),6233.9981483917,61.7146636,12.2252755,https://www.openstreetmap.org/?mlat=61.7146636&mlon=12.2252755#map=18/61.7146636/12.2252755,"https://overpass-turbo.eu/?Q=[out:json];(nwr(around:50,61.7146636,12.2252755););out center;"
12347098,W 18,Flötningen - Drevdagen (ny),561.752046448595,61.7717939,12.3953631,https://www.openstreetmap.org/?mlat=61.7717939&mlon=12.3953631#map=18/61.7717939/12.3953631,"https://overpass-turbo.eu/?Q=[out:json];(nwr(around:50,61.7717939,12.3953631););out center;"
12347031,W 18,Flötningen - Drevdagen (ny),225.790126823015,61.7861899,12.3149197,https://www.openstreetmap.org/?mlat=61.7861899&mlon=12.3149197#map=18/61.7861899/12.3149197,"https://overpass-turbo.eu/?Q=[out:json];(nwr(around:50,61.7861899,12.3149197););out center;"
12347028,W 18,Flötningen - Drevdagen (ny),91.4978629745325,61.7716008,12.4018972,https://www.openstreetmap.org/?mlat=61.7716008&mlon=12.4018972#map=18/61.7716008/12.4018972,"https://overpass-turbo.eu/?Q=[out:json];(nwr(around:50,61.7716008,12.4018972););out center;"
12347027,W 18,Flötningen - Drevdagen (ny),3160.01906109361,61.7712111,12.3567908,https://www.openstreetmap.org/?mlat=61.7712111&mlon=12.3567908#map=18/61.7712111/12.3567908,"https://overpass-turbo.eu/?Q=[out:json];(nwr(around:50,61.7712111,12.3567908););out center;"
12347026,W 18,Flötningen - Drevdagen (ny),24.3674342820179,61.7697671,12.3864768,https://www.openstreetmap.org/?mlat=61.7697671&mlon=12.3864768#map=18/61.7697671/12.3864768,"https://overpass-turbo.eu/?Q=[out:json];(nwr(around:50,61.7697671,12.3864768););out center;"
12346965,W 18,Flötningen - Drevdagen (ny),168.709121799535,61.7710881,12.3901384,https://www.openstreetmap.org/?mlat=61.7710881&mlon=12.3901384#map=18/61.7710881/12.3901384,"https://overpass-turbo.eu/?Q=[out:json];(nwr(around:50,61.7710881,12.3901384););out center;"
12346964,W 18,Flötningen - Drevdagen (ny),704.064380077047,61.7931643,12.3096408,https://www.openstreetmap.org/?mlat=61.7931643&mlon=12.3096408#map=18/61.7931643/12.3096408,"https://overpass-turbo.eu/?Q=[out:json];(nwr(around:50,61.7931643,12.3096408););out center;"
12346963,W 18,Flötningen - Drevdagen (ny),443.686305939104,61.7882109,12.312101,https://www.openstreetmap.org/?mlat=61.7882109&mlon=12.312101#map=18/61.7882109/12.312101,"https://overpass-turbo.eu/?Q=[out:json];(nwr(around:50,61.7882109,12.312101););out center;"
12346962,W 18,Flötningen - Drevdagen (ny),185.910046072441,61.7693136,12.3843994,https://www.openstreetmap.org/?mlat=61.7693136&mlon=12.3843994#map=18/61.7693136/12.3843994,"https://overpass-turbo.eu/?Q=[out:json];(nwr(around:50,61.7693136,12.3843994););out center;"
12346961,W 18,Flötningen - Drevdagen (ny),1993.75703694559,61.776591,12.3195914,https://www.openstreetmap.org/?mlat=61.776591&mlon=12.3195914#map=18/61.776591/12.3195914,"https://overpass-turbo.eu/?Q=[out:json];(nwr(around:50,61.776591,12.3195914););out center;"
12346960,W 18,Flötningen - Drevdagen (ny),8227.99219016275,61.8170795,12.2493055,https://www.openstreetmap.org/?mlat=61.8170795&mlon=12.2493055#map=18/61.8170795/12.2493055,"https://overpass-turbo.eu/?Q=[out:json];(nwr(around:50,61.8170795,12.2493055););out center;"
12347071,W 18,Flötningen - Drevdagen (ny),140.619236679406,61.7706352,12.387779,https://www.openstreetmap.org/?mlat=61.7706352&mlon=12.387779#map=18/61.7706352/12.387779,"https://overpass-turbo.eu/?Q=[out:json];(nwr(around:50,61.7706352,12.387779););out center;"
12349206,W 4,Drevdagen - Gördalen,2884.19804510562,61.6772802,12.3599605,https://www.openstreetmap.org/?mlat=61.6772802&mlon=12.3599605#map=18/61.6772802/12.3599605,"https://overpass-turbo.eu/?Q=[out:json];(nwr(around:50,61.6772802,12.3599605););out center;"
12349205,W 4,Drevdagen - Gördalen,503.109708998462,61.7580859,12.4140581,https://www.openstreetmap.org/?mlat=61.7580859&mlon=12.4140581#map=18/61.7580859/12.4140581,"https://overpass-turbo.eu/?Q=[out:json];(nwr(around:50,61.7580859,12.4140581););out center;"
12349204,W 4,Drevdagen - Gördalen,3794.46197236083,61.6909242,12.3873731,https://www.openstreetmap.org/?mlat=61.6909242&mlon=12.3873731#map=18/61.6909242/12.3873731,"https://overpass-turbo.eu/?Q=[out:json];(nwr(around:50,61.6909242,12.3873731););out center;"
12349203,W 4,Drevdagen - Gördalen,7126.82332494278,61.7291537,12.4091522,https://www.openstreetmap.org/?mlat=61.7291537&mlon=12.4091522#map=18/61.7291537/12.4091522,"https://overpass-turbo.eu/?Q=[out:json];(nwr(around:50,61.7291537,12.4091522););out center;"
12349314,W 4,Drevdagen - Gördalen,364.623939009256,61.5881339,12.4688119,https://www.openstreetmap.org/?mlat=61.5881339&mlon=12.4688119#map=18/61.5881339/12.4688119,"https://overpass-turbo.eu/?Q=[out:json];(nwr(around:50,61.5881339,12.4688119););out center;"
12354246,W 4,Drevdagen - Gördalen,1466.38021044338,61.5929262,12.4860945,https://www.openstreetmap.org/?mlat=61.5929262&mlon=12.4860945#map=18/61.5929262/12.4860945,"https://overpass-turbo.eu/?Q=[out:json];(nwr(around:50,61.5929262,12.4860945););out center;"
12354245,W 4,Drevdagen - Gördalen,334.302750502848,61.5886322,12.4739857,https://www.openstreetmap.org/?mlat=61.5886322&mlon=12.4739857#map=18/61.5886322/12.4739857,"https://overpass-turbo.eu/?Q=[out:json];(nwr(around:50,61.5886322,12.4739857););out center;"
12344538,W 4,Drevdagen - Gördalen,6057.45549069891,61.6336709,12.3671241,https://www.openstreetmap.org/?mlat=61.6336709&mlon=12.3671241#map=18/61.6336709/12.3671241,"https://overpass-turbo.eu/?Q=[out:json];(nwr(around:50,61.6336709,12.3671241););out center;"
12344539,W 4,Drevdagen - Gördalen,6119.69154344306,61.6029587,12.4270446,https://www.openstreetmap.org/?mlat=61.6029587&mlon=12.4270446#map=18/61.6029587/12.4270446,"https://overpass-turbo.eu/?Q=[out:json];(nwr(around:50,61.6029587,12.4270446););out center;"
12354175,W 5,Gördalen - Brottbäcksstugan,3239.36946571843,61.6178809,12.6538267,https://www.openstreetmap.org/?mlat=61.6178809&mlon=12.6538267#map=18/61.6178809/12.6538267,"https://overpass-turbo.eu/?Q=[out:json];(nwr(around:50,61.6178809,12.6538267););out center;"
12347146,W 5,Gördalen - Brottbäcksstugan,612.270498657238,61.5958068,12.5013876,https://www.openstreetmap.org/?mlat=61.5958068&mlon=12.5013876#map=18/61.5958068/12.5013876,"https://overpass-turbo.eu/?Q=[out:json];(nwr(around:50,61.5958068,12.5013876););out center;"
12347626,W 5,Gördalen - Brottbäcksstugan,7462.75604800585,61.6014054,12.5687781,https://www.openstreetmap.org/?mlat=61.6014054&mlon=12.5687781#map=18/61.6014054/12.5687781,"https://overpass-turbo.eu/?Q=[out:json];(nwr(around:50,61.6014054,12.5687781););out center;"
12346338,W 5,Gördalen - Brottbäcksstugan,266.687707528351,61.6237545,12.6766721,https://www.openstreetmap.org/?mlat=61.6237545&mlon=12.6766721#map=18/61.6237545/12.6766721,"https://overpass-turbo.eu/?Q=[out:json];(nwr(around:50,61.6237545,12.6766721););out center;"
12346506,W 10,Norra Sälenringen,11078.9577787746,61.2346678,13.0248891,https://www.openstreetmap.org/?mlat=61.2346678&mlon=13.0248891#map=18/61.2346678/13.0248891,"https://overpass-turbo.eu/?Q=[out:json];(nwr(around:50,61.2346678,13.0248891););out center;"
12346503,W 10,Norra Sälenringen,9165.54599354233,61.1905493,13.1162987,https://www.openstreetmap.org/?mlat=61.1905493&mlon=13.1162987#map=18/61.1905493/13.1162987,"https://overpass-turbo.eu/?Q=[out:json];(nwr(around:50,61.1905493,13.1162987););out center;"
12355523,W 10,Norra Sälenringen,5107.68025535653,61.2168361,12.928033,https://www.openstreetmap.org/?mlat=61.2168361&mlon=12.928033#map=18/61.2168361/12.928033,"https://overpass-turbo.eu/?Q=[out:json];(nwr(around:50,61.2168361,12.928033););out center;"
12356086,W 10,Norra Sälenringen,3216.37935788216,61.1877871,12.9001351,https://www.openstreetmap.org/?mlat=61.1877871&mlon=12.9001351#map=18/61.1877871/12.9001351,"https://overpass-turbo.eu/?Q=[out:json];(nwr(around:50,61.1877871,12.9001351););out center;"
12346951,W 8,Storbron - Görälven,11808.4589201011,61.3544428,12.9036853,https://www.openstreetmap.org/?mlat=61.3544428&mlon=12.9036853#map=18/61.3544428/12.9036853,"https://overpass-turbo.eu/?Q=[out:json];(nwr(around:50,61.3544428,12.9036853););out center;"
12344686,W 2,Länsgränsen (via Våndsjön) - Hävlingestugorna,3077.31065280953,62.2420831,12.3475793,https://www.openstreetmap.org/?mlat=62.2420831&mlon=12.3475793#map=18/62.2420831/12.3475793,"https://overpass-turbo.eu/?Q=[out:json];(nwr(around:50,62.2420831,12.3475793););out center;"
12344685,W 2,Länsgränsen (via Våndsjön) - Hävlingestugorna,5540.30661782657,62.2099449,12.369905,https://www.openstreetmap.org/?mlat=62.2099449&mlon=12.369905#map=18/62.2099449/12.369905,"https://overpass-turbo.eu/?Q=[out:json];(nwr(around:50,62.2099449,12.369905););out center;"
12347121,Z 101,Tännäs - Lillvålvallen (led 100),5687.20511109719,62.4241046,12.6177423,https://www.openstreetmap.org/?mlat=62.4241046&mlon=12.6177423#map=18/62.4241046/12.6177423,"https://overpass-turbo.eu/?Q=[out:json];(nwr(around:50,62.4241046,12.6177423););out center;"
12348876,Z 99,Tänndalen - Skedbrostugan,19897.5815162418,62.4618864,12.284105,https://www.openstreetmap.org/?mlat=62.4618864&mlon=12.284105#map=18/62.4618864/12.284105,"https://overpass-turbo.eu/?Q=[out:json];(nwr(around:50,62.4618864,12.284105););out center;"
12353071,Z 82,Helagsstugorna - Fältjägarstugan samt skoterledsanslutning till led 80,12218.1883371795,62.8623578,12.4915891,https://www.openstreetmap.org/?mlat=62.8623578&mlon=12.4915891#map=18/62.8623578/12.4915891,"https://overpass-turbo.eu/?Q=[out:json];(nwr(around:50,62.8623578,12.4915891););out center;"
12347417,Z 84,Rastskyddet (Svaletjakke) - Ramundberget,8229.10565972006,62.7391467,12.3841071,https://www.openstreetmap.org/?mlat=62.7391467&mlon=12.3841071#map=18/62.7391467/12.3841071,"https://overpass-turbo.eu/?Q=[out:json];(nwr(around:50,62.7391467,12.3841071););out center;"
12347418,Z 85,Fältjägarstugan - Klinken + separat skoterled N Girtibaune - Ljusnan,13899.6305384791,62.7772683,12.3659248,https://www.openstreetmap.org/?mlat=62.7772683&mlon=12.3659248#map=18/62.7772683/12.3659248,"https://overpass-turbo.eu/?Q=[out:json];(nwr(around:50,62.7772683,12.3659248););out center;"
12347419,Z 88,Klinken - Gröndalen - Fjällnäs,21968.9844116812,62.7086402,12.2089817,https://www.openstreetmap.org/?mlat=62.7086402&mlon=12.2089817#map=18/62.7086402/12.2089817,"https://overpass-turbo.eu/?Q=[out:json];(nwr(around:50,62.7086402,12.2089817););out center;"
12348712,Z 89,Klinken - Långbrottsjön - Fjällnäs,17203.171055963,62.6553108,12.2464452,https://www.openstreetmap.org/?mlat=62.6553108&mlon=12.2464452#map=18/62.6553108/12.2464452,"https://overpass-turbo.eu/?Q=[out:json];(nwr(around:50,62.6553108,12.2464452););out center;"
12346445,Z 91,Långbrottsjön - Bruksvallarna,9462.56675743603,62.6637742,12.3353802,https://www.openstreetmap.org/?mlat=62.6637742&mlon=12.3353802#map=18/62.6637742/12.3353802,"https://overpass-turbo.eu/?Q=[out:json];(nwr(around:50,62.6637742,12.3353802););out center;"
12353043,Z 6,Tjärnbäcken - Ankarvattnet,3790.47838690661,64.8779761,14.3631839,https://www.openstreetmap.org/?mlat=64.8779761&mlon=14.3631839#map=18/64.8779761/14.3631839,"https://overpass-turbo.eu/?Q=[out:json];(nwr(around:50,64.8779761,14.3631839););out center;"
12347101,Z 6,Tjärnbäcken - Ankarvattnet,4640.84191497347,64.8758291,14.2784967,https://www.openstreetmap.org/?mlat=64.8758291&mlon=14.2784967#map=18/64.8758291/14.2784967,"https://overpass-turbo.eu/?Q=[out:json];(nwr(around:50,64.8758291,14.2784967););out center;"
12353626,BD 41,Kebnekaise - Nikkaluokta,17434.4330278873,67.8527253,18.8305802,https://www.openstreetmap.org/?mlat=67.8527253&mlon=18.8305802#map=18/67.8527253/18.8305802,"https://overpass-turbo.eu/?Q=[out:json];(nwr(around:50,67.8527253,18.8305802););out center;"
12353625,BD 41,Kebnekaise - Nikkaluokta,1461.38241784044,67.8676441,18.6355871,https://www.openstreetmap.org/?mlat=67.8676441&mlon=18.6355871#map=18/67.8676441/18.6355871,"https://overpass-turbo.eu/?Q=[out:json];(nwr(around:50,67.8676441,18.6355871););out center;"
12353195,Z 6,Tjärnbäcken - Ankarvattnet,4640.84191497347,64.8758291,14.2784967,https://www.openstreetmap.org/?mlat=64.8758291&mlon=14.2784967#map=18/64.8758291/14.2784967,"https://overpass-turbo.eu/?Q=[out:json];(nwr(around:50,64.8758291,14.2784967););out center;"
12353239,Z 6,Tjärnbäcken - Ankarvattnet,3790.47838690661,64.8779761,14.3631839,https://www.openstreetmap.org/?mlat=64.8779761&mlon=14.3631839#map=18/64.8779761/14.3631839,"https://overpass-turbo.eu/?Q=[out:json];(nwr(around:50,64.8779761,14.3631839););out center;"
12352692,Z 36,Enafors - Ulvåtjärnstugan - Enkälen (led 37),112.323771336703,63.2066534,12.3026086,https://www.openstreetmap.org/?mlat=63.2066534&mlon=12.3026086#map=18/63.2066534/12.3026086,"https://overpass-turbo.eu/?Q=[out:json];(nwr(around:50,63.2066534,12.3026086););out center;"
12352691,Z 36,Enafors - Ulvåtjärnstugan - Enkälen (led 37),10077.5507555665,63.1654577,12.2672762,https://www.openstreetmap.org/?mlat=63.1654577&mlon=12.2672762#map=18/63.1654577/12.2672762,"https://overpass-turbo.eu/?Q=[out:json];(nwr(around:50,63.1654577,12.2672762););out center;"
12352690,Z 36,Enafors - Ulvåtjärnstugan - Enkälen (led 37),247.27181792582,63.2045116,12.3013249,https://www.openstreetmap.org/?mlat=63.2045116&mlon=12.3013249#map=18/63.2045116/12.3013249,"https://overpass-turbo.eu/?Q=[out:json];(nwr(around:50,63.2045116,12.3013249););out center;"
12348681,Z 37,Rundhögen - Blåhammarens fjällstation - Enkälen - Sylarnas fjällstation,44.1723120975119,63.1135257,12.2520145,https://www.openstreetmap.org/?mlat=63.1135257&mlon=12.2520145#map=18/63.1135257/12.2520145,"https://overpass-turbo.eu/?Q=[out:json];(nwr(around:50,63.1135257,12.2520145););out center;"
12348680,Z 37,Rundhögen - Blåhammarens fjällstation - Enkälen - Sylarnas fjällstation,67.2533566511089,63.1813833,12.1782966,https://www.openstreetmap.org/?mlat=63.1813833&mlon=12.1782966#map=18/63.1813833/12.1782966,"https://overpass-turbo.eu/?Q=[out:json];(nwr(around:50,63.1813833,12.1782966););out center;"
12348679,Z 37,Rundhögen - Blåhammarens fjällstation - Enkälen - Sylarnas fjällstation,52.0403538519008,63.09796,12.2665433,https://www.openstreetmap.org/?mlat=63.09796&mlon=12.2665433#map=18/63.09796/12.2665433,"https://overpass-turbo.eu/?Q=[out:json];(nwr(around:50,63.09796,12.2665433););out center;"
12351146,Z 37,Rundhögen - Blåhammarens fjällstation - Enkälen - Sylarnas fjällstation,6584.10445558354,63.0649907,12.2786345,https://www.openstreetmap.org/?mlat=63.0649907&mlon=12.2786345#map=18/63.0649907/12.2786345,"https://overpass-turbo.eu/?Q=[out:json];(nwr(around:50,63.0649907,12.2786345););out center;"
12347897,Z 37,Rundhögen - Blåhammarens fjällstation - Enkälen - Sylarnas fjällstation,1414.12047324607,63.2501842,12.1769517,https://www.openstreetmap.org/?mlat=63.2501842&mlon=12.1769517#map=18/63.2501842/12.1769517,"https://overpass-turbo.eu/?Q=[out:json];(nwr(around:50,63.2501842,12.1769517););out center;"
12347002,Z 37,Rundhögen - Blåhammarens fjällstation - Enkälen - Sylarnas fjällstation,1852.57970705812,63.1047498,12.2599498,https://www.openstreetmap.org/?mlat=63.1047498&mlon=12.2599498#map=18/63.1047498/12.2599498,"https://overpass-turbo.eu/?Q=[out:json];(nwr(around:50,63.1047498,12.2599498););out center;"
12355238,Z 37,Rundhögen - Blåhammarens fjällstation - Enkälen - Sylarnas fjällstation,8568.20883395128,63.1447598,12.2122414,https://www.openstreetmap.org/?mlat=63.1447598&mlon=12.2122414#map=18/63.1447598/12.2122414,"https://overpass-turbo.eu/?Q=[out:json];(nwr(around:50,63.1447598,12.2122414););out center;"
12355237,Z 37,Rundhögen - Blåhammarens fjällstation - Enkälen - Sylarnas fjällstation,7670.55971351751,63.2130927,12.16233,https://www.openstreetmap.org/?mlat=63.2130927&mlon=12.16233#map=18/63.2130927/12.16233,"https://overpass-turbo.eu/?Q=[out:json];(nwr(around:50,63.2130927,12.16233););out center;"
12347827,Z 38,Blåhammarens fjällstation - Ulvåtjärnstugan,50.5502594899373,63.1827158,12.188695,https://www.openstreetmap.org/?mlat=63.1827158&mlon=12.188695#map=18/63.1827158/12.188695,"https://overpass-turbo.eu/?Q=[out:json];(nwr(around:50,63.1827158,12.188695););out center;"
12347869,Z 38,Blåhammarens fjällstation - Ulvåtjärnstugan,21.4041318188517,63.1766219,12.2185461,https://www.openstreetmap.org/?mlat=63.1766219&mlon=12.2185461#map=18/63.1766219/12.2185461,"https://overpass-turbo.eu/?Q=[out:json];(nwr(around:50,63.1766219,12.2185461););out center;"
12347868,Z 38,Blåhammarens fjällstation - Ulvåtjärnstugan,45.6769945156785,63.1769275,12.2192265,https://www.openstreetmap.org/?mlat=63.1769275&mlon=12.2192265#map=18/63.1769275/12.2192265,"https://overpass-turbo.eu/?Q=[out:json];(nwr(around:50,63.1769275,12.2192265););out center;"
12347867,Z 38,Blåhammarens fjällstation - Ulvåtjärnstugan,72.3508425436325,63.1807135,12.1948152,https://www.openstreetmap.org/?mlat=63.1807135&mlon=12.1948152#map=18/63.1807135/12.1948152,"https://overpass-turbo.eu/?Q=[out:json];(nwr(around:50,63.1807135,12.1948152););out center;"
12353483,Z 38,Blåhammarens fjällstation - Ulvåtjärnstugan,1244.89623271054,63.1779003,12.2075953,https://www.openstreetmap.org/?mlat=63.1779003&mlon=12.2075953#map=18/63.1779003/12.2075953,"https://overpass-turbo.eu/?Q=[out:json];(nwr(around:50,63.1779003,12.2075953););out center;"
12353482,Z 38,Blåhammarens fjällstation - Ulvåtjärnstugan,332.481391282498,63.181316,12.1922732,https://www.openstreetmap.org/?mlat=63.181316&mlon=12.1922732#map=18/63.181316/12.1922732,"https://overpass-turbo.eu/?Q=[out:json];(nwr(around:50,63.181316,12.1922732););out center;"
12353481,Z 38,Blåhammarens fjällstation - Ulvåtjärnstugan,809.29757252305,63.1844351,12.1826134,https://www.openstreetmap.org/?mlat=63.1844351&mlon=12.1826134#map=18/63.1844351/12.1826134,"https://overpass-turbo.eu/?Q=[out:json];(nwr(around:50,63.1844351,12.1826134););out center;"
12353480,Z 38,Blåhammarens fjällstation - Ulvåtjärnstugan,2944.71103013228,63.1739975,12.2450491,https://www.openstreetmap.org/?mlat=63.1739975&mlon=12.2450491#map=18/63.1739975/12.2450491,"https://overpass-turbo.eu/?Q=[out:json];(nwr(around:50,63.1739975,12.2450491););out center;"
12353459,Z 38,Blåhammarens fjällstation - Ulvåtjärnstugan,27.2340770166031,63.1767525,12.2188496,https://www.openstreetmap.org/?mlat=63.1767525&mlon=12.2188496#map=18/63.1767525/12.2188496,"https://overpass-turbo.eu/?Q=[out:json];(nwr(around:50,63.1767525,12.2188496););out center;"
12352377,Z 39,Blåhammarens fjällstation - Endalen - Norska gränsen,7696.58712631508,63.1476794,12.1404565,https://www.openstreetmap.org/?mlat=63.1476794&mlon=12.1404565#map=18/63.1476794/12.1404565,"https://overpass-turbo.eu/?Q=[out:json];(nwr(around:50,63.1476794,12.1404565););out center;"
12353769,Z 40,Ulvåtjärnstugan - Storulvån,5604.03435070522,63.1586482,12.3130749,https://www.openstreetmap.org/?mlat=63.1586482&mlon=12.3130749#map=18/63.1586482/12.3130749,"https://overpass-turbo.eu/?Q=[out:json];(nwr(around:50,63.1586482,12.3130749););out center;"
12352735,Z 41,Storulvån - Spåjme - Sylarna,43.3585553737207,63.1094309,12.3253829,https://www.openstreetmap.org/?mlat=63.1094309&mlon=12.3253829#map=18/63.1094309/12.3253829,"https://overpass-turbo.eu/?Q=[out:json];(nwr(around:50,63.1094309,12.3253829););out center;"
12352734,Z 41,Storulvån - Spåjme - Sylarna,102.515680889497,63.0858111,12.3071056,https://www.openstreetmap.org/?mlat=63.0858111&mlon=12.3071056#map=18/63.0858111/12.3071056,"https://overpass-turbo.eu/?Q=[out:json];(nwr(around:50,63.0858111,12.3071056););out center;"
12352733,Z 41,Storulvån - Spåjme - Sylarna,108.009922848749,63.1117356,12.3260704,https://www.openstreetmap.org/?mlat=63.1117356&mlon=12.3260704#map=18/63.1117356/12.3260704,"https://overpass-turbo.eu/?Q=[out:json];(nwr(around:50,63.1117356,12.3260704););out center;"
12352732,Z 41,Storulvån - Spåjme - Sylarna,43.7562756706193,63.1483561,12.3507331,https://www.openstreetmap.org/?mlat=63.1483561&mlon=12.3507331#map=18/63.1483561/12.3507331,"https://overpass-turbo.eu/?Q=[out:json];(nwr(around:50,63.1483561,12.3507331););out center;"
12352731,Z 41,Storulvån - Spåjme - Sylarna,76.4066996749737,63.1068233,12.3221373,https://www.openstreetmap.org/?mlat=63.1068233&mlon=12.3221373#map=18/63.1068233/12.3221373,"https://overpass-turbo.eu/?Q=[out:json];(nwr(around:50,63.1068233,12.3221373););out center;"
12352730,Z 41,Storulvån - Spåjme - Sylarna,95.132409956334,63.0911895,12.3088526,https://www.openstreetmap.org/?mlat=63.0911895&mlon=12.3088526#map=18/63.0911895/12.3088526,"https://overpass-turbo.eu/?Q=[out:json];(nwr(around:50,63.0911895,12.3088526););out center;"
12354741,Z 41,Storulvån - Spåjme - Sylarna,2465.94107879605,63.1605141,12.3554802,https://www.openstreetmap.org/?mlat=63.1605141&mlon=12.3554802#map=18/63.1605141/12.3554802,"https://overpass-turbo.eu/?Q=[out:json];(nwr(around:50,63.1605141,12.3554802););out center;"
12354740,Z 41,Storulvån - Spåjme - Sylarna,1817.5107775288,63.0983435,12.3153871,https://www.openstreetmap.org/?mlat=63.0983435&mlon=12.3153871#map=18/63.0983435/12.3153871,"https://overpass-turbo.eu/?Q=[out:json];(nwr(around:50,63.0983435,12.3153871););out center;"
12354739,Z 41,Storulvån - Spåjme - Sylarna,424.383803409915,63.0886686,12.307403,https://www.openstreetmap.org/?mlat=63.0886686&mlon=12.307403#map=18/63.0886686/12.307403,"https://overpass-turbo.eu/?Q=[out:json];(nwr(around:50,63.0886686,12.307403););out center;"
12354738,Z 41,Storulvån - Spåjme - Sylarna,117.832760505255,63.110041,12.3253267,https://www.openstreetmap.org/?mlat=63.110041&mlon=12.3253267#map=18/63.110041/12.3253267,"https://overpass-turbo.eu/?Q=[out:json];(nwr(around:50,63.110041,12.3253267););out center;"
12354737,Z 41,Storulvån - Spåjme - Sylarna,5467.92690317146,63.0695131,12.2828301,https://www.openstreetmap.org/?mlat=63.0695131&mlon=12.2828301#map=18/63.0695131/12.2828301,"https://overpass-turbo.eu/?Q=[out:json];(nwr(around:50,63.0695131,12.2828301););out center;"
12354736,Z 41,Storulvån - Spåjme - Sylarna,321.827253555852,63.1076049,12.3230772,https://www.openstreetmap.org/?mlat=63.1076049&mlon=12.3230772#map=18/63.1076049/12.3230772,"https://overpass-turbo.eu/?Q=[out:json];(nwr(around:50,63.1076049,12.3230772););out center;"
12354734,Z 41,Storulvån - Spåjme - Sylarna,4296.26752471085,63.1303419,12.3378607,https://www.openstreetmap.org/?mlat=63.1303419&mlon=12.3378607#map=18/63.1303419/12.3378607,"https://overpass-turbo.eu/?Q=[out:json];(nwr(around:50,63.1303419,12.3378607););out center;"
12348318,Z 49,Vålådalen - Stensdalsstugorna,7360.37791196758,63.1245092,12.8013814,https://www.openstreetmap.org/?mlat=63.1245092&mlon=12.8013814#map=18/63.1245092/12.8013814,"https://overpass-turbo.eu/?Q=[out:json];(nwr(around:50,63.1245092,12.8013814););out center;"
12349210,BD 66,Pårte - Kvikkjokk,16400.4904571216,67.0083906,17.8233852,https://www.openstreetmap.org/?mlat=67.0083906&mlon=17.8233852#map=18/67.0083906/17.8233852,"https://overpass-turbo.eu/?Q=[out:json];(nwr(around:50,67.0083906,17.8233852););out center;"
12348383,Z 58,Vålåstugorna - Helags,74.7305941030125,63.0247458,12.7657727,https://www.openstreetmap.org/?mlat=63.0247458&mlon=12.7657727#map=18/63.0247458/12.7657727,"https://overpass-turbo.eu/?Q=[out:json];(nwr(around:50,63.0247458,12.7657727););out center;"
12348382,Z 58,Vålåstugorna - Helags,14.1376905058782,62.9192442,12.6111092,https://www.openstreetmap.org/?mlat=62.9192442&mlon=12.6111092#map=18/62.9192442/12.6111092,"https://overpass-turbo.eu/?Q=[out:json];(nwr(around:50,62.9192442,12.6111092););out center;"
12348381,Z 58,Vålåstugorna - Helags,23.2467738538764,62.9745599,12.6560664,https://www.openstreetmap.org/?mlat=62.9745599&mlon=12.6560664#map=18/62.9745599/12.6560664,"https://overpass-turbo.eu/?Q=[out:json];(nwr(around:50,62.9745599,12.6560664););out center;"
12348497,Z 58,Vålåstugorna - Helags,51.1181824202546,63.0412402,12.7950446,https://www.openstreetmap.org/?mlat=63.0412402&mlon=12.7950446#map=18/63.0412402/12.7950446,"https://overpass-turbo.eu/?Q=[out:json];(nwr(around:50,63.0412402,12.7950446););out center;"
12348496,Z 58,Vålåstugorna - Helags,56.5987413937801,62.9299393,12.6346649,https://www.openstreetmap.org/?mlat=62.9299393&mlon=12.6346649#map=18/62.9299393/12.6346649,"https://overpass-turbo.eu/?Q=[out:json];(nwr(around:50,62.9299393,12.6346649););out center;"
12347828,Z 58,Vålåstugorna - Helags,1787.32876574063,62.9251259,12.6217486,https://www.openstreetmap.org/?mlat=62.9251259&mlon=12.6217486#map=18/62.9251259/12.6217486,"https://overpass-turbo.eu/?Q=[out:json];(nwr(around:50,62.9251259,12.6217486););out center;"
12347792,Z 58,Vålåstugorna - Helags,318.98649004757,63.0403244,12.7971248,https://www.openstreetmap.org/?mlat=63.0403244&mlon=12.7971248#map=18/63.0403244/12.7971248,"https://overpass-turbo.eu/?Q=[out:json];(nwr(around:50,63.0403244,12.7971248););out center;"
12347791,Z 58,Vålåstugorna - Helags,251.407705624925,63.0396356,12.7948051,https://www.openstreetmap.org/?mlat=63.0396356&mlon=12.7948051#map=18/63.0396356/12.7948051,"https://overpass-turbo.eu/?Q=[out:json];(nwr(around:50,63.0396356,12.7948051););out center;"
12347790,Z 58,Vålåstugorna - Helags,338.992895032144,63.0428594,12.7952859,https://www.openstreetmap.org/?mlat=63.0428594&mlon=12.7952859#map=18/63.0428594/12.7952859,"https://overpass-turbo.eu/?Q=[out:json];(nwr(around:50,63.0428594,12.7952859););out center;"
12347789,Z 58,Vålåstugorna - Helags,5231.54986190987,62.9474879,12.6410134,https://www.openstreetmap.org/?mlat=62.9474879&mlon=12.6410134#map=18/62.9474879/12.6410134,"https://overpass-turbo.eu/?Q=[out:json];(nwr(around:50,62.9474879,12.6410134););out center;"
12347967,Z 58,Vålåstugorna - Helags,182.79816334835,62.9177685,12.6089762,https://www.openstreetmap.org/?mlat=62.9177685&mlon=12.6089762#map=18/62.9177685/12.6089762,"https://overpass-turbo.eu/?Q=[out:json];(nwr(around:50,62.9177685,12.6089762););out center;"
12347966,Z 58,Vålåstugorna - Helags,2178.45327826347,63.032883,12.779367,https://www.openstreetmap.org/?mlat=63.032883&mlon=12.779367#map=18/63.032883/12.779367,"https://overpass-turbo.eu/?Q=[out:json];(nwr(around:50,63.032883,12.779367););out center;"
12347965,Z 58,Vålåstugorna - Helags,8335.13632674647,62.9939516,12.7115803,https://www.openstreetmap.org/?mlat=62.9939516&mlon=12.7115803#map=18/62.9939516/12.7115803,"https://overpass-turbo.eu/?Q=[out:json];(nwr(around:50,62.9939516,12.7115803););out center;"
12347301,Z 1,Stekenjokkvägen (Hamptjärn) - Raukaselet,21524.9426660144,64.9590161,14.4616194,https://www.openstreetmap.org/?mlat=64.9590161&mlon=14.4616194#map=18/64.9590161/14.4616194,"https://overpass-turbo.eu/?Q=[out:json];(nwr(around:50,64.9590161,14.4616194););out center;"
12349269,Z 2,Stekenjokkvägen (Karitjärn) - Raukaselet (justerad),1763.91828219413,64.978531,14.401075,https://www.openstreetmap.org/?mlat=64.978531&mlon=14.401075#map=18/64.978531/14.401075,"https://overpass-turbo.eu/?Q=[out:json];(nwr(around:50,64.978531,14.401075););out center;"
12352882,Z 2,Stekenjokkvägen (Karitjärn) - Raukaselet (justerad),2560.64182403262,64.98443,14.23825,https://www.openstreetmap.org/?mlat=64.98443&mlon=14.23825#map=18/64.98443/14.23825,"https://overpass-turbo.eu/?Q=[out:json];(nwr(around:50,64.98443,14.23825););out center;"
12352881,Z 2,Stekenjokkvägen (Karitjärn) - Raukaselet (justerad),2540.9791685917,64.9874331,14.291603,https://www.openstreetmap.org/?mlat=64.9874331&mlon=14.291603#map=18/64.9874331/14.291603,"https://overpass-turbo.eu/?Q=[out:json];(nwr(around:50,64.9874331,14.291603););out center;"
12352880,Z 2,Stekenjokkvägen (Karitjärn) - Raukaselet (justerad),689.328577476326,64.9349124,14.4852451,https://www.openstreetmap.org/?mlat=64.9349124&mlon=14.4852451#map=18/64.9349124/14.4852451,"https://overpass-turbo.eu/?Q=[out:json];(nwr(around:50,64.9349124,14.4852451););out center;"
12352879,Z 2,Stekenjokkvägen (Karitjärn) - Raukaselet (justerad),5346.26907796115,64.955135,14.449456,https://www.openstreetmap.org/?mlat=64.955135&mlon=14.449456#map=18/64.955135/14.449456,"https://overpass-turbo.eu/?Q=[out:json];(nwr(around:50,64.955135,14.449456););out center;"
12352878,Z 2,Stekenjokkvägen (Karitjärn) - Raukaselet (justerad),487.325482833959,64.8945545,14.5993226,https://www.openstreetmap.org/?mlat=64.8945545&mlon=14.5993226#map=18/64.8945545/14.5993226,"https://overpass-turbo.eu/?Q=[out:json];(nwr(around:50,64.8945545,14.5993226););out center;"
12352877,Z 2,Stekenjokkvägen (Karitjärn) - Raukaselet (justerad),726.488294784527,64.918556,14.555887,https://www.openstreetmap.org/?mlat=64.918556&mlon=14.555887#map=18/64.918556/14.555887,"https://overpass-turbo.eu/?Q=[out:json];(nwr(around:50,64.918556,14.555887););out center;"
12352876,Z 2,Stekenjokkvägen (Karitjärn) - Raukaselet (justerad),4064.48632642997,64.998683,14.356604,https://www.openstreetmap.org/?mlat=64.998683&mlon=14.356604#map=18/64.998683/14.356604,"https://overpass-turbo.eu/?Q=[out:json];(nwr(around:50,64.998683,14.356604););out center;"
12354351,Z 2,Stekenjokkvägen (Karitjärn) - Raukaselet (justerad),36.617266168981,64.9739501,14.4156782,https://www.openstreetmap.org/?mlat=64.9739501&mlon=14.4156782#map=18/64.9739501/14.4156782,"https://overpass-turbo.eu/?Q=[out:json];(nwr(around:50,64.9739501,14.4156782););out center;"
12354006,Z 2,Stekenjokkvägen (Karitjärn) - Raukaselet (justerad),2290.88065527807,64.9048261,14.5693036,https://www.openstreetmap.org/?mlat=64.9048261&mlon=14.5693036#map=18/64.9048261/14.5693036,"https://overpass-turbo.eu/?Q=[out:json];(nwr(around:50,64.9048261,14.5693036););out center;"
12354005,Z 2,Stekenjokkvägen (Karitjärn) - Raukaselet (justerad),4.21261328037597,64.914918,14.558591,https://www.openstreetmap.org/?mlat=64.914918&mlon=14.558591#map=18/64.914918/14.558591,"https://overpass-turbo.eu/?Q=[out:json];(nwr(around:50,64.914918,14.558591););out center;"
12354004,Z 2,Stekenjokkvägen (Karitjärn) - Raukaselet (justerad),567.184351324964,64.8984243,14.5830987,https://www.openstreetmap.org/?mlat=64.8984243&mlon=14.5830987#map=18/64.8984243/14.5830987,"https://overpass-turbo.eu/?Q=[out:json];(nwr(around:50,64.8984243,14.5830987););out center;"
12354003,Z 2,Stekenjokkvägen (Karitjärn) - Raukaselet (justerad),489.604455861199,64.988643,14.269527,https://www.openstreetmap.org/?mlat=64.988643&mlon=14.269527#map=18/64.988643/14.269527,"https://overpass-turbo.eu/?Q=[out:json];(nwr(around:50,64.988643,14.269527););out center;"
12354002,Z 2,Stekenjokkvägen (Karitjärn) - Raukaselet (justerad),667.783621441295,64.894907,14.594519,https://www.openstreetmap.org/?mlat=64.894907&mlon=14.594519#map=18/64.894907/14.594519,"https://overpass-turbo.eu/?Q=[out:json];(nwr(around:50,64.894907,14.594519););out center;"
12353996,Z 2,Stekenjokkvägen (Karitjärn) - Raukaselet (justerad),100.850224816854,64.9879923,14.2623894,https://www.openstreetmap.org/?mlat=64.9879923&mlon=14.2623894#map=18/64.9879923/14.2623894,"https://overpass-turbo.eu/?Q=[out:json];(nwr(around:50,64.9879923,14.2623894););out center;"
12350930,Z 3,Slipsiken (länsgränsen) - Raukasjö,23.5933828343881,64.9634432,14.6834012,https://www.openstreetmap.org/?mlat=64.9634432&mlon=14.6834012#map=18/64.9634432/14.6834012,"https://overpass-turbo.eu/?Q=[out:json];(nwr(around:50,64.9634432,14.6834012););out center;"
12347309,Z 3,Slipsiken (länsgränsen) - Raukasjö,1969.36687289271,64.971391,14.693595,https://www.openstreetmap.org/?mlat=64.971391&mlon=14.693595#map=18/64.971391/14.693595,"https://overpass-turbo.eu/?Q=[out:json];(nwr(around:50,64.971391,14.693595););out center;"
12346765,Z 3,Slipsiken (länsgränsen) - Raukasjö,8229.16637397304,64.944068,14.6175985,https://www.openstreetmap.org/?mlat=64.944068&mlon=14.6175985#map=18/64.944068/14.6175985,"https://overpass-turbo.eu/?Q=[out:json];(nwr(around:50,64.944068,14.6175985););out center;"
12348656,Z 3,Slipsiken (länsgränsen) - Raukasjö,1969.36687289271,64.971391,14.693595,https://www.openstreetmap.org/?mlat=64.971391&mlon=14.693595#map=18/64.971391/14.693595,"https://overpass-turbo.eu/?Q=[out:json];(nwr(around:50,64.971391,14.693595););out center;"
12352255,Z 3,Slipsiken (länsgränsen) - Raukasjö,23.5933828343881,64.9634432,14.6834012,https://www.openstreetmap.org/?mlat=64.9634432&mlon=14.6834012#map=18/64.9634432/14.6834012,"https://overpass-turbo.eu/?Q=[out:json];(nwr(around:50,64.9634432,14.6834012););out center;"
12354318,Z 3,Slipsiken (länsgränsen) - Raukasjö,8229.16637397304,64.944068,14.6175985,https://www.openstreetmap.org/?mlat=64.944068&mlon=14.6175985#map=18/64.944068/14.6175985,"https://overpass-turbo.eu/?Q=[out:json];(nwr(around:50,64.944068,14.6175985););out center;"
12354078,Z 4,Storjola - Raukaselet,3550.69826139739,64.889599,14.7118726,https://www.openstreetmap.org/?mlat=64.889599&mlon=14.7118726#map=18/64.889599/14.7118726,"https://overpass-turbo.eu/?Q=[out:json];(nwr(around:50,64.889599,14.7118726););out center;"
12354077,Z 4,Storjola - Raukaselet,350.27998684381,64.8866687,14.7514915,https://www.openstreetmap.org/?mlat=64.8866687&mlon=14.7514915#map=18/64.8866687/14.7514915,"https://overpass-turbo.eu/?Q=[out:json];(nwr(around:50,64.8866687,14.7514915););out center;"
12354037,Z 4,Storjola - Raukaselet,537.122142607575,64.8865502,14.755466,https://www.openstreetmap.org/?mlat=64.8865502&mlon=14.755466#map=18/64.8865502/14.755466,"https://overpass-turbo.eu/?Q=[out:json];(nwr(around:50,64.8865502,14.755466););out center;"
12354036,Z 4,Storjola - Raukaselet,4116.63560891116,64.8999579,14.642243,https://www.openstreetmap.org/?mlat=64.8999579&mlon=14.642243#map=18/64.8999579/14.642243,"https://overpass-turbo.eu/?Q=[out:json];(nwr(around:50,64.8999579,14.642243););out center;"
12354035,Z 4,Storjola - Raukaselet,2338.87160796223,64.876891,14.772298,https://www.openstreetmap.org/?mlat=64.876891&mlon=14.772298#map=18/64.876891/14.772298,"https://overpass-turbo.eu/?Q=[out:json];(nwr(around:50,64.876891,14.772298););out center;"
12352373,Z 4,Storjola - Raukaselet,537.122142607575,64.8865502,14.755466,https://www.openstreetmap.org/?mlat=64.8865502&mlon=14.755466#map=18/64.8865502/14.755466,"https://overpass-turbo.eu/?Q=[out:json];(nwr(around:50,64.8865502,14.755466););out center;"
12352372,Z 4,Storjola - Raukaselet,3550.69826139739,64.889599,14.7118726,https://www.openstreetmap.org/?mlat=64.889599&mlon=14.7118726#map=18/64.889599/14.7118726,"https://overpass-turbo.eu/?Q=[out:json];(nwr(around:50,64.889599,14.7118726););out center;"
12355483,Z 4,Storjola - Raukaselet,4116.63560891116,64.8999579,14.642243,https://www.openstreetmap.org/?mlat=64.8999579&mlon=14.642243#map=18/64.8999579/14.642243,"https://overpass-turbo.eu/?Q=[out:json];(nwr(around:50,64.8999579,14.642243););out center;"
12346679,Z 7,Raptejaure (led 5) - Lejaren - Ankarvattsliden (justerad),16.5211736247762,64.8642888,14.4367083,https://www.openstreetmap.org/?mlat=64.8642888&mlon=14.4367083#map=18/64.8642888/14.4367083,"https://overpass-turbo.eu/?Q=[out:json];(nwr(around:50,64.8642888,14.4367083););out center;"
12346678,Z 7,Raptejaure (led 5) - Lejaren - Ankarvattsliden (justerad),239.176920912219,64.855135,14.4312336,https://www.openstreetmap.org/?mlat=64.855135&mlon=14.4312336#map=18/64.855135/14.4312336,"https://overpass-turbo.eu/?Q=[out:json];(nwr(around:50,64.855135,14.4312336););out center;"
12346682,Z 7,Raptejaure (led 5) - Lejaren - Ankarvattsliden (justerad),132.451877956411,64.8662076,14.4479894,https://www.openstreetmap.org/?mlat=64.8662076&mlon=14.4479894#map=18/64.8662076/14.4479894,"https://overpass-turbo.eu/?Q=[out:json];(nwr(around:50,64.8662076,14.4479894););out center;"
12346681,Z 7,Raptejaure (led 5) - Lejaren - Ankarvattsliden (justerad),2.45988576360773,64.8665189,14.4511511,https://www.openstreetmap.org/?mlat=64.8665189&mlon=14.4511511#map=18/64.8665189/14.4511511,"https://overpass-turbo.eu/?Q=[out:json];(nwr(around:50,64.8665189,14.4511511););out center;"
12346680,Z 7,Raptejaure (led 5) - Lejaren - Ankarvattsliden (justerad),488.389259265518,64.8535337,14.425983,https://www.openstreetmap.org/?mlat=64.8535337&mlon=14.425983#map=18/64.8535337/14.425983,"https://overpass-turbo.eu/?Q=[out:json];(nwr(around:50,64.8535337,14.425983););out center;"
12346677,Z 7,Raptejaure (led 5) - Lejaren - Ankarvattsliden (justerad),26.9017291572494,64.8665731,14.453259,https://www.openstreetmap.org/?mlat=64.8665731&mlon=14.453259#map=18/64.8665731/14.453259,"https://overpass-turbo.eu/?Q=[out:json];(nwr(around:50,64.8665731,14.453259););out center;"
12346676,Z 7,Raptejaure (led 5) - Lejaren - Ankarvattsliden (justerad),1027.56656711476,64.8582308,14.4331115,https://www.openstreetmap.org/?mlat=64.8582308&mlon=14.4331115#map=18/64.8582308/14.4331115,"https://overpass-turbo.eu/?Q=[out:json];(nwr(around:50,64.8582308,14.4331115););out center;"
12346675,Z 7,Raptejaure (led 5) - Lejaren - Ankarvattsliden (justerad),1496.11710602522,64.8490168,14.3681404,https://www.openstreetmap.org/?mlat=64.8490168&mlon=14.3681404#map=18/64.8490168/14.3681404,"https://overpass-turbo.eu/?Q=[out:json];(nwr(around:50,64.8490168,14.3681404););out center;"
12346674,Z 7,Raptejaure (led 5) - Lejaren - Ankarvattsliden (justerad),33.897853971787,64.8557949,14.4012429,https://www.openstreetmap.org/?mlat=64.8557949&mlon=14.4012429#map=18/64.8557949/14.4012429,"https://overpass-turbo.eu/?Q=[out:json];(nwr(around:50,64.8557949,14.4012429););out center;"
12346673,Z 7,Raptejaure (led 5) - Lejaren - Ankarvattsliden (justerad),83.3409482771225,64.8674671,14.4621852,https://www.openstreetmap.org/?mlat=64.8674671&mlon=14.4621852#map=18/64.8674671/14.4621852,"https://overpass-turbo.eu/?Q=[out:json];(nwr(around:50,64.8674671,14.4621852););out center;"
12353644,Z 7,Raptejaure (led 5) - Lejaren - Ankarvattsliden (justerad),153.704136284817,64.866475,14.4494407,https://www.openstreetmap.org/?mlat=64.866475&mlon=14.4494407#map=18/64.866475/14.4494407,"https://overpass-turbo.eu/?Q=[out:json];(nwr(around:50,64.866475,14.4494407););out center;"
12353643,Z 7,Raptejaure (led 5) - Lejaren - Ankarvattsliden (justerad),1301.75368777261,64.8635832,14.4299915,https://www.openstreetmap.org/?mlat=64.8635832&mlon=14.4299915#map=18/64.8635832/14.4299915,"https://overpass-turbo.eu/?Q=[out:json];(nwr(around:50,64.8635832,14.4299915););out center;"
12353708,Z 7,Raptejaure (led 5) - Lejaren - Ankarvattsliden (justerad),1356.13666547902,64.8542971,14.3881326,https://www.openstreetmap.org/?mlat=64.8542971&mlon=14.3881326#map=18/64.8542971/14.3881326,"https://overpass-turbo.eu/?Q=[out:json];(nwr(around:50,64.8542971,14.3881326););out center;"
12353707,Z 7,Raptejaure (led 5) - Lejaren - Ankarvattsliden (justerad),918.454600005207,64.8541807,14.4096847,https://www.openstreetmap.org/?mlat=64.8541807&mlon=14.4096847#map=18/64.8541807/14.4096847,"https://overpass-turbo.eu/?Q=[out:json];(nwr(around:50,64.8541807,14.4096847););out center;"
12353706,Z 7,Raptejaure (led 5) - Lejaren - Ankarvattsliden (justerad),100.079463808166,64.8665731,14.453259,https://www.openstreetmap.org/?mlat=64.8665731&mlon=14.453259#map=18/64.8665731/14.453259,"https://overpass-turbo.eu/?Q=[out:json];(nwr(around:50,64.8665731,14.453259););out center;"
12353705,Z 7,Raptejaure (led 5) - Lejaren - Ankarvattsliden (justerad),174.584473790967,64.8582823,14.2592723,https://www.openstreetmap.org/?mlat=64.8582823&mlon=14.2592723#map=18/64.8582823/14.2592723,"https://overpass-turbo.eu/?Q=[out:json];(nwr(around:50,64.8582823,14.2592723););out center;"
12353704,Z 7,Raptejaure (led 5) - Lejaren - Ankarvattsliden (justerad),120.264748594091,64.855135,14.4312336,https://www.openstreetmap.org/?mlat=64.855135&mlon=14.4312336#map=18/64.855135/14.4312336,"https://overpass-turbo.eu/?Q=[out:json];(nwr(around:50,64.855135,14.4312336););out center;"
12353703,Z 7,Raptejaure (led 5) - Lejaren - Ankarvattsliden (justerad),426.964269850742,64.8656021,14.4447035,https://www.openstreetmap.org/?mlat=64.8656021&mlon=14.4447035#map=18/64.8656021/14.4447035,"https://overpass-turbo.eu/?Q=[out:json];(nwr(around:50,64.8656021,14.4447035););out center;"
12353702,Z 7,Raptejaure (led 5) - Lejaren - Ankarvattsliden (justerad),4491.77455009791,64.8712229,14.4965472,https://www.openstreetmap.org/?mlat=64.8712229&mlon=14.4965472#map=18/64.8712229/14.4965472,"https://overpass-turbo.eu/?Q=[out:json];(nwr(around:50,64.8712229,14.4965472););out center;"
12353694,Z 7,Raptejaure (led 5) - Lejaren - Ankarvattsliden (justerad),328.811546916755,64.8666705,14.4570535,https://www.openstreetmap.org/?mlat=64.8666705&mlon=14.4570535#map=18/64.8666705/14.4570535,"https://overpass-turbo.eu/?Q=[out:json];(nwr(around:50,64.8666705,14.4570535););out center;"
12353693,Z 7,Raptejaure (led 5) - Lejaren - Ankarvattsliden (justerad),5982.68766597525,64.8612231,14.308715,https://www.openstreetmap.org/?mlat=64.8612231&mlon=14.308715#map=18/64.8612231/14.308715,"https://overpass-turbo.eu/?Q=[out:json];(nwr(around:50,64.8612231,14.308715););out center;"
12348837,Z 8,Ankarede (Ullersjön) - Sielkentjakkstugan (via Saljaren - Friningen) (justerad),142.710662347072,64.7828892,14.3632145,https://www.openstreetmap.org/?mlat=64.7828892&mlon=14.3632145#map=18/64.7828892/14.3632145,"https://overpass-turbo.eu/?Q=[out:json];(nwr(around:50,64.7828892,14.3632145););out center;"
12348658,Z 8,Ankarede (Ullersjön) - Sielkentjakkstugan (via Saljaren - Friningen) (justerad),23.4508486040484,64.7663506,14.4779986,https://www.openstreetmap.org/?mlat=64.7663506&mlon=14.4779986#map=18/64.7663506/14.4779986,"https://overpass-turbo.eu/?Q=[out:json];(nwr(around:50,64.7663506,14.4779986););out center;"
12348809,Z 8,Ankarede (Ullersjön) - Sielkentjakkstugan (via Saljaren - Friningen) (justerad),147.185630864735,64.7746241,14.4265543,https://www.openstreetmap.org/?mlat=64.7746241&mlon=14.4265543#map=18/64.7746241/14.4265543,"https://overpass-turbo.eu/?Q=[out:json];(nwr(around:50,64.7746241,14.4265543););out center;"
12348223,Z 8,Ankarede (Ullersjön) - Sielkentjakkstugan (via Saljaren - Friningen) (justerad),2435.59458940603,64.7723343,14.450728,https://www.openstreetmap.org/?mlat=64.7723343&mlon=14.450728#map=18/64.7723343/14.450728,"https://overpass-turbo.eu/?Q=[out:json];(nwr(around:50,64.7723343,14.450728););out center;"
12348307,Z 8,Ankarede (Ullersjön) - Sielkentjakkstugan (via Saljaren - Friningen) (justerad),96.6236145195366,64.7792116,14.3927117,https://www.openstreetmap.org/?mlat=64.7792116&mlon=14.3927117#map=18/64.7792116/14.3927117,"https://overpass-turbo.eu/?Q=[out:json];(nwr(around:50,64.7792116,14.3927117););out center;"
12348306,Z 8,Ankarede (Ullersjön) - Sielkentjakkstugan (via Saljaren - Friningen) (justerad),787.584844614828,64.7817627,14.3773631,https://www.openstreetmap.org/?mlat=64.7817627&mlon=14.3773631#map=18/64.7817627/14.3773631,"https://overpass-turbo.eu/?Q=[out:json];(nwr(around:50,64.7817627,14.3773631););out center;"
12348305,Z 8,Ankarede (Ullersjön) - Sielkentjakkstugan (via Saljaren - Friningen) (justerad),159.134367004563,64.7669784,14.4762327,https://www.openstreetmap.org/?mlat=64.7669784&mlon=14.4762327#map=18/64.7669784/14.4762327,"https://overpass-turbo.eu/?Q=[out:json];(nwr(around:50,64.7669784,14.4762327););out center;"
12348304,Z 8,Ankarede (Ullersjön) - Sielkentjakkstugan (via Saljaren - Friningen) (justerad),311.355706766375,64.7805395,14.3846042,https://www.openstreetmap.org/?mlat=64.7805395&mlon=14.3846042#map=18/64.7805395/14.3846042,"https://overpass-turbo.eu/?Q=[out:json];(nwr(around:50,64.7805395,14.3846042););out center;"
12348303,Z 8,Ankarede (Ullersjön) - Sielkentjakkstugan (via Saljaren - Friningen) (justerad),576.611200822747,64.7346361,14.5360101,https://www.openstreetmap.org/?mlat=64.7346361&mlon=14.5360101#map=18/64.7346361/14.5360101,"https://overpass-turbo.eu/?Q=[out:json];(nwr(around:50,64.7346361,14.5360101););out center;"
12348302,Z 8,Ankarede (Ullersjön) - Sielkentjakkstugan (via Saljaren - Friningen) (justerad),71.5264581535629,64.7825647,14.3671134,https://www.openstreetmap.org/?mlat=64.7825647&mlon=14.3671134#map=18/64.7825647/14.3671134,"https://overpass-turbo.eu/?Q=[out:json];(nwr(around:50,64.7825647,14.3671134););out center;"
12348301,Z 8,Ankarede (Ullersjön) - Sielkentjakkstugan (via Saljaren - Friningen) (justerad),448.511644300625,64.7656287,14.479875,https://www.openstreetmap.org/?mlat=64.7656287&mlon=14.479875#map=18/64.7656287/14.479875,"https://overpass-turbo.eu/?Q=[out:json];(nwr(around:50,64.7656287,14.479875););out center;"
12348300,Z 8,Ankarede (Ullersjön) - Sielkentjakkstugan (via Saljaren - Friningen) (justerad),36.1069302800723,64.7663506,14.4779986,https://www.openstreetmap.org/?mlat=64.7663506&mlon=14.4779986#map=18/64.7663506/14.4779986,"https://overpass-turbo.eu/?Q=[out:json];(nwr(around:50,64.7663506,14.4779986););out center;"
12348299,Z 8,Ankarede (Ullersjön) - Sielkentjakkstugan (via Saljaren - Friningen) (justerad),199.15909935583,64.7760083,14.4281664,https://www.openstreetmap.org/?mlat=64.7760083&mlon=14.4281664#map=18/64.7760083/14.4281664,"https://overpass-turbo.eu/?Q=[out:json];(nwr(around:50,64.7760083,14.4281664););out center;"
12348298,Z 8,Ankarede (Ullersjön) - Sielkentjakkstugan (via Saljaren - Friningen) (justerad),259.784301544807,64.7468288,14.5327535,https://www.openstreetmap.org/?mlat=64.7468288&mlon=14.5327535#map=18/64.7468288/14.5327535,"https://overpass-turbo.eu/?Q=[out:json];(nwr(around:50,64.7468288,14.5327535););out center;"
12348297,Z 8,Ankarede (Ullersjön) - Sielkentjakkstugan (via Saljaren - Friningen) (justerad),39.4563450423376,64.7662096,14.4783645,https://www.openstreetmap.org/?mlat=64.7662096&mlon=14.4783645#map=18/64.7662096/14.4783645,"https://overpass-turbo.eu/?Q=[out:json];(nwr(around:50,64.7662096,14.4783645););out center;"
12348296,Z 8,Ankarede (Ullersjön) - Sielkentjakkstugan (via Saljaren - Friningen) (justerad),28.5118797993047,64.7807745,14.383443,https://www.openstreetmap.org/?mlat=64.7807745&mlon=14.383443#map=18/64.7807745/14.383443,"https://overpass-turbo.eu/?Q=[out:json];(nwr(around:50,64.7807745,14.383443););out center;"
12348295,Z 8,Ankarede (Ullersjön) - Sielkentjakkstugan (via Saljaren - Friningen) (justerad),2865.20371517163,64.7892584,14.3379144,https://www.openstreetmap.org/?mlat=64.7892584&mlon=14.3379144#map=18/64.7892584/14.3379144,"https://overpass-turbo.eu/?Q=[out:json];(nwr(around:50,64.7892584,14.3379144););out center;"
12348294,Z 8,Ankarede (Ullersjön) - Sielkentjakkstugan (via Saljaren - Friningen) (justerad),33.4753811367399,64.7658284,14.4793532,https://www.openstreetmap.org/?mlat=64.7658284&mlon=14.4793532#map=18/64.7658284/14.4793532,"https://overpass-turbo.eu/?Q=[out:json];(nwr(around:50,64.7658284,14.4793532););out center;"
12348293,Z 8,Ankarede (Ullersjön) - Sielkentjakkstugan (via Saljaren - Friningen) (justerad),23.9231311102874,64.7659723,14.47898,https://www.openstreetmap.org/?mlat=64.7659723&mlon=14.47898#map=18/64.7659723/14.47898,"https://overpass-turbo.eu/?Q=[out:json];(nwr(around:50,64.7659723,14.47898););out center;"
12348292,Z 8,Ankarede (Ullersjön) - Sielkentjakkstugan (via Saljaren - Friningen) (justerad),4699.58210712191,64.8120215,14.2780526,https://www.openstreetmap.org/?mlat=64.8120215&mlon=14.2780526#map=18/64.8120215/14.2780526,"https://overpass-turbo.eu/?Q=[out:json];(nwr(around:50,64.8120215,14.2780526););out center;"
12348291,Z 8,Ankarede (Ullersjön) - Sielkentjakkstugan (via Saljaren - Friningen) (justerad),774.407713753639,64.7435695,14.5354166,https://www.openstreetmap.org/?mlat=64.7435695&mlon=14.5354166#map=18/64.7435695/14.5354166,"https://overpass-turbo.eu/?Q=[out:json];(nwr(around:50,64.7435695,14.5354166););out center;"
12348290,Z 8,Ankarede (Ullersjön) - Sielkentjakkstugan (via Saljaren - Friningen) (justerad),37.5133473426459,64.7795224,14.3908145,https://www.openstreetmap.org/?mlat=64.7795224&mlon=14.3908145#map=18/64.7795224/14.3908145,"https://overpass-turbo.eu/?Q=[out:json];(nwr(around:50,64.7795224,14.3908145););out center;"
12348289,Z 8,Ankarede (Ullersjön) - Sielkentjakkstugan (via Saljaren - Friningen) (justerad),264.117067475109,64.7435695,14.5354166,https://www.openstreetmap.org/?mlat=64.7435695&mlon=14.5354166#map=18/64.7435695/14.5354166,"https://overpass-turbo.eu/?Q=[out:json];(nwr(around:50,64.7435695,14.5354166););out center;"
12348288,Z 8,Ankarede (Ullersjön) - Sielkentjakkstugan (via Saljaren - Friningen) (justerad),1733.75646716545,64.7743547,14.4165224,https://www.openstreetmap.org/?mlat=64.7743547&mlon=14.4165224#map=18/64.7743547/14.4165224,"https://overpass-turbo.eu/?Q=[out:json];(nwr(around:50,64.7743547,14.4165224););out center;"
12348287,Z 8,Ankarede (Ullersjön) - Sielkentjakkstugan (via Saljaren - Friningen) (justerad),25.1018238395954,64.7675468,14.4745394,https://www.openstreetmap.org/?mlat=64.7675468&mlon=14.4745394#map=18/64.7675468/14.4745394,"https://overpass-turbo.eu/?Q=[out:json];(nwr(around:50,64.7675468,14.4745394););out center;"
12347097,Z 9,Storjola - Ö Värjaren - Härbergsdalen,1174.8069438686,64.731563,14.747783,https://www.openstreetmap.org/?mlat=64.731563&mlon=14.747783#map=18/64.731563/14.747783,"https://overpass-turbo.eu/?Q=[out:json];(nwr(around:50,64.731563,14.747783););out center;"
12347123,Z 9,Storjola - Ö Värjaren - Härbergsdalen,21976.476770766,64.8259617,14.7035222,https://www.openstreetmap.org/?mlat=64.8259617&mlon=14.7035222#map=18/64.8259617/14.7035222,"https://overpass-turbo.eu/?Q=[out:json];(nwr(around:50,64.8259617,14.7035222););out center;"
12347061,Z 9,Storjola - Ö Värjaren - Härbergsdalen,3022.49682189826,64.714684,14.703527,https://www.openstreetmap.org/?mlat=64.714684&mlon=14.703527#map=18/64.714684/14.703527,"https://overpass-turbo.eu/?Q=[out:json];(nwr(around:50,64.714684,14.703527););out center;"
12347060,Z 9,Storjola - Ö Värjaren - Härbergsdalen,1671.14743905168,64.723348,14.72815,https://www.openstreetmap.org/?mlat=64.723348&mlon=14.72815#map=18/64.723348/14.72815,"https://overpass-turbo.eu/?Q=[out:json];(nwr(around:50,64.723348,14.72815););out center;"
12352261,Z 9,Storjola - Ö Värjaren - Härbergsdalen,1671.14743905168,64.723348,14.72815,https://www.openstreetmap.org/?mlat=64.723348&mlon=14.72815#map=18/64.723348/14.72815,"https://overpass-turbo.eu/?Q=[out:json];(nwr(around:50,64.723348,14.72815););out center;"
12352984,Z 9,Storjola - Ö Värjaren - Härbergsdalen,1174.8069438686,64.731563,14.747783,https://www.openstreetmap.org/?mlat=64.731563&mlon=14.747783#map=18/64.731563/14.747783,"https://overpass-turbo.eu/?Q=[out:json];(nwr(around:50,64.731563,14.747783););out center;"
12352935,Z 9,Storjola - Ö Värjaren - Härbergsdalen,809.800858272829,64.7847217,14.6953173,https://www.openstreetmap.org/?mlat=64.7847217&mlon=14.6953173#map=18/64.7847217/14.6953173,"https://overpass-turbo.eu/?Q=[out:json];(nwr(around:50,64.7847217,14.6953173););out center;"
12352934,Z 9,Storjola - Ö Värjaren - Härbergsdalen,3022.49682189826,64.714684,14.703527,https://www.openstreetmap.org/?mlat=64.714684&mlon=14.703527#map=18/64.714684/14.703527,"https://overpass-turbo.eu/?Q=[out:json];(nwr(around:50,64.714684,14.703527););out center;"
12352262,Z 9,Storjola - Ö Värjaren - Härbergsdalen,7466.90980714059,64.762023,14.732383,https://www.openstreetmap.org/?mlat=64.762023&mlon=14.732383#map=18/64.762023/14.732383,"https://overpass-turbo.eu/?Q=[out:json];(nwr(around:50,64.762023,14.732383););out center;"
12348419,Z 10,Övre Daimasjön (led 9) -Daima - Saxån (länsgränsen) - Borgadammen,1677.69165899367,64.772005,14.792771,https://www.openstreetmap.org/?mlat=64.772005&mlon=14.792771#map=18/64.772005/14.792771,"https://overpass-turbo.eu/?Q=[out:json];(nwr(around:50,64.772005,14.792771););out center;"
12353143,Z 10,Övre Daimasjön (led 9) -Daima - Saxån (länsgränsen) - Borgadammen,638.486004010057,64.7768846,14.715848,https://www.openstreetmap.org/?mlat=64.7768846&mlon=14.715848#map=18/64.7768846/14.715848,"https://overpass-turbo.eu/?Q=[out:json];(nwr(around:50,64.7768846,14.715848););out center;"
12353142,Z 10,Övre Daimasjön (led 9) -Daima - Saxån (länsgränsen) - Borgadammen,965.224066649439,64.7710903,14.7647609,https://www.openstreetmap.org/?mlat=64.7710903&mlon=14.7647609#map=18/64.7710903/14.7647609,"https://overpass-turbo.eu/?Q=[out:json];(nwr(around:50,64.7710903,14.7647609););out center;"
12354007,Z 10,Övre Daimasjön (led 9) -Daima - Saxån (länsgränsen) - Borgadammen,40.9352459673812,64.7717862,14.7764113,https://www.openstreetmap.org/?mlat=64.7717862&mlon=14.7764113#map=18/64.7717862/14.7764113,"https://overpass-turbo.eu/?Q=[out:json];(nwr(around:50,64.7717862,14.7764113););out center;"
12348187,Z 10,Övre Daimasjön (led 9) -Daima - Saxån (länsgränsen) - Borgadammen,41.3729597264027,64.774925,14.728902,https://www.openstreetmap.org/?mlat=64.774925&mlon=14.728902#map=18/64.774925/14.728902,"https://overpass-turbo.eu/?Q=[out:json];(nwr(around:50,64.774925,14.728902););out center;"
12348186,Z 10,Övre Daimasjön (led 9) -Daima - Saxån (länsgränsen) - Borgadammen,34.5408816886196,64.772037,14.753416,https://www.openstreetmap.org/?mlat=64.772037&mlon=14.753416#map=18/64.772037/14.753416,"https://overpass-turbo.eu/?Q=[out:json];(nwr(around:50,64.772037,14.753416););out center;"
12348185,Z 10,Övre Daimasjön (led 9) -Daima - Saxån (länsgränsen) - Borgadammen,251.094238306233,64.7692175,14.8116009,https://www.openstreetmap.org/?mlat=64.7692175&mlon=14.8116009#map=18/64.7692175/14.8116009,"https://overpass-turbo.eu/?Q=[out:json];(nwr(around:50,64.7692175,14.8116009););out center;"
12348184,Z 10,Övre Daimasjön (led 9) -Daima - Saxån (länsgränsen) - Borgadammen,150.527880723042,64.776491,14.714406,https://www.openstreetmap.org/?mlat=64.776491&mlon=14.714406#map=18/64.776491/14.714406,"https://overpass-turbo.eu/?Q=[out:json];(nwr(around:50,64.776491,14.714406););out center;"
12353469,Z 10,Övre Daimasjön (led 9) -Daima - Saxån (länsgränsen) - Borgadammen,1706.68757875212,64.7665248,14.8244976,https://www.openstreetmap.org/?mlat=64.7665248&mlon=14.8244976#map=18/64.7665248/14.8244976,"https://overpass-turbo.eu/?Q=[out:json];(nwr(around:50,64.7665248,14.8244976););out center;"
12353468,Z 10,Övre Daimasjön (led 9) -Daima - Saxån (länsgränsen) - Borgadammen,15745.3146356167,64.762323,14.983934,https://www.openstreetmap.org/?mlat=64.762323&mlon=14.983934#map=18/64.762323/14.983934,"https://overpass-turbo.eu/?Q=[out:json];(nwr(around:50,64.762323,14.983934););out center;"
12353467,Z 10,Övre Daimasjön (led 9) -Daima - Saxån (länsgränsen) - Borgadammen,1169.64595726934,64.774856,14.7293302,https://www.openstreetmap.org/?mlat=64.774856&mlon=14.7293302#map=18/64.774856/14.7293302,"https://overpass-turbo.eu/?Q=[out:json];(nwr(around:50,64.774856,14.7293302););out center;"
12353466,Z 10,Övre Daimasjön (led 9) -Daima - Saxån (länsgränsen) - Borgadammen,92.8016723108772,64.771891,14.774536,https://www.openstreetmap.org/?mlat=64.771891&mlon=14.774536#map=18/64.771891/14.774536,"https://overpass-turbo.eu/?Q=[out:json];(nwr(around:50,64.771891,14.774536););out center;"
12353465,Z 10,Övre Daimasjön (led 9) -Daima - Saxån (länsgränsen) - Borgadammen,17.0899249471496,64.769203,14.811657,https://www.openstreetmap.org/?mlat=64.769203&mlon=14.811657#map=18/64.769203/14.811657,"https://overpass-turbo.eu/?Q=[out:json];(nwr(around:50,64.769203,14.811657););out center;"
12353464,Z 10,Övre Daimasjön (led 9) -Daima - Saxån (länsgränsen) - Borgadammen,21.1399265874478,64.768915,14.813416,https://www.openstreetmap.org/?mlat=64.768915&mlon=14.813416#map=18/64.768915/14.813416,"https://overpass-turbo.eu/?Q=[out:json];(nwr(around:50,64.768915,14.813416););out center;"
12344687,Z 10,Övre Daimasjön (led 9) -Daima - Saxån (länsgränsen) - Borgadammen,20366.4244347957,64.7705843,14.8892538,https://www.openstreetmap.org/?mlat=64.7705843&mlon=14.8892538#map=18/64.7705843/14.8892538,"https://overpass-turbo.eu/?Q=[out:json];(nwr(around:50,64.7705843,14.8892538););out center;"
12348756,Z 11,Lilla Blåsjön - Sielkentakkstugan,1956.02692097038,64.7331867,14.5134264,https://www.openstreetmap.org/?mlat=64.7331867&mlon=14.5134264#map=18/64.7331867/14.5134264,"https://overpass-turbo.eu/?Q=[out:json];(nwr(around:50,64.7331867,14.5134264););out center;"
12353145,Z 11,Lilla Blåsjön - Sielkentakkstugan,3024.68008022931,64.7392971,14.2156271,https://www.openstreetmap.org/?mlat=64.7392971&mlon=14.2156271#map=18/64.7392971/14.2156271,"https://overpass-turbo.eu/?Q=[out:json];(nwr(around:50,64.7392971,14.2156271););out center;"
12353144,Z 11,Lilla Blåsjön - Sielkentakkstugan,3263.68072917666,64.7484948,14.3798274,https://www.openstreetmap.org/?mlat=64.7484948&mlon=14.3798274#map=18/64.7484948/14.3798274,"https://overpass-turbo.eu/?Q=[out:json];(nwr(around:50,64.7484948,14.3798274););out center;"
12355698,Z 11,Lilla Blåsjön - Sielkentakkstugan,5711.89465616829,64.7470248,14.2945376,https://www.openstreetmap.org/?mlat=64.7470248&mlon=14.2945376#map=18/64.7470248/14.2945376,"https://overpass-turbo.eu/?Q=[out:json];(nwr(around:50,64.7470248,14.2945376););out center;"
12355697,Z 11,Lilla Blåsjön - Sielkentakkstugan,4899.39620501271,64.7346523,14.4510432,https://www.openstreetmap.org/?mlat=64.7346523&mlon=14.4510432#map=18/64.7346523/14.4510432,"https://overpass-turbo.eu/?Q=[out:json];(nwr(around:50,64.7346523,14.4510432););out center;"
12348842,Z 11,Lilla Blåsjön - Sielkentakkstugan,497.032867860024,64.7458448,14.4099323,https://www.openstreetmap.org/?mlat=64.7458448&mlon=14.4099323#map=18/64.7458448/14.4099323,"https://overpass-turbo.eu/?Q=[out:json];(nwr(around:50,64.7458448,14.4099323););out center;"
12348841,Z 11,Lilla Blåsjön - Sielkentakkstugan,407.787045330128,64.7274769,14.4901521,https://www.openstreetmap.org/?mlat=64.7274769&mlon=14.4901521#map=18/64.7274769/14.4901521,"https://overpass-turbo.eu/?Q=[out:json];(nwr(around:50,64.7274769,14.4901521););out center;"
12348840,Z 11,Lilla Blåsjön - Sielkentakkstugan,3024.68008022931,64.7392971,14.2156271,https://www.openstreetmap.org/?mlat=64.7392971&mlon=14.2156271#map=18/64.7392971/14.2156271,"https://overpass-turbo.eu/?Q=[out:json];(nwr(around:50,64.7392971,14.2156271););out center;"
12348839,Z 11,Lilla Blåsjön - Sielkentakkstugan,16.5234484209562,64.748202,14.3508397,https://www.openstreetmap.org/?mlat=64.748202&mlon=14.3508397#map=18/64.748202/14.3508397,"https://overpass-turbo.eu/?Q=[out:json];(nwr(around:50,64.748202,14.3508397););out center;"
12348838,Z 11,Lilla Blåsjön - Sielkentakkstugan,2080.48175951698,64.7331156,14.5121804,https://www.openstreetmap.org/?mlat=64.7331156&mlon=14.5121804#map=18/64.7331156/14.5121804,"https://overpass-turbo.eu/?Q=[out:json];(nwr(around:50,64.7331156,14.5121804););out center;"
12348836,Z 11,Lilla Blåsjön - Sielkentakkstugan,66.5701195985106,64.744593,14.2393607,https://www.openstreetmap.org/?mlat=64.744593&mlon=14.2393607#map=18/64.744593/14.2393607,"https://overpass-turbo.eu/?Q=[out:json];(nwr(around:50,64.744593,14.2393607););out center;"
12348835,Z 11,Lilla Blåsjön - Sielkentakkstugan,5711.89465616829,64.7470248,14.2945376,https://www.openstreetmap.org/?mlat=64.7470248&mlon=14.2945376#map=18/64.7470248/14.2945376,"https://overpass-turbo.eu/?Q=[out:json];(nwr(around:50,64.7470248,14.2945376););out center;"
12344776,Z 11,Lilla Blåsjön - Sielkentakkstugan,3323.81216026222,64.748313,14.3803594,https://www.openstreetmap.org/?mlat=64.748313&mlon=14.3803594#map=18/64.748313/14.3803594,"https://overpass-turbo.eu/?Q=[out:json];(nwr(around:50,64.748313,14.3803594););out center;"
12353723,BD 37,Kebnekaise fjällstation - Toppstugan,694.579641515964,67.8675475,18.6126551,https://www.openstreetmap.org/?mlat=67.8675475&mlon=18.6126551#map=18/67.8675475/18.6126551,"https://overpass-turbo.eu/?Q=[out:json];(nwr(around:50,67.8675475,18.6126551););out center;"
12349556,BD 37,Kebnekaise fjällstation - Toppstugan,8328.15514177023,67.8768162,18.5375548,https://www.openstreetmap.org/?mlat=67.8768162&mlon=18.5375548#map=18/67.8768162/18.5375548,"https://overpass-turbo.eu/?Q=[out:json];(nwr(around:50,67.8768162,18.5375548););out center;"
12352775,Z 82,Helagsstugorna - Fältjägarstugan samt skoterledsanslutning till led 80,0.162925811337553,62.8720808,12.4987142,https://www.openstreetmap.org/?mlat=62.8720808&mlon=12.4987142#map=18/62.8720808/12.4987142,"https://overpass-turbo.eu/?Q=[out:json];(nwr(around:50,62.8720808,12.4987142););out center;"
12352774,Z 82,Helagsstugorna - Fältjägarstugan samt skoterledsanslutning till led 80,446.026450070763,62.8407787,12.4703875,https://www.openstreetmap.org/?mlat=62.8407787&mlon=12.4703875#map=18/62.8407787/12.4703875,"https://overpass-turbo.eu/?Q=[out:json];(nwr(around:50,62.8407787,12.4703875););out center;"
12352773,Z 82,Helagsstugorna - Fältjägarstugan samt skoterledsanslutning till led 80,31.8332204612222,62.8390549,12.4682823,https://www.openstreetmap.org/?mlat=62.8390549&mlon=12.4682823#map=18/62.8390549/12.4682823,"https://overpass-turbo.eu/?Q=[out:json];(nwr(around:50,62.8390549,12.4682823););out center;"
12352459,Z 82,Helagsstugorna - Fältjägarstugan samt skoterledsanslutning till led 80,26.7477333559313,62.9056233,12.5225824,https://www.openstreetmap.org/?mlat=62.9056233&mlon=12.5225824#map=18/62.9056233/12.5225824,"https://overpass-turbo.eu/?Q=[out:json];(nwr(around:50,62.9056233,12.5225824););out center;"
12352458,Z 82,Helagsstugorna - Fältjägarstugan samt skoterledsanslutning till led 80,135.214690232797,62.8560673,12.4841777,https://www.openstreetmap.org/?mlat=62.8560673&mlon=12.4841777#map=18/62.8560673/12.4841777,"https://overpass-turbo.eu/?Q=[out:json];(nwr(around:50,62.8560673,12.4841777););out center;"
12352457,Z 82,Helagsstugorna - Fältjägarstugan samt skoterledsanslutning till led 80,0.732616009684925,62.9056288,12.5225872,https://www.openstreetmap.org/?mlat=62.9056288&mlon=12.5225872#map=18/62.9056288/12.5225872,"https://overpass-turbo.eu/?Q=[out:json];(nwr(around:50,62.9056288,12.5225872););out center;"
12352456,Z 82,Helagsstugorna - Fältjägarstugan samt skoterledsanslutning till led 80,37.1574103709862,62.8431227,12.4732828,https://www.openstreetmap.org/?mlat=62.8431227&mlon=12.4732828#map=18/62.8431227/12.4732828,"https://overpass-turbo.eu/?Q=[out:json];(nwr(around:50,62.8431227,12.4732828););out center;"
12352455,Z 82,Helagsstugorna - Fältjägarstugan samt skoterledsanslutning till led 80,3874.13460379051,62.8895534,12.509609,https://www.openstreetmap.org/?mlat=62.8895534&mlon=12.509609#map=18/62.8895534/12.509609,"https://overpass-turbo.eu/?Q=[out:json];(nwr(around:50,62.8895534,12.509609););out center;"
12352645,Z 82,Helagsstugorna - Fältjägarstugan samt skoterledsanslutning till led 80,860.33502503565,62.9091684,12.525691,https://www.openstreetmap.org/?mlat=62.9091684&mlon=12.525691#map=18/62.9091684/12.525691,"https://overpass-turbo.eu/?Q=[out:json];(nwr(around:50,62.9091684,12.525691););out center;"
12352644,Z 82,Helagsstugorna - Fältjägarstugan samt skoterledsanslutning till led 80,1578.39829386079,62.8639645,12.4907578,https://www.openstreetmap.org/?mlat=62.8639645&mlon=12.4907578#map=18/62.8639645/12.4907578,"https://overpass-turbo.eu/?Q=[out:json];(nwr(around:50,62.8639645,12.4907578););out center;"
12352830,Z 82,Helagsstugorna - Fältjägarstugan samt skoterledsanslutning till led 80,28.1016061435997,62.8427665,12.4728471,https://www.openstreetmap.org/?mlat=62.8427665&mlon=12.4728471#map=18/62.8427665/12.4728471,"https://overpass-turbo.eu/?Q=[out:json];(nwr(around:50,62.8427665,12.4728471););out center;"
12352829,Z 82,Helagsstugorna - Fältjägarstugan samt skoterledsanslutning till led 80,46.4287045676662,62.8429766,12.4731064,https://www.openstreetmap.org/?mlat=62.8429766&mlon=12.4731064#map=18/62.8429766/12.4731064,"https://overpass-turbo.eu/?Q=[out:json];(nwr(around:50,62.8429766,12.4731064););out center;"
12352828,Z 82,Helagsstugorna - Fältjägarstugan samt skoterledsanslutning till led 80,67.5799701840193,62.8702861,12.4968818,https://www.openstreetmap.org/?mlat=62.8702861&mlon=12.4968818#map=18/62.8702861/12.4968818,"https://overpass-turbo.eu/?Q=[out:json];(nwr(around:50,62.8702861,12.4968818););out center;"
12352827,Z 82,Helagsstugorna - Fältjägarstugan samt skoterledsanslutning till led 80,51.654599437487,62.8724981,12.499137,https://www.openstreetmap.org/?mlat=62.8724981&mlon=12.499137#map=18/62.8724981/12.499137,"https://overpass-turbo.eu/?Q=[out:json];(nwr(around:50,62.8724981,12.499137););out center;"
12352826,Z 82,Helagsstugorna - Fältjägarstugan samt skoterledsanslutning till led 80,1511.66680661624,62.8496379,12.4789562,https://www.openstreetmap.org/?mlat=62.8496379&mlon=12.4789562#map=18/62.8496379/12.4789562,"https://overpass-turbo.eu/?Q=[out:json];(nwr(around:50,62.8496379,12.4789562););out center;"
12352777,Z 82,Helagsstugorna - Fältjägarstugan samt skoterledsanslutning till led 80,153.467957588215,62.8714838,12.4981008,https://www.openstreetmap.org/?mlat=62.8714838&mlon=12.4981008#map=18/62.8714838/12.4981008,"https://overpass-turbo.eu/?Q=[out:json];(nwr(around:50,62.8714838,12.4981008););out center;"
12352776,Z 82,Helagsstugorna - Fältjägarstugan samt skoterledsanslutning till led 80,2569.74265325032,62.8285631,12.4564359,https://www.openstreetmap.org/?mlat=62.8285631&mlon=12.4564359#map=18/62.8285631/12.4564359,"https://overpass-turbo.eu/?Q=[out:json];(nwr(around:50,62.8285631,12.4564359););out center;"
12352665,Z 83,Ljungdalen - Falkvålen - Västsätern - Storsjö (justerad),25.0831496041119,62.8963061,12.948262,https://www.openstreetmap.org/?mlat=62.8963061&mlon=12.948262#map=18/62.8963061/12.948262,"https://overpass-turbo.eu/?Q=[out:json];(nwr(around:50,62.8963061,12.948262););out center;"
12352664,Z 83,Ljungdalen - Falkvålen - Västsätern - Storsjö (justerad),11.6442363996099,62.8970554,12.9471913,https://www.openstreetmap.org/?mlat=62.8970554&mlon=12.9471913#map=18/62.8970554/12.9471913,"https://overpass-turbo.eu/?Q=[out:json];(nwr(around:50,62.8970554,12.9471913););out center;"
12352873,Z 83,Ljungdalen - Falkvålen - Västsätern - Storsjö (justerad),72.5857636257965,62.897559,12.9441221,https://www.openstreetmap.org/?mlat=62.897559&mlon=12.9441221#map=18/62.897559/12.9441221,"https://overpass-turbo.eu/?Q=[out:json];(nwr(around:50,62.897559,12.9441221););out center;"
12352872,Z 83,Ljungdalen - Falkvålen - Västsätern - Storsjö (justerad),68.2588418627946,62.8947264,12.9504035,https://www.openstreetmap.org/?mlat=62.8947264&mlon=12.9504035#map=18/62.8947264/12.9504035,"https://overpass-turbo.eu/?Q=[out:json];(nwr(around:50,62.8947264,12.9504035););out center;"
12352871,Z 83,Ljungdalen - Falkvålen - Västsätern - Storsjö (justerad),17.018942136925,62.8751253,12.898584,https://www.openstreetmap.org/?mlat=62.8751253&mlon=12.898584#map=18/62.8751253/12.898584,"https://overpass-turbo.eu/?Q=[out:json];(nwr(around:50,62.8751253,12.898584););out center;"
12352870,Z 83,Ljungdalen - Falkvålen - Västsätern - Storsjö (justerad),50.5540085359213,62.8968179,12.9475265,https://www.openstreetmap.org/?mlat=62.8968179&mlon=12.9475265#map=18/62.8968179/12.9475265,"https://overpass-turbo.eu/?Q=[out:json];(nwr(around:50,62.8968179,12.9475265););out center;"
12352869,Z 83,Ljungdalen - Falkvålen - Västsätern - Storsjö (justerad),31.4824066421045,62.896929,12.9473667,https://www.openstreetmap.org/?mlat=62.896929&mlon=12.9473667#map=18/62.896929/12.9473667,"https://overpass-turbo.eu/?Q=[out:json];(nwr(around:50,62.896929,12.9473667););out center;"
12352868,Z 83,Ljungdalen - Falkvålen - Västsätern - Storsjö (justerad),69.1976497286075,62.89554,12.9492888,https://www.openstreetmap.org/?mlat=62.89554&mlon=12.9492888#map=18/62.89554/12.9492888,"https://overpass-turbo.eu/?Q=[out:json];(nwr(around:50,62.89554,12.9492888););out center;"
12352867,Z 83,Ljungdalen - Falkvålen - Västsätern - Storsjö (justerad),289.736907443601,62.8764921,12.8996994,https://www.openstreetmap.org/?mlat=62.8764921&mlon=12.8996994#map=18/62.8764921/12.8996994,"https://overpass-turbo.eu/?Q=[out:json];(nwr(around:50,62.8764921,12.8996994););out center;"
12352866,Z 83,Ljungdalen - Falkvålen - Västsätern - Storsjö (justerad),11448.5565313124,62.8508581,12.9777041,https://www.openstreetmap.org/?mlat=62.8508581&mlon=12.9777041#map=18/62.8508581/12.9777041,"https://overpass-turbo.eu/?Q=[out:json];(nwr(around:50,62.8508581,12.9777041););out center;"
12352865,Z 83,Ljungdalen - Falkvålen - Västsätern - Storsjö (justerad),62.1632024854737,62.8957706,12.9489658,https://www.openstreetmap.org/?mlat=62.8957706&mlon=12.9489658#map=18/62.8957706/12.9489658,"https://overpass-turbo.eu/?Q=[out:json];(nwr(around:50,62.8957706,12.9489658););out center;"
12352864,Z 83,Ljungdalen - Falkvålen - Västsätern - Storsjö (justerad),143.946321764756,62.8977089,12.9462884,https://www.openstreetmap.org/?mlat=62.8977089&mlon=12.9462884#map=18/62.8977089/12.9462884,"https://overpass-turbo.eu/?Q=[out:json];(nwr(around:50,62.8977089,12.9462884););out center;"
12352863,Z 83,Ljungdalen - Falkvålen - Västsätern - Storsjö (justerad),1716.22590764028,62.8835307,12.9122731,https://www.openstreetmap.org/?mlat=62.8835307&mlon=12.9122731#map=18/62.8835307/12.9122731,"https://overpass-turbo.eu/?Q=[out:json];(nwr(around:50,62.8835307,12.9122731););out center;"
12352862,Z 83,Ljungdalen - Falkvålen - Västsätern - Storsjö (justerad),1394.64276026404,62.893181,12.9341944,https://www.openstreetmap.org/?mlat=62.893181&mlon=12.9341944#map=18/62.893181/12.9341944,"https://overpass-turbo.eu/?Q=[out:json];(nwr(around:50,62.893181,12.9341944););out center;"
12352861,Z 83,Ljungdalen - Falkvålen - Västsätern - Storsjö (justerad),6036.92200072531,62.8608264,12.8583883,https://www.openstreetmap.org/?mlat=62.8608264&mlon=12.8583883#map=18/62.8608264/12.8583883,"https://overpass-turbo.eu/?Q=[out:json];(nwr(around:50,62.8608264,12.8583883););out center;"
12347235,Z 83,Ljungdalen - Falkvålen - Västsätern - Storsjö (justerad),18.3220774722737,62.8778527,12.9008457,https://www.openstreetmap.org/?mlat=62.8778527&mlon=12.9008457#map=18/62.8778527/12.9008457,"https://overpass-turbo.eu/?Q=[out:json];(nwr(around:50,62.8778527,12.9008457););out center;"
12352424,Z 84,Rastskyddet (Svaletjakke) - Ramundberget,7878.63686416868,62.7398019,12.3834509,https://www.openstreetmap.org/?mlat=62.7398019&mlon=12.3834509#map=18/62.7398019/12.3834509,"https://overpass-turbo.eu/?Q=[out:json];(nwr(around:50,62.7398019,12.3834509););out center;"
12352279,Z 85,Fältjägarstugan - Klinken + separat skoterled N Girtibaune - Ljusnan,6494.6326242207,62.7470977,12.3286158,https://www.openstreetmap.org/?mlat=62.7470977&mlon=12.3286158#map=18/62.7470977/12.3286158,"https://overpass-turbo.eu/?Q=[out:json];(nwr(around:50,62.7470977,12.3286158););out center;"
12352280,Z 85,Fältjägarstugan - Klinken + separat skoterled N Girtibaune - Ljusnan,6791.8578244083,62.7962267,12.4016497,https://www.openstreetmap.org/?mlat=62.7962267&mlon=12.4016497#map=18/62.7962267/12.4016497,"https://overpass-turbo.eu/?Q=[out:json];(nwr(around:50,62.7962267,12.4016497););out center;"
12346888,Z 99,Tänndalen - Skedbrostugan,540.160348142892,62.4200004,12.2820265,https://www.openstreetmap.org/?mlat=62.4200004&mlon=12.2820265#map=18/62.4200004/12.2820265,"https://overpass-turbo.eu/?Q=[out:json];(nwr(around:50,62.4200004,12.2820265););out center;"
12346887,Z 99,Tänndalen - Skedbrostugan,308.93215046898,62.4132446,12.2786715,https://www.openstreetmap.org/?mlat=62.4132446&mlon=12.2786715#map=18/62.4132446/12.2786715,"https://overpass-turbo.eu/?Q=[out:json];(nwr(around:50,62.4132446,12.2786715););out center;"
12346886,Z 99,Tänndalen - Skedbrostugan,50.3078131864268,62.4210517,12.2875082,https://www.openstreetmap.org/?mlat=62.4210517&mlon=12.2875082#map=18/62.4210517/12.2875082,"https://overpass-turbo.eu/?Q=[out:json];(nwr(around:50,62.4210517,12.2875082););out center;"
12346885,Z 99,Tänndalen - Skedbrostugan,47.3721943745484,62.4173992,12.2812786,https://www.openstreetmap.org/?mlat=62.4173992&mlon=12.2812786#map=18/62.4173992/12.2812786,"https://overpass-turbo.eu/?Q=[out:json];(nwr(around:50,62.4173992,12.2812786););out center;"
12346884,Z 99,Tänndalen - Skedbrostugan,305.572335785326,62.4173992,12.2812786,https://www.openstreetmap.org/?mlat=62.4173992&mlon=12.2812786#map=18/62.4173992/12.2812786,"https://overpass-turbo.eu/?Q=[out:json];(nwr(around:50,62.4173992,12.2812786););out center;"
12346883,Z 99,Tänndalen - Skedbrostugan,1785.62247749729,62.4275361,12.2949859,https://www.openstreetmap.org/?mlat=62.4275361&mlon=12.2949859#map=18/62.4275361/12.2949859,"https://overpass-turbo.eu/?Q=[out:json];(nwr(around:50,62.4275361,12.2949859););out center;"
12346842,Z 99,Tänndalen - Skedbrostugan,138.798069742475,62.421999,12.2890003,https://www.openstreetmap.org/?mlat=62.421999&mlon=12.2890003#map=18/62.421999/12.2890003,"https://overpass-turbo.eu/?Q=[out:json];(nwr(around:50,62.421999,12.2890003););out center;"
12346841,Z 99,Tänndalen - Skedbrostugan,350.430491995424,62.4393484,12.2904301,https://www.openstreetmap.org/?mlat=62.4393484&mlon=12.2904301#map=18/62.4393484/12.2904301,"https://overpass-turbo.eu/?Q=[out:json];(nwr(around:50,62.4393484,12.2904301););out center;"
12346840,Z 99,Tänndalen - Skedbrostugan,13374.1954464214,62.4757298,12.2824813,https://www.openstreetmap.org/?mlat=62.4757298&mlon=12.2824813#map=18/62.4757298/12.2824813,"https://overpass-turbo.eu/?Q=[out:json];(nwr(around:50,62.4757298,12.2824813););out center;"
12346837,Z 99,Tänndalen - Skedbrostugan,338.12546533151,62.5437995,12.332328,https://www.openstreetmap.org/?mlat=62.5437995&mlon=12.332328#map=18/62.5437995/12.332328,"https://overpass-turbo.eu/?Q=[out:json];(nwr(around:50,62.5437995,12.332328););out center;"
12346836,Z 99,Tänndalen - Skedbrostugan,190.645550514847,62.4110918,12.2765605,https://www.openstreetmap.org/?mlat=62.4110918&mlon=12.2765605#map=18/62.4110918/12.2765605,"https://overpass-turbo.eu/?Q=[out:json];(nwr(around:50,62.4110918,12.2765605););out center;"
12346835,Z 99,Tänndalen - Skedbrostugan,63.5963254183721,62.3878896,12.2878858,https://www.openstreetmap.org/?mlat=62.3878896&mlon=12.2878858#map=18/62.3878896/12.2878858,"https://overpass-turbo.eu/?Q=[out:json];(nwr(around:50,62.3878896,12.2878858););out center;"
12346834,Z 99,Tänndalen - Skedbrostugan,784.811877776329,62.3917244,12.2841619,https://www.openstreetmap.org/?mlat=62.3917244&mlon=12.2841619#map=18/62.3917244/12.2841619,"https://overpass-turbo.eu/?Q=[out:json];(nwr(around:50,62.3917244,12.2841619););out center;"
12346830,Z 99,Tänndalen - Skedbrostugan,265.412288848294,62.5411777,12.3220646,https://www.openstreetmap.org/?mlat=62.5411777&mlon=12.3220646#map=18/62.5411777/12.3220646,"https://overpass-turbo.eu/?Q=[out:json];(nwr(around:50,62.5411777,12.3220646););out center;"
12346829,Z 99,Tänndalen - Skedbrostugan,2026.06792677118,62.4027394,12.275395,https://www.openstreetmap.org/?mlat=62.4027394&mlon=12.275395#map=18/62.4027394/12.275395,"https://overpass-turbo.eu/?Q=[out:json];(nwr(around:50,62.4027394,12.275395););out center;"
12352978,Z 103,Käringsjövallen - Rogenstugan,458.74180314919,62.342569,12.5387166,https://www.openstreetmap.org/?mlat=62.342569&mlon=12.5387166#map=18/62.342569/12.5387166,"https://overpass-turbo.eu/?Q=[out:json];(nwr(around:50,62.342569,12.5387166););out center;"
12352977,Z 103,Käringsjövallen - Rogenstugan,4935.41776270654,62.3411063,12.4880765,https://www.openstreetmap.org/?mlat=62.3411063&mlon=12.4880765#map=18/62.3411063/12.4880765,"https://overpass-turbo.eu/?Q=[out:json];(nwr(around:50,62.3411063,12.4880765););out center;"
12352976,Z 103,Käringsjövallen - Rogenstugan,535.414242089854,62.3430861,12.5280358,https://www.openstreetmap.org/?mlat=62.3430861&mlon=12.5280358#map=18/62.3430861/12.5280358,"https://overpass-turbo.eu/?Q=[out:json];(nwr(around:50,62.3430861,12.5280358););out center;"
12352975,Z 103,Käringsjövallen - Rogenstugan,782.992590972503,62.345238,12.5744681,https://www.openstreetmap.org/?mlat=62.345238&mlon=12.5744681#map=18/62.345238/12.5744681,"https://overpass-turbo.eu/?Q=[out:json];(nwr(around:50,62.345238,12.5744681););out center;"
12352974,Z 103,Käringsjövallen - Rogenstugan,810.139089194719,62.3404218,12.5638818,https://www.openstreetmap.org/?mlat=62.3404218&mlon=12.5638818#map=18/62.3404218/12.5638818,"https://overpass-turbo.eu/?Q=[out:json];(nwr(around:50,62.3404218,12.5638818););out center;"
12352973,Z 103,Käringsjövallen - Rogenstugan,982.77977401256,62.3224797,12.4527994,https://www.openstreetmap.org/?mlat=62.3224797&mlon=12.4527994#map=18/62.3224797/12.4527994,"https://overpass-turbo.eu/?Q=[out:json];(nwr(around:50,62.3224797,12.4527994););out center;"
12352972,Z 103,Käringsjövallen - Rogenstugan,721.684022114028,62.342816,12.5527118,https://www.openstreetmap.org/?mlat=62.342816&mlon=12.5527118#map=18/62.342816/12.5527118,"https://overpass-turbo.eu/?Q=[out:json];(nwr(around:50,62.342816,12.5527118););out center;"
12352971,Z 103,Käringsjövallen - Rogenstugan,47.3303928989608,62.3419885,12.5567839,https://www.openstreetmap.org/?mlat=62.3419885&mlon=12.5567839#map=18/62.3419885/12.5567839,"https://overpass-turbo.eu/?Q=[out:json];(nwr(around:50,62.3419885,12.5567839););out center;"
12352079,Z 103,Käringsjövallen - Rogenstugan,2302.13648072969,62.3439679,12.4605561,https://www.openstreetmap.org/?mlat=62.3439679&mlon=12.4605561#map=18/62.3439679/12.4605561,"https://overpass-turbo.eu/?Q=[out:json];(nwr(around:50,62.3439679,12.4605561););out center;"
12352983,Z 108,Rogenstugan - Länsgränsen vid Läsjön,1091.08427866578,62.2590719,12.3591338,https://www.openstreetmap.org/?mlat=62.2590719&mlon=12.3591338#map=18/62.2590719/12.3591338,"https://overpass-turbo.eu/?Q=[out:json];(nwr(around:50,62.2590719,12.3591338););out center;"
12352982,Z 108,Rogenstugan - Länsgränsen vid Läsjön,3207.06104909193,62.304768,12.4344431,https://www.openstreetmap.org/?mlat=62.304768&mlon=12.4344431#map=18/62.304768/12.4344431,"https://overpass-turbo.eu/?Q=[out:json];(nwr(around:50,62.304768,12.4344431););out center;"
12352981,Z 108,Rogenstugan - Länsgränsen vid Läsjön,1865.96527964039,62.267562,12.3854151,https://www.openstreetmap.org/?mlat=62.267562&mlon=12.3854151#map=18/62.267562/12.3854151,"https://overpass-turbo.eu/?Q=[out:json];(nwr(around:50,62.267562,12.3854151););out center;"
12352980,Z 108,Rogenstugan - Länsgränsen vid Läsjön,1117.66508341236,62.2607365,12.3762541,https://www.openstreetmap.org/?mlat=62.2607365&mlon=12.3762541#map=18/62.2607365/12.3762541,"https://overpass-turbo.eu/?Q=[out:json];(nwr(around:50,62.2607365,12.3762541););out center;"
12352979,Z 108,Rogenstugan - Länsgränsen vid Läsjön,2281.97647156082,62.2909758,12.4068667,https://www.openstreetmap.org/?mlat=62.2909758&mlon=12.4068667#map=18/62.2909758/12.4068667,"https://overpass-turbo.eu/?Q=[out:json];(nwr(around:50,62.2909758,12.4068667););out center;"
12344716,Z 109,Rogenstugan - Tandsjövålen - Länsgränsen öster Rogsstöten + vinterled Rogenstugan - Länsgränsen sjös,876.352048656271,62.2357414,12.5024639,https://www.openstreetmap.org/?mlat=62.2357414&mlon=12.5024639#map=18/62.2357414/12.5024639,"https://overpass-turbo.eu/?Q=[out:json];(nwr(around:50,62.2357414,12.5024639););out center;"
12344715,Z 109,Rogenstugan - Tandsjövålen - Länsgränsen öster Rogsstöten + vinterled Rogenstugan - Länsgränsen sjös,47.3986976280994,62.2393693,12.5032355,https://www.openstreetmap.org/?mlat=62.2393693&mlon=12.5032355#map=18/62.2393693/12.5032355,"https://overpass-turbo.eu/?Q=[out:json];(nwr(around:50,62.2393693,12.5032355););out center;"
12344714,Z 109,Rogenstugan - Tandsjövålen - Länsgränsen öster Rogsstöten + vinterled Rogenstugan - Länsgränsen sjös,2322.18425882523,62.2493633,12.5010666,https://www.openstreetmap.org/?mlat=62.2493633&mlon=12.5010666#map=18/62.2493633/12.5010666,"https://overpass-turbo.eu/?Q=[out:json];(nwr(around:50,62.2493633,12.5010666););out center;"
12344713,Z 109,Rogenstugan - Tandsjövålen - Länsgränsen öster Rogsstöten + vinterled Rogenstugan - Länsgränsen sjös,7436.87404184452,62.2873757,12.4699413,https://www.openstreetmap.org/?mlat=62.2873757&mlon=12.4699413#map=18/62.2873757/12.4699413,"https://overpass-turbo.eu/?Q=[out:json];(nwr(around:50,62.2873757,12.4699413););out center;"
12347557,Z 115,Storsjö - Tåssåsen (ny),1834.63376297271,62.9225911,13.2254125,https://www.openstreetmap.org/?mlat=62.9225911&mlon=13.2254125#map=18/62.9225911/13.2254125,"https://overpass-turbo.eu/?Q=[out:json];(nwr(around:50,62.9225911,13.2254125););out center;"
12347555,Z 115,Storsjö - Tåssåsen (ny),4362.17408152528,62.8853611,13.0612383,https://www.openstreetmap.org/?mlat=62.8853611&mlon=13.0612383#map=18/62.8853611/13.0612383,"https://overpass-turbo.eu/?Q=[out:json];(nwr(around:50,62.8853611,13.0612383););out center;"
12344840,Z 115,Storsjö - Tåssåsen (ny),122.716712694195,62.9358048,13.2558521,https://www.openstreetmap.org/?mlat=62.9358048&mlon=13.2558521#map=18/62.9358048/13.2558521,"https://overpass-turbo.eu/?Q=[out:json];(nwr(around:50,62.9358048,13.2558521););out center;"
12345860,Z 115,Storsjö - Tåssåsen (ny),9407.05008451919,62.8949796,13.1554331,https://www.openstreetmap.org/?mlat=62.8949796&mlon=13.1554331#map=18/62.8949796/13.1554331,"https://overpass-turbo.eu/?Q=[out:json];(nwr(around:50,62.8949796,13.1554331););out center;"
12344839,Z 115,Storsjö - Tåssåsen (ny),1404.5228570975,62.9353134,13.2556093,https://www.openstreetmap.org/?mlat=62.9353134&mlon=13.2556093#map=18/62.9353134/13.2556093,"https://overpass-turbo.eu/?Q=[out:json];(nwr(around:50,62.9353134,13.2556093););out center;"
12344838,Z 115,Storsjö - Tåssåsen (ny),9516.01595332182,62.8345956,13.0556709,https://www.openstreetmap.org/?mlat=62.8345956&mlon=13.0556709#map=18/62.8345956/13.0556709,"https://overpass-turbo.eu/?Q=[out:json];(nwr(around:50,62.8345956,13.0556709););out center;"
12348830,Z 112,Blomhöjden - Trångmon - Härbergsdalen (ny),3488.73136972472,64.610139,14.754043,https://www.openstreetmap.org/?mlat=64.610139&mlon=14.754043#map=18/64.610139/14.754043,"https://overpass-turbo.eu/?Q=[out:json];(nwr(around:50,64.610139,14.754043););out center;"
12348462,Z 112,Blomhöjden - Trångmon - Härbergsdalen (ny),7557.83355857586,64.597563,14.849361,https://www.openstreetmap.org/?mlat=64.597563&mlon=14.849361#map=18/64.597563/14.849361,"https://overpass-turbo.eu/?Q=[out:json];(nwr(around:50,64.597563,14.849361););out center;"
12351030,Z 112,Blomhöjden - Trångmon - Härbergsdalen (ny),5.32213365732656,64.629175,14.870146,https://www.openstreetmap.org/?mlat=64.629175&mlon=14.870146#map=18/64.629175/14.870146,"https://overpass-turbo.eu/?Q=[out:json];(nwr(around:50,64.629175,14.870146););out center;"
12351029,Z 112,Blomhöjden - Trångmon - Härbergsdalen (ny),12058.9638414487,64.676509,14.805741,https://www.openstreetmap.org/?mlat=64.676509&mlon=14.805741#map=18/64.676509/14.805741,"https://overpass-turbo.eu/?Q=[out:json];(nwr(around:50,64.676509,14.805741););out center;"
12351028,Z 112,Blomhöjden - Trångmon - Härbergsdalen (ny),21.9368370372759,64.7052401,14.6879575,https://www.openstreetmap.org/?mlat=64.7052401&mlon=14.6879575#map=18/64.7052401/14.6879575,"https://overpass-turbo.eu/?Q=[out:json];(nwr(around:50,64.7052401,14.6879575););out center;"
12352613,Z 112,Blomhöjden - Trångmon - Härbergsdalen (ny),1052.27377848726,64.6075085,14.7868086,https://www.openstreetmap.org/?mlat=64.6075085&mlon=14.7868086#map=18/64.6075085/14.7868086,"https://overpass-turbo.eu/?Q=[out:json];(nwr(around:50,64.6075085,14.7868086););out center;"
12351493,BD 73,Sulitelma - Pieskehaure - Tarraälvshyddan,2653.86148967691,67.0560237,16.7976017,https://www.openstreetmap.org/?mlat=67.0560237&mlon=16.7976017#map=18/67.0560237/16.7976017,"https://overpass-turbo.eu/?Q=[out:json];(nwr(around:50,67.0560237,16.7976017););out center;"
12351687,BD 73,Sulitelma - Pieskehaure - Tarraälvshyddan,5816.37705205343,66.9839633,17.3135491,https://www.openstreetmap.org/?mlat=66.9839633&mlon=17.3135491#map=18/66.9839633/17.3135491,"https://overpass-turbo.eu/?Q=[out:json];(nwr(around:50,66.9839633,17.3135491););out center;"
12351659,BD 73,Sulitelma - Pieskehaure - Tarraälvshyddan,4370.12198389562,66.9569814,17.4021732,https://www.openstreetmap.org/?mlat=66.9569814&mlon=17.4021732#map=18/66.9569814/17.4021732,"https://overpass-turbo.eu/?Q=[out:json];(nwr(around:50,66.9569814,17.4021732););out center;"
12351657,BD 73,Sulitelma - Pieskehaure - Tarraälvshyddan,9806.1093091516,67.0321019,16.6314405,https://www.openstreetmap.org/?mlat=67.0321019&mlon=16.6314405#map=18/67.0321019/16.6314405,"https://overpass-turbo.eu/?Q=[out:json];(nwr(around:50,67.0321019,16.6314405););out center;"
12351656,BD 73,Sulitelma - Pieskehaure - Tarraälvshyddan,16081.0244948786,67.0212733,17.0917965,https://www.openstreetmap.org/?mlat=67.0212733&mlon=17.0917965#map=18/67.0212733/17.0917965,"https://overpass-turbo.eu/?Q=[out:json];(nwr(around:50,67.0212733,17.0917965););out center;"
12351655,BD 73,Sulitelma - Pieskehaure - Tarraälvshyddan,1645.94178572664,67.0556217,16.7519061,https://www.openstreetmap.org/?mlat=67.0556217&mlon=16.7519061#map=18/67.0556217/16.7519061,"https://overpass-turbo.eu/?Q=[out:json];(nwr(around:50,67.0556217,16.7519061););out center;"
12352121,BD 73,Sulitelma - Pieskehaure - Tarraälvshyddan,2255.03203977516,67.04057,16.9039041,https://www.openstreetmap.org/?mlat=67.04057&mlon=16.9039041#map=18/67.04057/16.9039041,"https://overpass-turbo.eu/?Q=[out:json];(nwr(around:50,67.04057,16.9039041););out center;"
12352120,BD 73,Sulitelma - Pieskehaure - Tarraälvshyddan,2995.43383801128,67.0440228,16.8535438,https://www.openstreetmap.org/?mlat=67.0440228&mlon=16.8535438#map=18/67.0440228/16.8535438,"https://overpass-turbo.eu/?Q=[out:json];(nwr(around:50,67.0440228,16.8535438););out center;"
12349168,Z 61,Vålåstugorna - Lunndörrstugorna,15067.8075768436,63.0487147,12.9307498,https://www.openstreetmap.org/?mlat=63.0487147&mlon=12.9307498#map=18/63.0487147/12.9307498,"https://overpass-turbo.eu/?Q=[out:json];(nwr(around:50,63.0487147,12.9307498););out center;"
12352609,Z 63,Vålådalen - Vallbo - Anarisstugan + skoterled Vallbo - Ottsjön,1281.65961989754,63.0962563,13.3175057,https://www.openstreetmap.org/?mlat=63.0962563&mlon=13.3175057#map=18/63.0962563/13.3175057,"https://overpass-turbo.eu/?Q=[out:json];(nwr(around:50,63.0962563,13.3175057););out center;"
12352608,Z 63,Vålådalen - Vallbo - Anarisstugan + skoterled Vallbo - Ottsjön,752.20651805964,63.1455813,12.9670212,https://www.openstreetmap.org/?mlat=63.1455813&mlon=12.9670212#map=18/63.1455813/12.9670212,"https://overpass-turbo.eu/?Q=[out:json];(nwr(around:50,63.1455813,12.9670212););out center;"
12352607,Z 63,Vålådalen - Vallbo - Anarisstugan + skoterled Vallbo - Ottsjön,28.5373273450338,63.145681,13.0754104,https://www.openstreetmap.org/?mlat=63.145681&mlon=13.0754104#map=18/63.145681/13.0754104,"https://overpass-turbo.eu/?Q=[out:json];(nwr(around:50,63.145681,13.0754104););out center;"
12352606,Z 63,Vålådalen - Vallbo - Anarisstugan + skoterled Vallbo - Ottsjön,513.525653270521,63.1653906,13.0621575,https://www.openstreetmap.org/?mlat=63.1653906&mlon=13.0621575#map=18/63.1653906/13.0621575,"https://overpass-turbo.eu/?Q=[out:json];(nwr(around:50,63.1653906,13.0621575););out center;"
12352605,Z 63,Vålådalen - Vallbo - Anarisstugan + skoterled Vallbo - Ottsjön,13981.5797799655,63.1173998,13.203048,https://www.openstreetmap.org/?mlat=63.1173998&mlon=13.203048#map=18/63.1173998/13.203048,"https://overpass-turbo.eu/?Q=[out:json];(nwr(around:50,63.1173998,13.203048););out center;"
12352604,Z 63,Vålådalen - Vallbo - Anarisstugan + skoterled Vallbo - Ottsjön,1516.62371018291,63.150102,13.0660204,https://www.openstreetmap.org/?mlat=63.150102&mlon=13.0660204#map=18/63.150102/13.0660204,"https://overpass-turbo.eu/?Q=[out:json];(nwr(around:50,63.150102,13.0660204););out center;"
12352603,Z 63,Vålådalen - Vallbo - Anarisstugan + skoterled Vallbo - Ottsjön,1253.63906155128,63.1408404,13.0817084,https://www.openstreetmap.org/?mlat=63.1408404&mlon=13.0817084#map=18/63.1408404/13.0817084,"https://overpass-turbo.eu/?Q=[out:json];(nwr(around:50,63.1408404,13.0817084););out center;"
12352602,Z 63,Vålådalen - Vallbo - Anarisstugan + skoterled Vallbo - Ottsjön,2093.73313212082,63.1761207,13.0610709,https://www.openstreetmap.org/?mlat=63.1761207&mlon=13.0610709#map=18/63.1761207/13.0610709,"https://overpass-turbo.eu/?Q=[out:json];(nwr(around:50,63.1761207,13.0610709););out center;"
12347873,Z 63,Vålådalen - Vallbo - Anarisstugan + skoterled Vallbo - Ottsjön,43.865885515056,63.0997894,13.3063912,https://www.openstreetmap.org/?mlat=63.0997894&mlon=13.3063912#map=18/63.0997894/13.3063912,"https://overpass-turbo.eu/?Q=[out:json];(nwr(around:50,63.0997894,13.3063912););out center;"
12345130,Z 63,Vålådalen - Vallbo - Anarisstugan + skoterled Vallbo - Ottsjön,43.8702402455241,63.1423747,12.9686966,https://www.openstreetmap.org/?mlat=63.1423747&mlon=12.9686966#map=18/63.1423747/12.9686966,"https://overpass-turbo.eu/?Q=[out:json];(nwr(around:50,63.1423747,12.9686966););out center;"
12353318,Z 63,Vålådalen - Vallbo - Anarisstugan + skoterled Vallbo - Ottsjön,13.878484521767,63.1420393,13.0916161,https://www.openstreetmap.org/?mlat=63.1420393&mlon=13.0916161#map=18/63.1420393/13.0916161,"https://overpass-turbo.eu/?Q=[out:json];(nwr(around:50,63.1420393,13.0916161););out center;"
12353317,Z 63,Vålådalen - Vallbo - Anarisstugan + skoterled Vallbo - Ottsjön,1286.64433639914,63.1571393,13.0647258,https://www.openstreetmap.org/?mlat=63.1571393&mlon=13.0647258#map=18/63.1571393/13.0647258,"https://overpass-turbo.eu/?Q=[out:json];(nwr(around:50,63.1571393,13.0647258););out center;"
12353314,Z 63,Vålådalen - Vallbo - Anarisstugan + skoterled Vallbo - Ottsjön,967.69684839842,63.1891253,13.0594453,https://www.openstreetmap.org/?mlat=63.1891253&mlon=13.0594453#map=18/63.1891253/13.0594453,"https://overpass-turbo.eu/?Q=[out:json];(nwr(around:50,63.1891253,13.0594453););out center;"
12353867,Z 63,Vålådalen - Vallbo - Anarisstugan + skoterled Vallbo - Ottsjön,36.2175491097893,63.0938647,13.3283229,https://www.openstreetmap.org/?mlat=63.0938647&mlon=13.3283229#map=18/63.0938647/13.3283229,"https://overpass-turbo.eu/?Q=[out:json];(nwr(around:50,63.0938647,13.3283229););out center;"
12353581,Z 63,Vålådalen - Vallbo - Anarisstugan + skoterled Vallbo - Ottsjön,32.4634652343388,63.1453351,13.0753133,https://www.openstreetmap.org/?mlat=63.1453351&mlon=13.0753133#map=18/63.1453351/13.0753133,"https://overpass-turbo.eu/?Q=[out:json];(nwr(around:50,63.1453351,13.0753133););out center;"
12353580,Z 63,Vålådalen - Vallbo - Anarisstugan + skoterled Vallbo - Ottsjön,725.505684557719,63.0917928,13.3349127,https://www.openstreetmap.org/?mlat=63.0917928&mlon=13.3349127#map=18/63.0917928/13.3349127,"https://overpass-turbo.eu/?Q=[out:json];(nwr(around:50,63.0917928,13.3349127););out center;"
12353579,Z 63,Vålådalen - Vallbo - Anarisstugan + skoterled Vallbo - Ottsjön,5058.1772650507,63.145531,13.017554,https://www.openstreetmap.org/?mlat=63.145531&mlon=13.017554#map=18/63.145531/13.017554,"https://overpass-turbo.eu/?Q=[out:json];(nwr(around:50,63.145531,13.017554););out center;"
12353531,Z 63,Vålådalen - Vallbo - Anarisstugan + skoterled Vallbo - Ottsjön,617.963304841225,63.139445,12.9722718,https://www.openstreetmap.org/?mlat=63.139445&mlon=12.9722718#map=18/63.139445/12.9722718,"https://overpass-turbo.eu/?Q=[out:json];(nwr(around:50,63.139445,12.9722718););out center;"
12353530,Z 63,Vålådalen - Vallbo - Anarisstugan + skoterled Vallbo - Ottsjön,6.80943721977081,63.163819,13.0615986,https://www.openstreetmap.org/?mlat=63.163819&mlon=13.0615986#map=18/63.163819/13.0615986,"https://overpass-turbo.eu/?Q=[out:json];(nwr(around:50,63.163819,13.0615986););out center;"
12346332,Z 102,Skedbrostugan - Käringsjön - Rogenstugan,15787.1191882195,62.3739124,12.4041428,https://www.openstreetmap.org/?mlat=62.3739124&mlon=12.4041428#map=18/62.3739124/12.4041428,"https://overpass-turbo.eu/?Q=[out:json];(nwr(around:50,62.3739124,12.4041428););out center;"
12344894,Z 86,Gröndalen - Hyddsjön,3790.50877002121,62.7236692,12.1514643,https://www.openstreetmap.org/?mlat=62.7236692&mlon=12.1514643#map=18/62.7236692/12.1514643,"https://overpass-turbo.eu/?Q=[out:json];(nwr(around:50,62.7236692,12.1514643););out center;"
12344893,Z 86,Gröndalen - Hyddsjön,0.638970625302916,62.7057137,12.1555087,https://www.openstreetmap.org/?mlat=62.7057137&mlon=12.1555087#map=18/62.7057137/12.1555087,"https://overpass-turbo.eu/?Q=[out:json];(nwr(around:50,62.7057137,12.1555087););out center;"
12344758,Z 86,Gröndalen - Hyddsjön,25.6679543500253,62.7065968,12.1478897,https://www.openstreetmap.org/?mlat=62.7065968&mlon=12.1478897#map=18/62.7065968/12.1478897,"https://overpass-turbo.eu/?Q=[out:json];(nwr(around:50,62.7065968,12.1478897););out center;"
12344757,Z 86,Gröndalen - Hyddsjön,203.578161804674,62.7418269,12.1525546,https://www.openstreetmap.org/?mlat=62.7418269&mlon=12.1525546#map=18/62.7418269/12.1525546,"https://overpass-turbo.eu/?Q=[out:json];(nwr(around:50,62.7418269,12.1525546););out center;"
12344756,Z 86,Gröndalen - Hyddsjön,29.4856838599684,62.7407029,12.1515445,https://www.openstreetmap.org/?mlat=62.7407029&mlon=12.1515445#map=18/62.7407029/12.1515445,"https://overpass-turbo.eu/?Q=[out:json];(nwr(around:50,62.7407029,12.1515445););out center;"
12344755,Z 86,Gröndalen - Hyddsjön,384.085513508711,62.7057083,12.1555132,https://www.openstreetmap.org/?mlat=62.7057083&mlon=12.1555132#map=18/62.7057083/12.1555132,"https://overpass-turbo.eu/?Q=[out:json];(nwr(around:50,62.7057083,12.1555132););out center;"
12344754,Z 86,Gröndalen - Hyddsjön,103.292393707605,62.7602618,12.1446351,https://www.openstreetmap.org/?mlat=62.7602618&mlon=12.1446351#map=18/62.7602618/12.1446351,"https://overpass-turbo.eu/?Q=[out:json];(nwr(around:50,62.7602618,12.1446351););out center;"
12344761,Z 86,Gröndalen - Hyddsjön,105.51696289426,62.7411271,12.1519035,https://www.openstreetmap.org/?mlat=62.7411271&mlon=12.1519035#map=18/62.7411271/12.1519035,"https://overpass-turbo.eu/?Q=[out:json];(nwr(around:50,62.7411271,12.1519035););out center;"
12344760,Z 86,Gröndalen - Hyddsjön,71.3687449914176,62.7057083,12.1555132,https://www.openstreetmap.org/?mlat=62.7057083&mlon=12.1555132#map=18/62.7057083/12.1555132,"https://overpass-turbo.eu/?Q=[out:json];(nwr(around:50,62.7057083,12.1555132););out center;"
12344759,Z 86,Gröndalen - Hyddsjön,1021.23393853499,62.701719,12.1608587,https://www.openstreetmap.org/?mlat=62.701719&mlon=12.1608587#map=18/62.701719/12.1608587,"https://overpass-turbo.eu/?Q=[out:json];(nwr(around:50,62.701719,12.1608587););out center;"
12344753,Z 86,Gröndalen - Hyddsjön,172.168905457415,62.7610935,12.1431145,https://www.openstreetmap.org/?mlat=62.7610935&mlon=12.1431145#map=18/62.7610935/12.1431145,"https://overpass-turbo.eu/?Q=[out:json];(nwr(around:50,62.7610935,12.1431145););out center;"
12344752,Z 86,Gröndalen - Hyddsjön,234.000569579132,62.7072536,12.1446217,https://www.openstreetmap.org/?mlat=62.7072536&mlon=12.1446217#map=18/62.7072536/12.1446217,"https://overpass-turbo.eu/?Q=[out:json];(nwr(around:50,62.7072536,12.1446217););out center;"
12344705,Z 86,Gröndalen - Hyddsjön,2003.1165224879,62.7528952,12.1542801,https://www.openstreetmap.org/?mlat=62.7528952&mlon=12.1542801#map=18/62.7528952/12.1542801,"https://overpass-turbo.eu/?Q=[out:json];(nwr(around:50,62.7528952,12.1542801););out center;"
12349028,W 10,Norra Sälenringen,2032.79061703157,61.1649219,13.126668,https://www.openstreetmap.org/?mlat=61.1649219&mlon=13.126668#map=18/61.1649219/13.126668,"https://overpass-turbo.eu/?Q=[out:json];(nwr(around:50,61.1649219,13.126668););out center;"
12354686,W 10,Norra Sälenringen,3213.12554674391,61.1877871,12.9001351,https://www.openstreetmap.org/?mlat=61.1877871&mlon=12.9001351#map=18/61.1877871/12.9001351,"https://overpass-turbo.eu/?Q=[out:json];(nwr(around:50,61.1877871,12.9001351););out center;"
12354685,W 10,Norra Sälenringen,7859.25219029141,61.2265604,13.0453235,https://www.openstreetmap.org/?mlat=61.2265604&mlon=13.0453235#map=18/61.2265604/13.0453235,"https://overpass-turbo.eu/?Q=[out:json];(nwr(around:50,61.2265604,13.0453235););out center;"
12355289,W 10,Norra Sälenringen,5107.68025535653,61.2168361,12.928033,https://www.openstreetmap.org/?mlat=61.2168361&mlon=12.928033#map=18/61.2168361/12.928033,"https://overpass-turbo.eu/?Q=[out:json];(nwr(around:50,61.2168361,12.928033););out center;"
12355208,W 10,Norra Sälenringen,3373.8191626993,61.2331219,12.9784208,https://www.openstreetmap.org/?mlat=61.2331219&mlon=12.9784208#map=18/61.2331219/12.9784208,"https://overpass-turbo.eu/?Q=[out:json];(nwr(around:50,61.2331219,12.9784208););out center;"
12350654,W 10,Norra Sälenringen,6760.6595252246,61.1900849,13.1140342,https://www.openstreetmap.org/?mlat=61.1900849&mlon=13.1140342#map=18/61.1900849/13.1140342,"https://overpass-turbo.eu/?Q=[out:json];(nwr(around:50,61.1900849,13.1140342););out center;"
12352688,Z 80,Helagsstugorna - Ljungdalen samt Torkilstöten - Helagsleden (80),9052.86723560947,62.8895513,12.6431643,https://www.openstreetmap.org/?mlat=62.8895513&mlon=12.6431643#map=18/62.8895513/12.6431643,"https://overpass-turbo.eu/?Q=[out:json];(nwr(around:50,62.8895513,12.6431643););out center;"
12350577,Z 80,Helagsstugorna - Ljungdalen samt Torkilstöten - Helagsleden (80),4394.68471153729,62.8877182,12.6803996,https://www.openstreetmap.org/?mlat=62.8877182&mlon=12.6803996#map=18/62.8877182/12.6803996,"https://overpass-turbo.eu/?Q=[out:json];(nwr(around:50,62.8877182,12.6803996););out center;"
12352725,Z 69,Skoterleder Västerfjällets kortfiskevatten,269.406923195056,63.1169301,13.6495829,https://www.openstreetmap.org/?mlat=63.1169301&mlon=13.6495829#map=18/63.1169301/13.6495829,"https://overpass-turbo.eu/?Q=[out:json];(nwr(around:50,63.1169301,13.6495829););out center;"
12352724,Z 69,Skoterleder Västerfjällets kortfiskevatten,323.435245216923,63.1044285,13.6661215,https://www.openstreetmap.org/?mlat=63.1044285&mlon=13.6661215#map=18/63.1044285/13.6661215,"https://overpass-turbo.eu/?Q=[out:json];(nwr(around:50,63.1044285,13.6661215););out center;"
12352723,Z 69,Skoterleder Västerfjällets kortfiskevatten,196.676864913562,63.1057837,13.7263776,https://www.openstreetmap.org/?mlat=63.1057837&mlon=13.7263776#map=18/63.1057837/13.7263776,"https://overpass-turbo.eu/?Q=[out:json];(nwr(around:50,63.1057837,13.7263776););out center;"
12352722,Z 69,Skoterleder Västerfjällets kortfiskevatten,64.9665148631201,63.1092136,13.7047599,https://www.openstreetmap.org/?mlat=63.1092136&mlon=13.7047599#map=18/63.1092136/13.7047599,"https://overpass-turbo.eu/?Q=[out:json];(nwr(around:50,63.1092136,13.7047599););out center;"
12352721,Z 69,Skoterleder Västerfjällets kortfiskevatten,58.4061112577271,63.1060094,13.6648274,https://www.openstreetmap.org/?mlat=63.1060094&mlon=13.6648274#map=18/63.1060094/13.6648274,"https://overpass-turbo.eu/?Q=[out:json];(nwr(around:50,63.1060094,13.6648274););out center;"
12352720,Z 69,Skoterleder Västerfjällets kortfiskevatten,199.801326797131,63.1105545,13.6734266,https://www.openstreetmap.org/?mlat=63.1105545&mlon=13.6734266#map=18/63.1105545/13.6734266,"https://overpass-turbo.eu/?Q=[out:json];(nwr(around:50,63.1105545,13.6734266););out center;"
12352719,Z 69,Skoterleder Västerfjällets kortfiskevatten,47.8408406512028,63.1112881,13.6697011,https://www.openstreetmap.org/?mlat=63.1112881&mlon=13.6697011#map=18/63.1112881/13.6697011,"https://overpass-turbo.eu/?Q=[out:json];(nwr(around:50,63.1112881,13.6697011););out center;"
12352718,Z 69,Skoterleder Västerfjällets kortfiskevatten,96.0904686421083,63.1108695,13.6717182,https://www.openstreetmap.org/?mlat=63.1108695&mlon=13.6717182#map=18/63.1108695/13.6717182,"https://overpass-turbo.eu/?Q=[out:json];(nwr(around:50,63.1108695,13.6717182););out center;"
12352717,Z 69,Skoterleder Västerfjällets kortfiskevatten,231.064120278737,63.1128312,13.6626292,https://www.openstreetmap.org/?mlat=63.1128312&mlon=13.6626292#map=18/63.1128312/13.6626292,"https://overpass-turbo.eu/?Q=[out:json];(nwr(around:50,63.1128312,13.6626292););out center;"
12352716,Z 69,Skoterleder Västerfjällets kortfiskevatten,942.322241046467,63.1135708,13.638695,https://www.openstreetmap.org/?mlat=63.1135708&mlon=13.638695#map=18/63.1135708/13.638695,"https://overpass-turbo.eu/?Q=[out:json];(nwr(around:50,63.1135708,13.638695););out center;"
12352715,Z 69,Skoterleder Västerfjällets kortfiskevatten,60.3393997170174,63.1063805,13.7238263,https://www.openstreetmap.org/?mlat=63.1063805&mlon=13.7238263#map=18/63.1063805/13.7238263,"https://overpass-turbo.eu/?Q=[out:json];(nwr(around:50,63.1063805,13.7238263););out center;"
12352714,Z 69,Skoterleder Västerfjällets kortfiskevatten,476.520745946224,63.1186576,13.6556121,https://www.openstreetmap.org/?mlat=63.1186576&mlon=13.6556121#map=18/63.1186576/13.6556121,"https://overpass-turbo.eu/?Q=[out:json];(nwr(around:50,63.1186576,13.6556121););out center;"
12352713,Z 69,Skoterleder Västerfjällets kortfiskevatten,131.122883345511,63.1213252,13.6620986,https://www.openstreetmap.org/?mlat=63.1213252&mlon=13.6620986#map=18/63.1213252/13.6620986,"https://overpass-turbo.eu/?Q=[out:json];(nwr(around:50,63.1213252,13.6620986););out center;"
12352712,Z 69,Skoterleder Västerfjällets kortfiskevatten,14.4238060597749,63.1090232,13.7173183,https://www.openstreetmap.org/?mlat=63.1090232&mlon=13.7173183#map=18/63.1090232/13.7173183,"https://overpass-turbo.eu/?Q=[out:json];(nwr(around:50,63.1090232,13.7173183););out center;"
12352711,Z 69,Skoterleder Västerfjällets kortfiskevatten,110.860582330285,63.1116127,13.6671919,https://www.openstreetmap.org/?mlat=63.1116127&mlon=13.6671919#map=18/63.1116127/13.6671919,"https://overpass-turbo.eu/?Q=[out:json];(nwr(around:50,63.1116127,13.6671919););out center;"
12352710,Z 69,Skoterleder Västerfjällets kortfiskevatten,1318.82296712402,63.1325165,13.6129604,https://www.openstreetmap.org/?mlat=63.1325165&mlon=13.6129604#map=18/63.1325165/13.6129604,"https://overpass-turbo.eu/?Q=[out:json];(nwr(around:50,63.1325165,13.6129604););out center;"
12352709,Z 69,Skoterleder Västerfjällets kortfiskevatten,415.213264256916,63.1026426,13.6695195,https://www.openstreetmap.org/?mlat=63.1026426&mlon=13.6695195#map=18/63.1026426/13.6695195,"https://overpass-turbo.eu/?Q=[out:json];(nwr(around:50,63.1026426,13.6695195););out center;"
12352708,Z 69,Skoterleder Västerfjällets kortfiskevatten,0.0538814439301695,63.1116127,13.6671919,https://www.openstreetmap.org/?mlat=63.1116127&mlon=13.6671919#map=18/63.1116127/13.6671919,"https://overpass-turbo.eu/?Q=[out:json];(nwr(around:50,63.1116127,13.6671919););out center;"
12352707,Z 69,Skoterleder Västerfjällets kortfiskevatten,58.7031161074947,63.1039832,13.6747118,https://www.openstreetmap.org/?mlat=63.1039832&mlon=13.6747118#map=18/63.1039832/13.6747118,"https://overpass-turbo.eu/?Q=[out:json];(nwr(around:50,63.1039832,13.6747118););out center;"
12352706,Z 69,Skoterleder Västerfjällets kortfiskevatten,250.457451889823,63.1212728,13.6599153,https://www.openstreetmap.org/?mlat=63.1212728&mlon=13.6599153#map=18/63.1212728/13.6599153,"https://overpass-turbo.eu/?Q=[out:json];(nwr(around:50,63.1212728,13.6599153););out center;"
12352705,Z 69,Skoterleder Västerfjällets kortfiskevatten,492.015013785288,63.1018247,13.731924,https://www.openstreetmap.org/?mlat=63.1018247&mlon=13.731924#map=18/63.1018247/13.731924,"https://overpass-turbo.eu/?Q=[out:json];(nwr(around:50,63.1018247,13.731924););out center;"
12352704,Z 69,Skoterleder Västerfjällets kortfiskevatten,187.23833599306,63.1116127,13.6671919,https://www.openstreetmap.org/?mlat=63.1116127&mlon=13.6671919#map=18/63.1116127/13.6671919,"https://overpass-turbo.eu/?Q=[out:json];(nwr(around:50,63.1116127,13.6671919););out center;"
12352703,Z 69,Skoterleder Västerfjällets kortfiskevatten,524.663980120832,63.1074858,13.720336,https://www.openstreetmap.org/?mlat=63.1074858&mlon=13.720336#map=18/63.1074858/13.720336,"https://overpass-turbo.eu/?Q=[out:json];(nwr(around:50,63.1074858,13.720336););out center;"
12352655,Z 69,Skoterleder Västerfjällets kortfiskevatten,303.652182144369,63.1084147,13.6963378,https://www.openstreetmap.org/?mlat=63.1084147&mlon=13.6963378#map=18/63.1084147/13.6963378,"https://overpass-turbo.eu/?Q=[out:json];(nwr(around:50,63.1084147,13.6963378););out center;"
12352905,Z 69,Skoterleder Västerfjällets kortfiskevatten,961.032648464499,63.1232815,13.6225075,https://www.openstreetmap.org/?mlat=63.1232815&mlon=13.6225075#map=18/63.1232815/13.6225075,"https://overpass-turbo.eu/?Q=[out:json];(nwr(around:50,63.1232815,13.6225075););out center;"
12352904,Z 69,Skoterleder Västerfjällets kortfiskevatten,5.28454200191464,63.1092292,13.7048588,https://www.openstreetmap.org/?mlat=63.1092292&mlon=13.7048588#map=18/63.1092292/13.7048588,"https://overpass-turbo.eu/?Q=[out:json];(nwr(around:50,63.1092292,13.7048588););out center;"
12352903,Z 69,Skoterleder Västerfjällets kortfiskevatten,398.838965674918,63.1094884,13.7090586,https://www.openstreetmap.org/?mlat=63.1094884&mlon=13.7090586#map=18/63.1094884/13.7090586,"https://overpass-turbo.eu/?Q=[out:json];(nwr(around:50,63.1094884,13.7090586););out center;"
12352902,Z 69,Skoterleder Västerfjällets kortfiskevatten,249.886097382988,63.1065309,13.6649451,https://www.openstreetmap.org/?mlat=63.1065309&mlon=13.6649451#map=18/63.1065309/13.6649451,"https://overpass-turbo.eu/?Q=[out:json];(nwr(around:50,63.1065309,13.6649451););out center;"
12352892,Z 69,Skoterleder Västerfjällets kortfiskevatten,151.983265200214,63.1237338,13.6221077,https://www.openstreetmap.org/?mlat=63.1237338&mlon=13.6221077#map=18/63.1237338/13.6221077,"https://overpass-turbo.eu/?Q=[out:json];(nwr(around:50,63.1237338,13.6221077););out center;"
12352901,Z 69,Skoterleder Västerfjällets kortfiskevatten,950.350703794531,63.1105828,13.6753344,https://www.openstreetmap.org/?mlat=63.1105828&mlon=13.6753344#map=18/63.1105828/13.6753344,"https://overpass-turbo.eu/?Q=[out:json];(nwr(around:50,63.1105828,13.6753344););out center;"
12352900,Z 69,Skoterleder Västerfjällets kortfiskevatten,770.615864800151,63.1065347,13.6787754,https://www.openstreetmap.org/?mlat=63.1065347&mlon=13.6787754#map=18/63.1065347/13.6787754,"https://overpass-turbo.eu/?Q=[out:json];(nwr(around:50,63.1065347,13.6787754););out center;"
12352899,Z 69,Skoterleder Västerfjällets kortfiskevatten,256.676262377139,63.116322,13.6612089,https://www.openstreetmap.org/?mlat=63.116322&mlon=13.6612089#map=18/63.116322/13.6612089,"https://overpass-turbo.eu/?Q=[out:json];(nwr(around:50,63.116322,13.6612089););out center;"
12352898,Z 69,Skoterleder Västerfjällets kortfiskevatten,108.262101999118,63.1157664,13.6612216,https://www.openstreetmap.org/?mlat=63.1157664&mlon=13.6612216#map=18/63.1157664/13.6612216,"https://overpass-turbo.eu/?Q=[out:json];(nwr(around:50,63.1157664,13.6612216););out center;"
12352897,Z 69,Skoterleder Västerfjällets kortfiskevatten,3160.72373046438,63.0886984,13.7402311,https://www.openstreetmap.org/?mlat=63.0886984&mlon=13.7402311#map=18/63.0886984/13.7402311,"https://overpass-turbo.eu/?Q=[out:json];(nwr(around:50,63.0886984,13.7402311););out center;"
12352896,Z 69,Skoterleder Västerfjällets kortfiskevatten,81.3951422312782,63.1223387,13.6610583,https://www.openstreetmap.org/?mlat=63.1223387&mlon=13.6610583#map=18/63.1223387/13.6610583,"https://overpass-turbo.eu/?Q=[out:json];(nwr(around:50,63.1223387,13.6610583););out center;"
12352895,Z 69,Skoterleder Västerfjällets kortfiskevatten,271.482637299322,63.1086903,13.7148946,https://www.openstreetmap.org/?mlat=63.1086903&mlon=13.7148946#map=18/63.1086903/13.7148946,"https://overpass-turbo.eu/?Q=[out:json];(nwr(around:50,63.1086903,13.7148946););out center;"
12352894,Z 69,Skoterleder Västerfjällets kortfiskevatten,232.726016473019,63.1089688,13.703213,https://www.openstreetmap.org/?mlat=63.1089688&mlon=13.703213#map=18/63.1089688/13.703213,"https://overpass-turbo.eu/?Q=[out:json];(nwr(around:50,63.1089688,13.703213););out center;"
12352893,Z 69,Skoterleder Västerfjällets kortfiskevatten,17.7242410387582,63.1090213,13.7035446,https://www.openstreetmap.org/?mlat=63.1090213&mlon=13.7035446#map=18/63.1090213/13.7035446,"https://overpass-turbo.eu/?Q=[out:json];(nwr(around:50,63.1090213,13.7035446););out center;"
12352891,Z 69,Skoterleder Västerfjällets kortfiskevatten,199.612993103193,63.111561,13.6672061,https://www.openstreetmap.org/?mlat=63.111561&mlon=13.6672061#map=18/63.111561/13.6672061,"https://overpass-turbo.eu/?Q=[out:json];(nwr(around:50,63.111561,13.6672061););out center;"
12352890,Z 69,Skoterleder Västerfjällets kortfiskevatten,71.1602477317919,63.1071662,13.6650886,https://www.openstreetmap.org/?mlat=63.1071662&mlon=13.6650886#map=18/63.1071662/13.6650886,"https://overpass-turbo.eu/?Q=[out:json];(nwr(around:50,63.1071662,13.6650886););out center;"
12352889,Z 69,Skoterleder Västerfjällets kortfiskevatten,342.016505081046,63.1078879,13.6668421,https://www.openstreetmap.org/?mlat=63.1078879&mlon=13.6668421#map=18/63.1078879/13.6668421,"https://overpass-turbo.eu/?Q=[out:json];(nwr(around:50,63.1078879,13.6668421););out center;"
12352888,Z 69,Skoterleder Västerfjällets kortfiskevatten,0.545433818166787,63.1138806,13.6619351,https://www.openstreetmap.org/?mlat=63.1138806&mlon=13.6619351#map=18/63.1138806/13.6619351,"https://overpass-turbo.eu/?Q=[out:json];(nwr(around:50,63.1138806,13.6619351););out center;"
12352887,Z 69,Skoterleder Västerfjällets kortfiskevatten,511.649190010441,63.124414,13.6215937,https://www.openstreetmap.org/?mlat=63.124414&mlon=13.6215937#map=18/63.124414/13.6215937,"https://overpass-turbo.eu/?Q=[out:json];(nwr(around:50,63.124414,13.6215937););out center;"
12352886,Z 69,Skoterleder Västerfjällets kortfiskevatten,176.198209584222,63.1058505,13.6585483,https://www.openstreetmap.org/?mlat=63.1058505&mlon=13.6585483#map=18/63.1058505/13.6585483,"https://overpass-turbo.eu/?Q=[out:json];(nwr(around:50,63.1058505,13.6585483););out center;"
12352843,Z 69,Skoterleder Västerfjällets kortfiskevatten,233.048760065807,63.1208982,13.6613936,https://www.openstreetmap.org/?mlat=63.1208982&mlon=13.6613936#map=18/63.1208982/13.6613936,"https://overpass-turbo.eu/?Q=[out:json];(nwr(around:50,63.1208982,13.6613936););out center;"
12352842,Z 69,Skoterleder Västerfjällets kortfiskevatten,15.5989240093668,63.1188082,13.6612175,https://www.openstreetmap.org/?mlat=63.1188082&mlon=13.6612175#map=18/63.1188082/13.6612175,"https://overpass-turbo.eu/?Q=[out:json];(nwr(around:50,63.1188082,13.6612175););out center;"
12352313,Z 92,Ramundberget - Ösjöstugan - Svalåtjärn - Tänndalen,206.984747503674,62.6174686,12.3276444,https://www.openstreetmap.org/?mlat=62.6174686&mlon=12.3276444#map=18/62.6174686/12.3276444,"https://overpass-turbo.eu/?Q=[out:json];(nwr(around:50,62.6174686,12.3276444););out center;"
12352312,Z 92,Ramundberget - Ösjöstugan - Svalåtjärn - Tänndalen,23.7003263947989,62.6436133,12.3344221,https://www.openstreetmap.org/?mlat=62.6436133&mlon=12.3344221#map=18/62.6436133/12.3344221,"https://overpass-turbo.eu/?Q=[out:json];(nwr(around:50,62.6436133,12.3344221););out center;"
12352311,Z 92,Ramundberget - Ösjöstugan - Svalåtjärn - Tänndalen,684.491203982601,62.6462948,12.3359156,https://www.openstreetmap.org/?mlat=62.6462948&mlon=12.3359156#map=18/62.6462948/12.3359156,"https://overpass-turbo.eu/?Q=[out:json];(nwr(around:50,62.6462948,12.3359156););out center;"
12352310,Z 92,Ramundberget - Ösjöstugan - Svalåtjärn - Tänndalen,2659.36876895848,62.5606276,12.337424,https://www.openstreetmap.org/?mlat=62.5606276&mlon=12.337424#map=18/62.5606276/12.337424,"https://overpass-turbo.eu/?Q=[out:json];(nwr(around:50,62.5606276,12.337424););out center;"
12352309,Z 92,Ramundberget - Ösjöstugan - Svalåtjärn - Tänndalen,5101.72234133112,62.5936069,12.3291209,https://www.openstreetmap.org/?mlat=62.5936069&mlon=12.3291209#map=18/62.5936069/12.3291209,"https://overpass-turbo.eu/?Q=[out:json];(nwr(around:50,62.5936069,12.3291209););out center;"
12352308,Z 92,Ramundberget - Ösjöstugan - Svalåtjärn - Tänndalen,42.8166844008267,62.5711192,12.3297198,https://www.openstreetmap.org/?mlat=62.5711192&mlon=12.3297198#map=18/62.5711192/12.3297198,"https://overpass-turbo.eu/?Q=[out:json];(nwr(around:50,62.5711192,12.3297198););out center;"
12352307,Z 92,Ramundberget - Ösjöstugan - Svalåtjärn - Tänndalen,6803.26269121951,62.6758983,12.3446719,https://www.openstreetmap.org/?mlat=62.6758983&mlon=12.3446719#map=18/62.6758983/12.3446719,"https://overpass-turbo.eu/?Q=[out:json];(nwr(around:50,62.6758983,12.3446719););out center;"
12352306,Z 92,Ramundberget - Ösjöstugan - Svalåtjärn - Tänndalen,27.0312770168189,62.6497496,12.3381073,https://www.openstreetmap.org/?mlat=62.6497496&mlon=12.3381073#map=18/62.6497496/12.3381073,"https://overpass-turbo.eu/?Q=[out:json];(nwr(around:50,62.6497496,12.3381073););out center;"
12352305,Z 92,Ramundberget - Ösjöstugan - Svalåtjärn - Tänndalen,197.370463897462,62.6194347,12.3282489,https://www.openstreetmap.org/?mlat=62.6194347&mlon=12.3282489#map=18/62.6194347/12.3282489,"https://overpass-turbo.eu/?Q=[out:json];(nwr(around:50,62.6194347,12.3282489););out center;"
12352346,Z 92,Ramundberget - Ösjöstugan - Svalåtjärn - Tänndalen,27.9724954219319,62.616683,12.3273762,https://www.openstreetmap.org/?mlat=62.616683&mlon=12.3273762#map=18/62.616683/12.3273762,"https://overpass-turbo.eu/?Q=[out:json];(nwr(around:50,62.616683,12.3273762););out center;"
12352345,Z 92,Ramundberget - Ösjöstugan - Svalåtjärn - Tänndalen,2616.99127493938,62.6315626,12.33123,https://www.openstreetmap.org/?mlat=62.6315626&mlon=12.33123#map=18/62.6315626/12.33123,"https://overpass-turbo.eu/?Q=[out:json];(nwr(around:50,62.6315626,12.33123););out center;"
12344766,Z 94,Bruksvallarna - Fjällnäs,9728.89961247331,62.6130965,12.2806932,https://www.openstreetmap.org/?mlat=62.6130965&mlon=12.2806932#map=18/62.6130965/12.2806932,"https://overpass-turbo.eu/?Q=[out:json];(nwr(around:50,62.6130965,12.2806932););out center;"
12346179,W 19,Morbäcksätern - Näsfjället (ny),17980.0809749516,61.4278883,12.9506558,https://www.openstreetmap.org/?mlat=61.4278883&mlon=12.9506558#map=18/61.4278883/12.9506558,"https://overpass-turbo.eu/?Q=[out:json];(nwr(around:50,61.4278883,12.9506558););out center;"
12346547,W 11,Södra Sälenringen,11649.061162709,61.1406297,13.1872351,https://www.openstreetmap.org/?mlat=61.1406297&mlon=13.1872351#map=18/61.1406297/13.1872351,"https://overpass-turbo.eu/?Q=[out:json];(nwr(around:50,61.1406297,13.1872351););out center;"
12346582,W 11,Södra Sälenringen,14476.1826727991,61.1432981,12.9814557,https://www.openstreetmap.org/?mlat=61.1432981&mlon=12.9814557#map=18/61.1432981/12.9814557,"https://overpass-turbo.eu/?Q=[out:json];(nwr(around:50,61.1432981,12.9814557););out center;"
12356001,W 11,Södra Sälenringen,180.343265568707,61.1336626,13.0588777,https://www.openstreetmap.org/?mlat=61.1336626&mlon=13.0588777#map=18/61.1336626/13.0588777,"https://overpass-turbo.eu/?Q=[out:json];(nwr(around:50,61.1336626,13.0588777););out center;"
12355524,W 11,Södra Sälenringen,10676.0118883609,61.1006261,13.1408483,https://www.openstreetmap.org/?mlat=61.1006261&mlon=13.1408483#map=18/61.1006261/13.1408483,"https://overpass-turbo.eu/?Q=[out:json];(nwr(around:50,61.1006261,13.1408483););out center;"
12349095,W 3,Jakobshöjden (led 1) - Foskros,1924.37235131779,62.0463553,12.4240695,https://www.openstreetmap.org/?mlat=62.0463553&mlon=12.4240695#map=18/62.0463553/12.4240695,"https://overpass-turbo.eu/?Q=[out:json];(nwr(around:50,62.0463553,12.4240695););out center;"
12348915,W 3,Jakobshöjden (led 1) - Foskros,526.092463437673,62.0484244,12.4042892,https://www.openstreetmap.org/?mlat=62.0484244&mlon=12.4042892#map=18/62.0484244/12.4042892,"https://overpass-turbo.eu/?Q=[out:json];(nwr(around:50,62.0484244,12.4042892););out center;"
12351105,W 3,Jakobshöjden (led 1) - Foskros,3887.75191787729,62.0945893,12.3735275,https://www.openstreetmap.org/?mlat=62.0945893&mlon=12.3735275#map=18/62.0945893/12.3735275,"https://overpass-turbo.eu/?Q=[out:json];(nwr(around:50,62.0945893,12.3735275););out center;"
12351104,W 3,Jakobshöjden (led 1) - Foskros,1344.2686763988,62.1129376,12.3527731,https://www.openstreetmap.org/?mlat=62.1129376&mlon=12.3527731#map=18/62.1129376/12.3527731,"https://overpass-turbo.eu/?Q=[out:json];(nwr(around:50,62.1129376,12.3527731););out center;"
12354416,W 3,Jakobshöjden (led 1) - Foskros,211.994282504408,62.0502495,12.409914,https://www.openstreetmap.org/?mlat=62.0502495&mlon=12.409914#map=18/62.0502495/12.409914,"https://overpass-turbo.eu/?Q=[out:json];(nwr(around:50,62.0502495,12.409914););out center;"
12354415,W 3,Jakobshöjden (led 1) - Foskros,3448.29646864757,62.0315364,12.4655591,https://www.openstreetmap.org/?mlat=62.0315364&mlon=12.4655591#map=18/62.0315364/12.4655591,"https://overpass-turbo.eu/?Q=[out:json];(nwr(around:50,62.0315364,12.4655591););out center;"
12354414,W 3,Jakobshöjden (led 1) - Foskros,9676.08826208299,62.015708,12.5762389,https://www.openstreetmap.org/?mlat=62.015708&mlon=12.5762389#map=18/62.015708/12.5762389,"https://overpass-turbo.eu/?Q=[out:json];(nwr(around:50,62.015708,12.5762389););out center;"
12344498,W 3,Jakobshöjden (led 1) - Foskros,2101.03525253225,62.074001,12.4061304,https://www.openstreetmap.org/?mlat=62.074001&mlon=12.4061304#map=18/62.074001/12.4061304,"https://overpass-turbo.eu/?Q=[out:json];(nwr(around:50,62.074001,12.4061304););out center;"
12344646,W 3,Jakobshöjden (led 1) - Foskros,688.62633256187,62.0624197,12.4212256,https://www.openstreetmap.org/?mlat=62.0624197&mlon=12.4212256#map=18/62.0624197/12.4212256,"https://overpass-turbo.eu/?Q=[out:json];(nwr(around:50,62.0624197,12.4212256););out center;"
12344645,W 3,Jakobshöjden (led 1) - Foskros,1055.40856575671,62.055202,12.4157488,https://www.openstreetmap.org/?mlat=62.055202&mlon=12.4157488#map=18/62.055202/12.4157488,"https://overpass-turbo.eu/?Q=[out:json];(nwr(around:50,62.055202,12.4157488););out center;"
12354163,Z 50,Stensdalsstugorna - Gåsen,14458.681196712,63.0965029,12.6401918,https://www.openstreetmap.org/?mlat=63.0965029&mlon=12.6401918#map=18/63.0965029/12.6401918,"https://overpass-turbo.eu/?Q=[out:json];(nwr(around:50,63.0965029,12.6401918););out center;"
12352987,Z 51,Gamla Sylarna - Gåsån (led 42),314.793825713275,63.0609716,12.31798,https://www.openstreetmap.org/?mlat=63.0609716&mlon=12.31798#map=18/63.0609716/12.31798,"https://overpass-turbo.eu/?Q=[out:json];(nwr(around:50,63.0609716,12.31798););out center;"
12352986,Z 51,Gamla Sylarna - Gåsån (led 42),143.05289062616,63.0606138,12.3251266,https://www.openstreetmap.org/?mlat=63.0606138&mlon=12.3251266#map=18/63.0606138/12.3251266,"https://overpass-turbo.eu/?Q=[out:json];(nwr(around:50,63.0606138,12.3251266););out center;"
12354009,Z 51,Gamla Sylarna - Gåsån (led 42),49.0243678024212,63.0691265,12.4169756,https://www.openstreetmap.org/?mlat=63.0691265&mlon=12.4169756#map=18/63.0691265/12.4169756,"https://overpass-turbo.eu/?Q=[out:json];(nwr(around:50,63.0691265,12.4169756););out center;"
12354008,Z 51,Gamla Sylarna - Gåsån (led 42),41.9850037287125,63.0590666,12.4635735,https://www.openstreetmap.org/?mlat=63.0590666&mlon=12.4635735#map=18/63.0590666/12.4635735,"https://overpass-turbo.eu/?Q=[out:json];(nwr(around:50,63.0590666,12.4635735););out center;"
12353497,Z 51,Gamla Sylarna - Gåsån (led 42),4696.87435358404,63.0669651,12.3705819,https://www.openstreetmap.org/?mlat=63.0669651&mlon=12.3705819#map=18/63.0669651/12.3705819,"https://overpass-turbo.eu/?Q=[out:json];(nwr(around:50,63.0669651,12.3705819););out center;"
12353496,Z 51,Gamla Sylarna - Gåsån (led 42),48.7537387868869,63.0606138,12.3251266,https://www.openstreetmap.org/?mlat=63.0606138&mlon=12.3251266#map=18/63.0606138/12.3251266,"https://overpass-turbo.eu/?Q=[out:json];(nwr(around:50,63.0606138,12.3251266););out center;"
12353495,Z 51,Gamla Sylarna - Gåsån (led 42),83.251613554333,63.0590666,12.4635735,https://www.openstreetmap.org/?mlat=63.0590666&mlon=12.4635735#map=18/63.0590666/12.4635735,"https://overpass-turbo.eu/?Q=[out:json];(nwr(around:50,63.0590666,12.4635735););out center;"
12353494,Z 51,Gamla Sylarna - Gåsån (led 42),2074.20646030062,63.0621361,12.29746,https://www.openstreetmap.org/?mlat=63.0621361&mlon=12.29746#map=18/63.0621361/12.29746,"https://overpass-turbo.eu/?Q=[out:json];(nwr(around:50,63.0621361,12.29746););out center;"
12353493,Z 51,Gamla Sylarna - Gåsån (led 42),2580.44005360364,63.0644357,12.4409123,https://www.openstreetmap.org/?mlat=63.0644357&mlon=12.4409123#map=18/63.0644357/12.4409123,"https://overpass-turbo.eu/?Q=[out:json];(nwr(around:50,63.0644357,12.4409123););out center;"
12352488,Z 64,Vallbo - Lunndörrsstugorna (justerad),157.087582195471,63.1202008,13.0680165,https://www.openstreetmap.org/?mlat=63.1202008&mlon=13.0680165#map=18/63.1202008/13.0680165,"https://overpass-turbo.eu/?Q=[out:json];(nwr(around:50,63.1202008,13.0680165););out center;"
12352487,Z 64,Vallbo - Lunndörrsstugorna (justerad),1529.93250270782,63.1134613,13.0621875,https://www.openstreetmap.org/?mlat=63.1134613&mlon=13.0621875#map=18/63.1134613/13.0621875,"https://overpass-turbo.eu/?Q=[out:json];(nwr(around:50,63.1134613,13.0621875););out center;"
12352486,Z 64,Vallbo - Lunndörrsstugorna (justerad),4462.30961276643,63.138898,13.0711906,https://www.openstreetmap.org/?mlat=63.138898&mlon=13.0711906#map=18/63.138898/13.0711906,"https://overpass-turbo.eu/?Q=[out:json];(nwr(around:50,63.138898,13.0711906););out center;"
12350957,Z 53,Norska gränsen (Fiskåhöjden) - Sylarnas fjällstation + sommarled Nedalen,2391.63072576441,63.0721065,12.1708404,https://www.openstreetmap.org/?mlat=63.0721065&mlon=12.1708404#map=18/63.0721065/12.1708404,"https://overpass-turbo.eu/?Q=[out:json];(nwr(around:50,63.0721065,12.1708404););out center;"
12350954,Z 53,Norska gränsen (Fiskåhöjden) - Sylarnas fjällstation + sommarled Nedalen,5188.12654206634,63.0636466,12.2349285,https://www.openstreetmap.org/?mlat=63.0636466&mlon=12.2349285#map=18/63.0636466/12.2349285,"https://overpass-turbo.eu/?Q=[out:json];(nwr(around:50,63.0636466,12.2349285););out center;"
12347825,Z 53,Norska gränsen (Fiskåhöjden) - Sylarnas fjällstation + sommarled Nedalen,17.2610416302146,63.0686262,12.1926506,https://www.openstreetmap.org/?mlat=63.0686262&mlon=12.1926506#map=18/63.0686262/12.1926506,"https://overpass-turbo.eu/?Q=[out:json];(nwr(around:50,63.0686262,12.1926506););out center;"
12347870,Z 53,Norska gränsen (Fiskåhöjden) - Sylarnas fjällstation + sommarled Nedalen,17.2221305255767,63.0439564,12.2720174,https://www.openstreetmap.org/?mlat=63.0439564&mlon=12.2720174#map=18/63.0439564/12.2720174,"https://overpass-turbo.eu/?Q=[out:json];(nwr(around:50,63.0439564,12.2720174););out center;"
12344844,Z 53,Norska gränsen (Fiskåhöjden) - Sylarnas fjällstation + sommarled Nedalen,188.254362429463,63.0436703,12.2736348,https://www.openstreetmap.org/?mlat=63.0436703&mlon=12.2736348#map=18/63.0436703/12.2736348,"https://overpass-turbo.eu/?Q=[out:json];(nwr(around:50,63.0436703,12.2736348););out center;"
12348380,Z 56,Gåsen - Vålåstugorna,23.65038444085,63.0336708,12.708006,https://www.openstreetmap.org/?mlat=63.0336708&mlon=12.708006#map=18/63.0336708/12.708006,"https://overpass-turbo.eu/?Q=[out:json];(nwr(around:50,63.0336708,12.708006););out center;"
12348379,Z 56,Gåsen - Vålåstugorna,58.5814358210846,63.0493582,12.6192173,https://www.openstreetmap.org/?mlat=63.0493582&mlon=12.6192173#map=18/63.0493582/12.6192173,"https://overpass-turbo.eu/?Q=[out:json];(nwr(around:50,63.0493582,12.6192173););out center;"
12348378,Z 56,Gåsen - Vålåstugorna,106.515067642517,63.0519075,12.6115882,https://www.openstreetmap.org/?mlat=63.0519075&mlon=12.6115882#map=18/63.0519075/12.6115882,"https://overpass-turbo.eu/?Q=[out:json];(nwr(around:50,63.0519075,12.6115882););out center;"
12348377,Z 56,Gåsen - Vålåstugorna,14.0522842701818,63.0357788,12.6972882,https://www.openstreetmap.org/?mlat=63.0357788&mlon=12.6972882#map=18/63.0357788/12.6972882,"https://overpass-turbo.eu/?Q=[out:json];(nwr(around:50,63.0357788,12.6972882););out center;"
12348376,Z 56,Gåsen - Vålåstugorna,127.184414294362,63.0470313,12.6248739,https://www.openstreetmap.org/?mlat=63.0470313&mlon=12.6248739#map=18/63.0470313/12.6248739,"https://overpass-turbo.eu/?Q=[out:json];(nwr(around:50,63.0470313,12.6248739););out center;"
12348375,Z 56,Gåsen - Vålåstugorna,247.821248375538,63.0400283,12.6600992,https://www.openstreetmap.org/?mlat=63.0400283&mlon=12.6600992#map=18/63.0400283/12.6600992,"https://overpass-turbo.eu/?Q=[out:json];(nwr(around:50,63.0400283,12.6600992););out center;"
12348374,Z 56,Gåsen - Vålåstugorna,167.57499379075,63.0525689,12.6051858,https://www.openstreetmap.org/?mlat=63.0525689&mlon=12.6051858#map=18/63.0525689/12.6051858,"https://overpass-turbo.eu/?Q=[out:json];(nwr(around:50,63.0525689,12.6051858););out center;"
12348373,Z 56,Gåsen - Vålåstugorna,40.7580231426893,63.0543218,12.5888109,https://www.openstreetmap.org/?mlat=63.0543218&mlon=12.5888109#map=18/63.0543218/12.5888109,"https://overpass-turbo.eu/?Q=[out:json];(nwr(around:50,63.0543218,12.5888109););out center;"
12348372,Z 56,Gåsen - Vålåstugorna,94.2456884570324,63.0330983,12.7108951,https://www.openstreetmap.org/?mlat=63.0330983&mlon=12.7108951#map=18/63.0330983/12.7108951,"https://overpass-turbo.eu/?Q=[out:json];(nwr(around:50,63.0330983,12.7108951););out center;"
12348371,Z 56,Gåsen - Vålåstugorna,125.992598401732,63.0506163,12.5787998,https://www.openstreetmap.org/?mlat=63.0506163&mlon=12.5787998#map=18/63.0506163/12.5787998,"https://overpass-turbo.eu/?Q=[out:json];(nwr(around:50,63.0506163,12.5787998););out center;"
12348370,Z 56,Gåsen - Vålåstugorna,184.778585077519,63.0440572,12.6410397,https://www.openstreetmap.org/?mlat=63.0440572&mlon=12.6410397#map=18/63.0440572/12.6410397,"https://overpass-turbo.eu/?Q=[out:json];(nwr(around:50,63.0440572,12.6410397););out center;"
12348369,Z 56,Gåsen - Vålåstugorna,459.393533719163,63.0427688,12.6466022,https://www.openstreetmap.org/?mlat=63.0427688&mlon=12.6466022#map=18/63.0427688/12.6466022,"https://overpass-turbo.eu/?Q=[out:json];(nwr(around:50,63.0427688,12.6466022););out center;"
12348368,Z 56,Gåsen - Vålåstugorna,35.1317010298391,63.0398413,12.6612806,https://www.openstreetmap.org/?mlat=63.0398413&mlon=12.6612806#map=18/63.0398413/12.6612806,"https://overpass-turbo.eu/?Q=[out:json];(nwr(around:50,63.0398413,12.6612806););out center;"
12348367,Z 56,Gåsen - Vålåstugorna,127.936943373836,63.0463893,12.6269403,https://www.openstreetmap.org/?mlat=63.0463893&mlon=12.6269403#map=18/63.0463893/12.6269403,"https://overpass-turbo.eu/?Q=[out:json];(nwr(around:50,63.0463893,12.6269403););out center;"
12348366,Z 56,Gåsen - Vålåstugorna,603.784621325759,63.0383601,12.6754926,https://www.openstreetmap.org/?mlat=63.0383601&mlon=12.6754926#map=18/63.0383601/12.6754926,"https://overpass-turbo.eu/?Q=[out:json];(nwr(around:50,63.0383601,12.6754926););out center;"
12348365,Z 56,Gåsen - Vålåstugorna,16.1979172784652,63.0349658,12.700422,https://www.openstreetmap.org/?mlat=63.0349658&mlon=12.700422#map=18/63.0349658/12.700422,"https://overpass-turbo.eu/?Q=[out:json];(nwr(around:50,63.0349658,12.700422););out center;"
12353315,Z 56,Gåsen - Vålåstugorna,42.2011227008496,63.0336037,12.7084493,https://www.openstreetmap.org/?mlat=63.0336037&mlon=12.7084493#map=18/63.0336037/12.7084493,"https://overpass-turbo.eu/?Q=[out:json];(nwr(around:50,63.0336037,12.7084493););out center;"
12353313,Z 56,Gåsen - Vålåstugorna,226.899632579891,63.0523027,12.6090735,https://www.openstreetmap.org/?mlat=63.0523027&mlon=12.6090735#map=18/63.0523027/12.6090735,"https://overpass-turbo.eu/?Q=[out:json];(nwr(around:50,63.0523027,12.6090735););out center;"
12353312,Z 56,Gåsen - Vålåstugorna,23.7296316332555,63.0272999,12.7552019,https://www.openstreetmap.org/?mlat=63.0272999&mlon=12.7552019#map=18/63.0272999/12.7552019,"https://overpass-turbo.eu/?Q=[out:json];(nwr(around:50,63.0272999,12.7552019););out center;"
12353311,Z 56,Gåsen - Vålåstugorna,131.959022305032,63.0427688,12.6466022,https://www.openstreetmap.org/?mlat=63.0427688&mlon=12.6466022#map=18/63.0427688/12.6466022,"https://overpass-turbo.eu/?Q=[out:json];(nwr(around:50,63.0427688,12.6466022););out center;"
12353310,Z 56,Gåsen - Vålåstugorna,637.800821963378,63.0524786,12.5833943,https://www.openstreetmap.org/?mlat=63.0524786&mlon=12.5833943#map=18/63.0524786/12.5833943,"https://overpass-turbo.eu/?Q=[out:json];(nwr(around:50,63.0524786,12.5833943););out center;"
12353309,Z 56,Gåsen - Vålåstugorna,41.611990186123,63.040831,12.6555309,https://www.openstreetmap.org/?mlat=63.040831&mlon=12.6555309#map=18/63.040831/12.6555309,"https://overpass-turbo.eu/?Q=[out:json];(nwr(around:50,63.040831,12.6555309););out center;"
12353308,Z 56,Gåsen - Vålåstugorna,1568.92399665537,63.049723,12.5600646,https://www.openstreetmap.org/?mlat=63.049723&mlon=12.5600646#map=18/63.049723/12.5600646,"https://overpass-turbo.eu/?Q=[out:json];(nwr(around:50,63.049723,12.5600646););out center;"
12353284,Z 56,Gåsen - Vålåstugorna,168.161621923579,63.0353018,12.6991405,https://www.openstreetmap.org/?mlat=63.0353018&mlon=12.6991405#map=18/63.0353018/12.6991405,"https://overpass-turbo.eu/?Q=[out:json];(nwr(around:50,63.0353018,12.6991405););out center;"
12353283,Z 56,Gåsen - Vålåstugorna,486.757453067283,63.0513953,12.6141878,https://www.openstreetmap.org/?mlat=63.0513953&mlon=12.6141878#map=18/63.0513953/12.6141878,"https://overpass-turbo.eu/?Q=[out:json];(nwr(around:50,63.0513953,12.6141878););out center;"
12353282,Z 56,Gåsen - Vålåstugorna,134.525507837999,63.0396256,12.6625994,https://www.openstreetmap.org/?mlat=63.0396256&mlon=12.6625994#map=18/63.0396256/12.6625994,"https://overpass-turbo.eu/?Q=[out:json];(nwr(around:50,63.0396256,12.6625994););out center;"
12353281,Z 56,Gåsen - Vålåstugorna,641.479043598378,63.0452778,12.6361329,https://www.openstreetmap.org/?mlat=63.0452778&mlon=12.6361329#map=18/63.0452778/12.6361329,"https://overpass-turbo.eu/?Q=[out:json];(nwr(around:50,63.0452778,12.6361329););out center;"
12353280,Z 56,Gåsen - Vålåstugorna,328.475485589946,63.0484519,12.6211398,https://www.openstreetmap.org/?mlat=63.0484519&mlon=12.6211398#map=18/63.0484519/12.6211398,"https://overpass-turbo.eu/?Q=[out:json];(nwr(around:50,63.0484519,12.6211398););out center;"
12353279,Z 56,Gåsen - Vålåstugorna,2401.82438934831,63.0277739,12.7324968,https://www.openstreetmap.org/?mlat=63.0277739&mlon=12.7324968#map=18/63.0277739/12.7324968,"https://overpass-turbo.eu/?Q=[out:json];(nwr(around:50,63.0277739,12.7324968););out center;"
12353278,Z 56,Gåsen - Vålåstugorna,696.739134846124,63.0536862,12.5956148,https://www.openstreetmap.org/?mlat=63.0536862&mlon=12.5956148#map=18/63.0536862/12.5956148,"https://overpass-turbo.eu/?Q=[out:json];(nwr(around:50,63.0536862,12.5956148););out center;"
12353277,Z 56,Gåsen - Vålåstugorna,1146.43831219771,63.037517,12.6859048,https://www.openstreetmap.org/?mlat=63.037517&mlon=12.6859048#map=18/63.037517/12.6859048,"https://overpass-turbo.eu/?Q=[out:json];(nwr(around:50,63.037517,12.6859048););out center;"
12353276,Z 56,Gåsen - Vålåstugorna,394.521797950453,63.03418,12.704907,https://www.openstreetmap.org/?mlat=63.03418&mlon=12.704907#map=18/63.03418/12.704907,"https://overpass-turbo.eu/?Q=[out:json];(nwr(around:50,63.03418,12.704907););out center;"
12353275,Z 56,Gåsen - Vålåstugorna,2720.23172234616,63.0322984,12.7779816,https://www.openstreetmap.org/?mlat=63.0322984&mlon=12.7779816#map=18/63.0322984/12.7779816,"https://overpass-turbo.eu/?Q=[out:json];(nwr(around:50,63.0322984,12.7779816););out center;"
12353316,Z 57,Stensdalen - Skaftet (led 59),4969.33331240943,63.1160615,12.7755754,https://www.openstreetmap.org/?mlat=63.1160615&mlon=12.7755754#map=18/63.1160615/12.7755754,"https://overpass-turbo.eu/?Q=[out:json];(nwr(around:50,63.1160615,12.7755754););out center;"
12351724,Z 64,Vallbo - Lunndörrsstugorna (justerad),157.087582195471,63.1202008,13.0680165,https://www.openstreetmap.org/?mlat=63.1202008&mlon=13.0680165#map=18/63.1202008/13.0680165,"https://overpass-turbo.eu/?Q=[out:json];(nwr(around:50,63.1202008,13.0680165););out center;"
12344789,Z 64,Vallbo - Lunndörrsstugorna (justerad),6412.04447770968,63.0767128,13.0831427,https://www.openstreetmap.org/?mlat=63.0767128&mlon=13.0831427#map=18/63.0767128/13.0831427,"https://overpass-turbo.eu/?Q=[out:json];(nwr(around:50,63.0767128,13.0831427););out center;"
12353609,Z 64,Vallbo - Lunndörrsstugorna (justerad),4384.96414143013,63.1399648,13.0720994,https://www.openstreetmap.org/?mlat=63.1399648&mlon=13.0720994#map=18/63.1399648/13.0720994,"https://overpass-turbo.eu/?Q=[out:json];(nwr(around:50,63.1399648,13.0720994););out center;"
12353608,Z 64,Vallbo - Lunndörrsstugorna (justerad),1869.02871076795,63.1133863,13.063114,https://www.openstreetmap.org/?mlat=63.1133863&mlon=13.063114#map=18/63.1133863/13.063114,"https://overpass-turbo.eu/?Q=[out:json];(nwr(around:50,63.1133863,13.063114););out center;"
12348818,Z 65,Staloviellekåtan - (led 64) (Lunndörrstugorna),7452.12786221326,63.0962423,13.1538049,https://www.openstreetmap.org/?mlat=63.0962423&mlon=13.1538049#map=18/63.0962423/13.1538049,"https://overpass-turbo.eu/?Q=[out:json];(nwr(around:50,63.0962423,13.1538049););out center;"
12348483,Z 27,Stor-Mjölkvattnet - Övre Oldsjön,334.861159022213,63.9105723,13.4473057,https://www.openstreetmap.org/?mlat=63.9105723&mlon=13.4473057#map=18/63.9105723/13.4473057,"https://overpass-turbo.eu/?Q=[out:json];(nwr(around:50,63.9105723,13.4473057););out center;"
12348482,Z 27,Stor-Mjölkvattnet - Övre Oldsjön,115.253690702294,63.9260946,13.4126211,https://www.openstreetmap.org/?mlat=63.9260946&mlon=13.4126211#map=18/63.9260946/13.4126211,"https://overpass-turbo.eu/?Q=[out:json];(nwr(around:50,63.9260946,13.4126211););out center;"
12348481,Z 27,Stor-Mjölkvattnet - Övre Oldsjön,5002.70382476468,63.8803938,13.5044034,https://www.openstreetmap.org/?mlat=63.8803938&mlon=13.5044034#map=18/63.8803938/13.5044034,"https://overpass-turbo.eu/?Q=[out:json];(nwr(around:50,63.8803938,13.5044034););out center;"
12348480,Z 27,Stor-Mjölkvattnet - Övre Oldsjön,755.171823040993,63.9285346,13.400628,https://www.openstreetmap.org/?mlat=63.9285346&mlon=13.400628#map=18/63.9285346/13.400628,"https://overpass-turbo.eu/?Q=[out:json];(nwr(around:50,63.9285346,13.400628););out center;"
12348479,Z 27,Stor-Mjölkvattnet - Övre Oldsjön,352.753564503677,63.9124222,13.436631,https://www.openstreetmap.org/?mlat=63.9124222&mlon=13.436631#map=18/63.9124222/13.436631,"https://overpass-turbo.eu/?Q=[out:json];(nwr(around:50,63.9124222,13.436631););out center;"
12348478,Z 27,Stor-Mjölkvattnet - Övre Oldsjön,36.5816863638078,63.8274695,13.4903899,https://www.openstreetmap.org/?mlat=63.8274695&mlon=13.4903899#map=18/63.8274695/13.4903899,"https://overpass-turbo.eu/?Q=[out:json];(nwr(around:50,63.8274695,13.4903899););out center;"
12348477,Z 27,Stor-Mjölkvattnet - Övre Oldsjön,76.3522220759815,63.9121411,13.4382405,https://www.openstreetmap.org/?mlat=63.9121411&mlon=13.4382405#map=18/63.9121411/13.4382405,"https://overpass-turbo.eu/?Q=[out:json];(nwr(around:50,63.9121411,13.4382405););out center;"
12348476,Z 27,Stor-Mjölkvattnet - Övre Oldsjön,11.5112510258442,63.9120589,13.4387239,https://www.openstreetmap.org/?mlat=63.9120589&mlon=13.4387239#map=18/63.9120589/13.4387239,"https://overpass-turbo.eu/?Q=[out:json];(nwr(around:50,63.9120589,13.4387239););out center;"
12348475,Z 27,Stor-Mjölkvattnet - Övre Oldsjön,1135.40090926914,63.9383631,13.3379659,https://www.openstreetmap.org/?mlat=63.9383631&mlon=13.3379659#map=18/63.9383631/13.3379659,"https://overpass-turbo.eu/?Q=[out:json];(nwr(around:50,63.9383631,13.3379659););out center;"
12348474,Z 27,Stor-Mjölkvattnet - Övre Oldsjön,54.5470455148581,63.9139429,13.4300244,https://www.openstreetmap.org/?mlat=63.9139429&mlon=13.4300244#map=18/63.9139429/13.4300244,"https://overpass-turbo.eu/?Q=[out:json];(nwr(around:50,63.9139429,13.4300244););out center;"
12348472,Z 27,Stor-Mjölkvattnet - Övre Oldsjön,1655.67704519444,63.9081856,13.4611318,https://www.openstreetmap.org/?mlat=63.9081856&mlon=13.4611318#map=18/63.9081856/13.4611318,"https://overpass-turbo.eu/?Q=[out:json];(nwr(around:50,63.9081856,13.4611318););out center;"
12352729,Z 27,Stor-Mjölkvattnet - Övre Oldsjön,2865.05107893701,63.8389593,13.495426,https://www.openstreetmap.org/?mlat=63.8389593&mlon=13.495426#map=18/63.8389593/13.495426,"https://overpass-turbo.eu/?Q=[out:json];(nwr(around:50,63.8389593,13.495426););out center;"
12352728,Z 27,Stor-Mjölkvattnet - Övre Oldsjön,117.70625538783,63.91184,13.4400097,https://www.openstreetmap.org/?mlat=63.91184&mlon=13.4400097#map=18/63.91184/13.4400097,"https://overpass-turbo.eu/?Q=[out:json];(nwr(around:50,63.91184,13.4400097););out center;"
12352676,Z 27,Stor-Mjölkvattnet - Övre Oldsjön,9858.71183260779,63.7776779,13.5046106,https://www.openstreetmap.org/?mlat=63.7776779&mlon=13.5046106#map=18/63.7776779/13.5046106,"https://overpass-turbo.eu/?Q=[out:json];(nwr(around:50,63.7776779,13.5046106););out center;"
12352675,Z 27,Stor-Mjölkvattnet - Övre Oldsjön,216.485525456288,63.9182439,13.4227046,https://www.openstreetmap.org/?mlat=63.9182439&mlon=13.4227046#map=18/63.9182439/13.4227046,"https://overpass-turbo.eu/?Q=[out:json];(nwr(around:50,63.9182439,13.4227046););out center;"
12352674,Z 27,Stor-Mjölkvattnet - Övre Oldsjön,13.9164074634943,63.9121411,13.4382405,https://www.openstreetmap.org/?mlat=63.9121411&mlon=13.4382405#map=18/63.9121411/13.4382405,"https://overpass-turbo.eu/?Q=[out:json];(nwr(around:50,63.9121411,13.4382405););out center;"
12352673,Z 27,Stor-Mjölkvattnet - Övre Oldsjön,40.8677744465965,63.9105351,13.4475315,https://www.openstreetmap.org/?mlat=63.9105351&mlon=13.4475315#map=18/63.9105351/13.4475315,"https://overpass-turbo.eu/?Q=[out:json];(nwr(around:50,63.9105351,13.4475315););out center;"
12352672,Z 27,Stor-Mjölkvattnet - Övre Oldsjön,13.0960902845086,63.9139429,13.4300244,https://www.openstreetmap.org/?mlat=63.9139429&mlon=13.4300244#map=18/63.9139429/13.4300244,"https://overpass-turbo.eu/?Q=[out:json];(nwr(around:50,63.9139429,13.4300244););out center;"
12352671,Z 27,Stor-Mjölkvattnet - Övre Oldsjön,964.169087375492,63.9005416,13.4911435,https://www.openstreetmap.org/?mlat=63.9005416&mlon=13.4911435#map=18/63.9005416/13.4911435,"https://overpass-turbo.eu/?Q=[out:json];(nwr(around:50,63.9005416,13.4911435););out center;"
12352670,Z 27,Stor-Mjölkvattnet - Övre Oldsjön,18.7594223849978,63.92973,13.3931893,https://www.openstreetmap.org/?mlat=63.92973&mlon=13.3931893#map=18/63.92973/13.3931893,"https://overpass-turbo.eu/?Q=[out:json];(nwr(around:50,63.92973,13.3931893););out center;"
12352669,Z 27,Stor-Mjölkvattnet - Övre Oldsjön,28.6045588431285,63.9143674,13.4286308,https://www.openstreetmap.org/?mlat=63.9143674&mlon=13.4286308#map=18/63.9143674/13.4286308,"https://overpass-turbo.eu/?Q=[out:json];(nwr(around:50,63.9143674,13.4286308););out center;"
12352668,Z 27,Stor-Mjölkvattnet - Övre Oldsjön,169.097264249105,63.9271225,13.4091631,https://www.openstreetmap.org/?mlat=63.9271225&mlon=13.4091631#map=18/63.9271225/13.4091631,"https://overpass-turbo.eu/?Q=[out:json];(nwr(around:50,63.9271225,13.4091631););out center;"
12352663,Z 27,Stor-Mjölkvattnet - Övre Oldsjön,103.714413973356,63.9298278,13.391783,https://www.openstreetmap.org/?mlat=63.9298278&mlon=13.391783#map=18/63.9298278/13.391783,"https://overpass-turbo.eu/?Q=[out:json];(nwr(around:50,63.9298278,13.391783););out center;"
12352662,Z 27,Stor-Mjölkvattnet - Övre Oldsjön,8.61441937045092,63.9123921,13.4367926,https://www.openstreetmap.org/?mlat=63.9123921&mlon=13.4367926#map=18/63.9123921/13.4367926,"https://overpass-turbo.eu/?Q=[out:json];(nwr(around:50,63.9123921,13.4367926););out center;"
12352661,Z 27,Stor-Mjölkvattnet - Övre Oldsjön,81.0567466042407,63.8516906,13.5053904,https://www.openstreetmap.org/?mlat=63.8516906&mlon=13.5053904#map=18/63.8516906/13.5053904,"https://overpass-turbo.eu/?Q=[out:json];(nwr(around:50,63.8516906,13.5053904););out center;"
12352660,Z 27,Stor-Mjölkvattnet - Övre Oldsjön,2478.55133636082,63.9332477,13.3668848,https://www.openstreetmap.org/?mlat=63.9332477&mlon=13.3668848#map=18/63.9332477/13.3668848,"https://overpass-turbo.eu/?Q=[out:json];(nwr(around:50,63.9332477,13.3668848););out center;"
12352659,Z 27,Stor-Mjölkvattnet - Övre Oldsjön,375.667834167353,63.9152887,13.4261665,https://www.openstreetmap.org/?mlat=63.9152887&mlon=13.4261665#map=18/63.9152887/13.4261665,"https://overpass-turbo.eu/?Q=[out:json];(nwr(around:50,63.9152887,13.4261665););out center;"
12352658,Z 27,Stor-Mjölkvattnet - Övre Oldsjön,886.324844183496,63.9229957,13.4173604,https://www.openstreetmap.org/?mlat=63.9229957&mlon=13.4173604#map=18/63.9229957/13.4173604,"https://overpass-turbo.eu/?Q=[out:json];(nwr(around:50,63.9229957,13.4173604););out center;"
12352657,Z 27,Stor-Mjölkvattnet - Övre Oldsjön,312.039014432827,63.9032713,13.4811941,https://www.openstreetmap.org/?mlat=63.9032713&mlon=13.4811941#map=18/63.9032713/13.4811941,"https://overpass-turbo.eu/?Q=[out:json];(nwr(around:50,63.9032713,13.4811941););out center;"
12347864,BD 62,Saltoluokta - Sitojaure,4546.66646268879,67.3888482,18.5294323,https://www.openstreetmap.org/?mlat=67.3888482&mlon=18.5294323#map=18/67.3888482/18.5294323,"https://overpass-turbo.eu/?Q=[out:json];(nwr(around:50,67.3888482,18.5294323););out center;"
12355562,BD 62,Saltoluokta - Sitojaure,16862.5735044409,67.2988901,18.486567,https://www.openstreetmap.org/?mlat=67.2988901&mlon=18.486567#map=18/67.2988901/18.486567,"https://overpass-turbo.eu/?Q=[out:json];(nwr(around:50,67.2988901,18.486567););out center;"
12351941,BD 63,Sitojaure - Aktse,8930.58056777245,67.1674662,18.377653,https://www.openstreetmap.org/?mlat=67.1674662&mlon=18.377653#map=18/67.1674662/18.377653,"https://overpass-turbo.eu/?Q=[out:json];(nwr(around:50,67.1674662,18.377653););out center;"
12349923,BD 63,Sitojaure - Aktse,4267.9076372693,67.2161581,18.4322255,https://www.openstreetmap.org/?mlat=67.2161581&mlon=18.4322255#map=18/67.2161581/18.4322255,"https://overpass-turbo.eu/?Q=[out:json];(nwr(around:50,67.2161581,18.4322255););out center;"
12349922,BD 63,Sitojaure - Aktse,266.166599094082,67.1469147,18.3066379,https://www.openstreetmap.org/?mlat=67.1469147&mlon=18.3066379#map=18/67.1469147/18.3066379,"https://overpass-turbo.eu/?Q=[out:json];(nwr(around:50,67.1469147,18.3066379););out center;"
12350937,BD 64,Svine - Sitoälvsbron / Aktse - Sitoälvsbron,15397.7864113813,67.1082652,18.4452129,https://www.openstreetmap.org/?mlat=67.1082652&mlon=18.4452129#map=18/67.1082652/18.4452129,"https://overpass-turbo.eu/?Q=[out:json];(nwr(around:50,67.1082652,18.4452129););out center;"
12347866,BD 64,Svine - Sitoälvsbron / Aktse - Sitoälvsbron,16024.0680116325,67.1446547,18.5207782,https://www.openstreetmap.org/?mlat=67.1446547&mlon=18.5207782#map=18/67.1446547/18.5207782,"https://overpass-turbo.eu/?Q=[out:json];(nwr(around:50,67.1446547,18.5207782););out center;"
12348010,BD 64,Svine - Sitoälvsbron / Aktse - Sitoälvsbron,426.449589431911,67.0779623,18.5780225,https://www.openstreetmap.org/?mlat=67.0779623&mlon=18.5780225#map=18/67.0779623/18.5780225,"https://overpass-turbo.eu/?Q=[out:json];(nwr(around:50,67.0779623,18.5780225););out center;"
12347865,BD 64,Svine - Sitoälvsbron / Aktse - Sitoälvsbron,373.813621633123,67.1448136,18.3100572,https://www.openstreetmap.org/?mlat=67.1448136&mlon=18.3100572#map=18/67.1448136/18.3100572,"https://overpass-turbo.eu/?Q=[out:json];(nwr(around:50,67.1448136,18.3100572););out center;"
12349922,BD 64,Svine - Sitoälvsbron / Aktse - Sitoälvsbron,266.166599094082,67.1469147,18.3066379,https://www.openstreetmap.org/?mlat=67.1469147&mlon=18.3066379#map=18/67.1469147/18.3066379,"https://overpass-turbo.eu/?Q=[out:json];(nwr(around:50,67.1469147,18.3066379););out center;"
12351943,BD 65,Aktse - Pårtestugorna,5653.90732625467,67.0569494,18.1731095,https://www.openstreetmap.org/?mlat=67.0569494&mlon=18.1731095#map=18/67.0569494/18.1731095,"https://overpass-turbo.eu/?Q=[out:json];(nwr(around:50,67.0569494,18.1731095););out center;"
12351942,BD 65,Aktse - Pårtestugorna,5138.49437649768,67.0429619,18.0066001,https://www.openstreetmap.org/?mlat=67.0429619&mlon=18.0066001#map=18/67.0429619/18.0066001,"https://overpass-turbo.eu/?Q=[out:json];(nwr(around:50,67.0429619,18.0066001););out center;"
12350940,BD 65,Aktse - Pårtestugorna,3444.47369462763,67.0674655,18.260519,https://www.openstreetmap.org/?mlat=67.0674655&mlon=18.260519#map=18/67.0674655/18.260519,"https://overpass-turbo.eu/?Q=[out:json];(nwr(around:50,67.0674655,18.260519););out center;"
12350939,BD 65,Aktse - Pårtestugorna,2352.81114406971,67.0505427,18.0870944,https://www.openstreetmap.org/?mlat=67.0505427&mlon=18.0870944#map=18/67.0505427/18.0870944,"https://overpass-turbo.eu/?Q=[out:json];(nwr(around:50,67.0505427,18.0870944););out center;"
12350938,BD 65,Aktse - Pårtestugorna,575.359035772812,67.1414055,18.3148074,https://www.openstreetmap.org/?mlat=67.1414055&mlon=18.3148074#map=18/67.1414055/18.3148074,"https://overpass-turbo.eu/?Q=[out:json];(nwr(around:50,67.1414055,18.3148074););out center;"
12347865,BD 65,Aktse - Pårtestugorna,373.813621633123,67.1448136,18.3100572,https://www.openstreetmap.org/?mlat=67.1448136&mlon=18.3100572#map=18/67.1448136/18.3100572,"https://overpass-turbo.eu/?Q=[out:json];(nwr(around:50,67.1448136,18.3100572););out center;"
12349922,BD 65,Aktse - Pårtestugorna,266.166599094082,67.1469147,18.3066379,https://www.openstreetmap.org/?mlat=67.1469147&mlon=18.3066379#map=18/67.1469147/18.3066379,"https://overpass-turbo.eu/?Q=[out:json];(nwr(around:50,67.1469147,18.3066379););out center;"
12351944,BD 65,Aktse - Pårtestugorna,4309.00602803704,67.0973641,18.273881,https://www.openstreetmap.org/?mlat=67.0973641&mlon=18.273881#map=18/67.0973641/18.273881,"https://overpass-turbo.eu/?Q=[out:json];(nwr(around:50,67.0973641,18.273881););out center;"
12352175,BD 65,Aktse - Pårtestugorna,2702.48642374862,67.1284495,18.3013641,https://www.openstreetmap.org/?mlat=67.1284495&mlon=18.3013641#map=18/67.1284495/18.3013641,"https://overpass-turbo.eu/?Q=[out:json];(nwr(around:50,67.1284495,18.3013641););out center;"
12354177,BD 66,Pårte - Kvikkjokk,2502.25109450095,67.0303542,17.8848344,https://www.openstreetmap.org/?mlat=67.0303542&mlon=17.8848344#map=18/67.0303542/17.8848344,"https://overpass-turbo.eu/?Q=[out:json];(nwr(around:50,67.0303542,17.8848344););out center;"
12354127,BD 66,Pårte - Kvikkjokk,2269.44249986443,67.0345641,17.9315281,https://www.openstreetmap.org/?mlat=67.0345641&mlon=17.9315281#map=18/67.0345641/17.9315281,"https://overpass-turbo.eu/?Q=[out:json];(nwr(around:50,67.0345641,17.9315281););out center;"
12355897,BD 66,Pårte - Kvikkjokk,7581.94609241755,66.9793188,17.761302,https://www.openstreetmap.org/?mlat=66.9793188&mlon=17.761302#map=18/66.9793188/17.761302,"https://overpass-turbo.eu/?Q=[out:json];(nwr(around:50,66.9793188,17.761302););out center;"
12355896,BD 66,Pårte - Kvikkjokk,4309.52316475715,67.0235688,17.8210199,https://www.openstreetmap.org/?mlat=67.0235688&mlon=17.8210199#map=18/67.0235688/17.8210199,"https://overpass-turbo.eu/?Q=[out:json];(nwr(around:50,67.0235688,17.8210199););out center;"
12350337,BD 89,V Laisvall - Länsgränsen,27499.1179400294,66.0734223,16.9134879,https://www.openstreetmap.org/?mlat=66.0734223&mlon=16.9134879#map=18/66.0734223/16.9134879,"https://overpass-turbo.eu/?Q=[out:json];(nwr(around:50,66.0734223,16.9134879););out center;"
12351114,Z 19,Lakavattnet - Häbbersflyarna - Haravattnet - Lakavattnet +  Nils-Jonsavattnet,27.2358344377403,64.0170755,14.6462542,https://www.openstreetmap.org/?mlat=64.0170755&mlon=14.6462542#map=18/64.0170755/14.6462542,"https://overpass-turbo.eu/?Q=[out:json];(nwr(around:50,64.0170755,14.6462542););out center;"
12351069,Z 19,Lakavattnet - Häbbersflyarna - Haravattnet - Lakavattnet +  Nils-Jonsavattnet,0.502810391698501,64.0550488,14.6510239,https://www.openstreetmap.org/?mlat=64.0550488&mlon=14.6510239#map=18/64.0550488/14.6510239,"https://overpass-turbo.eu/?Q=[out:json];(nwr(around:50,64.0550488,14.6510239););out center;"
12351299,Z 19,Lakavattnet - Häbbersflyarna - Haravattnet - Lakavattnet +  Nils-Jonsavattnet,41.8887557658284,64.0443683,14.5641749,https://www.openstreetmap.org/?mlat=64.0443683&mlon=14.5641749#map=18/64.0443683/14.5641749,"https://overpass-turbo.eu/?Q=[out:json];(nwr(around:50,64.0443683,14.5641749););out center;"
12351298,Z 19,Lakavattnet - Häbbersflyarna - Haravattnet - Lakavattnet +  Nils-Jonsavattnet,325.521166687411,64.0197718,14.5195995,https://www.openstreetmap.org/?mlat=64.0197718&mlon=14.5195995#map=18/64.0197718/14.5195995,"https://overpass-turbo.eu/?Q=[out:json];(nwr(around:50,64.0197718,14.5195995););out center;"
12351297,Z 19,Lakavattnet - Häbbersflyarna - Haravattnet - Lakavattnet +  Nils-Jonsavattnet,8.45047557774117,64.0441964,14.5634852,https://www.openstreetmap.org/?mlat=64.0441964&mlon=14.5634852#map=18/64.0441964/14.5634852,"https://overpass-turbo.eu/?Q=[out:json];(nwr(around:50,64.0441964,14.5634852););out center;"
12351296,Z 19,Lakavattnet - Häbbersflyarna - Haravattnet - Lakavattnet +  Nils-Jonsavattnet,135.617497944218,63.9760365,14.4475817,https://www.openstreetmap.org/?mlat=63.9760365&mlon=14.4475817#map=18/63.9760365/14.4475817,"https://overpass-turbo.eu/?Q=[out:json];(nwr(around:50,63.9760365,14.4475817););out center;"
12351295,Z 19,Lakavattnet - Häbbersflyarna - Haravattnet - Lakavattnet +  Nils-Jonsavattnet,108.095638598604,64.0170213,14.6459592,https://www.openstreetmap.org/?mlat=64.0170213&mlon=14.6459592#map=18/64.0170213/14.6459592,"https://overpass-turbo.eu/?Q=[out:json];(nwr(around:50,64.0170213,14.6459592););out center;"
12351241,Z 19,Lakavattnet - Häbbersflyarna - Haravattnet - Lakavattnet +  Nils-Jonsavattnet,548.629748758466,64.0536867,14.5807139,https://www.openstreetmap.org/?mlat=64.0536867&mlon=14.5807139#map=18/64.0536867/14.5807139,"https://overpass-turbo.eu/?Q=[out:json];(nwr(around:50,64.0536867,14.5807139););out center;"
12353105,Z 19,Lakavattnet - Häbbersflyarna - Haravattnet - Lakavattnet +  Nils-Jonsavattnet,427.557261842367,64.0172628,14.6497545,https://www.openstreetmap.org/?mlat=64.0172628&mlon=14.6497545#map=18/64.0172628/14.6497545,"https://overpass-turbo.eu/?Q=[out:json];(nwr(around:50,64.0172628,14.6497545););out center;"
12353104,Z 19,Lakavattnet - Häbbersflyarna - Haravattnet - Lakavattnet +  Nils-Jonsavattnet,1213.77253274567,64.0574564,14.6160876,https://www.openstreetmap.org/?mlat=64.0574564&mlon=14.6160876#map=18/64.0574564/14.6160876,"https://overpass-turbo.eu/?Q=[out:json];(nwr(around:50,64.0574564,14.6160876););out center;"
12353103,Z 19,Lakavattnet - Häbbersflyarna - Haravattnet - Lakavattnet +  Nils-Jonsavattnet,270.851363486507,63.9838379,14.5023363,https://www.openstreetmap.org/?mlat=63.9838379&mlon=14.5023363#map=18/63.9838379/14.5023363,"https://overpass-turbo.eu/?Q=[out:json];(nwr(around:50,63.9838379,14.5023363););out center;"
12353102,Z 19,Lakavattnet - Häbbersflyarna - Haravattnet - Lakavattnet +  Nils-Jonsavattnet,792.977821731835,64.0330151,14.7130366,https://www.openstreetmap.org/?mlat=64.0330151&mlon=14.7130366#map=18/64.0330151/14.7130366,"https://overpass-turbo.eu/?Q=[out:json];(nwr(around:50,64.0330151,14.7130366););out center;"
12353101,Z 19,Lakavattnet - Häbbersflyarna - Haravattnet - Lakavattnet +  Nils-Jonsavattnet,83.9718622905219,64.0603927,14.6271,https://www.openstreetmap.org/?mlat=64.0603927&mlon=14.6271#map=18/64.0603927/14.6271,"https://overpass-turbo.eu/?Q=[out:json];(nwr(around:50,64.0603927,14.6271););out center;"
12353100,Z 19,Lakavattnet - Häbbersflyarna - Haravattnet - Lakavattnet +  Nils-Jonsavattnet,123.745730465545,64.0169771,14.5534202,https://www.openstreetmap.org/?mlat=64.0169771&mlon=14.5534202#map=18/64.0169771/14.5534202,"https://overpass-turbo.eu/?Q=[out:json];(nwr(around:50,64.0169771,14.5534202););out center;"
12353099,Z 19,Lakavattnet - Häbbersflyarna - Haravattnet - Lakavattnet +  Nils-Jonsavattnet,651.974850027827,64.0495651,14.679221,https://www.openstreetmap.org/?mlat=64.0495651&mlon=14.679221#map=18/64.0495651/14.679221,"https://overpass-turbo.eu/?Q=[out:json];(nwr(around:50,64.0495651,14.679221););out center;"
12353098,Z 19,Lakavattnet - Häbbersflyarna - Haravattnet - Lakavattnet +  Nils-Jonsavattnet,4333.88968333401,63.9888022,14.6560114,https://www.openstreetmap.org/?mlat=63.9888022&mlon=14.6560114#map=18/63.9888022/14.6560114,"https://overpass-turbo.eu/?Q=[out:json];(nwr(around:50,63.9888022,14.6560114););out center;"
12353097,Z 19,Lakavattnet - Häbbersflyarna - Haravattnet - Lakavattnet +  Nils-Jonsavattnet,526.402612434415,64.0213776,14.5270257,https://www.openstreetmap.org/?mlat=64.0213776&mlon=14.5270257#map=18/64.0213776/14.5270257,"https://overpass-turbo.eu/?Q=[out:json];(nwr(around:50,64.0213776,14.5270257););out center;"
12353096,Z 19,Lakavattnet - Häbbersflyarna - Haravattnet - Lakavattnet +  Nils-Jonsavattnet,418.652342869098,64.0198542,14.5394584,https://www.openstreetmap.org/?mlat=64.0198542&mlon=14.5394584#map=18/64.0198542/14.5394584,"https://overpass-turbo.eu/?Q=[out:json];(nwr(around:50,64.0198542,14.5394584););out center;"
12353095,Z 19,Lakavattnet - Häbbersflyarna - Haravattnet - Lakavattnet +  Nils-Jonsavattnet,177.606249292557,64.0281559,14.7157235,https://www.openstreetmap.org/?mlat=64.0281559&mlon=14.7157235#map=18/64.0281559/14.7157235,"https://overpass-turbo.eu/?Q=[out:json];(nwr(around:50,64.0281559,14.7157235););out center;"
12353093,Z 19,Lakavattnet - Häbbersflyarna - Haravattnet - Lakavattnet +  Nils-Jonsavattnet,766.718300227254,64.0511619,14.6571675,https://www.openstreetmap.org/?mlat=64.0511619&mlon=14.6571675#map=18/64.0511619/14.6571675,"https://overpass-turbo.eu/?Q=[out:json];(nwr(around:50,64.0511619,14.6571675););out center;"
12353092,Z 19,Lakavattnet - Häbbersflyarna - Haravattnet - Lakavattnet +  Nils-Jonsavattnet,908.28747234147,64.0154457,14.5109345,https://www.openstreetmap.org/?mlat=64.0154457&mlon=14.5109345#map=18/64.0154457/14.5109345,"https://overpass-turbo.eu/?Q=[out:json];(nwr(around:50,64.0154457,14.5109345););out center;"
12353091,Z 19,Lakavattnet - Häbbersflyarna - Haravattnet - Lakavattnet +  Nils-Jonsavattnet,9.58607478481156,64.0537085,14.5863399,https://www.openstreetmap.org/?mlat=64.0537085&mlon=14.5863399#map=18/64.0537085/14.5863399,"https://overpass-turbo.eu/?Q=[out:json];(nwr(around:50,64.0537085,14.5863399););out center;"
12353064,Z 19,Lakavattnet - Häbbersflyarna - Haravattnet - Lakavattnet +  Nils-Jonsavattnet,873.526594096242,63.9844547,14.6885702,https://www.openstreetmap.org/?mlat=63.9844547&mlon=14.6885702#map=18/63.9844547/14.6885702,"https://overpass-turbo.eu/?Q=[out:json];(nwr(around:50,63.9844547,14.6885702););out center;"
12353063,Z 19,Lakavattnet - Häbbersflyarna - Haravattnet - Lakavattnet +  Nils-Jonsavattnet,124.902103262715,64.0124475,14.683873,https://www.openstreetmap.org/?mlat=64.0124475&mlon=14.683873#map=18/64.0124475/14.683873,"https://overpass-turbo.eu/?Q=[out:json];(nwr(around:50,64.0124475,14.683873););out center;"
12353062,Z 19,Lakavattnet - Häbbersflyarna - Haravattnet - Lakavattnet +  Nils-Jonsavattnet,48.0378571800408,63.9762629,14.4925077,https://www.openstreetmap.org/?mlat=63.9762629&mlon=14.4925077#map=18/63.9762629/14.4925077,"https://overpass-turbo.eu/?Q=[out:json];(nwr(around:50,63.9762629,14.4925077););out center;"
12353061,Z 19,Lakavattnet - Häbbersflyarna - Haravattnet - Lakavattnet +  Nils-Jonsavattnet,77.7418604879636,63.9628963,14.7588163,https://www.openstreetmap.org/?mlat=63.9628963&mlon=14.7588163#map=18/63.9628963/14.7588163,"https://overpass-turbo.eu/?Q=[out:json];(nwr(around:50,63.9628963,14.7588163););out center;"
12353058,Z 19,Lakavattnet - Häbbersflyarna - Haravattnet - Lakavattnet +  Nils-Jonsavattnet,255.941691881969,64.0551685,14.6496068,https://www.openstreetmap.org/?mlat=64.0551685&mlon=14.6496068#map=18/64.0551685/14.6496068,"https://overpass-turbo.eu/?Q=[out:json];(nwr(around:50,64.0551685,14.6496068););out center;"
12353056,Z 19,Lakavattnet - Häbbersflyarna - Haravattnet - Lakavattnet +  Nils-Jonsavattnet,1171.04173854269,64.0605395,14.6386101,https://www.openstreetmap.org/?mlat=64.0605395&mlon=14.6386101#map=18/64.0605395/14.6386101,"https://overpass-turbo.eu/?Q=[out:json];(nwr(around:50,64.0605395,14.6386101););out center;"
12353054,Z 19,Lakavattnet - Häbbersflyarna - Haravattnet - Lakavattnet +  Nils-Jonsavattnet,731.998223782012,64.00279,14.596111,https://www.openstreetmap.org/?mlat=64.00279&mlon=14.596111#map=18/64.00279/14.596111,"https://overpass-turbo.eu/?Q=[out:json];(nwr(around:50,64.00279,14.596111););out center;"
12353052,Z 19,Lakavattnet - Häbbersflyarna - Haravattnet - Lakavattnet +  Nils-Jonsavattnet,1011.67531077048,64.0154908,14.6648321,https://www.openstreetmap.org/?mlat=64.0154908&mlon=14.6648321#map=18/64.0154908/14.6648321,"https://overpass-turbo.eu/?Q=[out:json];(nwr(around:50,64.0154908,14.6648321););out center;"
12353051,Z 19,Lakavattnet - Häbbersflyarna - Haravattnet - Lakavattnet +  Nils-Jonsavattnet,20.5807785008245,63.9761983,14.4911253,https://www.openstreetmap.org/?mlat=63.9761983&mlon=14.4911253#map=18/63.9761983/14.4911253,"https://overpass-turbo.eu/?Q=[out:json];(nwr(around:50,63.9761983,14.4911253););out center;"
12353048,Z 19,Lakavattnet - Häbbersflyarna - Haravattnet - Lakavattnet +  Nils-Jonsavattnet,360.473246931766,64.0251914,14.7186757,https://www.openstreetmap.org/?mlat=64.0251914&mlon=14.7186757#map=18/64.0251914/14.7186757,"https://overpass-turbo.eu/?Q=[out:json];(nwr(around:50,64.0251914,14.7186757););out center;"
12353045,Z 19,Lakavattnet - Häbbersflyarna - Haravattnet - Lakavattnet +  Nils-Jonsavattnet,0.337685356201783,64.056735,14.6481174,https://www.openstreetmap.org/?mlat=64.056735&mlon=14.6481174#map=18/64.056735/14.6481174,"https://overpass-turbo.eu/?Q=[out:json];(nwr(around:50,64.056735,14.6481174););out center;"
12353111,Z 19,Lakavattnet - Häbbersflyarna - Haravattnet - Lakavattnet +  Nils-Jonsavattnet,983.065668549722,63.9939955,14.6122425,https://www.openstreetmap.org/?mlat=63.9939955&mlon=14.6122425#map=18/63.9939955/14.6122425,"https://overpass-turbo.eu/?Q=[out:json];(nwr(around:50,63.9939955,14.6122425););out center;"
12353110,Z 19,Lakavattnet - Häbbersflyarna - Haravattnet - Lakavattnet +  Nils-Jonsavattnet,2739.14119791149,64.0169455,14.6141697,https://www.openstreetmap.org/?mlat=64.0169455&mlon=14.6141697#map=18/64.0169455/14.6141697,"https://overpass-turbo.eu/?Q=[out:json];(nwr(around:50,64.0169455,14.6141697););out center;"
12353109,Z 19,Lakavattnet - Häbbersflyarna - Haravattnet - Lakavattnet +  Nils-Jonsavattnet,851.004229614135,63.9780207,14.4812191,https://www.openstreetmap.org/?mlat=63.9780207&mlon=14.4812191#map=18/63.9780207/14.4812191,"https://overpass-turbo.eu/?Q=[out:json];(nwr(around:50,63.9780207,14.4812191););out center;"
12353108,Z 19,Lakavattnet - Häbbersflyarna - Haravattnet - Lakavattnet +  Nils-Jonsavattnet,365.441085204039,63.9801333,14.5013397,https://www.openstreetmap.org/?mlat=63.9801333&mlon=14.5013397#map=18/63.9801333/14.5013397,"https://overpass-turbo.eu/?Q=[out:json];(nwr(around:50,63.9801333,14.5013397););out center;"
12353107,Z 19,Lakavattnet - Häbbersflyarna - Haravattnet - Lakavattnet +  Nils-Jonsavattnet,340.34563265046,63.9769835,14.496265,https://www.openstreetmap.org/?mlat=63.9769835&mlon=14.496265#map=18/63.9769835/14.496265,"https://overpass-turbo.eu/?Q=[out:json];(nwr(around:50,63.9769835,14.496265););out center;"
12353106,Z 19,Lakavattnet - Häbbersflyarna - Haravattnet - Lakavattnet +  Nils-Jonsavattnet,1931.79239730527,64.0140438,14.5762444,https://www.openstreetmap.org/?mlat=64.0140438&mlon=14.5762444#map=18/64.0140438/14.5762444,"https://overpass-turbo.eu/?Q=[out:json];(nwr(around:50,64.0140438,14.5762444););out center;"
12353189,Z 19,Lakavattnet - Häbbersflyarna - Haravattnet - Lakavattnet +  Nils-Jonsavattnet,551.22295800808,64.0133393,14.6789333,https://www.openstreetmap.org/?mlat=64.0133393&mlon=14.6789333#map=18/64.0133393/14.6789333,"https://overpass-turbo.eu/?Q=[out:json];(nwr(around:50,64.0133393,14.6789333););out center;"
12347414,Z 19,Lakavattnet - Häbbersflyarna - Haravattnet - Lakavattnet +  Nils-Jonsavattnet,258.398647418311,64.0165844,14.5568637,https://www.openstreetmap.org/?mlat=64.0165844&mlon=14.5568637#map=18/64.0165844/14.5568637,"https://overpass-turbo.eu/?Q=[out:json];(nwr(around:50,64.0165844,14.5568637););out center;"
12345455,Z 19,Lakavattnet - Häbbersflyarna - Haravattnet - Lakavattnet +  Nils-Jonsavattnet,28.6727242432595,64.0550513,14.6510324,https://www.openstreetmap.org/?mlat=64.0550513&mlon=14.6510324#map=18/64.0550513/14.6510324,"https://overpass-turbo.eu/?Q=[out:json];(nwr(around:50,64.0550513,14.6510324););out center;"
12345454,Z 19,Lakavattnet - Häbbersflyarna - Haravattnet - Lakavattnet +  Nils-Jonsavattnet,70.8919894482444,64.0491207,14.7007943,https://www.openstreetmap.org/?mlat=64.0491207&mlon=14.7007943#map=18/64.0491207/14.7007943,"https://overpass-turbo.eu/?Q=[out:json];(nwr(around:50,64.0491207,14.7007943););out center;"
12345189,Z 19,Lakavattnet - Häbbersflyarna - Haravattnet - Lakavattnet +  Nils-Jonsavattnet,101.620625726586,64.0120086,14.7000503,https://www.openstreetmap.org/?mlat=64.0120086&mlon=14.7000503#map=18/64.0120086/14.7000503,"https://overpass-turbo.eu/?Q=[out:json];(nwr(around:50,64.0120086,14.7000503););out center;"
12345188,Z 19,Lakavattnet - Häbbersflyarna - Haravattnet - Lakavattnet +  Nils-Jonsavattnet,75.7739540932107,64.0433824,14.7066372,https://www.openstreetmap.org/?mlat=64.0433824&mlon=14.7066372#map=18/64.0433824/14.7066372,"https://overpass-turbo.eu/?Q=[out:json];(nwr(around:50,64.0433824,14.7066372););out center;"
12345187,Z 19,Lakavattnet - Häbbersflyarna - Haravattnet - Lakavattnet +  Nils-Jonsavattnet,8.14877438214734,64.0167832,14.5595004,https://www.openstreetmap.org/?mlat=64.0167832&mlon=14.5595004#map=18/64.0167832/14.5595004,"https://overpass-turbo.eu/?Q=[out:json];(nwr(around:50,64.0167832,14.5595004););out center;"
12345186,Z 19,Lakavattnet - Häbbersflyarna - Haravattnet - Lakavattnet +  Nils-Jonsavattnet,25.4882517746902,64.0216678,14.5326276,https://www.openstreetmap.org/?mlat=64.0216678&mlon=14.5326276#map=18/64.0216678/14.5326276,"https://overpass-turbo.eu/?Q=[out:json];(nwr(around:50,64.0216678,14.5326276););out center;"
12345185,Z 19,Lakavattnet - Häbbersflyarna - Haravattnet - Lakavattnet +  Nils-Jonsavattnet,7.96373929319638,64.0168636,14.5541851,https://www.openstreetmap.org/?mlat=64.0168636&mlon=14.5541851#map=18/64.0168636/14.5541851,"https://overpass-turbo.eu/?Q=[out:json];(nwr(around:50,64.0168636,14.5541851););out center;"
12345184,Z 19,Lakavattnet - Häbbersflyarna - Haravattnet - Lakavattnet +  Nils-Jonsavattnet,62.69650843811,64.0604767,14.6280975,https://www.openstreetmap.org/?mlat=64.0604767&mlon=14.6280975#map=18/64.0604767/14.6280975,"https://overpass-turbo.eu/?Q=[out:json];(nwr(around:50,64.0604767,14.6280975););out center;"
12345183,Z 19,Lakavattnet - Häbbersflyarna - Haravattnet - Lakavattnet +  Nils-Jonsavattnet,9.10781329463884,63.9822979,14.7979982,https://www.openstreetmap.org/?mlat=63.9822979&mlon=14.7979982#map=18/63.9822979/14.7979982,"https://overpass-turbo.eu/?Q=[out:json];(nwr(around:50,63.9822979,14.7979982););out center;"
12345182,Z 19,Lakavattnet - Häbbersflyarna - Haravattnet - Lakavattnet +  Nils-Jonsavattnet,12.5162576020151,64.0549857,14.6508118,https://www.openstreetmap.org/?mlat=64.0549857&mlon=14.6508118#map=18/64.0549857/14.6508118,"https://overpass-turbo.eu/?Q=[out:json];(nwr(around:50,64.0549857,14.6508118););out center;"
12345181,Z 19,Lakavattnet - Häbbersflyarna - Haravattnet - Lakavattnet +  Nils-Jonsavattnet,30.2245648334265,64.0602537,14.6264796,https://www.openstreetmap.org/?mlat=64.0602537&mlon=14.6264796#map=18/64.0602537/14.6264796,"https://overpass-turbo.eu/?Q=[out:json];(nwr(around:50,64.0602537,14.6264796););out center;"
12345180,Z 19,Lakavattnet - Häbbersflyarna - Haravattnet - Lakavattnet +  Nils-Jonsavattnet,43.6558749718752,64.0394151,14.7080153,https://www.openstreetmap.org/?mlat=64.0394151&mlon=14.7080153#map=18/64.0394151/14.7080153,"https://overpass-turbo.eu/?Q=[out:json];(nwr(around:50,64.0394151,14.7080153););out center;"
12345179,Z 19,Lakavattnet - Häbbersflyarna - Haravattnet - Lakavattnet +  Nils-Jonsavattnet,14.5543356814982,64.0169346,14.5599482,https://www.openstreetmap.org/?mlat=64.0169346&mlon=14.5599482#map=18/64.0169346/14.5599482,"https://overpass-turbo.eu/?Q=[out:json];(nwr(around:50,64.0169346,14.5599482););out center;"
12345178,Z 19,Lakavattnet - Häbbersflyarna - Haravattnet - Lakavattnet +  Nils-Jonsavattnet,92.9206932964751,64.0176661,14.547717,https://www.openstreetmap.org/?mlat=64.0176661&mlon=14.547717#map=18/64.0176661/14.547717,"https://overpass-turbo.eu/?Q=[out:json];(nwr(around:50,64.0176661,14.547717););out center;"
12345177,Z 19,Lakavattnet - Häbbersflyarna - Haravattnet - Lakavattnet +  Nils-Jonsavattnet,52.8448845619895,63.9755482,14.4461717,https://www.openstreetmap.org/?mlat=63.9755482&mlon=14.4461717#map=18/63.9755482/14.4461717,"https://overpass-turbo.eu/?Q=[out:json];(nwr(around:50,63.9755482,14.4461717););out center;"
12345176,Z 19,Lakavattnet - Häbbersflyarna - Haravattnet - Lakavattnet +  Nils-Jonsavattnet,51.1341827842198,64.0502234,14.6864135,https://www.openstreetmap.org/?mlat=64.0502234&mlon=14.6864135#map=18/64.0502234/14.6864135,"https://overpass-turbo.eu/?Q=[out:json];(nwr(around:50,64.0502234,14.6864135););out center;"
12345175,Z 19,Lakavattnet - Häbbersflyarna - Haravattnet - Lakavattnet +  Nils-Jonsavattnet,9.90155831775989,64.0174473,14.5499729,https://www.openstreetmap.org/?mlat=64.0174473&mlon=14.5499729#map=18/64.0174473/14.5499729,"https://overpass-turbo.eu/?Q=[out:json];(nwr(around:50,64.0174473,14.5499729););out center;"
12345174,Z 19,Lakavattnet - Häbbersflyarna - Haravattnet - Lakavattnet +  Nils-Jonsavattnet,19.8017190778983,64.0359987,14.711516,https://www.openstreetmap.org/?mlat=64.0359987&mlon=14.711516#map=18/64.0359987/14.711516,"https://overpass-turbo.eu/?Q=[out:json];(nwr(around:50,64.0359987,14.711516););out center;"
12345173,Z 19,Lakavattnet - Häbbersflyarna - Haravattnet - Lakavattnet +  Nils-Jonsavattnet,19.2020575215262,64.0414691,14.7067763,https://www.openstreetmap.org/?mlat=64.0414691&mlon=14.7067763#map=18/64.0414691/14.7067763,"https://overpass-turbo.eu/?Q=[out:json];(nwr(around:50,64.0414691,14.7067763););out center;"
12345172,Z 19,Lakavattnet - Häbbersflyarna - Haravattnet - Lakavattnet +  Nils-Jonsavattnet,24.5668265620389,64.0172489,14.5518036,https://www.openstreetmap.org/?mlat=64.0172489&mlon=14.5518036#map=18/64.0172489/14.5518036,"https://overpass-turbo.eu/?Q=[out:json];(nwr(around:50,64.0172489,14.5518036););out center;"
12350742,Z 19,Lakavattnet - Häbbersflyarna - Haravattnet - Lakavattnet +  Nils-Jonsavattnet,117.479577647879,63.978039,14.4987299,https://www.openstreetmap.org/?mlat=63.978039&mlon=14.4987299#map=18/63.978039/14.4987299,"https://overpass-turbo.eu/?Q=[out:json];(nwr(around:50,63.978039,14.4987299););out center;"
12350681,Z 19,Lakavattnet - Häbbersflyarna - Haravattnet - Lakavattnet +  Nils-Jonsavattnet,79.779503467056,63.9762009,14.491131,https://www.openstreetmap.org/?mlat=63.9762009&mlon=14.491131#map=18/63.9762009/14.491131,"https://overpass-turbo.eu/?Q=[out:json];(nwr(around:50,63.9762009,14.491131););out center;"
12350679,Z 19,Lakavattnet - Häbbersflyarna - Haravattnet - Lakavattnet +  Nils-Jonsavattnet,521.828644056974,64.00279,14.596111,https://www.openstreetmap.org/?mlat=64.00279&mlon=14.596111#map=18/64.00279/14.596111,"https://overpass-turbo.eu/?Q=[out:json];(nwr(around:50,64.00279,14.596111););out center;"
12350678,Z 19,Lakavattnet - Häbbersflyarna - Haravattnet - Lakavattnet +  Nils-Jonsavattnet,0.811387558445408,64.0027832,14.5961057,https://www.openstreetmap.org/?mlat=64.0027832&mlon=14.5961057#map=18/64.0027832/14.5961057,"https://overpass-turbo.eu/?Q=[out:json];(nwr(around:50,64.0027832,14.5961057););out center;"
12350677,Z 19,Lakavattnet - Häbbersflyarna - Haravattnet - Lakavattnet +  Nils-Jonsavattnet,6.0341012586797,64.006556,14.589769,https://www.openstreetmap.org/?mlat=64.006556&mlon=14.589769#map=18/64.006556/14.589769,"https://overpass-turbo.eu/?Q=[out:json];(nwr(around:50,64.006556,14.589769););out center;"
12353359,Z 19,Lakavattnet - Häbbersflyarna - Haravattnet - Lakavattnet +  Nils-Jonsavattnet,225.009913296459,64.00279,14.596111,https://www.openstreetmap.org/?mlat=64.00279&mlon=14.596111#map=18/64.00279/14.596111,"https://overpass-turbo.eu/?Q=[out:json];(nwr(around:50,64.00279,14.596111););out center;"
12353358,Z 19,Lakavattnet - Häbbersflyarna - Haravattnet - Lakavattnet +  Nils-Jonsavattnet,91.3013790718315,64.0512448,14.6565304,https://www.openstreetmap.org/?mlat=64.0512448&mlon=14.6565304#map=18/64.0512448/14.6565304,"https://overpass-turbo.eu/?Q=[out:json];(nwr(around:50,64.0512448,14.6565304););out center;"
12353356,Z 19,Lakavattnet - Häbbersflyarna - Haravattnet - Lakavattnet +  Nils-Jonsavattnet,102.289187788544,64.0436935,14.5615295,https://www.openstreetmap.org/?mlat=64.0436935&mlon=14.5615295#map=18/64.0436935/14.5615295,"https://overpass-turbo.eu/?Q=[out:json];(nwr(around:50,64.0436935,14.5615295););out center;"
12353355,Z 19,Lakavattnet - Häbbersflyarna - Haravattnet - Lakavattnet +  Nils-Jonsavattnet,1417.04449617409,63.9790823,14.4611245,https://www.openstreetmap.org/?mlat=63.9790823&mlon=14.4611245#map=18/63.9790823/14.4611245,"https://overpass-turbo.eu/?Q=[out:json];(nwr(around:50,63.9790823,14.4611245););out center;"
12353354,Z 19,Lakavattnet - Häbbersflyarna - Haravattnet - Lakavattnet +  Nils-Jonsavattnet,37.8688190588595,64.0115083,14.6857704,https://www.openstreetmap.org/?mlat=64.0115083&mlon=14.6857704#map=18/64.0115083/14.6857704,"https://overpass-turbo.eu/?Q=[out:json];(nwr(around:50,64.0115083,14.6857704););out center;"
12353353,Z 19,Lakavattnet - Häbbersflyarna - Haravattnet - Lakavattnet +  Nils-Jonsavattnet,19.0354541771401,63.9776443,14.4982386,https://www.openstreetmap.org/?mlat=63.9776443&mlon=14.4982386#map=18/63.9776443/14.4982386,"https://overpass-turbo.eu/?Q=[out:json];(nwr(around:50,63.9776443,14.4982386););out center;"
12353352,Z 19,Lakavattnet - Häbbersflyarna - Haravattnet - Lakavattnet +  Nils-Jonsavattnet,8599.76856634735,63.9363631,14.7041814,https://www.openstreetmap.org/?mlat=63.9363631&mlon=14.7041814#map=18/63.9363631/14.7041814,"https://overpass-turbo.eu/?Q=[out:json];(nwr(around:50,63.9363631,14.7041814););out center;"
12353350,Z 19,Lakavattnet - Häbbersflyarna - Haravattnet - Lakavattnet +  Nils-Jonsavattnet,539.33957551128,64.0474433,14.7036678,https://www.openstreetmap.org/?mlat=64.0474433&mlon=14.7036678#map=18/64.0474433/14.7036678,"https://overpass-turbo.eu/?Q=[out:json];(nwr(around:50,64.0474433,14.7036678););out center;"
12353238,Z 19,Lakavattnet - Häbbersflyarna - Haravattnet - Lakavattnet +  Nils-Jonsavattnet,2840.07307449713,63.9669694,14.7333541,https://www.openstreetmap.org/?mlat=63.9669694&mlon=14.7333541#map=18/63.9669694/14.7333541,"https://overpass-turbo.eu/?Q=[out:json];(nwr(around:50,63.9669694,14.7333541););out center;"
12353406,Z 19,Lakavattnet - Häbbersflyarna - Haravattnet - Lakavattnet +  Nils-Jonsavattnet,170.214742861639,64.0441553,14.7063811,https://www.openstreetmap.org/?mlat=64.0441553&mlon=14.7063811#map=18/64.0441553/14.7063811,"https://overpass-turbo.eu/?Q=[out:json];(nwr(around:50,64.0441553,14.7063811););out center;"
12353405,Z 19,Lakavattnet - Häbbersflyarna - Haravattnet - Lakavattnet +  Nils-Jonsavattnet,611.25335460342,64.0538217,14.6552225,https://www.openstreetmap.org/?mlat=64.0538217&mlon=14.6552225#map=18/64.0538217/14.6552225,"https://overpass-turbo.eu/?Q=[out:json];(nwr(around:50,64.0538217,14.6552225););out center;"
12353404,Z 19,Lakavattnet - Häbbersflyarna - Haravattnet - Lakavattnet +  Nils-Jonsavattnet,1204.42263320209,64.0467773,14.5719444,https://www.openstreetmap.org/?mlat=64.0467773&mlon=14.5719444#map=18/64.0467773/14.5719444,"https://overpass-turbo.eu/?Q=[out:json];(nwr(around:50,64.0467773,14.5719444););out center;"
12353403,Z 19,Lakavattnet - Häbbersflyarna - Haravattnet - Lakavattnet +  Nils-Jonsavattnet,138.174575654478,64.0418948,14.706805,https://www.openstreetmap.org/?mlat=64.0418948&mlon=14.706805#map=18/64.0418948/14.706805,"https://overpass-turbo.eu/?Q=[out:json];(nwr(around:50,64.0418948,14.706805););out center;"
12353402,Z 19,Lakavattnet - Häbbersflyarna - Haravattnet - Lakavattnet +  Nils-Jonsavattnet,306.968570332665,64.0178949,14.5450806,https://www.openstreetmap.org/?mlat=64.0178949&mlon=14.5450806#map=18/64.0178949/14.5450806,"https://overpass-turbo.eu/?Q=[out:json];(nwr(around:50,64.0178949,14.5450806););out center;"
12353401,Z 19,Lakavattnet - Häbbersflyarna - Haravattnet - Lakavattnet +  Nils-Jonsavattnet,457.600827343866,64.0370173,14.7090846,https://www.openstreetmap.org/?mlat=64.0370173&mlon=14.7090846#map=18/64.0370173/14.7090846,"https://overpass-turbo.eu/?Q=[out:json];(nwr(around:50,64.0370173,14.7090846););out center;"
12353399,Z 19,Lakavattnet - Häbbersflyarna - Haravattnet - Lakavattnet +  Nils-Jonsavattnet,112.843912780244,63.9770589,14.4895572,https://www.openstreetmap.org/?mlat=63.9770589&mlon=14.4895572#map=18/63.9770589/14.4895572,"https://overpass-turbo.eu/?Q=[out:json];(nwr(around:50,63.9770589,14.4895572););out center;"
12353398,Z 19,Lakavattnet - Häbbersflyarna - Haravattnet - Lakavattnet +  Nils-Jonsavattnet,853.633970905979,63.9757707,14.7039124,https://www.openstreetmap.org/?mlat=63.9757707&mlon=14.7039124#map=18/63.9757707/14.7039124,"https://overpass-turbo.eu/?Q=[out:json];(nwr(around:50,63.9757707,14.7039124););out center;"
12353237,Z 19,Lakavattnet - Häbbersflyarna - Haravattnet - Lakavattnet +  Nils-Jonsavattnet,262.601730422707,64.0533881,14.6017915,https://www.openstreetmap.org/?mlat=64.0533881&mlon=14.6017915#map=18/64.0533881/14.6017915,"https://overpass-turbo.eu/?Q=[out:json];(nwr(around:50,64.0533881,14.6017915););out center;"
12353236,Z 19,Lakavattnet - Häbbersflyarna - Haravattnet - Lakavattnet +  Nils-Jonsavattnet,2256.6060514652,63.9560285,14.7848559,https://www.openstreetmap.org/?mlat=63.9560285&mlon=14.7848559#map=18/63.9560285/14.7848559,"https://overpass-turbo.eu/?Q=[out:json];(nwr(around:50,63.9560285,14.7848559););out center;"
12353235,Z 19,Lakavattnet - Häbbersflyarna - Haravattnet - Lakavattnet +  Nils-Jonsavattnet,7014.62236529243,64.0061701,14.760078,https://www.openstreetmap.org/?mlat=64.0061701&mlon=14.760078#map=18/64.0061701/14.760078,"https://overpass-turbo.eu/?Q=[out:json];(nwr(around:50,64.0061701,14.760078););out center;"
12353234,Z 19,Lakavattnet - Häbbersflyarna - Haravattnet - Lakavattnet +  Nils-Jonsavattnet,68.0917681201627,64.0173007,14.5513252,https://www.openstreetmap.org/?mlat=64.0173007&mlon=14.5513252#map=18/64.0173007/14.5513252,"https://overpass-turbo.eu/?Q=[out:json];(nwr(around:50,64.0173007,14.5513252););out center;"
12353233,Z 19,Lakavattnet - Häbbersflyarna - Haravattnet - Lakavattnet +  Nils-Jonsavattnet,2301.30574358378,64.0148589,14.7142304,https://www.openstreetmap.org/?mlat=64.0148589&mlon=14.7142304#map=18/64.0148589/14.7142304,"https://overpass-turbo.eu/?Q=[out:json];(nwr(around:50,64.0148589,14.7142304););out center;"
12353232,Z 19,Lakavattnet - Häbbersflyarna - Haravattnet - Lakavattnet +  Nils-Jonsavattnet,430.317007217873,63.9859541,14.501062,https://www.openstreetmap.org/?mlat=63.9859541&mlon=14.501062#map=18/63.9859541/14.501062,"https://overpass-turbo.eu/?Q=[out:json];(nwr(around:50,63.9859541,14.501062););out center;"
12353231,Z 19,Lakavattnet - Häbbersflyarna - Haravattnet - Lakavattnet +  Nils-Jonsavattnet,2953.5643486195,63.9991191,14.4969836,https://www.openstreetmap.org/?mlat=63.9991191&mlon=14.4969836#map=18/63.9991191/14.4969836,"https://overpass-turbo.eu/?Q=[out:json];(nwr(around:50,63.9991191,14.4969836););out center;"
12353230,Z 19,Lakavattnet - Häbbersflyarna - Haravattnet - Lakavattnet +  Nils-Jonsavattnet,38.5456796614677,63.963011,14.7607698,https://www.openstreetmap.org/?mlat=63.963011&mlon=14.7607698#map=18/63.963011/14.7607698,"https://overpass-turbo.eu/?Q=[out:json];(nwr(around:50,63.963011,14.7607698););out center;"
12353229,Z 19,Lakavattnet - Häbbersflyarna - Haravattnet - Lakavattnet +  Nils-Jonsavattnet,272.729397927627,64.0532475,14.5990425,https://www.openstreetmap.org/?mlat=64.0532475&mlon=14.5990425#map=18/64.0532475/14.5990425,"https://overpass-turbo.eu/?Q=[out:json];(nwr(around:50,64.0532475,14.5990425););out center;"
12353228,Z 19,Lakavattnet - Häbbersflyarna - Haravattnet - Lakavattnet +  Nils-Jonsavattnet,373.570976365369,64.0104583,14.6968701,https://www.openstreetmap.org/?mlat=64.0104583&mlon=14.6968701#map=18/64.0104583/14.6968701,"https://overpass-turbo.eu/?Q=[out:json];(nwr(around:50,64.0104583,14.6968701););out center;"
12353227,Z 19,Lakavattnet - Häbbersflyarna - Haravattnet - Lakavattnet +  Nils-Jonsavattnet,545.805790416029,64.0528893,14.5915984,https://www.openstreetmap.org/?mlat=64.0528893&mlon=14.5915984#map=18/64.0528893/14.5915984,"https://overpass-turbo.eu/?Q=[out:json];(nwr(around:50,64.0528893,14.5915984););out center;"
12353226,Z 19,Lakavattnet - Häbbersflyarna - Haravattnet - Lakavattnet +  Nils-Jonsavattnet,5.46336381453771,64.016824,14.5596228,https://www.openstreetmap.org/?mlat=64.016824&mlon=14.5596228#map=18/64.016824/14.5596228,"https://overpass-turbo.eu/?Q=[out:json];(nwr(around:50,64.016824,14.5596228););out center;"
12353225,Z 19,Lakavattnet - Häbbersflyarna - Haravattnet - Lakavattnet +  Nils-Jonsavattnet,5.41414292570856,64.0162852,14.6445065,https://www.openstreetmap.org/?mlat=64.0162852&mlon=14.6445065#map=18/64.0162852/14.6445065,"https://overpass-turbo.eu/?Q=[out:json];(nwr(around:50,64.0162852,14.6445065););out center;"
12353224,Z 19,Lakavattnet - Häbbersflyarna - Haravattnet - Lakavattnet +  Nils-Jonsavattnet,8.45047557774117,64.0441938,14.5634795,https://www.openstreetmap.org/?mlat=64.0441938&mlon=14.5634795#map=18/64.0441938/14.5634795,"https://overpass-turbo.eu/?Q=[out:json];(nwr(around:50,64.0441938,14.5634795););out center;"
12353223,Z 19,Lakavattnet - Häbbersflyarna - Haravattnet - Lakavattnet +  Nils-Jonsavattnet,391.53741396792,64.0108054,14.6914522,https://www.openstreetmap.org/?mlat=64.0108054&mlon=14.6914522#map=18/64.0108054/14.6914522,"https://overpass-turbo.eu/?Q=[out:json];(nwr(around:50,64.0108054,14.6914522););out center;"
12353222,Z 19,Lakavattnet - Häbbersflyarna - Haravattnet - Lakavattnet +  Nils-Jonsavattnet,2.95071613681157,64.0187048,14.5169943,https://www.openstreetmap.org/?mlat=64.0187048&mlon=14.5169943#map=18/64.0187048/14.5169943,"https://overpass-turbo.eu/?Q=[out:json];(nwr(around:50,64.0187048,14.5169943););out center;"
12353221,Z 19,Lakavattnet - Häbbersflyarna - Haravattnet - Lakavattnet +  Nils-Jonsavattnet,676.499072078675,64.0501338,14.6934856,https://www.openstreetmap.org/?mlat=64.0501338&mlon=14.6934856#map=18/64.0501338/14.6934856,"https://overpass-turbo.eu/?Q=[out:json];(nwr(around:50,64.0501338,14.6934856););out center;"
12353220,Z 19,Lakavattnet - Häbbersflyarna - Haravattnet - Lakavattnet +  Nils-Jonsavattnet,70.4418256459186,64.0160306,14.6430765,https://www.openstreetmap.org/?mlat=64.0160306&mlon=14.6430765#map=18/64.0160306/14.6430765,"https://overpass-turbo.eu/?Q=[out:json];(nwr(around:50,64.0160306,14.6430765););out center;"
12353219,Z 19,Lakavattnet - Häbbersflyarna - Haravattnet - Lakavattnet +  Nils-Jonsavattnet,454.7945051765,63.9738133,14.4426077,https://www.openstreetmap.org/?mlat=63.9738133&mlon=14.4426077#map=18/63.9738133/14.4426077,"https://overpass-turbo.eu/?Q=[out:json];(nwr(around:50,63.9738133,14.4426077););out center;"
12353218,Z 19,Lakavattnet - Häbbersflyarna - Haravattnet - Lakavattnet +  Nils-Jonsavattnet,10.3279401005379,64.0174738,14.5496982,https://www.openstreetmap.org/?mlat=64.0174738&mlon=14.5496982#map=18/64.0174738/14.5496982,"https://overpass-turbo.eu/?Q=[out:json];(nwr(around:50,64.0174738,14.5496982););out center;"
12353217,Z 19,Lakavattnet - Häbbersflyarna - Haravattnet - Lakavattnet +  Nils-Jonsavattnet,15.6334677874104,64.017073,14.6462484,https://www.openstreetmap.org/?mlat=64.017073&mlon=14.6462484#map=18/64.017073/14.6462484,"https://overpass-turbo.eu/?Q=[out:json];(nwr(around:50,64.017073,14.6462484););out center;"
12353565,Z 19,Lakavattnet - Häbbersflyarna - Haravattnet - Lakavattnet +  Nils-Jonsavattnet,160.842298539439,64.0294787,14.714406,https://www.openstreetmap.org/?mlat=64.0294787&mlon=14.714406#map=18/64.0294787/14.714406,"https://overpass-turbo.eu/?Q=[out:json];(nwr(around:50,64.0294787,14.714406););out center;"
12353527,Z 19,Lakavattnet - Häbbersflyarna - Haravattnet - Lakavattnet +  Nils-Jonsavattnet,87.9076233312631,63.9757312,14.4466737,https://www.openstreetmap.org/?mlat=63.9757312&mlon=14.4466737#map=18/63.9757312/14.4466737,"https://overpass-turbo.eu/?Q=[out:json];(nwr(around:50,63.9757312,14.4466737););out center;"
12353526,Z 19,Lakavattnet - Häbbersflyarna - Haravattnet - Lakavattnet +  Nils-Jonsavattnet,8967.48111373833,63.9570643,14.5288055,https://www.openstreetmap.org/?mlat=63.9570643&mlon=14.5288055#map=18/63.9570643/14.5288055,"https://overpass-turbo.eu/?Q=[out:json];(nwr(around:50,63.9570643,14.5288055););out center;"
12353525,Z 19,Lakavattnet - Häbbersflyarna - Haravattnet - Lakavattnet +  Nils-Jonsavattnet,518.91713397037,64.0161365,14.6381873,https://www.openstreetmap.org/?mlat=64.0161365&mlon=14.6381873#map=18/64.0161365/14.6381873,"https://overpass-turbo.eu/?Q=[out:json];(nwr(around:50,64.0161365,14.6381873););out center;"
12353524,Z 19,Lakavattnet - Häbbersflyarna - Haravattnet - Lakavattnet +  Nils-Jonsavattnet,188.709880621783,64.0407397,14.7071763,https://www.openstreetmap.org/?mlat=64.0407397&mlon=14.7071763#map=18/64.0407397/14.7071763,"https://overpass-turbo.eu/?Q=[out:json];(nwr(around:50,64.0407397,14.7071763););out center;"
12353523,Z 19,Lakavattnet - Häbbersflyarna - Haravattnet - Lakavattnet +  Nils-Jonsavattnet,675.746906249274,63.9564983,14.8051211,https://www.openstreetmap.org/?mlat=63.9564983&mlon=14.8051211#map=18/63.9564983/14.8051211,"https://overpass-turbo.eu/?Q=[out:json];(nwr(around:50,63.9564983,14.8051211););out center;"
12353529,Z 19,Lakavattnet - Häbbersflyarna - Haravattnet - Lakavattnet +  Nils-Jonsavattnet,2950.66134409918,63.9698211,14.8073546,https://www.openstreetmap.org/?mlat=63.9698211&mlon=14.8073546#map=18/63.9698211/14.8073546,"https://overpass-turbo.eu/?Q=[out:json];(nwr(around:50,63.9698211,14.8073546););out center;"
12353528,Z 19,Lakavattnet - Häbbersflyarna - Haravattnet - Lakavattnet +  Nils-Jonsavattnet,4278.06260932123,64.0310957,14.5451851,https://www.openstreetmap.org/?mlat=64.0310957&mlon=14.5451851#map=18/64.0310957/14.5451851,"https://overpass-turbo.eu/?Q=[out:json];(nwr(around:50,64.0310957,14.5451851););out center;"
12352462,Z 23,Långvattnet - Ruckeltjärnarna - Skansån (Ansätten),572.960571052753,63.9135219,13.7791947,https://www.openstreetmap.org/?mlat=63.9135219&mlon=13.7791947#map=18/63.9135219/13.7791947,"https://overpass-turbo.eu/?Q=[out:json];(nwr(around:50,63.9135219,13.7791947););out center;"
12352461,Z 23,Långvattnet - Ruckeltjärnarna - Skansån (Ansätten),628.375712026075,63.8414991,13.8764834,https://www.openstreetmap.org/?mlat=63.8414991&mlon=13.8764834#map=18/63.8414991/13.8764834,"https://overpass-turbo.eu/?Q=[out:json];(nwr(around:50,63.8414991,13.8764834););out center;"
12352460,Z 23,Långvattnet - Ruckeltjärnarna - Skansån (Ansätten),386.92537873634,63.8801315,13.8609504,https://www.openstreetmap.org/?mlat=63.8801315&mlon=13.8609504#map=18/63.8801315/13.8609504,"https://overpass-turbo.eu/?Q=[out:json];(nwr(around:50,63.8801315,13.8609504););out center;"
12352423,Z 23,Långvattnet - Ruckeltjärnarna - Skansån (Ansätten),30.8706475410275,63.8966109,13.7625543,https://www.openstreetmap.org/?mlat=63.8966109&mlon=13.7625543#map=18/63.8966109/13.7625543,"https://overpass-turbo.eu/?Q=[out:json];(nwr(around:50,63.8966109,13.7625543););out center;"
12352422,Z 23,Långvattnet - Ruckeltjärnarna - Skansån (Ansätten),2907.03943541009,63.8569801,13.8750609,https://www.openstreetmap.org/?mlat=63.8569801&mlon=13.8750609#map=18/63.8569801/13.8750609,"https://overpass-turbo.eu/?Q=[out:json];(nwr(around:50,63.8569801,13.8750609););out center;"
12352421,Z 23,Långvattnet - Ruckeltjärnarna - Skansån (Ansätten),4008.79645990254,63.8973418,13.8321231,https://www.openstreetmap.org/?mlat=63.8973418&mlon=13.8321231#map=18/63.8973418/13.8321231,"https://overpass-turbo.eu/?Q=[out:json];(nwr(around:50,63.8973418,13.8321231););out center;"
12352420,Z 23,Långvattnet - Ruckeltjärnarna - Skansån (Ansätten),78.3073329647913,63.9038233,13.8028446,https://www.openstreetmap.org/?mlat=63.9038233&mlon=13.8028446#map=18/63.9038233/13.8028446,"https://overpass-turbo.eu/?Q=[out:json];(nwr(around:50,63.9038233,13.8028446););out center;"
12352419,Z 23,Långvattnet - Ruckeltjärnarna - Skansån (Ansätten),218.05908429107,63.9041525,13.8024429,https://www.openstreetmap.org/?mlat=63.9041525&mlon=13.8024429#map=18/63.9041525/13.8024429,"https://overpass-turbo.eu/?Q=[out:json];(nwr(around:50,63.9041525,13.8024429););out center;"
12352418,Z 23,Långvattnet - Ruckeltjärnarna - Skansån (Ansätten),669.978766676366,63.9001417,13.7638293,https://www.openstreetmap.org/?mlat=63.9001417&mlon=13.7638293#map=18/63.9001417/13.7638293,"https://overpass-turbo.eu/?Q=[out:json];(nwr(around:50,63.9001417,13.7638293););out center;"
12352417,Z 23,Långvattnet - Ruckeltjärnarna - Skansån (Ansätten),415.538892260594,63.9105806,13.764741,https://www.openstreetmap.org/?mlat=63.9105806&mlon=13.764741#map=18/63.9105806/13.764741,"https://overpass-turbo.eu/?Q=[out:json];(nwr(around:50,63.9105806,13.764741););out center;"
12352570,Z 23,Långvattnet - Ruckeltjärnarna - Skansån (Ansätten),742.335518486321,63.9125353,13.7920301,https://www.openstreetmap.org/?mlat=63.9125353&mlon=13.7920301#map=18/63.9125353/13.7920301,"https://overpass-turbo.eu/?Q=[out:json];(nwr(around:50,63.9125353,13.7920301););out center;"
12352569,Z 23,Långvattnet - Ruckeltjärnarna - Skansån (Ansätten),1471.31344114981,63.8763463,13.8684875,https://www.openstreetmap.org/?mlat=63.8763463&mlon=13.8684875#map=18/63.8763463/13.8684875,"https://overpass-turbo.eu/?Q=[out:json];(nwr(around:50,63.8763463,13.8684875););out center;"
12352568,Z 23,Långvattnet - Ruckeltjärnarna - Skansån (Ansätten),740.538838735787,63.9102853,13.8016023,https://www.openstreetmap.org/?mlat=63.9102853&mlon=13.8016023#map=18/63.9102853/13.8016023,"https://overpass-turbo.eu/?Q=[out:json];(nwr(around:50,63.9102853,13.8016023););out center;"
12352567,Z 23,Långvattnet - Ruckeltjärnarna - Skansån (Ansätten),739.507308102916,63.9061251,13.7656949,https://www.openstreetmap.org/?mlat=63.9061251&mlon=13.7656949#map=18/63.9061251/13.7656949,"https://overpass-turbo.eu/?Q=[out:json];(nwr(around:50,63.9061251,13.7656949););out center;"
12352566,Z 23,Långvattnet - Ruckeltjärnarna - Skansån (Ansätten),76.6885784343129,63.9062456,13.8002333,https://www.openstreetmap.org/?mlat=63.9062456&mlon=13.8002333#map=18/63.9062456/13.8002333,"https://overpass-turbo.eu/?Q=[out:json];(nwr(around:50,63.9062456,13.8002333););out center;"
12352565,Z 23,Långvattnet - Ruckeltjärnarna - Skansån (Ansätten),1075.75754436846,63.8909839,13.7617718,https://www.openstreetmap.org/?mlat=63.8909839&mlon=13.7617718#map=18/63.8909839/13.7617718,"https://overpass-turbo.eu/?Q=[out:json];(nwr(around:50,63.8909839,13.7617718););out center;"
12352564,Z 23,Långvattnet - Ruckeltjärnarna - Skansån (Ansätten),429.179038685265,63.9138318,13.7703442,https://www.openstreetmap.org/?mlat=63.9138318&mlon=13.7703442#map=18/63.9138318/13.7703442,"https://overpass-turbo.eu/?Q=[out:json];(nwr(around:50,63.9138318,13.7703442););out center;"
12344782,Z 12,Sielkentjakkstugan - Härbergsdalen,4465.13687306754,64.726795,14.574742,https://www.openstreetmap.org/?mlat=64.726795&mlon=14.574742#map=18/64.726795/14.574742,"https://overpass-turbo.eu/?Q=[out:json];(nwr(around:50,64.726795,14.574742););out center;"
12344781,Z 12,Sielkentjakkstugan - Härbergsdalen,423.099076926698,64.704623,14.66766,https://www.openstreetmap.org/?mlat=64.704623&mlon=14.66766#map=18/64.704623/14.66766,"https://overpass-turbo.eu/?Q=[out:json];(nwr(around:50,64.704623,14.66766););out center;"
12344780,Z 12,Sielkentjakkstugan - Härbergsdalen,196.852740695026,64.705509,14.690015,https://www.openstreetmap.org/?mlat=64.705509&mlon=14.690015#map=18/64.705509/14.690015,"https://overpass-turbo.eu/?Q=[out:json];(nwr(around:50,64.705509,14.690015););out center;"
12344779,Z 12,Sielkentjakkstugan - Härbergsdalen,799.613017482563,64.703908,14.6714776,https://www.openstreetmap.org/?mlat=64.703908&mlon=14.6714776#map=18/64.703908/14.6714776,"https://overpass-turbo.eu/?Q=[out:json];(nwr(around:50,64.703908,14.6714776););out center;"
12344778,Z 12,Sielkentjakkstugan - Härbergsdalen,2394.93303943213,64.7034104,14.687661,https://www.openstreetmap.org/?mlat=64.7034104&mlon=14.687661#map=18/64.7034104/14.687661,"https://overpass-turbo.eu/?Q=[out:json];(nwr(around:50,64.7034104,14.687661););out center;"
12344777,Z 12,Sielkentjakkstugan - Härbergsdalen,2738.40644972648,64.7126461,14.6436711,https://www.openstreetmap.org/?mlat=64.7126461&mlon=14.6436711#map=18/64.7126461/14.6436711,"https://overpass-turbo.eu/?Q=[out:json];(nwr(around:50,64.7126461,14.6436711););out center;"
12348877,Z 14,Sipmesjaure - Gransjön - Blomhöjden (justerad),26839.356394008,64.670351,14.5401193,https://www.openstreetmap.org/?mlat=64.670351&mlon=14.5401193#map=18/64.670351/14.5401193,"https://overpass-turbo.eu/?Q=[out:json];(nwr(around:50,64.670351,14.5401193););out center;"
12350978,Z 16,Blomhöjden - Jougdaberg - Fiskåvattnet,27069.8439622119,64.4801288,14.651368,https://www.openstreetmap.org/?mlat=64.4801288&mlon=14.651368#map=18/64.4801288/14.651368,"https://overpass-turbo.eu/?Q=[out:json];(nwr(around:50,64.4801288,14.651368););out center;"
12352367,Z 16,Blomhöjden - Jougdaberg - Fiskåvattnet,2612.77977497988,64.550916,14.637023,https://www.openstreetmap.org/?mlat=64.550916&mlon=14.637023#map=18/64.550916/14.637023,"https://overpass-turbo.eu/?Q=[out:json];(nwr(around:50,64.550916,14.637023););out center;"
12352366,Z 16,Blomhöjden - Jougdaberg - Fiskåvattnet,7608.74073887348,64.579503,14.697742,https://www.openstreetmap.org/?mlat=64.579503&mlon=14.697742#map=18/64.579503/14.697742,"https://overpass-turbo.eu/?Q=[out:json];(nwr(around:50,64.579503,14.697742););out center;"
12345462,Z 20,Dunnervattnet - Vargkojvattnet - Storfulvurn (justerad),55.1178397261721,64.158074,14.7690333,https://www.openstreetmap.org/?mlat=64.158074&mlon=14.7690333#map=18/64.158074/14.7690333,"https://overpass-turbo.eu/?Q=[out:json];(nwr(around:50,64.158074,14.7690333););out center;"
12345461,Z 20,Dunnervattnet - Vargkojvattnet - Storfulvurn (justerad),3846.682835953,64.2933071,14.6012429,https://www.openstreetmap.org/?mlat=64.2933071&mlon=14.6012429#map=18/64.2933071/14.6012429,"https://overpass-turbo.eu/?Q=[out:json];(nwr(around:50,64.2933071,14.6012429););out center;"
12345460,Z 20,Dunnervattnet - Vargkojvattnet - Storfulvurn (justerad),292.572840328849,64.1560351,14.7668134,https://www.openstreetmap.org/?mlat=64.1560351&mlon=14.7668134#map=18/64.1560351/14.7668134,"https://overpass-turbo.eu/?Q=[out:json];(nwr(around:50,64.1560351,14.7668134););out center;"
12345459,Z 20,Dunnervattnet - Vargkojvattnet - Storfulvurn (justerad),13.0185474496965,64.2808899,14.7621624,https://www.openstreetmap.org/?mlat=64.2808899&mlon=14.7621624#map=18/64.2808899/14.7621624,"https://overpass-turbo.eu/?Q=[out:json];(nwr(around:50,64.2808899,14.7621624););out center;"
12345458,Z 20,Dunnervattnet - Vargkojvattnet - Storfulvurn (justerad),9.32196959445803,64.1599801,14.7710024,https://www.openstreetmap.org/?mlat=64.1599801&mlon=14.7710024#map=18/64.1599801/14.7710024,"https://overpass-turbo.eu/?Q=[out:json];(nwr(around:50,64.1599801,14.7710024););out center;"
12345457,Z 20,Dunnervattnet - Vargkojvattnet - Storfulvurn (justerad),2944.32917932745,64.3102647,14.5570812,https://www.openstreetmap.org/?mlat=64.3102647&mlon=14.5570812#map=18/64.3102647/14.5570812,"https://overpass-turbo.eu/?Q=[out:json];(nwr(around:50,64.3102647,14.5570812););out center;"
12345192,Z 20,Dunnervattnet - Vargkojvattnet - Storfulvurn (justerad),3225.90952637708,64.287765,14.6582369,https://www.openstreetmap.org/?mlat=64.287765&mlon=14.6582369#map=18/64.287765/14.6582369,"https://overpass-turbo.eu/?Q=[out:json];(nwr(around:50,64.287765,14.6582369););out center;"
12345191,Z 20,Dunnervattnet - Vargkojvattnet - Storfulvurn (justerad),43.7085258116832,64.2832266,14.6899875,https://www.openstreetmap.org/?mlat=64.2832266&mlon=14.6899875#map=18/64.2832266/14.6899875,"https://overpass-turbo.eu/?Q=[out:json];(nwr(around:50,64.2832266,14.6899875););out center;"
12345190,Z 20,Dunnervattnet - Vargkojvattnet - Storfulvurn (justerad),4466.71934461069,64.2801659,14.7274999,https://www.openstreetmap.org/?mlat=64.2801659&mlon=14.7274999#map=18/64.2801659/14.7274999,"https://overpass-turbo.eu/?Q=[out:json];(nwr(around:50,64.2801659,14.7274999););out center;"
12345325,Z 20,Dunnervattnet - Vargkojvattnet - Storfulvurn (justerad),0.621466917864499,64.2830293,14.6904332,https://www.openstreetmap.org/?mlat=64.2830293&mlon=14.6904332#map=18/64.2830293/14.6904332,"https://overpass-turbo.eu/?Q=[out:json];(nwr(around:50,64.2830293,14.6904332););out center;"
12345324,Z 20,Dunnervattnet - Vargkojvattnet - Storfulvurn (justerad),223.670142841125,64.1596579,14.7706827,https://www.openstreetmap.org/?mlat=64.1596579&mlon=14.7706827#map=18/64.1596579/14.7706827,"https://overpass-turbo.eu/?Q=[out:json];(nwr(around:50,64.1596579,14.7706827););out center;"
12345323,Z 20,Dunnervattnet - Vargkojvattnet - Storfulvurn (justerad),2.87620539008541,64.3022267,14.5767676,https://www.openstreetmap.org/?mlat=64.3022267&mlon=14.5767676#map=18/64.3022267/14.5767676,"https://overpass-turbo.eu/?Q=[out:json];(nwr(around:50,64.3022267,14.5767676););out center;"
12345322,Z 20,Dunnervattnet - Vargkojvattnet - Storfulvurn (justerad),17118.8584713359,64.2277404,14.7731254,https://www.openstreetmap.org/?mlat=64.2277404&mlon=14.7731254#map=18/64.2277404/14.7731254,"https://overpass-turbo.eu/?Q=[out:json];(nwr(around:50,64.2277404,14.7731254););out center;"
12351053,Z 24,Långvattnet - Sandtjärnen - Jänsmässholmen,2668.01398378972,63.8506315,13.7944151,https://www.openstreetmap.org/?mlat=63.8506315&mlon=13.7944151#map=18/63.8506315/13.7944151,"https://overpass-turbo.eu/?Q=[out:json];(nwr(around:50,63.8506315,13.7944151););out center;"
12350977,Z 24,Långvattnet - Sandtjärnen - Jänsmässholmen,2302.78518466256,63.8164064,13.8303349,https://www.openstreetmap.org/?mlat=63.8164064&mlon=13.8303349#map=18/63.8164064/13.8303349,"https://overpass-turbo.eu/?Q=[out:json];(nwr(around:50,63.8164064,13.8303349););out center;"
12350976,Z 24,Långvattnet - Sandtjärnen - Jänsmässholmen,209.046421380841,63.8814836,13.7658805,https://www.openstreetmap.org/?mlat=63.8814836&mlon=13.7658805#map=18/63.8814836/13.7658805,"https://overpass-turbo.eu/?Q=[out:json];(nwr(around:50,63.8814836,13.7658805););out center;"
12350931,Z 24,Långvattnet - Sandtjärnen - Jänsmässholmen,268.45949311312,63.8413384,13.8099665,https://www.openstreetmap.org/?mlat=63.8413384&mlon=13.8099665#map=18/63.8413384/13.8099665,"https://overpass-turbo.eu/?Q=[out:json];(nwr(around:50,63.8413384,13.8099665););out center;"
12352470,Z 24,Långvattnet - Sandtjärnen - Jänsmässholmen,1278.90207380865,63.8322016,13.8202372,https://www.openstreetmap.org/?mlat=63.8322016&mlon=13.8202372#map=18/63.8322016/13.8202372,"https://overpass-turbo.eu/?Q=[out:json];(nwr(around:50,63.8322016,13.8202372););out center;"
12352469,Z 24,Långvattnet - Sandtjärnen - Jänsmässholmen,7.17632406528579,63.8263446,13.8244309,https://www.openstreetmap.org/?mlat=63.8263446&mlon=13.8244309#map=18/63.8263446/13.8244309,"https://overpass-turbo.eu/?Q=[out:json];(nwr(around:50,63.8263446,13.8244309););out center;"
12352468,Z 24,Långvattnet - Sandtjärnen - Jänsmässholmen,165.975593360563,63.8796991,13.7675939,https://www.openstreetmap.org/?mlat=63.8796991&mlon=13.7675939#map=18/63.8796991/13.7675939,"https://overpass-turbo.eu/?Q=[out:json];(nwr(around:50,63.8796991,13.7675939););out center;"
12352467,Z 24,Långvattnet - Sandtjärnen - Jänsmässholmen,21.880540059377,63.8264061,13.8243875,https://www.openstreetmap.org/?mlat=63.8264061&mlon=13.8243875#map=18/63.8264061/13.8243875,"https://overpass-turbo.eu/?Q=[out:json];(nwr(around:50,63.8264061,13.8243875););out center;"
12352466,Z 24,Långvattnet - Sandtjärnen - Jänsmässholmen,3371.64180615043,63.7942161,13.8357471,https://www.openstreetmap.org/?mlat=63.7942161&mlon=13.8357471#map=18/63.7942161/13.8357471,"https://overpass-turbo.eu/?Q=[out:json];(nwr(around:50,63.7942161,13.8357471););out center;"
12352465,Z 24,Långvattnet - Sandtjärnen - Jänsmässholmen,23.7776619870415,63.8825246,13.7648781,https://www.openstreetmap.org/?mlat=63.8825246&mlon=13.7648781#map=18/63.8825246/13.7648781,"https://overpass-turbo.eu/?Q=[out:json];(nwr(around:50,63.8825246,13.7648781););out center;"
12352464,Z 24,Långvattnet - Sandtjärnen - Jänsmässholmen,301.748182866279,63.8383717,13.8129792,https://www.openstreetmap.org/?mlat=63.8383717&mlon=13.8129792#map=18/63.8383717/13.8129792,"https://overpass-turbo.eu/?Q=[out:json];(nwr(around:50,63.8383717,13.8129792););out center;"
12352463,Z 24,Långvattnet - Sandtjärnen - Jänsmässholmen,508.914525620727,63.8846871,13.7635456,https://www.openstreetmap.org/?mlat=63.8846871&mlon=13.7635456#map=18/63.8846871/13.7635456,"https://overpass-turbo.eu/?Q=[out:json];(nwr(around:50,63.8846871,13.7635456););out center;"
12352637,Z 24,Långvattnet - Sandtjärnen - Jänsmässholmen,24.9699885720839,63.8806208,13.7668033,https://www.openstreetmap.org/?mlat=63.8806208&mlon=13.7668033#map=18/63.8806208/13.7668033,"https://overpass-turbo.eu/?Q=[out:json];(nwr(around:50,63.8806208,13.7668033););out center;"
12352636,Z 24,Långvattnet - Sandtjärnen - Jänsmässholmen,60.2962000299355,63.8424735,13.8081282,https://www.openstreetmap.org/?mlat=63.8424735&mlon=13.8081282#map=18/63.8424735/13.8081282,"https://overpass-turbo.eu/?Q=[out:json];(nwr(around:50,63.8424735,13.8081282););out center;"
12352635,Z 24,Långvattnet - Sandtjärnen - Jänsmässholmen,36.642159054428,63.8063087,13.8341703,https://www.openstreetmap.org/?mlat=63.8063087&mlon=13.8341703#map=18/63.8063087/13.8341703,"https://overpass-turbo.eu/?Q=[out:json];(nwr(around:50,63.8063087,13.8341703););out center;"
12352634,Z 24,Långvattnet - Sandtjärnen - Jänsmässholmen,124.489871819558,63.8779889,13.7691636,https://www.openstreetmap.org/?mlat=63.8779889&mlon=13.7691636#map=18/63.8779889/13.7691636,"https://overpass-turbo.eu/?Q=[out:json];(nwr(around:50,63.8779889,13.7691636););out center;"
12352633,Z 24,Långvattnet - Sandtjärnen - Jänsmässholmen,1829.84772676523,63.8699916,13.7755093,https://www.openstreetmap.org/?mlat=63.8699916&mlon=13.7755093#map=18/63.8699916/13.7755093,"https://overpass-turbo.eu/?Q=[out:json];(nwr(around:50,63.8699916,13.7755093););out center;"
12352632,Z 24,Långvattnet - Sandtjärnen - Jänsmässholmen,25.2915053332142,63.8369965,13.81483,https://www.openstreetmap.org/?mlat=63.8369965&mlon=13.81483#map=18/63.8369965/13.81483,"https://overpass-turbo.eu/?Q=[out:json];(nwr(around:50,63.8369965,13.81483););out center;"
12352631,Z 24,Långvattnet - Sandtjärnen - Jänsmässholmen,55.4644283721558,63.8399235,13.810999,https://www.openstreetmap.org/?mlat=63.8399235&mlon=13.810999#map=18/63.8399235/13.810999,"https://overpass-turbo.eu/?Q=[out:json];(nwr(around:50,63.8399235,13.810999););out center;"
12352953,Z 25,Ansätten - Klemmetrubäcken (Jänsmässholmen),379.831027782094,63.8285479,13.8682294,https://www.openstreetmap.org/?mlat=63.8285479&mlon=13.8682294#map=18/63.8285479/13.8682294,"https://overpass-turbo.eu/?Q=[out:json];(nwr(around:50,63.8285479,13.8682294););out center;"
12352952,Z 25,Ansätten - Klemmetrubäcken (Jänsmässholmen),25.3510410452904,63.830815,13.8695592,https://www.openstreetmap.org/?mlat=63.830815&mlon=13.8695592#map=18/63.830815/13.8695592,"https://overpass-turbo.eu/?Q=[out:json];(nwr(around:50,63.830815,13.8695592););out center;"
12352951,Z 25,Ansätten - Klemmetrubäcken (Jänsmässholmen),156.894607430151,63.8275342,13.8617522,https://www.openstreetmap.org/?mlat=63.8275342&mlon=13.8617522#map=18/63.8275342/13.8617522,"https://overpass-turbo.eu/?Q=[out:json];(nwr(around:50,63.8275342,13.8617522););out center;"
12352965,Z 25,Ansätten - Klemmetrubäcken (Jänsmässholmen),19.4357845866844,63.8278056,13.8634895,https://www.openstreetmap.org/?mlat=63.8278056&mlon=13.8634895#map=18/63.8278056/13.8634895,"https://overpass-turbo.eu/?Q=[out:json];(nwr(around:50,63.8278056,13.8634895););out center;"
12352964,Z 25,Ansätten - Klemmetrubäcken (Jänsmässholmen),13.958684934513,63.8249483,13.8524921,https://www.openstreetmap.org/?mlat=63.8249483&mlon=13.8524921#map=18/63.8249483/13.8524921,"https://overpass-turbo.eu/?Q=[out:json];(nwr(around:50,63.8249483,13.8524921););out center;"
12352963,Z 25,Ansätten - Klemmetrubäcken (Jänsmässholmen),21.876424821633,63.8270889,13.8604008,https://www.openstreetmap.org/?mlat=63.8270889&mlon=13.8604008#map=18/63.8270889/13.8604008,"https://overpass-turbo.eu/?Q=[out:json];(nwr(around:50,63.8270889,13.8604008););out center;"
12352962,Z 25,Ansätten - Klemmetrubäcken (Jänsmässholmen),22.7975093519007,63.8310859,13.8695845,https://www.openstreetmap.org/?mlat=63.8310859&mlon=13.8695845#map=18/63.8310859/13.8695845,"https://overpass-turbo.eu/?Q=[out:json];(nwr(around:50,63.8310859,13.8695845););out center;"
12352961,Z 25,Ansätten - Klemmetrubäcken (Jänsmässholmen),26.8579182611727,63.8374375,13.8877751,https://www.openstreetmap.org/?mlat=63.8374375&mlon=13.8877751#map=18/63.8374375/13.8877751,"https://overpass-turbo.eu/?Q=[out:json];(nwr(around:50,63.8374375,13.8877751););out center;"
12352960,Z 25,Ansätten - Klemmetrubäcken (Jänsmässholmen),118.985115509601,63.8279982,13.8647207,https://www.openstreetmap.org/?mlat=63.8279982&mlon=13.8647207#map=18/63.8279982/13.8647207,"https://overpass-turbo.eu/?Q=[out:json];(nwr(around:50,63.8279982,13.8647207););out center;"
12352959,Z 25,Ansätten - Klemmetrubäcken (Jänsmässholmen),361.897363258622,63.8205339,13.8325629,https://www.openstreetmap.org/?mlat=63.8205339&mlon=13.8325629#map=18/63.8205339/13.8325629,"https://overpass-turbo.eu/?Q=[out:json];(nwr(around:50,63.8205339,13.8325629););out center;"
12352958,Z 25,Ansätten - Klemmetrubäcken (Jänsmässholmen),397.991288152817,63.8330482,13.8703018,https://www.openstreetmap.org/?mlat=63.8330482&mlon=13.8703018#map=18/63.8330482/13.8703018,"https://overpass-turbo.eu/?Q=[out:json];(nwr(around:50,63.8330482,13.8703018););out center;"
12352957,Z 25,Ansätten - Klemmetrubäcken (Jänsmässholmen),917.647288524607,63.8233789,13.8440467,https://www.openstreetmap.org/?mlat=63.8233789&mlon=13.8440467#map=18/63.8233789/13.8440467,"https://overpass-turbo.eu/?Q=[out:json];(nwr(around:50,63.8233789,13.8440467););out center;"
12352956,Z 25,Ansätten - Klemmetrubäcken (Jänsmässholmen),25.0432862304451,63.8346619,13.8721374,https://www.openstreetmap.org/?mlat=63.8346619&mlon=13.8721374#map=18/63.8346619/13.8721374,"https://overpass-turbo.eu/?Q=[out:json];(nwr(around:50,63.8346619,13.8721374););out center;"
12352955,Z 25,Ansätten - Klemmetrubäcken (Jänsmässholmen),29.398593520269,63.8214766,13.83495,https://www.openstreetmap.org/?mlat=63.8214766&mlon=13.83495#map=18/63.8214766/13.83495,"https://overpass-turbo.eu/?Q=[out:json];(nwr(around:50,63.8214766,13.83495););out center;"
12352954,Z 25,Ansätten - Klemmetrubäcken (Jänsmässholmen),436.558979243257,63.825621,13.8565161,https://www.openstreetmap.org/?mlat=63.825621&mlon=13.8565161#map=18/63.825621/13.8565161,"https://overpass-turbo.eu/?Q=[out:json];(nwr(around:50,63.825621,13.8565161););out center;"
12352912,Z 25,Ansätten - Klemmetrubäcken (Jänsmässholmen),4975.24318752288,63.8418719,13.9328574,https://www.openstreetmap.org/?mlat=63.8418719&mlon=13.9328574#map=18/63.8418719/13.9328574,"https://overpass-turbo.eu/?Q=[out:json];(nwr(around:50,63.8418719,13.9328574););out center;"
12352911,Z 25,Ansätten - Klemmetrubäcken (Jänsmässholmen),1026.30560828075,63.8382303,13.8794149,https://www.openstreetmap.org/?mlat=63.8382303&mlon=13.8794149#map=18/63.8382303/13.8794149,"https://overpass-turbo.eu/?Q=[out:json];(nwr(around:50,63.8382303,13.8794149););out center;"
12352910,Z 25,Ansätten - Klemmetrubäcken (Jänsmässholmen),6.66628803533121,63.8308217,13.8695599,https://www.openstreetmap.org/?mlat=63.8308217&mlon=13.8695599#map=18/63.8308217/13.8695599,"https://overpass-turbo.eu/?Q=[out:json];(nwr(around:50,63.8308217,13.8695599););out center;"
12348716,Z 29,Kolåsen - Rutsdalen - Strydalen - Anjan,9945.83936628016,63.7791776,12.8761908,https://www.openstreetmap.org/?mlat=63.7791776&mlon=12.8761908#map=18/63.7791776/12.8761908,"https://overpass-turbo.eu/?Q=[out:json];(nwr(around:50,63.7791776,12.8761908););out center;"
12348678,Z 29,Kolåsen - Rutsdalen - Strydalen - Anjan,559.388973276399,63.7147931,12.6343454,https://www.openstreetmap.org/?mlat=63.7147931&mlon=12.6343454#map=18/63.7147931/12.6343454,"https://overpass-turbo.eu/?Q=[out:json];(nwr(around:50,63.7147931,12.6343454););out center;"
12348721,Z 29,Kolåsen - Rutsdalen - Strydalen - Anjan,76.8741039447604,63.7125631,12.6298677,https://www.openstreetmap.org/?mlat=63.7125631&mlon=12.6298677#map=18/63.7125631/12.6298677,"https://overpass-turbo.eu/?Q=[out:json];(nwr(around:50,63.7125631,12.6298677););out center;"
12348720,Z 29,Kolåsen - Rutsdalen - Strydalen - Anjan,10075.354471215,63.7591601,12.6922479,https://www.openstreetmap.org/?mlat=63.7591601&mlon=12.6922479#map=18/63.7591601/12.6922479,"https://overpass-turbo.eu/?Q=[out:json];(nwr(around:50,63.7591601,12.6922479););out center;"
12348719,Z 29,Kolåsen - Rutsdalen - Strydalen - Anjan,2307.65753887477,63.7123797,12.7137252,https://www.openstreetmap.org/?mlat=63.7123797&mlon=12.7137252#map=18/63.7123797/12.7137252,"https://overpass-turbo.eu/?Q=[out:json];(nwr(around:50,63.7123797,12.7137252););out center;"
12348718,Z 29,Kolåsen - Rutsdalen - Strydalen - Anjan,3536.29838442485,63.7185499,12.6711466,https://www.openstreetmap.org/?mlat=63.7185499&mlon=12.6711466#map=18/63.7185499/12.6711466,"https://overpass-turbo.eu/?Q=[out:json];(nwr(around:50,63.7185499,12.6711466););out center;"
12348717,Z 29,Kolåsen - Rutsdalen - Strydalen - Anjan,7329.90168590334,63.7991426,12.7409995,https://www.openstreetmap.org/?mlat=63.7991426&mlon=12.7409995#map=18/63.7991426/12.7409995,"https://overpass-turbo.eu/?Q=[out:json];(nwr(around:50,63.7991426,12.7409995););out center;"
12353420,Z 34,Storlien - Sevedholm (led 37),5957.46943229421,63.2455082,12.1342402,https://www.openstreetmap.org/?mlat=63.2455082&mlon=12.1342402#map=18/63.2455082/12.1342402,"https://overpass-turbo.eu/?Q=[out:json];(nwr(around:50,63.2455082,12.1342402););out center;"
12354889,Z 35,Rundhögen - Getryggen (led 36),9369.5424105893,63.2282088,12.2366526,https://www.openstreetmap.org/?mlat=63.2282088&mlon=12.2366526#map=18/63.2282088/12.2366526,"https://overpass-turbo.eu/?Q=[out:json];(nwr(around:50,63.2282088,12.2366526););out center;"
12344536,BD 40,Singi - Kebnekaise,13873.1924317264,67.8435748,18.4612046,https://www.openstreetmap.org/?mlat=67.8435748&mlon=18.4612046#map=18/67.8435748/18.4612046,"https://overpass-turbo.eu/?Q=[out:json];(nwr(around:50,67.8435748,18.4612046););out center;"
12344535,BD 40,Singi - Kebnekaise,694.579641515964,67.8675475,18.6126551,https://www.openstreetmap.org/?mlat=67.8675475&mlon=18.6126551#map=18/67.8675475/18.6126551,"https://overpass-turbo.eu/?Q=[out:json];(nwr(around:50,67.8675475,18.6126551););out center;"
12352643,Z 48,Sörbotten - Ottfjället - Vålådalen (justerad),4974.01727901833,63.1602858,12.9646471,https://www.openstreetmap.org/?mlat=63.1602858&mlon=12.9646471#map=18/63.1602858/12.9646471,"https://overpass-turbo.eu/?Q=[out:json];(nwr(around:50,63.1602858,12.9646471););out center;"
12352641,Z 48,Sörbotten - Ottfjället - Vålådalen (justerad),0.336641203657544,63.1831114,12.9577171,https://www.openstreetmap.org/?mlat=63.1831114&mlon=12.9577171#map=18/63.1831114/12.9577171,"https://overpass-turbo.eu/?Q=[out:json];(nwr(around:50,63.1831114,12.9577171););out center;"
12352640,Z 48,Sörbotten - Ottfjället - Vålådalen (justerad),2000.67552289199,63.1938469,12.9539174,https://www.openstreetmap.org/?mlat=63.1938469&mlon=12.9539174#map=18/63.1938469/12.9539174,"https://overpass-turbo.eu/?Q=[out:json];(nwr(around:50,63.1938469,12.9539174););out center;"
12348320,Z 48,Sörbotten - Ottfjället - Vålådalen (justerad),549.878043663018,63.1973231,12.9368295,https://www.openstreetmap.org/?mlat=63.1973231&mlon=12.9368295#map=18/63.1973231/12.9368295,"https://overpass-turbo.eu/?Q=[out:json];(nwr(around:50,63.1973231,12.9368295););out center;"
12352859,Z 76,Lunndörrsstugorna - Tossåsen via Dörrsjön,177.793456764022,63.0581462,13.0630438,https://www.openstreetmap.org/?mlat=63.0581462&mlon=13.0630438#map=18/63.0581462/13.0630438,"https://overpass-turbo.eu/?Q=[out:json];(nwr(around:50,63.0581462,13.0630438););out center;"
12352321,Z 76,Lunndörrsstugorna - Tossåsen via Dörrsjön,2294.36825012251,63.003532,13.2011406,https://www.openstreetmap.org/?mlat=63.003532&mlon=13.2011406#map=18/63.003532/13.2011406,"https://overpass-turbo.eu/?Q=[out:json];(nwr(around:50,63.003532,13.2011406););out center;"
12352320,Z 76,Lunndörrsstugorna - Tossåsen via Dörrsjön,33.793665888001,63.0581805,13.0629485,https://www.openstreetmap.org/?mlat=63.0581805&mlon=13.0629485#map=18/63.0581805/13.0629485,"https://overpass-turbo.eu/?Q=[out:json];(nwr(around:50,63.0581805,13.0629485););out center;"
12352319,Z 76,Lunndörrsstugorna - Tossåsen via Dörrsjön,79.1534328373697,63.0585864,13.0628344,https://www.openstreetmap.org/?mlat=63.0585864&mlon=13.0628344#map=18/63.0585864/13.0628344,"https://overpass-turbo.eu/?Q=[out:json];(nwr(around:50,63.0585864,13.0628344););out center;"
12352318,Z 76,Lunndörrsstugorna - Tossåsen via Dörrsjön,9504.61586200671,63.0603492,13.1267764,https://www.openstreetmap.org/?mlat=63.0603492&mlon=13.1267764#map=18/63.0603492/13.1267764,"https://overpass-turbo.eu/?Q=[out:json];(nwr(around:50,63.0603492,13.1267764););out center;"
12352317,Z 76,Lunndörrsstugorna - Tossåsen via Dörrsjön,3358.28846384572,62.9939509,13.2178896,https://www.openstreetmap.org/?mlat=62.9939509&mlon=13.2178896#map=18/62.9939509/13.2178896,"https://overpass-turbo.eu/?Q=[out:json];(nwr(around:50,62.9939509,13.2178896););out center;"
12352316,Z 76,Lunndörrsstugorna - Tossåsen via Dörrsjön,165.415737385943,63.060818,13.0631969,https://www.openstreetmap.org/?mlat=63.060818&mlon=13.0631969#map=18/63.060818/13.0631969,"https://overpass-turbo.eu/?Q=[out:json];(nwr(around:50,63.060818,13.0631969););out center;"
12352315,Z 76,Lunndörrsstugorna - Tossåsen via Dörrsjön,79.6728950050141,63.0600118,13.0627318,https://www.openstreetmap.org/?mlat=63.0600118&mlon=13.0627318#map=18/63.0600118/13.0627318,"https://overpass-turbo.eu/?Q=[out:json];(nwr(around:50,63.0600118,13.0627318););out center;"
12352314,Z 76,Lunndörrsstugorna - Tossåsen via Dörrsjön,4790.59111469225,62.9554259,13.2306553,https://www.openstreetmap.org/?mlat=62.9554259&mlon=13.2306553#map=18/62.9554259/13.2306553,"https://overpass-turbo.eu/?Q=[out:json];(nwr(around:50,62.9554259,13.2306553););out center;"
12347821,Z 76,Lunndörrsstugorna - Tossåsen via Dörrsjön,66.5260375854723,63.0623797,13.0623669,https://www.openstreetmap.org/?mlat=63.0623797&mlon=13.0623669#map=18/63.0623797/13.0623669,"https://overpass-turbo.eu/?Q=[out:json];(nwr(around:50,63.0623797,13.0623669););out center;"
12347820,Z 76,Lunndörrsstugorna - Tossåsen via Dörrsjön,125.073412947165,63.0585864,13.0628344,https://www.openstreetmap.org/?mlat=63.0585864&mlon=13.0628344#map=18/63.0585864/13.0628344,"https://overpass-turbo.eu/?Q=[out:json];(nwr(around:50,63.0585864,13.0628344););out center;"
12353607,Z 76,Lunndörrsstugorna - Tossåsen via Dörrsjön,67.0723475873627,63.0614282,13.0628814,https://www.openstreetmap.org/?mlat=63.0614282&mlon=13.0628814#map=18/63.0614282/13.0628814,"https://overpass-turbo.eu/?Q=[out:json];(nwr(around:50,63.0614282,13.0628814););out center;"
12348676,Z 72,Hosjöbottnarna - Visjön,333.495168307683,63.0406692,13.5672235,https://www.openstreetmap.org/?mlat=63.0406692&mlon=13.5672235#map=18/63.0406692/13.5672235,"https://overpass-turbo.eu/?Q=[out:json];(nwr(around:50,63.0406692,13.5672235););out center;"
12348675,Z 72,Hosjöbottnarna - Visjön,300.45048866688,63.0637994,13.5102156,https://www.openstreetmap.org/?mlat=63.0637994&mlon=13.5102156#map=18/63.0637994/13.5102156,"https://overpass-turbo.eu/?Q=[out:json];(nwr(around:50,63.0637994,13.5102156););out center;"
12348674,Z 72,Hosjöbottnarna - Visjön,105.52619626715,63.0642151,13.5317508,https://www.openstreetmap.org/?mlat=63.0642151&mlon=13.5317508#map=18/63.0642151/13.5317508,"https://overpass-turbo.eu/?Q=[out:json];(nwr(around:50,63.0642151,13.5317508););out center;"
12348673,Z 72,Hosjöbottnarna - Visjön,38.3047773517873,63.0735296,13.5130859,https://www.openstreetmap.org/?mlat=63.0735296&mlon=13.5130859#map=18/63.0735296/13.5130859,"https://overpass-turbo.eu/?Q=[out:json];(nwr(around:50,63.0735296,13.5130859););out center;"
12348672,Z 72,Hosjöbottnarna - Visjön,214.523425416318,63.0670763,13.5072484,https://www.openstreetmap.org/?mlat=63.0670763&mlon=13.5072484#map=18/63.0670763/13.5072484,"https://overpass-turbo.eu/?Q=[out:json];(nwr(around:50,63.0670763,13.5072484););out center;"
12348671,Z 72,Hosjöbottnarna - Visjön,628.464727376635,63.0761244,13.5253364,https://www.openstreetmap.org/?mlat=63.0761244&mlon=13.5253364#map=18/63.0761244/13.5253364,"https://overpass-turbo.eu/?Q=[out:json];(nwr(around:50,63.0761244,13.5253364););out center;"
12348670,Z 72,Hosjöbottnarna - Visjön,279.122840944709,63.0647547,13.5286583,https://www.openstreetmap.org/?mlat=63.0647547&mlon=13.5286583#map=18/63.0647547/13.5286583,"https://overpass-turbo.eu/?Q=[out:json];(nwr(around:50,63.0647547,13.5286583););out center;"
12348669,Z 72,Hosjöbottnarna - Visjön,62.8203821577838,63.0734024,13.514827,https://www.openstreetmap.org/?mlat=63.0734024&mlon=13.514827#map=18/63.0734024/13.514827,"https://overpass-turbo.eu/?Q=[out:json];(nwr(around:50,63.0734024,13.514827););out center;"
12348668,Z 72,Hosjöbottnarna - Visjön,313.531276616145,63.0651801,13.5089883,https://www.openstreetmap.org/?mlat=63.0651801&mlon=13.5089883#map=18/63.0651801/13.5089883,"https://overpass-turbo.eu/?Q=[out:json];(nwr(around:50,63.0651801,13.5089883););out center;"
12348667,Z 72,Hosjöbottnarna - Visjön,114.684955712683,63.0105338,13.6348767,https://www.openstreetmap.org/?mlat=63.0105338&mlon=13.6348767#map=18/63.0105338/13.6348767,"https://overpass-turbo.eu/?Q=[out:json];(nwr(around:50,63.0105338,13.6348767););out center;"
12348666,Z 72,Hosjöbottnarna - Visjön,27.3910810391975,63.0731765,13.5171413,https://www.openstreetmap.org/?mlat=63.0731765&mlon=13.5171413#map=18/63.0731765/13.5171413,"https://overpass-turbo.eu/?Q=[out:json];(nwr(around:50,63.0731765,13.5171413););out center;"
12348665,Z 72,Hosjöbottnarna - Visjön,413.798920323147,63.0532102,13.5561006,https://www.openstreetmap.org/?mlat=63.0532102&mlon=13.5561006#map=18/63.0532102/13.5561006,"https://overpass-turbo.eu/?Q=[out:json];(nwr(around:50,63.0532102,13.5561006););out center;"
12348664,Z 72,Hosjöbottnarna - Visjön,36.3826544919416,63.0766832,13.5301173,https://www.openstreetmap.org/?mlat=63.0766832&mlon=13.5301173#map=18/63.0766832/13.5301173,"https://overpass-turbo.eu/?Q=[out:json];(nwr(around:50,63.0766832,13.5301173););out center;"
12348663,Z 72,Hosjöbottnarna - Visjön,39.2441132080979,63.0634842,13.5330581,https://www.openstreetmap.org/?mlat=63.0634842&mlon=13.5330581#map=18/63.0634842/13.5330581,"https://overpass-turbo.eu/?Q=[out:json];(nwr(around:50,63.0634842,13.5330581););out center;"
12348662,Z 72,Hosjöbottnarna - Visjön,42.116107985544,63.0732042,13.5168573,https://www.openstreetmap.org/?mlat=63.0732042&mlon=13.5168573#map=18/63.0732042/13.5168573,"https://overpass-turbo.eu/?Q=[out:json];(nwr(around:50,63.0732042,13.5168573););out center;"
12348661,Z 72,Hosjöbottnarna - Visjön,178.702501340706,63.0682117,13.5051624,https://www.openstreetmap.org/?mlat=63.0682117&mlon=13.5051624#map=18/63.0682117/13.5051624,"https://overpass-turbo.eu/?Q=[out:json];(nwr(around:50,63.0682117,13.5051624););out center;"
12348660,Z 72,Hosjöbottnarna - Visjön,362.267739593173,63.0738675,13.5087672,https://www.openstreetmap.org/?mlat=63.0738675&mlon=13.5087672#map=18/63.0738675/13.5087672,"https://overpass-turbo.eu/?Q=[out:json];(nwr(around:50,63.0738675,13.5087672););out center;"
12348659,Z 72,Hosjöbottnarna - Visjön,79.4926794717738,63.0095736,13.637202,https://www.openstreetmap.org/?mlat=63.0095736&mlon=13.637202#map=18/63.0095736/13.637202,"https://overpass-turbo.eu/?Q=[out:json];(nwr(around:50,63.0095736,13.637202););out center;"
12348537,Z 72,Hosjöbottnarna - Visjön,29.8234791316624,63.0738394,13.5192197,https://www.openstreetmap.org/?mlat=63.0738394&mlon=13.5192197#map=18/63.0738394/13.5192197,"https://overpass-turbo.eu/?Q=[out:json];(nwr(around:50,63.0738394,13.5192197););out center;"
12348536,Z 72,Hosjöbottnarna - Visjön,36.6340191784904,63.0740944,13.5200234,https://www.openstreetmap.org/?mlat=63.0740944&mlon=13.5200234#map=18/63.0740944/13.5200234,"https://overpass-turbo.eu/?Q=[out:json];(nwr(around:50,63.0740944,13.5200234););out center;"
12348535,Z 72,Hosjöbottnarna - Visjön,1009.62666954083,63.0600587,13.5424814,https://www.openstreetmap.org/?mlat=63.0600587&mlon=13.5424814#map=18/63.0600587/13.5424814,"https://overpass-turbo.eu/?Q=[out:json];(nwr(around:50,63.0600587,13.5424814););out center;"
12348528,Z 72,Hosjöbottnarna - Visjön,258.81193451936,63.0513512,13.5565076,https://www.openstreetmap.org/?mlat=63.0513512&mlon=13.5565076#map=18/63.0513512/13.5565076,"https://overpass-turbo.eu/?Q=[out:json];(nwr(around:50,63.0513512,13.5565076););out center;"
12348527,Z 72,Hosjöbottnarna - Visjön,116.919161847877,63.0643405,13.5310323,https://www.openstreetmap.org/?mlat=63.0643405&mlon=13.5310323#map=18/63.0643405/13.5310323,"https://overpass-turbo.eu/?Q=[out:json];(nwr(around:50,63.0643405,13.5310323););out center;"
12348526,Z 72,Hosjöbottnarna - Visjön,12.2780066399233,63.0555901,13.5517562,https://www.openstreetmap.org/?mlat=63.0555901&mlon=13.5517562#map=18/63.0555901/13.5517562,"https://overpass-turbo.eu/?Q=[out:json];(nwr(around:50,63.0555901,13.5517562););out center;"
12348525,Z 72,Hosjöbottnarna - Visjön,285.044983182592,63.0649024,13.518408,https://www.openstreetmap.org/?mlat=63.0649024&mlon=13.518408#map=18/63.0649024/13.518408,"https://overpass-turbo.eu/?Q=[out:json];(nwr(around:50,63.0649024,13.518408););out center;"
12348534,Z 72,Hosjöbottnarna - Visjön,1017.28674104125,63.0740851,13.5004654,https://www.openstreetmap.org/?mlat=63.0740851&mlon=13.5004654#map=18/63.0740851/13.5004654,"https://overpass-turbo.eu/?Q=[out:json];(nwr(around:50,63.0740851,13.5004654););out center;"
12348533,Z 72,Hosjöbottnarna - Visjön,111.531109949957,63.0734299,13.5188615,https://www.openstreetmap.org/?mlat=63.0734299&mlon=13.5188615#map=18/63.0734299/13.5188615,"https://overpass-turbo.eu/?Q=[out:json];(nwr(around:50,63.0734299,13.5188615););out center;"
12348532,Z 72,Hosjöbottnarna - Visjön,331.331449668774,63.0627309,13.5337297,https://www.openstreetmap.org/?mlat=63.0627309&mlon=13.5337297#map=18/63.0627309/13.5337297,"https://overpass-turbo.eu/?Q=[out:json];(nwr(around:50,63.0627309,13.5337297););out center;"
12348531,Z 72,Hosjöbottnarna - Visjön,48.6571383988002,63.0734626,13.5140374,https://www.openstreetmap.org/?mlat=63.0734626&mlon=13.5140374#map=18/63.0734626/13.5140374,"https://overpass-turbo.eu/?Q=[out:json];(nwr(around:50,63.0734626,13.5140374););out center;"
12348530,Z 72,Hosjöbottnarna - Visjön,40.0968070221308,63.0650102,13.5215265,https://www.openstreetmap.org/?mlat=63.0650102&mlon=13.5215265#map=18/63.0650102/13.5215265,"https://overpass-turbo.eu/?Q=[out:json];(nwr(around:50,63.0650102,13.5215265););out center;"
12348529,Z 72,Hosjöbottnarna - Visjön,4823.19688854873,63.0319496,13.5992408,https://www.openstreetmap.org/?mlat=63.0319496&mlon=13.5992408#map=18/63.0319496/13.5992408,"https://overpass-turbo.eu/?Q=[out:json];(nwr(around:50,63.0319496,13.5992408););out center;"
12348524,Z 72,Hosjöbottnarna - Visjön,1114.92395294709,63.0793559,13.5385565,https://www.openstreetmap.org/?mlat=63.0793559&mlon=13.5385565#map=18/63.0793559/13.5385565,"https://overpass-turbo.eu/?Q=[out:json];(nwr(around:50,63.0793559,13.5385565););out center;"
12348523,Z 72,Hosjöbottnarna - Visjön,369.936635243212,63.0426767,13.5674284,https://www.openstreetmap.org/?mlat=63.0426767&mlon=13.5674284#map=18/63.0426767/13.5674284,"https://overpass-turbo.eu/?Q=[out:json];(nwr(around:50,63.0426767,13.5674284););out center;"
12348522,Z 72,Hosjöbottnarna - Visjön,855.444770263519,63.048675,13.5586841,https://www.openstreetmap.org/?mlat=63.048675&mlon=13.5586841#map=18/63.048675/13.5586841,"https://overpass-turbo.eu/?Q=[out:json];(nwr(around:50,63.048675,13.5586841););out center;"
12348521,Z 72,Hosjöbottnarna - Visjön,40.4574214823436,63.0734626,13.5140374,https://www.openstreetmap.org/?mlat=63.0734626&mlon=13.5140374#map=18/63.0734626/13.5140374,"https://overpass-turbo.eu/?Q=[out:json];(nwr(around:50,63.0734626,13.5140374););out center;"
12352365,Z 78,Vålåsjön (led 58) - Nyvallen,110.021664121436,62.9858968,12.754733,https://www.openstreetmap.org/?mlat=62.9858968&mlon=12.754733#map=18/62.9858968/12.754733,"https://overpass-turbo.eu/?Q=[out:json];(nwr(around:50,62.9858968,12.754733););out center;"
12352364,Z 78,Vålåsjön (led 58) - Nyvallen,43.0797214706569,62.9850622,12.7566036,https://www.openstreetmap.org/?mlat=62.9850622&mlon=12.7566036#map=18/62.9850622/12.7566036,"https://overpass-turbo.eu/?Q=[out:json];(nwr(around:50,62.9850622,12.7566036););out center;"
12352363,Z 78,Vålåsjön (led 58) - Nyvallen,1896.01215917483,62.9930545,12.7472779,https://www.openstreetmap.org/?mlat=62.9930545&mlon=12.7472779#map=18/62.9930545/12.7472779,"https://overpass-turbo.eu/?Q=[out:json];(nwr(around:50,62.9930545,12.7472779););out center;"
12352362,Z 78,Vålåsjön (led 58) - Nyvallen,9475.14613546921,62.9430053,12.726404,https://www.openstreetmap.org/?mlat=62.9430053&mlon=12.726404#map=18/62.9430053/12.726404,"https://overpass-turbo.eu/?Q=[out:json];(nwr(around:50,62.9430053,12.726404););out center;"
12352324,Z 78,Vålåsjön (led 58) - Nyvallen,1206.82660114872,62.9741316,12.7584664,https://www.openstreetmap.org/?mlat=62.9741316&mlon=12.7584664#map=18/62.9741316/12.7584664,"https://overpass-turbo.eu/?Q=[out:json];(nwr(around:50,62.9741316,12.7584664););out center;"
12346210,Z 79,Ljungris - Ljungdalen via Dunsjön,4351.26977647408,62.9489772,12.7686168,https://www.openstreetmap.org/?mlat=62.9489772&mlon=12.7686168#map=18/62.9489772/12.7686168,"https://overpass-turbo.eu/?Q=[out:json];(nwr(around:50,62.9489772,12.7686168););out center;"
12352772,Z 81,Övre Nedalsjön (V Ekorrpasset) (led 52) - Väketjakke (led 82),40.9887112912812,62.867172,12.4370229,https://www.openstreetmap.org/?mlat=62.867172&mlon=12.4370229#map=18/62.867172/12.4370229,"https://overpass-turbo.eu/?Q=[out:json];(nwr(around:50,62.867172,12.4370229););out center;"
12352771,Z 81,Övre Nedalsjön (V Ekorrpasset) (led 52) - Väketjakke (led 82),73.6004510812934,62.8671197,12.4396215,https://www.openstreetmap.org/?mlat=62.8671197&mlon=12.4396215#map=18/62.8671197/12.4396215,"https://overpass-turbo.eu/?Q=[out:json];(nwr(around:50,62.8671197,12.4396215););out center;"
12352770,Z 81,Övre Nedalsjön (V Ekorrpasset) (led 52) - Väketjakke (led 82),60.8281739715092,62.8723164,12.3728694,https://www.openstreetmap.org/?mlat=62.8723164&mlon=12.3728694#map=18/62.8723164/12.3728694,"https://overpass-turbo.eu/?Q=[out:json];(nwr(around:50,62.8723164,12.3728694););out center;"
12352769,Z 81,Övre Nedalsjön (V Ekorrpasset) (led 52) - Väketjakke (led 82),3.03765051643536,62.8675305,12.4506433,https://www.openstreetmap.org/?mlat=62.8675305&mlon=12.4506433#map=18/62.8675305/12.4506433,"https://overpass-turbo.eu/?Q=[out:json];(nwr(around:50,62.8675305,12.4506433););out center;"
12352768,Z 81,Övre Nedalsjön (V Ekorrpasset) (led 52) - Väketjakke (led 82),47.5115519490787,62.8672024,12.4275377,https://www.openstreetmap.org/?mlat=62.8672024&mlon=12.4275377#map=18/62.8672024/12.4275377,"https://overpass-turbo.eu/?Q=[out:json];(nwr(around:50,62.8672024,12.4275377););out center;"
12352767,Z 81,Övre Nedalsjön (V Ekorrpasset) (led 52) - Väketjakke (led 82),40.0640914984978,62.8728709,12.3700769,https://www.openstreetmap.org/?mlat=62.8728709&mlon=12.3700769#map=18/62.8728709/12.3700769,"https://overpass-turbo.eu/?Q=[out:json];(nwr(around:50,62.8728709,12.3700769););out center;"
12352766,Z 81,Övre Nedalsjön (V Ekorrpasset) (led 52) - Väketjakke (led 82),463.046602398001,62.8708785,12.3675866,https://www.openstreetmap.org/?mlat=62.8708785&mlon=12.3675866#map=18/62.8708785/12.3675866,"https://overpass-turbo.eu/?Q=[out:json];(nwr(around:50,62.8708785,12.3675866););out center;"
12352765,Z 81,Övre Nedalsjön (V Ekorrpasset) (led 52) - Väketjakke (led 82),3309.95326086076,62.8681432,12.4043406,https://www.openstreetmap.org/?mlat=62.8681432&mlon=12.4043406#map=18/62.8681432/12.4043406,"https://overpass-turbo.eu/?Q=[out:json];(nwr(around:50,62.8681432,12.4043406););out center;"
12352416,Z 81,Övre Nedalsjön (V Ekorrpasset) (led 52) - Väketjakke (led 82),2428.92550065827,62.870892,12.4745757,https://www.openstreetmap.org/?mlat=62.870892&mlon=12.4745757#map=18/62.870892/12.4745757,"https://overpass-turbo.eu/?Q=[out:json];(nwr(around:50,62.870892,12.4745757););out center;"
12352415,Z 81,Övre Nedalsjön (V Ekorrpasset) (led 52) - Väketjakke (led 82),19.8653588578208,62.8674727,12.4502335,https://www.openstreetmap.org/?mlat=62.8674727&mlon=12.4502335#map=18/62.8674727/12.4502335,"https://overpass-turbo.eu/?Q=[out:json];(nwr(around:50,62.8674727,12.4502335););out center;"
12352414,Z 81,Övre Nedalsjön (V Ekorrpasset) (led 52) - Väketjakke (led 82),27.5876714761504,62.8730369,12.3701745,https://www.openstreetmap.org/?mlat=62.8730369&mlon=12.3701745#map=18/62.8730369/12.3701745,"https://overpass-turbo.eu/?Q=[out:json];(nwr(around:50,62.8730369,12.3701745););out center;"
12352413,Z 81,Övre Nedalsjön (V Ekorrpasset) (led 52) - Väketjakke (led 82),437.909523815178,62.8670651,12.4438508,https://www.openstreetmap.org/?mlat=62.8670651&mlon=12.4438508#map=18/62.8670651/12.4438508,"https://overpass-turbo.eu/?Q=[out:json];(nwr(around:50,62.8670651,12.4438508););out center;"
12352412,Z 81,Övre Nedalsjön (V Ekorrpasset) (led 52) - Väketjakke (led 82),99.1943946575222,62.8728802,12.3709829,https://www.openstreetmap.org/?mlat=62.8728802&mlon=12.3709829#map=18/62.8728802/12.3709829,"https://overpass-turbo.eu/?Q=[out:json];(nwr(around:50,62.8728802,12.3709829););out center;"
12352411,Z 81,Övre Nedalsjön (V Ekorrpasset) (led 52) - Väketjakke (led 82),61.0502895645082,62.8671629,12.4375386,https://www.openstreetmap.org/?mlat=62.8671629&mlon=12.4375386#map=18/62.8671629/12.4375386,"https://overpass-turbo.eu/?Q=[out:json];(nwr(around:50,62.8671629,12.4375386););out center;"
12352410,Z 81,Övre Nedalsjön (V Ekorrpasset) (led 52) - Väketjakke (led 82),44.5189649531523,62.8676523,12.451478,https://www.openstreetmap.org/?mlat=62.8676523&mlon=12.451478#map=18/62.8676523/12.451478,"https://overpass-turbo.eu/?Q=[out:json];(nwr(around:50,62.8676523,12.451478););out center;"
12352409,Z 81,Övre Nedalsjön (V Ekorrpasset) (led 52) - Väketjakke (led 82),110.178356938288,62.8671822,12.4481635,https://www.openstreetmap.org/?mlat=62.8671822&mlon=12.4481635#map=18/62.8671822/12.4481635,"https://overpass-turbo.eu/?Q=[out:json];(nwr(around:50,62.8671822,12.4481635););out center;"
12352783,Z 81,Övre Nedalsjön (V Ekorrpasset) (led 52) - Väketjakke (led 82),18002.2349829652,62.9122133,12.256693,https://www.openstreetmap.org/?mlat=62.9122133&mlon=12.256693#map=18/62.9122133/12.256693,"https://overpass-turbo.eu/?Q=[out:json];(nwr(around:50,62.9122133,12.256693););out center;"
12344708,Z 88,Klinken - Gröndalen - Fjällnäs,4971.74989051378,62.6351145,12.1847846,https://www.openstreetmap.org/?mlat=62.6351145&mlon=12.1847846#map=18/62.6351145/12.1847846,"https://overpass-turbo.eu/?Q=[out:json];(nwr(around:50,62.6351145,12.1847846););out center;"
12344707,Z 88,Klinken - Gröndalen - Fjällnäs,2567.89765745613,62.6006334,12.1935728,https://www.openstreetmap.org/?mlat=62.6006334&mlon=12.1935728#map=18/62.6006334/12.1935728,"https://overpass-turbo.eu/?Q=[out:json];(nwr(around:50,62.6006334,12.1935728););out center;"
12349181,W 16,STF Grövelsjön - Valosen (ny),2165.06538940785,61.9858527,12.2831343,https://www.openstreetmap.org/?mlat=61.9858527&mlon=12.2831343#map=18/61.9858527/12.2831343,"https://overpass-turbo.eu/?Q=[out:json];(nwr(around:50,61.9858527,12.2831343););out center;"
12349180,W 16,STF Grövelsjön - Valosen (ny),7721.80117852317,62.014938,12.2670112,https://www.openstreetmap.org/?mlat=62.014938&mlon=12.2670112#map=18/62.014938/12.2670112,"https://overpass-turbo.eu/?Q=[out:json];(nwr(around:50,62.014938,12.2670112););out center;"
12353828,W 16,STF Grövelsjön - Valosen (ny),389.314546532699,62.1050099,12.2879809,https://www.openstreetmap.org/?mlat=62.1050099&mlon=12.2879809#map=18/62.1050099/12.2879809,"https://overpass-turbo.eu/?Q=[out:json];(nwr(around:50,62.1050099,12.2879809););out center;"
12353827,W 16,STF Grövelsjön - Valosen (ny),323.195016608926,62.105845,12.2945333,https://www.openstreetmap.org/?mlat=62.105845&mlon=12.2945333#map=18/62.105845/12.2945333,"https://overpass-turbo.eu/?Q=[out:json];(nwr(around:50,62.105845,12.2945333););out center;"
12353826,W 16,STF Grövelsjön - Valosen (ny),1914.9247162709,62.100948,12.2730759,https://www.openstreetmap.org/?mlat=62.100948&mlon=12.2730759#map=18/62.100948/12.2730759,"https://overpass-turbo.eu/?Q=[out:json];(nwr(around:50,62.100948,12.2730759););out center;"
12353824,W 16,STF Grövelsjön - Valosen (ny),1323.62783322546,62.1028541,12.3064941,https://www.openstreetmap.org/?mlat=62.1028541&mlon=12.3064941#map=18/62.1028541/12.3064941,"https://overpass-turbo.eu/?Q=[out:json];(nwr(around:50,62.1028541,12.3064941););out center;"
12353620,W 16,STF Grövelsjön - Valosen (ny),2341.98336547037,62.0717062,12.2573653,https://www.openstreetmap.org/?mlat=62.0717062&mlon=12.2573653#map=18/62.0717062/12.2573653,"https://overpass-turbo.eu/?Q=[out:json];(nwr(around:50,62.0717062,12.2573653););out center;"
12353618,W 16,STF Grövelsjön - Valosen (ny),677.413757901318,62.0818309,12.2717963,https://www.openstreetmap.org/?mlat=62.0818309&mlon=12.2717963#map=18/62.0818309/12.2717963,"https://overpass-turbo.eu/?Q=[out:json];(nwr(around:50,62.0818309,12.2717963););out center;"
12353617,W 16,STF Grövelsjön - Valosen (ny),2051.17182492933,62.0557492,12.2430111,https://www.openstreetmap.org/?mlat=62.0557492&mlon=12.2430111#map=18/62.0557492/12.2430111,"https://overpass-turbo.eu/?Q=[out:json];(nwr(around:50,62.0557492,12.2430111););out center;"
12353616,W 16,STF Grövelsjön - Valosen (ny),1232.98651469394,62.0899588,12.2722092,https://www.openstreetmap.org/?mlat=62.0899588&mlon=12.2722092#map=18/62.0899588/12.2722092,"https://overpass-turbo.eu/?Q=[out:json];(nwr(around:50,62.0899588,12.2722092););out center;"
12346950,W 9,Görälven - Närfjällstugan (korset),14072.5714219057,61.2649101,12.9008093,https://www.openstreetmap.org/?mlat=61.2649101&mlon=12.9008093#map=18/61.2649101/12.9008093,"https://overpass-turbo.eu/?Q=[out:json];(nwr(around:50,61.2649101,12.9008093););out center;"
12346952,W 8,Storbron - Görälven,11644.5589653426,61.3561377,12.8988994,https://www.openstreetmap.org/?mlat=61.3561377&mlon=12.8988994#map=18/61.3561377/12.8988994,"https://overpass-turbo.eu/?Q=[out:json];(nwr(around:50,61.3561377,12.8988994););out center;"
12346826,W 9,Görälven - Närfjällstugan (korset),1921.76891785216,61.2428318,12.9480427,https://www.openstreetmap.org/?mlat=61.2428318&mlon=12.9480427#map=18/61.2428318/12.9480427,"https://overpass-turbo.eu/?Q=[out:json];(nwr(around:50,61.2428318,12.9480427););out center;"
12346672,W 9,Görälven - Närfjällstugan (korset),3321.16575681495,61.2680029,12.953262,https://www.openstreetmap.org/?mlat=61.2680029&mlon=12.953262#map=18/61.2680029/12.953262,"https://overpass-turbo.eu/?Q=[out:json];(nwr(around:50,61.2680029,12.953262););out center;"
12346872,W 9,Görälven - Närfjällstugan (korset),2019.26789853017,61.2765798,12.9626907,https://www.openstreetmap.org/?mlat=61.2765798&mlon=12.9626907#map=18/61.2765798/12.9626907,"https://overpass-turbo.eu/?Q=[out:json];(nwr(around:50,61.2765798,12.9626907););out center;"
12344919,W 9,Görälven - Närfjällstugan (korset),2485.06799396424,61.2929614,12.9430291,https://www.openstreetmap.org/?mlat=61.2929614&mlon=12.9430291#map=18/61.2929614/12.9430291,"https://overpass-turbo.eu/?Q=[out:json];(nwr(around:50,61.2929614,12.9430291););out center;"
12346548,W 9,Görälven - Närfjällstugan (korset),9918.24765667525,61.2680518,12.9516754,https://www.openstreetmap.org/?mlat=61.2680518&mlon=12.9516754#map=18/61.2680518/12.9516754,"https://overpass-turbo.eu/?Q=[out:json];(nwr(around:50,61.2680518,12.9516754););out center;"
12346668,W 9,Görälven - Närfjällstugan (korset),762.069559766394,61.3043101,12.940374,https://www.openstreetmap.org/?mlat=61.3043101&mlon=12.940374#map=18/61.3043101/12.940374,"https://overpass-turbo.eu/?Q=[out:json];(nwr(around:50,61.3043101,12.940374););out center;"
12348386,Z 59,Vålådalen - Vålåstugorna (justerad),3769.37834201021,63.0586371,12.7972064,https://www.openstreetmap.org/?mlat=63.0586371&mlon=12.7972064#map=18/63.0586371/12.7972064,"https://overpass-turbo.eu/?Q=[out:json];(nwr(around:50,63.0586371,12.7972064););out center;"
12348385,Z 59,Vålådalen - Vålåstugorna (justerad),192.041970521265,63.0719249,12.8127056,https://www.openstreetmap.org/?mlat=63.0719249&mlon=12.8127056#map=18/63.0719249/12.8127056,"https://overpass-turbo.eu/?Q=[out:json];(nwr(around:50,63.0719249,12.8127056););out center;"
12348384,Z 59,Vålådalen - Vålåstugorna (justerad),14966.84837629,63.1350386,12.8664328,https://www.openstreetmap.org/?mlat=63.1350386&mlon=12.8664328#map=18/63.1350386/12.8664328,"https://overpass-turbo.eu/?Q=[out:json];(nwr(around:50,63.1350386,12.8664328););out center;"
12344765,Z 90,Ösjöstugan (led 92) - Långbrottsjön,4704.86793154668,62.6740657,12.2942292,https://www.openstreetmap.org/?mlat=62.6740657&mlon=12.2942292#map=18/62.6740657/12.2942292,"https://overpass-turbo.eu/?Q=[out:json];(nwr(around:50,62.6740657,12.2942292););out center;"
12344892,Z 85,Fältjägarstugan - Klinken + separat skoterled N Girtibaune - Ljusnan,5865.23854239442,62.7473591,12.3288818,https://www.openstreetmap.org/?mlat=62.7473591&mlon=12.3288818#map=18/62.7473591/12.3288818,"https://overpass-turbo.eu/?Q=[out:json];(nwr(around:50,62.7473591,12.3288818););out center;"
12344891,Z 85,Fältjägarstugan - Klinken + separat skoterled N Girtibaune - Ljusnan,544.571146687784,62.7699765,12.3567831,https://www.openstreetmap.org/?mlat=62.7699765&mlon=12.3567831#map=18/62.7699765/12.3567831,"https://overpass-turbo.eu/?Q=[out:json];(nwr(around:50,62.7699765,12.3567831););out center;"
12344890,Z 85,Fältjägarstugan - Klinken + separat skoterled N Girtibaune - Ljusnan,54.0695604217412,62.7720747,12.359545,https://www.openstreetmap.org/?mlat=62.7720747&mlon=12.359545#map=18/62.7720747/12.359545,"https://overpass-turbo.eu/?Q=[out:json];(nwr(around:50,62.7720747,12.359545););out center;"
12344889,Z 85,Fältjägarstugan - Klinken + separat skoterled N Girtibaune - Ljusnan,6791.8578244083,62.7962267,12.4016497,https://www.openstreetmap.org/?mlat=62.7962267&mlon=12.4016497#map=18/62.7962267/12.4016497,"https://overpass-turbo.eu/?Q=[out:json];(nwr(around:50,62.7962267,12.4016497););out center;"
12347249,Z 79,Ljungris - Ljungdalen via Dunsjön,5854.82903754025,62.8940012,12.8080565,https://www.openstreetmap.org/?mlat=62.8940012&mlon=12.8080565#map=18/62.8940012/12.8080565,"https://overpass-turbo.eu/?Q=[out:json];(nwr(around:50,62.8940012,12.8080565););out center;"
12346211,Z 79,Ljungris - Ljungdalen via Dunsjön,436.187960021813,62.8660058,12.7978322,https://www.openstreetmap.org/?mlat=62.8660058&mlon=12.7978322#map=18/62.8660058/12.7978322,"https://overpass-turbo.eu/?Q=[out:json];(nwr(around:50,62.8660058,12.7978322););out center;"
12346207,Z 79,Ljungris - Ljungdalen via Dunsjön,826.584540417347,62.87032,12.7926315,https://www.openstreetmap.org/?mlat=62.87032&mlon=12.7926315#map=18/62.87032/12.7926315,"https://overpass-turbo.eu/?Q=[out:json];(nwr(around:50,62.87032,12.7926315););out center;"
12346206,Z 79,Ljungris - Ljungdalen via Dunsjön,4351.26977647408,62.9489772,12.7686168,https://www.openstreetmap.org/?mlat=62.9489772&mlon=12.7686168#map=18/62.9489772/12.7686168,"https://overpass-turbo.eu/?Q=[out:json];(nwr(around:50,62.9489772,12.7686168););out center;"
12346205,Z 79,Ljungris - Ljungdalen via Dunsjön,1087.68406294637,62.9199275,12.7953302,https://www.openstreetmap.org/?mlat=62.9199275&mlon=12.7953302#map=18/62.9199275/12.7953302,"https://overpass-turbo.eu/?Q=[out:json];(nwr(around:50,62.9199275,12.7953302););out center;"
12353069,Z 74,Höglekardalen - Gräftåvallen - Väster Arådalen + skoterled  Stor-Gräftån,2031.52323543634,63.0210614,13.9125494,https://www.openstreetmap.org/?mlat=63.0210614&mlon=13.9125494#map=18/63.0210614/13.9125494,"https://overpass-turbo.eu/?Q=[out:json];(nwr(around:50,63.0210614,13.9125494););out center;"
12353068,Z 74,Höglekardalen - Gräftåvallen - Väster Arådalen + skoterled  Stor-Gräftån,14038.4345650594,62.944526,13.7721487,https://www.openstreetmap.org/?mlat=62.944526&mlon=13.7721487#map=18/62.944526/13.7721487,"https://overpass-turbo.eu/?Q=[out:json];(nwr(around:50,62.944526,13.7721487););out center;"
12353026,Z 74,Höglekardalen - Gräftåvallen - Väster Arådalen + skoterled  Stor-Gräftån,4534.45720020067,62.9928849,13.9132675,https://www.openstreetmap.org/?mlat=62.9928849&mlon=13.9132675#map=18/62.9928849/13.9132675,"https://overpass-turbo.eu/?Q=[out:json];(nwr(around:50,62.9928849,13.9132675););out center;"
12353025,Z 74,Höglekardalen - Gräftåvallen - Väster Arådalen + skoterled  Stor-Gräftån,11985.6787388075,63.022727,13.8236494,https://www.openstreetmap.org/?mlat=63.022727&mlon=13.8236494#map=18/63.022727/13.8236494,"https://overpass-turbo.eu/?Q=[out:json];(nwr(around:50,63.022727,13.8236494););out center;"
12353512,Z 74,Höglekardalen - Gräftåvallen - Väster Arådalen + skoterled  Stor-Gräftån,4559.70332769038,63.0000188,13.8724464,https://www.openstreetmap.org/?mlat=63.0000188&mlon=13.8724464#map=18/63.0000188/13.8724464,"https://overpass-turbo.eu/?Q=[out:json];(nwr(around:50,63.0000188,13.8724464););out center;"
12347969,Z 54,Sylarnas fjällstation - Helags samt sommarled över Herrklumpen,4899.91775356709,62.9783528,12.3190573,https://www.openstreetmap.org/?mlat=62.9783528&mlon=12.3190573#map=18/62.9783528/12.3190573,"https://overpass-turbo.eu/?Q=[out:json];(nwr(around:50,62.9783528,12.3190573););out center;"
12352989,Z 52,Sylarnas fjällstation - Ekorrdörren - Norska gränsen,30.9851646337404,62.9804563,12.2140851,https://www.openstreetmap.org/?mlat=62.9804563&mlon=12.2140851#map=18/62.9804563/12.2140851,"https://overpass-turbo.eu/?Q=[out:json];(nwr(around:50,62.9804563,12.2140851););out center;"
12352988,Z 52,Sylarnas fjällstation - Ekorrdörren - Norska gränsen,154.944203603265,62.982332,12.2532796,https://www.openstreetmap.org/?mlat=62.982332&mlon=12.2532796#map=18/62.982332/12.2532796,"https://overpass-turbo.eu/?Q=[out:json];(nwr(around:50,62.982332,12.2532796););out center;"
12352908,Z 52,Sylarnas fjällstation - Ekorrdörren - Norska gränsen,6766.53037808685,62.9940702,12.2652647,https://www.openstreetmap.org/?mlat=62.9940702&mlon=12.2652647#map=18/62.9940702/12.2652647,"https://overpass-turbo.eu/?Q=[out:json];(nwr(around:50,62.9940702,12.2652647););out center;"
12350583,Z 52,Sylarnas fjällstation - Ekorrdörren - Norska gränsen,1223.21940640451,62.9799609,12.2032852,https://www.openstreetmap.org/?mlat=62.9799609&mlon=12.2032852#map=18/62.9799609/12.2032852,"https://overpass-turbo.eu/?Q=[out:json];(nwr(around:50,62.9799609,12.2032852););out center;"
12350582,Z 52,Sylarnas fjällstation - Ekorrdörren - Norska gränsen,1975.45683705777,62.9809093,12.2323684,https://www.openstreetmap.org/?mlat=62.9809093&mlon=12.2323684#map=18/62.9809093/12.2323684,"https://overpass-turbo.eu/?Q=[out:json];(nwr(around:50,62.9809093,12.2323684););out center;"
12344764,Z 87,Klinken - Ramundberget,5741.72636499855,62.720257,12.3482419,https://www.openstreetmap.org/?mlat=62.720257&mlon=12.3482419#map=18/62.720257/12.3482419,"https://overpass-turbo.eu/?Q=[out:json];(nwr(around:50,62.720257,12.3482419););out center;"
12344763,Z 87,Klinken - Ramundberget,0.483068576912223,62.7051857,12.3899714,https://www.openstreetmap.org/?mlat=62.7051857&mlon=12.3899714#map=18/62.7051857/12.3899714,"https://overpass-turbo.eu/?Q=[out:json];(nwr(around:50,62.7051857,12.3899714););out center;"
12344762,Z 87,Klinken - Ramundberget,104.994198226306,62.7047186,12.3898715,https://www.openstreetmap.org/?mlat=62.7047186&mlon=12.3898715#map=18/62.7047186/12.3898715,"https://overpass-turbo.eu/?Q=[out:json];(nwr(around:50,62.7047186,12.3898715););out center;"
12352756,Z 110,Leipikvattnet - Länsgränsen (ny),14871.7500126255,65.0380712,14.3319822,https://www.openstreetmap.org/?mlat=65.0380712&mlon=14.3319822#map=18/65.0380712/14.3319822,"https://overpass-turbo.eu/?Q=[out:json];(nwr(around:50,65.0380712,14.3319822););out center;"
12352755,Z 110,Leipikvattnet - Länsgränsen (ny),1590.51474949704,64.984941,14.2237302,https://www.openstreetmap.org/?mlat=64.984941&mlon=14.2237302#map=18/64.984941/14.2237302,"https://overpass-turbo.eu/?Q=[out:json];(nwr(around:50,64.984941,14.2237302););out center;"
12352754,Z 110,Leipikvattnet - Länsgränsen (ny),662.621696475818,64.9745086,14.2245289,https://www.openstreetmap.org/?mlat=64.9745086&mlon=14.2245289#map=18/64.9745086/14.2245289,"https://overpass-turbo.eu/?Q=[out:json];(nwr(around:50,64.9745086,14.2245289););out center;"
12352928,Z 110,Leipikvattnet - Länsgränsen (ny),3443.03062450314,64.9286744,14.1853853,https://www.openstreetmap.org/?mlat=64.9286744&mlon=14.1853853#map=18/64.9286744/14.1853853,"https://overpass-turbo.eu/?Q=[out:json];(nwr(around:50,64.9286744,14.1853853););out center;"
12352927,Z 110,Leipikvattnet - Länsgränsen (ny),38.9675364385536,64.9915092,14.2277597,https://www.openstreetmap.org/?mlat=64.9915092&mlon=14.2277597#map=18/64.9915092/14.2277597,"https://overpass-turbo.eu/?Q=[out:json];(nwr(around:50,64.9915092,14.2277597););out center;"
12352926,Z 110,Leipikvattnet - Länsgränsen (ny),0.0521817017737061,64.9399225,14.1929255,https://www.openstreetmap.org/?mlat=64.9399225&mlon=14.1929255#map=18/64.9399225/14.1929255,"https://overpass-turbo.eu/?Q=[out:json];(nwr(around:50,64.9399225,14.1929255););out center;"
12352925,Z 110,Leipikvattnet - Länsgränsen (ny),241.291144156152,64.9721414,14.2209446,https://www.openstreetmap.org/?mlat=64.9721414&mlon=14.2209446#map=18/64.9721414/14.2209446,"https://overpass-turbo.eu/?Q=[out:json];(nwr(around:50,64.9721414,14.2209446););out center;"
12352924,Z 110,Leipikvattnet - Länsgränsen (ny),413.256582964215,64.9796687,14.2270642,https://www.openstreetmap.org/?mlat=64.9796687&mlon=14.2270642#map=18/64.9796687/14.2270642,"https://overpass-turbo.eu/?Q=[out:json];(nwr(around:50,64.9796687,14.2270642););out center;"
12352798,Z 110,Leipikvattnet - Länsgränsen (ny),4236.12800896946,64.9563233,14.201692,https://www.openstreetmap.org/?mlat=64.9563233&mlon=14.201692#map=18/64.9563233/14.201692,"https://overpass-turbo.eu/?Q=[out:json];(nwr(around:50,64.9563233,14.201692););out center;"
12352650,Z 116,St Blåsjön - Mesklumpen -Leddelning Flyn - Leipikvattnet (sjöis) (ny),1.49165044832896,64.9158766,14.1564737,https://www.openstreetmap.org/?mlat=64.9158766&mlon=14.1564737#map=18/64.9158766/14.1564737,"https://overpass-turbo.eu/?Q=[out:json];(nwr(around:50,64.9158766,14.1564737););out center;"
12352649,Z 116,St Blåsjön - Mesklumpen -Leddelning Flyn - Leipikvattnet (sjöis) (ny),38.5053748835146,64.8618761,14.1348414,https://www.openstreetmap.org/?mlat=64.8618761&mlon=14.1348414#map=18/64.8618761/14.1348414,"https://overpass-turbo.eu/?Q=[out:json];(nwr(around:50,64.8618761,14.1348414););out center;"
12344800,Z 116,St Blåsjön - Mesklumpen -Leddelning Flyn - Leipikvattnet (sjöis) (ny),1931.93744150554,64.870925,14.1082523,https://www.openstreetmap.org/?mlat=64.870925&mlon=14.1082523#map=18/64.870925/14.1082523,"https://overpass-turbo.eu/?Q=[out:json];(nwr(around:50,64.870925,14.1082523););out center;"
12344799,Z 116,St Blåsjön - Mesklumpen -Leddelning Flyn - Leipikvattnet (sjöis) (ny),231.322052701014,64.8609504,14.1322163,https://www.openstreetmap.org/?mlat=64.8609504&mlon=14.1322163#map=18/64.8609504/14.1322163,"https://overpass-turbo.eu/?Q=[out:json];(nwr(around:50,64.8609504,14.1322163););out center;"
12344798,Z 116,St Blåsjön - Mesklumpen -Leddelning Flyn - Leipikvattnet (sjöis) (ny),58.4167626494034,64.8731565,14.0909736,https://www.openstreetmap.org/?mlat=64.8731565&mlon=14.0909736#map=18/64.8731565/14.0909736,"https://overpass-turbo.eu/?Q=[out:json];(nwr(around:50,64.8731565,14.0909736););out center;"
12344797,Z 116,St Blåsjön - Mesklumpen -Leddelning Flyn - Leipikvattnet (sjöis) (ny),251.198202247648,64.9075834,14.144792,https://www.openstreetmap.org/?mlat=64.9075834&mlon=14.144792#map=18/64.9075834/14.144792,"https://overpass-turbo.eu/?Q=[out:json];(nwr(around:50,64.9075834,14.144792););out center;"
12344796,Z 116,St Blåsjön - Mesklumpen -Leddelning Flyn - Leipikvattnet (sjöis) (ny),4313.37966898339,64.896295,14.1624069,https://www.openstreetmap.org/?mlat=64.896295&mlon=14.1624069#map=18/64.896295/14.1624069,"https://overpass-turbo.eu/?Q=[out:json];(nwr(around:50,64.896295,14.1624069););out center;"
12344770,Z 116,St Blåsjön - Mesklumpen -Leddelning Flyn - Leipikvattnet (sjöis) (ny),513.250566476518,64.9153018,14.1517372,https://www.openstreetmap.org/?mlat=64.9153018&mlon=14.1517372#map=18/64.9153018/14.1517372,"https://overpass-turbo.eu/?Q=[out:json];(nwr(around:50,64.9153018,14.1517372););out center;"
12344769,Z 116,St Blåsjön - Mesklumpen -Leddelning Flyn - Leipikvattnet (sjöis) (ny),1648.7644332476,64.8808235,14.1967939,https://www.openstreetmap.org/?mlat=64.8808235&mlon=14.1967939#map=18/64.8808235/14.1967939,"https://overpass-turbo.eu/?Q=[out:json];(nwr(around:50,64.8808235,14.1967939););out center;"
12344712,Z 116,St Blåsjön - Mesklumpen -Leddelning Flyn - Leipikvattnet (sjöis) (ny),950.814483865615,64.8619836,14.1242182,https://www.openstreetmap.org/?mlat=64.8619836&mlon=14.1242182#map=18/64.8619836/14.1242182,"https://overpass-turbo.eu/?Q=[out:json];(nwr(around:50,64.8619836,14.1242182););out center;"
12344711,Z 116,St Blåsjön - Mesklumpen -Leddelning Flyn - Leipikvattnet (sjöis) (ny),483.55162795943,64.9113606,14.1494072,https://www.openstreetmap.org/?mlat=64.9113606&mlon=14.1494072#map=18/64.9113606/14.1494072,"https://overpass-turbo.eu/?Q=[out:json];(nwr(around:50,64.9113606,14.1494072););out center;"
12344710,Z 116,St Blåsjön - Mesklumpen -Leddelning Flyn - Leipikvattnet (sjöis) (ny),3426.28270885985,64.8754907,14.1564942,https://www.openstreetmap.org/?mlat=64.8754907&mlon=14.1564942#map=18/64.8754907/14.1564942,"https://overpass-turbo.eu/?Q=[out:json];(nwr(around:50,64.8754907,14.1564942););out center;"
12344709,Z 116,St Blåsjön - Mesklumpen -Leddelning Flyn - Leipikvattnet (sjöis) (ny),4150.96479377984,64.8478801,14.1067586,https://www.openstreetmap.org/?mlat=64.8478801&mlon=14.1067586#map=18/64.8478801/14.1067586,"https://overpass-turbo.eu/?Q=[out:json];(nwr(around:50,64.8478801,14.1067586););out center;"
12350693,BD 77,Kvikkjokk - Västerfjäll,33008.1077320524,66.8118361,17.5350725,https://www.openstreetmap.org/?mlat=66.8118361&mlon=17.5350725#map=18/66.8118361/17.5350725,"https://overpass-turbo.eu/?Q=[out:json];(nwr(around:50,66.8118361,17.5350725););out center;"
12351809,BD 77,Kvikkjokk - Västerfjäll,5708.39669694688,66.7390422,17.4038651,https://www.openstreetmap.org/?mlat=66.7390422&mlon=17.4038651#map=18/66.7390422/17.4038651,"https://overpass-turbo.eu/?Q=[out:json];(nwr(around:50,66.7390422,17.4038651););out center;"
12355815,BD 77,Kvikkjokk - Västerfjäll,582.14577187161,66.7710226,17.4986043,https://www.openstreetmap.org/?mlat=66.7710226&mlon=17.4986043#map=18/66.7710226/17.4986043,"https://overpass-turbo.eu/?Q=[out:json];(nwr(around:50,66.7710226,17.4986043););out center;"
12355986,BD 77,Kvikkjokk - Västerfjäll,2322.69252821093,66.7614366,17.4790268,https://www.openstreetmap.org/?mlat=66.7614366&mlon=17.4790268#map=18/66.7614366/17.4790268,"https://overpass-turbo.eu/?Q=[out:json];(nwr(around:50,66.7614366,17.4790268););out center;"
12355985,BD 77,Kvikkjokk - Västerfjäll,1198.37567993899,66.7519639,17.4499173,https://www.openstreetmap.org/?mlat=66.7519639&mlon=17.4499173#map=18/66.7519639/17.4499173,"https://overpass-turbo.eu/?Q=[out:json];(nwr(around:50,66.7519639,17.4499173););out center;"
12355984,BD 77,Kvikkjokk - Västerfjäll,573.702891472395,66.7842384,17.5535553,https://www.openstreetmap.org/?mlat=66.7842384&mlon=17.5535553#map=18/66.7842384/17.5535553,"https://overpass-turbo.eu/?Q=[out:json];(nwr(around:50,66.7842384,17.5535553););out center;"
12355983,BD 77,Kvikkjokk - Västerfjäll,14518.8340995023,66.889205,17.6595373,https://www.openstreetmap.org/?mlat=66.889205&mlon=17.6595373#map=18/66.889205/17.6595373,"https://overpass-turbo.eu/?Q=[out:json];(nwr(around:50,66.889205,17.6595373););out center;"
12355982,BD 77,Kvikkjokk - Västerfjäll,7436.42593793346,66.8165315,17.5578944,https://www.openstreetmap.org/?mlat=66.8165315&mlon=17.5578944#map=18/66.8165315/17.5578944,"https://overpass-turbo.eu/?Q=[out:json];(nwr(around:50,66.8165315,17.5578944););out center;"
12355981,BD 77,Kvikkjokk - Västerfjäll,2834.86632442116,66.7765793,17.5262062,https://www.openstreetmap.org/?mlat=66.7765793&mlon=17.5262062#map=18/66.7765793/17.5262062,"https://overpass-turbo.eu/?Q=[out:json];(nwr(around:50,66.7765793,17.5262062););out center;"
12350572,BD 77,Kvikkjokk - Västerfjäll,2618.35279880209,66.9350119,17.7257288,https://www.openstreetmap.org/?mlat=66.9350119&mlon=17.7257288#map=18/66.9350119/17.7257288,"https://overpass-turbo.eu/?Q=[out:json];(nwr(around:50,66.9350119,17.7257288););out center;"
12347824,BD 41,Kebnekaise - Nikkaluokta,18133.290971365,67.8516283,18.8205069,https://www.openstreetmap.org/?mlat=67.8516283&mlon=18.8205069#map=18/67.8516283/18.8205069,"https://overpass-turbo.eu/?Q=[out:json];(nwr(around:50,67.8516283,18.8205069););out center;"
12347090,BD 40,Singi - Kebnekaise,14065.3060851603,67.8425372,18.4747067,https://www.openstreetmap.org/?mlat=67.8425372&mlon=18.4747067#map=18/67.8425372/18.4747067,"https://overpass-turbo.eu/?Q=[out:json];(nwr(around:50,67.8425372,18.4747067););out center;"
12353348,Z 29,Kolåsen - Rutsdalen - Strydalen - Anjan,3704.0827713326,63.7982402,12.8320112,https://www.openstreetmap.org/?mlat=63.7982402&mlon=12.8320112#map=18/63.7982402/12.8320112,"https://overpass-turbo.eu/?Q=[out:json];(nwr(around:50,63.7982402,12.8320112););out center;"
12353347,Z 29,Kolåsen - Rutsdalen - Strydalen - Anjan,651.51677668209,63.7838494,12.8711477,https://www.openstreetmap.org/?mlat=63.7838494&mlon=12.8711477#map=18/63.7838494/12.8711477,"https://overpass-turbo.eu/?Q=[out:json];(nwr(around:50,63.7838494,12.8711477););out center;"
12353573,Z 29,Kolåsen - Rutsdalen - Strydalen - Anjan,643.60213496446,63.7856562,12.8618202,https://www.openstreetmap.org/?mlat=63.7856562&mlon=12.8618202#map=18/63.7856562/12.8618202,"https://overpass-turbo.eu/?Q=[out:json];(nwr(around:50,63.7856562,12.8618202););out center;"
12353572,Z 29,Kolåsen - Rutsdalen - Strydalen - Anjan,5030.02252277483,63.7654461,12.9093881,https://www.openstreetmap.org/?mlat=63.7654461&mlon=12.9093881#map=18/63.7654461/12.9093881,"https://overpass-turbo.eu/?Q=[out:json];(nwr(around:50,63.7654461,12.9093881););out center;"
12353571,Z 29,Kolåsen - Rutsdalen - Strydalen - Anjan,1648.35687638663,63.788625,12.8698767,https://www.openstreetmap.org/?mlat=63.788625&mlon=12.8698767#map=18/63.788625/12.8698767,"https://overpass-turbo.eu/?Q=[out:json];(nwr(around:50,63.788625,12.8698767););out center;"
12353570,Z 29,Kolåsen - Rutsdalen - Strydalen - Anjan,249.307623970386,63.7826136,12.8656489,https://www.openstreetmap.org/?mlat=63.7826136&mlon=12.8656489#map=18/63.7826136/12.8656489,"https://overpass-turbo.eu/?Q=[out:json];(nwr(around:50,63.7826136,12.8656489););out center;"
12353569,Z 29,Kolåsen - Rutsdalen - Strydalen - Anjan,19840.9274155855,63.7541082,12.7084361,https://www.openstreetmap.org/?mlat=63.7541082&mlon=12.7084361#map=18/63.7541082/12.7084361,"https://overpass-turbo.eu/?Q=[out:json];(nwr(around:50,63.7541082,12.7084361););out center;"
12348616,Z 28,Korsvattnet - Långsådalen,6381.37316738038,63.8137802,13.4567583,https://www.openstreetmap.org/?mlat=63.8137802&mlon=13.4567583#map=18/63.8137802/13.4567583,"https://overpass-turbo.eu/?Q=[out:json];(nwr(around:50,63.8137802,13.4567583););out center;"
12352678,Z 26,Stor-Burvattnet - Höjden (justerad),37.6252657202577,63.7283444,13.5013328,https://www.openstreetmap.org/?mlat=63.7283444&mlon=13.5013328#map=18/63.7283444/13.5013328,"https://overpass-turbo.eu/?Q=[out:json];(nwr(around:50,63.7283444,13.5013328););out center;"
12352677,Z 26,Stor-Burvattnet - Höjden (justerad),354.921853062571,63.8594836,13.377947,https://www.openstreetmap.org/?mlat=63.8594836&mlon=13.377947#map=18/63.8594836/13.377947,"https://overpass-turbo.eu/?Q=[out:json];(nwr(around:50,63.8594836,13.377947););out center;"
12352656,Z 26,Stor-Burvattnet - Höjden (justerad),11170.9304302905,63.7677538,13.4251376,https://www.openstreetmap.org/?mlat=63.7677538&mlon=13.4251376#map=18/63.7677538/13.4251376,"https://overpass-turbo.eu/?Q=[out:json];(nwr(around:50,63.7677538,13.4251376););out center;"
12352630,Z 26,Stor-Burvattnet - Höjden (justerad),1080.46927600455,63.9764762,13.3296217,https://www.openstreetmap.org/?mlat=63.9764762&mlon=13.3296217#map=18/63.9764762/13.3296217,"https://overpass-turbo.eu/?Q=[out:json];(nwr(around:50,63.9764762,13.3296217););out center;"
12352629,Z 26,Stor-Burvattnet - Höjden (justerad),39.4589585095704,63.9565182,13.3289943,https://www.openstreetmap.org/?mlat=63.9565182&mlon=13.3289943#map=18/63.9565182/13.3289943,"https://overpass-turbo.eu/?Q=[out:json];(nwr(around:50,63.9565182,13.3289943););out center;"
12352628,Z 26,Stor-Burvattnet - Höjden (justerad),27.9346003808896,63.7269059,13.5046006,https://www.openstreetmap.org/?mlat=63.7269059&mlon=13.5046006#map=18/63.7269059/13.5046006,"https://overpass-turbo.eu/?Q=[out:json];(nwr(around:50,63.7269059,13.5046006););out center;"
12352627,Z 26,Stor-Burvattnet - Höjden (justerad),1614.18588143344,63.7223093,13.5125082,https://www.openstreetmap.org/?mlat=63.7223093&mlon=13.5125082#map=18/63.7223093/13.5125082,"https://overpass-turbo.eu/?Q=[out:json];(nwr(around:50,63.7223093,13.5125082););out center;"
12352626,Z 26,Stor-Burvattnet - Höjden (justerad),48.4910665009546,63.7277662,13.502555,https://www.openstreetmap.org/?mlat=63.7277662&mlon=13.502555#map=18/63.7277662/13.502555,"https://overpass-turbo.eu/?Q=[out:json];(nwr(around:50,63.7277662,13.502555););out center;"
12352625,Z 26,Stor-Burvattnet - Höjden (justerad),281.71257888156,63.9569598,13.328263,https://www.openstreetmap.org/?mlat=63.9569598&mlon=13.328263#map=18/63.9569598/13.328263,"https://overpass-turbo.eu/?Q=[out:json];(nwr(around:50,63.9569598,13.328263););out center;"
12352624,Z 26,Stor-Burvattnet - Höjden (justerad),4130.94274073918,63.8406843,13.3840548,https://www.openstreetmap.org/?mlat=63.8406843&mlon=13.3840548#map=18/63.8406843/13.3840548,"https://overpass-turbo.eu/?Q=[out:json];(nwr(around:50,63.8406843,13.3840548););out center;"
12352623,Z 26,Stor-Burvattnet - Höjden (justerad),1481.08821460434,63.7342312,13.492841,https://www.openstreetmap.org/?mlat=63.7342312&mlon=13.492841#map=18/63.7342312/13.492841,"https://overpass-turbo.eu/?Q=[out:json];(nwr(around:50,63.7342312,13.492841););out center;"
12352622,Z 26,Stor-Burvattnet - Höjden (justerad),1533.30160763166,63.9493519,13.3266868,https://www.openstreetmap.org/?mlat=63.9493519&mlon=13.3266868#map=18/63.9493519/13.3266868,"https://overpass-turbo.eu/?Q=[out:json];(nwr(around:50,63.9493519,13.3266868););out center;"
12352517,Z 26,Stor-Burvattnet - Höjden (justerad),463.368798186944,63.7415751,13.4836739,https://www.openstreetmap.org/?mlat=63.7415751&mlon=13.4836739#map=18/63.7415751/13.4836739,"https://overpass-turbo.eu/?Q=[out:json];(nwr(around:50,63.7415751,13.4836739););out center;"
12352516,Z 26,Stor-Burvattnet - Höjden (justerad),17.3191977135985,63.7268927,13.5046215,https://www.openstreetmap.org/?mlat=63.7268927&mlon=13.5046215#map=18/63.7268927/13.5046215,"https://overpass-turbo.eu/?Q=[out:json];(nwr(around:50,63.7268927,13.5046215););out center;"
12352515,Z 26,Stor-Burvattnet - Höjden (justerad),112.689314545687,63.7271879,13.5035629,https://www.openstreetmap.org/?mlat=63.7271879&mlon=13.5035629#map=18/63.7271879/13.5035629,"https://overpass-turbo.eu/?Q=[out:json];(nwr(around:50,63.7271879,13.5035629););out center;"
12352514,Z 26,Stor-Burvattnet - Höjden (justerad),168.280587048447,63.8247476,13.4015677,https://www.openstreetmap.org/?mlat=63.8247476&mlon=13.4015677#map=18/63.8247476/13.4015677,"https://overpass-turbo.eu/?Q=[out:json];(nwr(around:50,63.8247476,13.4015677););out center;"
12347850,Z 26,Stor-Burvattnet - Höjden (justerad),1476.03000510675,63.9638137,13.3299638,https://www.openstreetmap.org/?mlat=63.9638137&mlon=13.3299638#map=18/63.9638137/13.3299638,"https://overpass-turbo.eu/?Q=[out:json];(nwr(around:50,63.9638137,13.3299638););out center;"
12344859,Z 77,Lunndörrsstugorna - Lunndörrspasset - Tossåsen,20786.0249030514,62.9598758,13.1130445,https://www.openstreetmap.org/?mlat=62.9598758&mlon=13.1130445#map=18/62.9598758/13.1130445,"https://overpass-turbo.eu/?Q=[out:json];(nwr(around:50,62.9598758,13.1130445););out center;"
12352858,Z 75,Väster Arådalen - Tossåsen samt separat skoterled vid Arådalen + skoterled Buhösten,1122.36233722728,62.9154466,13.4306582,https://www.openstreetmap.org/?mlat=62.9154466&mlon=13.4306582#map=18/62.9154466/13.4306582,"https://overpass-turbo.eu/?Q=[out:json];(nwr(around:50,62.9154466,13.4306582););out center;"
12352857,Z 75,Väster Arådalen - Tossåsen samt separat skoterled vid Arådalen + skoterled Buhösten,3139.60311354261,62.9425439,13.6148767,https://www.openstreetmap.org/?mlat=62.9425439&mlon=13.6148767#map=18/62.9425439/13.6148767,"https://overpass-turbo.eu/?Q=[out:json];(nwr(around:50,62.9425439,13.6148767););out center;"
12352856,Z 75,Väster Arådalen - Tossåsen samt separat skoterled vid Arådalen + skoterled Buhösten,536.034557804639,62.9467754,13.5827832,https://www.openstreetmap.org/?mlat=62.9467754&mlon=13.5827832#map=18/62.9467754/13.5827832,"https://overpass-turbo.eu/?Q=[out:json];(nwr(around:50,62.9467754,13.5827832););out center;"
12352855,Z 75,Väster Arådalen - Tossåsen samt separat skoterled vid Arådalen + skoterled Buhösten,186.691791911509,62.9232296,13.4722935,https://www.openstreetmap.org/?mlat=62.9232296&mlon=13.4722935#map=18/62.9232296/13.4722935,"https://overpass-turbo.eu/?Q=[out:json];(nwr(around:50,62.9232296,13.4722935););out center;"
12352854,Z 75,Väster Arådalen - Tossåsen samt separat skoterled vid Arådalen + skoterled Buhösten,346.548588482135,62.9292855,13.4867098,https://www.openstreetmap.org/?mlat=62.9292855&mlon=13.4867098#map=18/62.9292855/13.4867098,"https://overpass-turbo.eu/?Q=[out:json];(nwr(around:50,62.9292855,13.4867098););out center;"
12352853,Z 75,Väster Arådalen - Tossåsen samt separat skoterled vid Arådalen + skoterled Buhösten,1071.50638038133,62.9318671,13.4860536,https://www.openstreetmap.org/?mlat=62.9318671&mlon=13.4860536#map=18/62.9318671/13.4860536,"https://overpass-turbo.eu/?Q=[out:json];(nwr(around:50,62.9318671,13.4860536););out center;"
12352852,Z 75,Väster Arådalen - Tossåsen samt separat skoterled vid Arådalen + skoterled Buhösten,1923.83876719706,62.9439276,13.5052049,https://www.openstreetmap.org/?mlat=62.9439276&mlon=13.5052049#map=18/62.9439276/13.5052049,"https://overpass-turbo.eu/?Q=[out:json];(nwr(around:50,62.9439276,13.5052049););out center;"
12352851,Z 75,Väster Arådalen - Tossåsen samt separat skoterled vid Arådalen + skoterled Buhösten,3475.00592907616,62.9556152,13.5947308,https://www.openstreetmap.org/?mlat=62.9556152&mlon=13.5947308#map=18/62.9556152/13.5947308,"https://overpass-turbo.eu/?Q=[out:json];(nwr(around:50,62.9556152,13.5947308););out center;"
12352850,Z 75,Väster Arådalen - Tossåsen samt separat skoterled vid Arådalen + skoterled Buhösten,1224.64648460187,62.9188308,13.4680036,https://www.openstreetmap.org/?mlat=62.9188308&mlon=13.4680036#map=18/62.9188308/13.4680036,"https://overpass-turbo.eu/?Q=[out:json];(nwr(around:50,62.9188308,13.4680036););out center;"
12352849,Z 75,Väster Arådalen - Tossåsen samt separat skoterled vid Arådalen + skoterled Buhösten,135.304898473706,62.9292855,13.4867098,https://www.openstreetmap.org/?mlat=62.9292855&mlon=13.4867098#map=18/62.9292855/13.4867098,"https://overpass-turbo.eu/?Q=[out:json];(nwr(around:50,62.9292855,13.4867098););out center;"
12352848,Z 75,Väster Arådalen - Tossåsen samt separat skoterled vid Arådalen + skoterled Buhösten,4044.6936933517,62.9400685,13.2754026,https://www.openstreetmap.org/?mlat=62.9400685&mlon=13.2754026#map=18/62.9400685/13.2754026,"https://overpass-turbo.eu/?Q=[out:json];(nwr(around:50,62.9400685,13.2754026););out center;"
12352847,Z 75,Väster Arådalen - Tossåsen samt separat skoterled vid Arådalen + skoterled Buhösten,224.024778131014,62.9136709,13.4678467,https://www.openstreetmap.org/?mlat=62.9136709&mlon=13.4678467#map=18/62.9136709/13.4678467,"https://overpass-turbo.eu/?Q=[out:json];(nwr(around:50,62.9136709,13.4678467););out center;"
12352846,Z 75,Väster Arådalen - Tossåsen samt separat skoterled vid Arådalen + skoterled Buhösten,3605.43831732642,62.9473341,13.3432715,https://www.openstreetmap.org/?mlat=62.9473341&mlon=13.3432715#map=18/62.9473341/13.3432715,"https://overpass-turbo.eu/?Q=[out:json];(nwr(around:50,62.9473341,13.3432715););out center;"
12352845,Z 75,Väster Arådalen - Tossåsen samt separat skoterled vid Arådalen + skoterled Buhösten,497.591057629413,62.9231216,13.4798854,https://www.openstreetmap.org/?mlat=62.9231216&mlon=13.4798854#map=18/62.9231216/13.4798854,"https://overpass-turbo.eu/?Q=[out:json];(nwr(around:50,62.9231216,13.4798854););out center;"
12352844,Z 75,Väster Arådalen - Tossåsen samt separat skoterled vid Arådalen + skoterled Buhösten,552.693037332132,62.913436,13.4330126,https://www.openstreetmap.org/?mlat=62.913436&mlon=13.4330126#map=18/62.913436/13.4330126,"https://overpass-turbo.eu/?Q=[out:json];(nwr(around:50,62.913436,13.4330126););out center;"
12352825,Z 75,Väster Arådalen - Tossåsen samt separat skoterled vid Arådalen + skoterled Buhösten,3429.60233308659,62.9510005,13.4047117,https://www.openstreetmap.org/?mlat=62.9510005&mlon=13.4047117#map=18/62.9510005/13.4047117,"https://overpass-turbo.eu/?Q=[out:json];(nwr(around:50,62.9510005,13.4047117););out center;"
12352493,Z 75,Väster Arådalen - Tossåsen samt separat skoterled vid Arådalen + skoterled Buhösten,213.102170423159,62.9262528,13.4849759,https://www.openstreetmap.org/?mlat=62.9262528&mlon=13.4849759#map=18/62.9262528/13.4849759,"https://overpass-turbo.eu/?Q=[out:json];(nwr(around:50,62.9262528,13.4849759););out center;"
12352492,Z 75,Väster Arådalen - Tossåsen samt separat skoterled vid Arådalen + skoterled Buhösten,1006.55715146932,62.9487721,13.5737406,https://www.openstreetmap.org/?mlat=62.9487721&mlon=13.5737406#map=18/62.9487721/13.5737406,"https://overpass-turbo.eu/?Q=[out:json];(nwr(around:50,62.9487721,13.5737406););out center;"
12352491,Z 75,Väster Arådalen - Tossåsen samt separat skoterled vid Arådalen + skoterled Buhösten,313.885440684479,62.9522769,13.371217,https://www.openstreetmap.org/?mlat=62.9522769&mlon=13.371217#map=18/62.9522769/13.371217,"https://overpass-turbo.eu/?Q=[out:json];(nwr(around:50,62.9522769,13.371217););out center;"
12352490,Z 75,Väster Arådalen - Tossåsen samt separat skoterled vid Arådalen + skoterled Buhösten,6881.1084805924,62.9529102,13.5003989,https://www.openstreetmap.org/?mlat=62.9529102&mlon=13.5003989#map=18/62.9529102/13.5003989,"https://overpass-turbo.eu/?Q=[out:json];(nwr(around:50,62.9529102,13.5003989););out center;"
12352489,Z 75,Väster Arådalen - Tossåsen samt separat skoterled vid Arådalen + skoterled Buhösten,978.294068209283,62.9119195,13.4648162,https://www.openstreetmap.org/?mlat=62.9119195&mlon=13.4648162#map=18/62.9119195/13.4648162,"https://overpass-turbo.eu/?Q=[out:json];(nwr(around:50,62.9119195,13.4648162););out center;"
12352752,Z 67,Anarisstugan - Hosjöbottnarna,473.593801767945,63.0869034,13.3886843,https://www.openstreetmap.org/?mlat=63.0869034&mlon=13.3886843#map=18/63.0869034/13.3886843,"https://overpass-turbo.eu/?Q=[out:json];(nwr(around:50,63.0869034,13.3886843););out center;"
12352751,Z 67,Anarisstugan - Hosjöbottnarna,364.331332730294,63.1010611,13.5381333,https://www.openstreetmap.org/?mlat=63.1010611&mlon=13.5381333#map=18/63.1010611/13.5381333,"https://overpass-turbo.eu/?Q=[out:json];(nwr(around:50,63.1010611,13.5381333););out center;"
12352750,Z 67,Anarisstugan - Hosjöbottnarna,49.8217851993483,63.1101477,13.5125907,https://www.openstreetmap.org/?mlat=63.1101477&mlon=13.5125907#map=18/63.1101477/13.5125907,"https://overpass-turbo.eu/?Q=[out:json];(nwr(around:50,63.1101477,13.5125907););out center;"
12352749,Z 67,Anarisstugan - Hosjöbottnarna,604.194966664282,63.0950918,13.4490208,https://www.openstreetmap.org/?mlat=63.0950918&mlon=13.4490208#map=18/63.0950918/13.4490208,"https://overpass-turbo.eu/?Q=[out:json];(nwr(around:50,63.0950918,13.4490208););out center;"
12352748,Z 67,Anarisstugan - Hosjöbottnarna,25.0877845272765,63.086557,13.3837186,https://www.openstreetmap.org/?mlat=63.086557&mlon=13.3837186#map=18/63.086557/13.3837186,"https://overpass-turbo.eu/?Q=[out:json];(nwr(around:50,63.086557,13.3837186););out center;"
12352747,Z 67,Anarisstugan - Hosjöbottnarna,21.0617780505351,63.0999847,13.4728116,https://www.openstreetmap.org/?mlat=63.0999847&mlon=13.4728116#map=18/63.0999847/13.4728116,"https://overpass-turbo.eu/?Q=[out:json];(nwr(around:50,63.0999847,13.4728116););out center;"
12352746,Z 67,Anarisstugan - Hosjöbottnarna,72.9342013909989,63.0996301,13.4715571,https://www.openstreetmap.org/?mlat=63.0996301&mlon=13.4715571#map=18/63.0996301/13.4715571,"https://overpass-turbo.eu/?Q=[out:json];(nwr(around:50,63.0996301,13.4715571););out center;"
12352745,Z 67,Anarisstugan - Hosjöbottnarna,67.8398191231547,63.1019868,13.4800841,https://www.openstreetmap.org/?mlat=63.1019868&mlon=13.4800841#map=18/63.1019868/13.4800841,"https://overpass-turbo.eu/?Q=[out:json];(nwr(around:50,63.1019868,13.4800841););out center;"
12352744,Z 67,Anarisstugan - Hosjöbottnarna,427.454578512129,63.1093185,13.5153779,https://www.openstreetmap.org/?mlat=63.1093185&mlon=13.5153779#map=18/63.1093185/13.5153779,"https://overpass-turbo.eu/?Q=[out:json];(nwr(around:50,63.1093185,13.5153779););out center;"
12352743,Z 67,Anarisstugan - Hosjöbottnarna,240.66635334903,63.1030868,13.5037631,https://www.openstreetmap.org/?mlat=63.1030868&mlon=13.5037631#map=18/63.1030868/13.5037631,"https://overpass-turbo.eu/?Q=[out:json];(nwr(around:50,63.1030868,13.5037631););out center;"
12352742,Z 67,Anarisstugan - Hosjöbottnarna,1647.75481987066,63.0902339,13.5369791,https://www.openstreetmap.org/?mlat=63.0902339&mlon=13.5369791#map=18/63.0902339/13.5369791,"https://overpass-turbo.eu/?Q=[out:json];(nwr(around:50,63.0902339,13.5369791););out center;"
12352741,Z 67,Anarisstugan - Hosjöbottnarna,18.9478327467814,63.109818,13.5119238,https://www.openstreetmap.org/?mlat=63.109818&mlon=13.5119238#map=18/63.109818/13.5119238,"https://overpass-turbo.eu/?Q=[out:json];(nwr(around:50,63.109818,13.5119238););out center;"
12352740,Z 67,Anarisstugan - Hosjöbottnarna,20.8412775926027,63.1019887,13.4800921,https://www.openstreetmap.org/?mlat=63.1019887&mlon=13.4800921#map=18/63.1019887/13.4800921,"https://overpass-turbo.eu/?Q=[out:json];(nwr(around:50,63.1019887,13.4800921););out center;"
12352739,Z 67,Anarisstugan - Hosjöbottnarna,52.0158754266426,63.1016034,13.4846457,https://www.openstreetmap.org/?mlat=63.1016034&mlon=13.4846457#map=18/63.1016034/13.4846457,"https://overpass-turbo.eu/?Q=[out:json];(nwr(around:50,63.1016034,13.4846457););out center;"
12352738,Z 67,Anarisstugan - Hosjöbottnarna,583.81482897101,63.0865904,13.383606,https://www.openstreetmap.org/?mlat=63.0865904&mlon=13.383606#map=18/63.0865904/13.383606,"https://overpass-turbo.eu/?Q=[out:json];(nwr(around:50,63.0865904,13.383606););out center;"
12352737,Z 67,Anarisstugan - Hosjöbottnarna,13.7260791954585,63.1016359,13.4843834,https://www.openstreetmap.org/?mlat=63.1016359&mlon=13.4843834#map=18/63.1016359/13.4843834,"https://overpass-turbo.eu/?Q=[out:json];(nwr(around:50,63.1016359,13.4843834););out center;"
12352736,Z 67,Anarisstugan - Hosjöbottnarna,239.632485283465,63.1017059,13.478902,https://www.openstreetmap.org/?mlat=63.1017059&mlon=13.478902#map=18/63.1017059/13.478902,"https://overpass-turbo.eu/?Q=[out:json];(nwr(around:50,63.1017059,13.478902););out center;"
12352822,Z 67,Anarisstugan - Hosjöbottnarna,329.699767964644,63.1022255,13.497388,https://www.openstreetmap.org/?mlat=63.1022255&mlon=13.497388#map=18/63.1022255/13.497388,"https://overpass-turbo.eu/?Q=[out:json];(nwr(around:50,63.1022255,13.497388););out center;"
12352821,Z 67,Anarisstugan - Hosjöbottnarna,294.933238650573,63.0851434,13.5461788,https://www.openstreetmap.org/?mlat=63.0851434&mlon=13.5461788#map=18/63.0851434/13.5461788,"https://overpass-turbo.eu/?Q=[out:json];(nwr(around:50,63.0851434,13.5461788););out center;"
12352820,Z 67,Anarisstugan - Hosjöbottnarna,36.4151032033463,63.1020737,13.4804497,https://www.openstreetmap.org/?mlat=63.1020737&mlon=13.4804497#map=18/63.1020737/13.4804497,"https://overpass-turbo.eu/?Q=[out:json];(nwr(around:50,63.1020737,13.4804497););out center;"
12352819,Z 67,Anarisstugan - Hosjöbottnarna,101.674794028068,63.1000847,13.4731655,https://www.openstreetmap.org/?mlat=63.1000847&mlon=13.4731655#map=18/63.1000847/13.4731655,"https://overpass-turbo.eu/?Q=[out:json];(nwr(around:50,63.1000847,13.4731655););out center;"
12352818,Z 67,Anarisstugan - Hosjöbottnarna,914.362194235137,63.09121,13.4385075,https://www.openstreetmap.org/?mlat=63.09121&mlon=13.4385075#map=18/63.09121/13.4385075,"https://overpass-turbo.eu/?Q=[out:json];(nwr(around:50,63.09121,13.4385075););out center;"
12352817,Z 67,Anarisstugan - Hosjöbottnarna,617.768929291348,63.1010772,13.4888937,https://www.openstreetmap.org/?mlat=63.1010772&mlon=13.4888937#map=18/63.1010772/13.4888937,"https://overpass-turbo.eu/?Q=[out:json];(nwr(around:50,63.1010772,13.4888937););out center;"
12352816,Z 67,Anarisstugan - Hosjöbottnarna,10.2004483984774,63.094052,13.444002,https://www.openstreetmap.org/?mlat=63.094052&mlon=13.444002#map=18/63.094052/13.444002,"https://overpass-turbo.eu/?Q=[out:json];(nwr(around:50,63.094052,13.444002););out center;"
12352815,Z 67,Anarisstugan - Hosjöbottnarna,70.2600178447173,63.0996509,13.4716308,https://www.openstreetmap.org/?mlat=63.0996509&mlon=13.4716308#map=18/63.0996509/13.4716308,"https://overpass-turbo.eu/?Q=[out:json];(nwr(around:50,63.0996509,13.4716308););out center;"
12352814,Z 67,Anarisstugan - Hosjöbottnarna,118.609205747878,63.0891198,13.3996252,https://www.openstreetmap.org/?mlat=63.0891198&mlon=13.3996252#map=18/63.0891198/13.3996252,"https://overpass-turbo.eu/?Q=[out:json];(nwr(around:50,63.0891198,13.3996252););out center;"
12352813,Z 67,Anarisstugan - Hosjöbottnarna,7.80538796537366,63.1021061,13.480586,https://www.openstreetmap.org/?mlat=63.1021061&mlon=13.480586#map=18/63.1021061/13.480586,"https://overpass-turbo.eu/?Q=[out:json];(nwr(around:50,63.1021061,13.480586););out center;"
12352812,Z 67,Anarisstugan - Hosjöbottnarna,50.0262913838314,63.0886092,13.3971041,https://www.openstreetmap.org/?mlat=63.0886092&mlon=13.3971041#map=18/63.0886092/13.3971041,"https://overpass-turbo.eu/?Q=[out:json];(nwr(around:50,63.0886092,13.3971041););out center;"
12352811,Z 67,Anarisstugan - Hosjöbottnarna,504.230914446063,63.1078832,13.5081149,https://www.openstreetmap.org/?mlat=63.1078832&mlon=13.5081149#map=18/63.1078832/13.5081149,"https://overpass-turbo.eu/?Q=[out:json];(nwr(around:50,63.1078832,13.5081149););out center;"
12352810,Z 67,Anarisstugan - Hosjöbottnarna,2453.9157678103,63.0892237,13.4207838,https://www.openstreetmap.org/?mlat=63.0892237&mlon=13.4207838#map=18/63.0892237/13.4207838,"https://overpass-turbo.eu/?Q=[out:json];(nwr(around:50,63.0892237,13.4207838););out center;"
12352809,Z 67,Anarisstugan - Hosjöbottnarna,43.7955434757923,63.0942007,13.4443533,https://www.openstreetmap.org/?mlat=63.0942007&mlon=13.4443533#map=18/63.0942007/13.4443533,"https://overpass-turbo.eu/?Q=[out:json];(nwr(around:50,63.0942007,13.4443533););out center;"
12352808,Z 67,Anarisstugan - Hosjöbottnarna,1109.55385793227,63.1060094,13.527942,https://www.openstreetmap.org/?mlat=63.1060094&mlon=13.527942#map=18/63.1060094/13.527942,"https://overpass-turbo.eu/?Q=[out:json];(nwr(around:50,63.1060094,13.527942););out center;"
12352807,Z 67,Anarisstugan - Hosjöbottnarna,190.917444317695,63.1016359,13.4843834,https://www.openstreetmap.org/?mlat=63.1016359&mlon=13.4843834#map=18/63.1016359/13.4843834,"https://overpass-turbo.eu/?Q=[out:json];(nwr(around:50,63.1016359,13.4843834););out center;"
12352806,Z 67,Anarisstugan - Hosjöbottnarna,14.3948673433246,63.0941552,13.4441898,https://www.openstreetmap.org/?mlat=63.0941552&mlon=13.4441898#map=18/63.0941552/13.4441898,"https://overpass-turbo.eu/?Q=[out:json];(nwr(around:50,63.0941552,13.4441898););out center;"
12352805,Z 67,Anarisstugan - Hosjöbottnarna,1976.57337831255,63.0933178,13.3567815,https://www.openstreetmap.org/?mlat=63.0933178&mlon=13.3567815#map=18/63.0933178/13.3567815,"https://overpass-turbo.eu/?Q=[out:json];(nwr(around:50,63.0933178,13.3567815););out center;"
12352804,Z 67,Anarisstugan - Hosjöbottnarna,13.0672709721655,63.0889552,13.3988125,https://www.openstreetmap.org/?mlat=63.0889552&mlon=13.3988125#map=18/63.0889552/13.3988125,"https://overpass-turbo.eu/?Q=[out:json];(nwr(around:50,63.0889552,13.3988125););out center;"
12352803,Z 67,Anarisstugan - Hosjöbottnarna,109.869433535675,63.0900386,13.4029484,https://www.openstreetmap.org/?mlat=63.0900386&mlon=13.4029484#map=18/63.0900386/13.4029484,"https://overpass-turbo.eu/?Q=[out:json];(nwr(around:50,63.0900386,13.4029484););out center;"
12352802,Z 67,Anarisstugan - Hosjöbottnarna,831.05754790104,63.0974551,13.4543952,https://www.openstreetmap.org/?mlat=63.0974551&mlon=13.4543952#map=18/63.0974551/13.4543952,"https://overpass-turbo.eu/?Q=[out:json];(nwr(around:50,63.0974551,13.4543952););out center;"
12352801,Z 67,Anarisstugan - Hosjöbottnarna,44.4737444568385,63.0888971,13.3985256,https://www.openstreetmap.org/?mlat=63.0888971&mlon=13.3985256#map=18/63.0888971/13.3985256,"https://overpass-turbo.eu/?Q=[out:json];(nwr(around:50,63.0888971,13.3985256););out center;"
12352800,Z 67,Anarisstugan - Hosjöbottnarna,105.975153944782,63.1053974,13.5064337,https://www.openstreetmap.org/?mlat=63.1053974&mlon=13.5064337#map=18/63.1053974/13.5064337,"https://overpass-turbo.eu/?Q=[out:json];(nwr(around:50,63.1053974,13.5064337););out center;"
12352799,Z 67,Anarisstugan - Hosjöbottnarna,227.648384367164,63.086582,13.3840765,https://www.openstreetmap.org/?mlat=63.086582&mlon=13.3840765#map=18/63.086582/13.3840765,"https://overpass-turbo.eu/?Q=[out:json];(nwr(around:50,63.086582,13.3840765););out center;"
12350989,Z 71,Hosjöbottnarna - Höglekardalen,818.883617099029,63.0692112,13.6399752,https://www.openstreetmap.org/?mlat=63.0692112&mlon=13.6399752#map=18/63.0692112/13.6399752,"https://overpass-turbo.eu/?Q=[out:json];(nwr(around:50,63.0692112,13.6399752););out center;"
12350988,Z 71,Hosjöbottnarna - Höglekardalen,33.7859445263855,63.0679856,13.645884,https://www.openstreetmap.org/?mlat=63.0679856&mlon=13.645884#map=18/63.0679856/13.645884,"https://overpass-turbo.eu/?Q=[out:json];(nwr(around:50,63.0679856,13.645884););out center;"
12350987,Z 71,Hosjöbottnarna - Höglekardalen,4841.03990606761,63.0837032,13.5858954,https://www.openstreetmap.org/?mlat=63.0837032&mlon=13.5858954#map=18/63.0837032/13.5858954,"https://overpass-turbo.eu/?Q=[out:json];(nwr(around:50,63.0837032,13.5858954););out center;"
12350986,Z 71,Hosjöbottnarna - Höglekardalen,36.6269769697145,63.071446,13.6307806,https://www.openstreetmap.org/?mlat=63.071446&mlon=13.6307806#map=18/63.071446/13.6307806,"https://overpass-turbo.eu/?Q=[out:json];(nwr(around:50,63.071446,13.6307806););out center;"
12350985,Z 71,Hosjöbottnarna - Höglekardalen,14.8935410487231,63.0664285,13.6533881,https://www.openstreetmap.org/?mlat=63.0664285&mlon=13.6533881#map=18/63.0664285/13.6533881,"https://overpass-turbo.eu/?Q=[out:json];(nwr(around:50,63.0664285,13.6533881););out center;"
12350984,Z 71,Hosjöbottnarna - Höglekardalen,5569.39706438014,63.0619004,13.7010808,https://www.openstreetmap.org/?mlat=63.0619004&mlon=13.7010808#map=18/63.0619004/13.7010808,"https://overpass-turbo.eu/?Q=[out:json];(nwr(around:50,63.0619004,13.7010808););out center;"
12350983,Z 71,Hosjöbottnarna - Höglekardalen,22.7482304283212,63.0676634,13.647437,https://www.openstreetmap.org/?mlat=63.0676634&mlon=13.647437#map=18/63.0676634/13.647437,"https://overpass-turbo.eu/?Q=[out:json];(nwr(around:50,63.0676634,13.647437););out center;"
12350982,Z 71,Hosjöbottnarna - Höglekardalen,43.0153602225996,63.0675784,13.6478464,https://www.openstreetmap.org/?mlat=63.0675784&mlon=13.6478464#map=18/63.0675784/13.6478464,"https://overpass-turbo.eu/?Q=[out:json];(nwr(around:50,63.0675784,13.6478464););out center;"
12350981,Z 71,Hosjöbottnarna - Höglekardalen,4.93885522768182,63.0676818,13.6473482,https://www.openstreetmap.org/?mlat=63.0676818&mlon=13.6473482#map=18/63.0676818/13.6473482,"https://overpass-turbo.eu/?Q=[out:json];(nwr(around:50,63.0676818,13.6473482););out center;"
12350980,Z 71,Hosjöbottnarna - Höglekardalen,264.979037115958,63.0674178,13.6486204,https://www.openstreetmap.org/?mlat=63.0674178&mlon=13.6486204#map=18/63.0674178/13.6486204,"https://overpass-turbo.eu/?Q=[out:json];(nwr(around:50,63.0674178,13.6486204););out center;"
12350979,Z 71,Hosjöbottnarna - Höglekardalen,47.5816975742774,63.0678594,13.646492,https://www.openstreetmap.org/?mlat=63.0678594&mlon=13.646492#map=18/63.0678594/13.646492,"https://overpass-turbo.eu/?Q=[out:json];(nwr(around:50,63.0678594,13.646492););out center;"
12348677,Z 73,Höglekardalen - Väster Arådalen (Glen),7228.98365644523,62.9754084,13.6309637,https://www.openstreetmap.org/?mlat=62.9754084&mlon=13.6309637#map=18/62.9754084/13.6309637,"https://overpass-turbo.eu/?Q=[out:json];(nwr(around:50,62.9754084,13.6309637););out center;"
12352091,Z 73,Höglekardalen - Väster Arådalen (Glen),7460.72553377682,63.0428349,13.6647031,https://www.openstreetmap.org/?mlat=63.0428349&mlon=13.6647031#map=18/63.0428349/13.6647031,"https://overpass-turbo.eu/?Q=[out:json];(nwr(around:50,63.0428349,13.6647031););out center;"
12344887,Z 74,Höglekardalen - Gräftåvallen - Väster Arådalen + skoterled  Stor-Gräftån,4772.69546267892,62.9602463,13.8740613,https://www.openstreetmap.org/?mlat=62.9602463&mlon=13.8740613#map=18/62.9602463/13.8740613,"https://overpass-turbo.eu/?Q=[out:json];(nwr(around:50,62.9602463,13.8740613););out center;"
12344886,Z 74,Höglekardalen - Gräftåvallen - Väster Arådalen + skoterled  Stor-Gräftån,357.63248616338,62.9394589,13.64675,https://www.openstreetmap.org/?mlat=62.9394589&mlon=13.64675#map=18/62.9394589/13.64675,"https://overpass-turbo.eu/?Q=[out:json];(nwr(around:50,62.9394589,13.64675););out center;"
12344885,Z 74,Höglekardalen - Gräftåvallen - Väster Arådalen + skoterled  Stor-Gräftån,1702.96360981999,62.9552313,13.8269198,https://www.openstreetmap.org/?mlat=62.9552313&mlon=13.8269198#map=18/62.9552313/13.8269198,"https://overpass-turbo.eu/?Q=[out:json];(nwr(around:50,62.9552313,13.8269198););out center;"
12344884,Z 74,Höglekardalen - Gräftåvallen - Väster Arådalen + skoterled  Stor-Gräftån,10.2602951307455,62.9396604,13.6496327,https://www.openstreetmap.org/?mlat=62.9396604&mlon=13.6496327#map=18/62.9396604/13.6496327,"https://overpass-turbo.eu/?Q=[out:json];(nwr(around:50,62.9396604,13.6496327););out center;"
12344883,Z 74,Höglekardalen - Gräftåvallen - Väster Arådalen + skoterled  Stor-Gräftån,4143.13537992321,62.9879018,13.8732834,https://www.openstreetmap.org/?mlat=62.9879018&mlon=13.8732834#map=18/62.9879018/13.8732834,"https://overpass-turbo.eu/?Q=[out:json];(nwr(around:50,62.9879018,13.8732834););out center;"
12344836,Z 74,Höglekardalen - Gräftåvallen - Väster Arådalen + skoterled  Stor-Gräftån,8.70175752017947,62.9508003,13.8088854,https://www.openstreetmap.org/?mlat=62.9508003&mlon=13.8088854#map=18/62.9508003/13.8088854,"https://overpass-turbo.eu/?Q=[out:json];(nwr(around:50,62.9508003,13.8088854););out center;"
12344835,Z 74,Höglekardalen - Gräftåvallen - Väster Arådalen + skoterled  Stor-Gräftån,25.5658458152669,62.9396604,13.6496327,https://www.openstreetmap.org/?mlat=62.9396604&mlon=13.6496327#map=18/62.9396604/13.6496327,"https://overpass-turbo.eu/?Q=[out:json];(nwr(around:50,62.9396604,13.6496327););out center;"
12344834,Z 74,Höglekardalen - Gräftåvallen - Väster Arådalen + skoterled  Stor-Gräftån,10989.9984559191,63.0255314,13.8198457,https://www.openstreetmap.org/?mlat=63.0255314&mlon=13.8198457#map=18/63.0255314/13.8198457,"https://overpass-turbo.eu/?Q=[out:json];(nwr(around:50,63.0255314,13.8198457););out center;"
12344833,Z 74,Höglekardalen - Gräftåvallen - Väster Arådalen + skoterled  Stor-Gräftån,22.2888699419688,62.9394589,13.64675,https://www.openstreetmap.org/?mlat=62.9394589&mlon=13.64675#map=18/62.9394589/13.64675,"https://overpass-turbo.eu/?Q=[out:json];(nwr(around:50,62.9394589,13.64675););out center;"
12344832,Z 74,Höglekardalen - Gräftåvallen - Väster Arådalen + skoterled  Stor-Gräftån,32.9394401125763,62.9508809,13.8082608,https://www.openstreetmap.org/?mlat=62.9508809&mlon=13.8082608#map=18/62.9508809/13.8082608,"https://overpass-turbo.eu/?Q=[out:json];(nwr(around:50,62.9508809,13.8082608););out center;"
12344831,Z 74,Höglekardalen - Gräftåvallen - Väster Arådalen + skoterled  Stor-Gräftån,29.603513481342,62.9507789,13.8090504,https://www.openstreetmap.org/?mlat=62.9507789&mlon=13.8090504#map=18/62.9507789/13.8090504,"https://overpass-turbo.eu/?Q=[out:json];(nwr(around:50,62.9507789,13.8090504););out center;"
12344830,Z 74,Höglekardalen - Gräftåvallen - Väster Arådalen + skoterled  Stor-Gräftån,664.898991770411,62.9810963,13.8840562,https://www.openstreetmap.org/?mlat=62.9810963&mlon=13.8840562#map=18/62.9810963/13.8840562,"https://overpass-turbo.eu/?Q=[out:json];(nwr(around:50,62.9810963,13.8840562););out center;"
12344829,Z 74,Höglekardalen - Gräftåvallen - Väster Arådalen + skoterled  Stor-Gräftån,2998.35008808188,63.0166342,13.904873,https://www.openstreetmap.org/?mlat=63.0166342&mlon=13.904873#map=18/63.0166342/13.904873,"https://overpass-turbo.eu/?Q=[out:json];(nwr(around:50,63.0166342,13.904873););out center;"
12344828,Z 74,Höglekardalen - Gräftåvallen - Väster Arådalen + skoterled  Stor-Gräftån,8983.47082270236,62.9451849,13.727756,https://www.openstreetmap.org/?mlat=62.9451849&mlon=13.727756#map=18/62.9451849/13.727756,"https://overpass-turbo.eu/?Q=[out:json];(nwr(around:50,62.9451849,13.727756););out center;"
12344827,Z 74,Höglekardalen - Gräftåvallen - Väster Arådalen + skoterled  Stor-Gräftån,115.489144427561,62.9394893,13.647184,https://www.openstreetmap.org/?mlat=62.9394893&mlon=13.647184#map=18/62.9394893/13.647184,"https://overpass-turbo.eu/?Q=[out:json];(nwr(around:50,62.9394893,13.647184););out center;"
12344826,Z 74,Höglekardalen - Gräftåvallen - Väster Arådalen + skoterled  Stor-Gräftån,4.40522370460211,63.0085349,13.8818841,https://www.openstreetmap.org/?mlat=63.0085349&mlon=13.8818841#map=18/63.0085349/13.8818841,"https://overpass-turbo.eu/?Q=[out:json];(nwr(around:50,63.0085349,13.8818841););out center;"
12344825,Z 74,Höglekardalen - Gräftåvallen - Väster Arådalen + skoterled  Stor-Gräftån,23.5956073560313,62.956498,13.8378926,https://www.openstreetmap.org/?mlat=62.956498&mlon=13.8378926#map=18/62.956498/13.8378926,"https://overpass-turbo.eu/?Q=[out:json];(nwr(around:50,62.956498,13.8378926););out center;"
12344824,Z 74,Höglekardalen - Gräftåvallen - Väster Arådalen + skoterled  Stor-Gräftån,1302.09769727766,62.9460711,13.6368137,https://www.openstreetmap.org/?mlat=62.9460711&mlon=13.6368137#map=18/62.9460711/13.6368137,"https://overpass-turbo.eu/?Q=[out:json];(nwr(around:50,62.9460711,13.6368137););out center;"
12352477,Z 74,Höglekardalen - Gräftåvallen - Väster Arådalen + skoterled  Stor-Gräftån,357.63248616338,62.9394589,13.64675,https://www.openstreetmap.org/?mlat=62.9394589&mlon=13.64675#map=18/62.9394589/13.64675,"https://overpass-turbo.eu/?Q=[out:json];(nwr(around:50,62.9394589,13.64675););out center;"
12352580,Z 74,Höglekardalen - Gräftåvallen - Väster Arådalen + skoterled  Stor-Gräftån,23.5956073560313,62.956498,13.8378926,https://www.openstreetmap.org/?mlat=62.956498&mlon=13.8378926#map=18/62.956498/13.8378926,"https://overpass-turbo.eu/?Q=[out:json];(nwr(around:50,62.956498,13.8378926););out center;"
12352579,Z 74,Höglekardalen - Gräftåvallen - Väster Arådalen + skoterled  Stor-Gräftån,29.603513481342,62.9507789,13.8090504,https://www.openstreetmap.org/?mlat=62.9507789&mlon=13.8090504#map=18/62.9507789/13.8090504,"https://overpass-turbo.eu/?Q=[out:json];(nwr(around:50,62.9507789,13.8090504););out center;"
12352578,Z 74,Höglekardalen - Gräftåvallen - Väster Arådalen + skoterled  Stor-Gräftån,22.2888699419688,62.9394589,13.64675,https://www.openstreetmap.org/?mlat=62.9394589&mlon=13.64675#map=18/62.9394589/13.64675,"https://overpass-turbo.eu/?Q=[out:json];(nwr(around:50,62.9394589,13.64675););out center;"
12352577,Z 74,Höglekardalen - Gräftåvallen - Väster Arådalen + skoterled  Stor-Gräftån,8.70175752017947,62.9508003,13.8088854,https://www.openstreetmap.org/?mlat=62.9508003&mlon=13.8088854#map=18/62.9508003/13.8088854,"https://overpass-turbo.eu/?Q=[out:json];(nwr(around:50,62.9508003,13.8088854););out center;"
12352576,Z 74,Höglekardalen - Gräftåvallen - Väster Arådalen + skoterled  Stor-Gräftån,25.5658458152669,62.9396604,13.6496327,https://www.openstreetmap.org/?mlat=62.9396604&mlon=13.6496327#map=18/62.9396604/13.6496327,"https://overpass-turbo.eu/?Q=[out:json];(nwr(around:50,62.9396604,13.6496327););out center;"
12352575,Z 74,Höglekardalen - Gräftåvallen - Väster Arådalen + skoterled  Stor-Gräftån,32.9394401125763,62.9508809,13.8082608,https://www.openstreetmap.org/?mlat=62.9508809&mlon=13.8082608#map=18/62.9508809/13.8082608,"https://overpass-turbo.eu/?Q=[out:json];(nwr(around:50,62.9508809,13.8082608););out center;"
12352574,Z 74,Höglekardalen - Gräftåvallen - Väster Arådalen + skoterled  Stor-Gräftån,9130.04318814394,62.9770821,13.8927948,https://www.openstreetmap.org/?mlat=62.9770821&mlon=13.8927948#map=18/62.9770821/13.8927948,"https://overpass-turbo.eu/?Q=[out:json];(nwr(around:50,62.9770821,13.8927948););out center;"
12352573,Z 74,Höglekardalen - Gräftåvallen - Väster Arådalen + skoterled  Stor-Gräftån,726.996644739704,62.9416567,13.6363618,https://www.openstreetmap.org/?mlat=62.9416567&mlon=13.6363618#map=18/62.9416567/13.6363618,"https://overpass-turbo.eu/?Q=[out:json];(nwr(around:50,62.9416567,13.6363618););out center;"
12352572,Z 74,Höglekardalen - Gräftåvallen - Väster Arådalen + skoterled  Stor-Gräftån,115.489144427561,62.9394893,13.647184,https://www.openstreetmap.org/?mlat=62.9394893&mlon=13.647184#map=18/62.9394893/13.647184,"https://overpass-turbo.eu/?Q=[out:json];(nwr(around:50,62.9394893,13.647184););out center;"
12346570,Z 74,Höglekardalen - Gräftåvallen - Väster Arådalen + skoterled  Stor-Gräftån,8982.71587965616,62.9451849,13.727756,https://www.openstreetmap.org/?mlat=62.9451849&mlon=13.727756#map=18/62.9451849/13.727756,"https://overpass-turbo.eu/?Q=[out:json];(nwr(around:50,62.9451849,13.727756););out center;"
12346569,Z 74,Höglekardalen - Gräftåvallen - Väster Arådalen + skoterled  Stor-Gräftån,10.2602951307455,62.9396604,13.6496327,https://www.openstreetmap.org/?mlat=62.9396604&mlon=13.6496327#map=18/62.9396604/13.6496327,"https://overpass-turbo.eu/?Q=[out:json];(nwr(around:50,62.9396604,13.6496327););out center;"
12346567,Z 74,Höglekardalen - Gräftåvallen - Väster Arådalen + skoterled  Stor-Gräftån,25.5658458152669,62.9396604,13.6496327,https://www.openstreetmap.org/?mlat=62.9396604&mlon=13.6496327#map=18/62.9396604/13.6496327,"https://overpass-turbo.eu/?Q=[out:json];(nwr(around:50,62.9396604,13.6496327););out center;"
12346532,Z 74,Höglekardalen - Gräftåvallen - Väster Arådalen + skoterled  Stor-Gräftån,1702.96360981999,62.9552313,13.8269198,https://www.openstreetmap.org/?mlat=62.9552313&mlon=13.8269198#map=18/62.9552313/13.8269198,"https://overpass-turbo.eu/?Q=[out:json];(nwr(around:50,62.9552313,13.8269198););out center;"
12348520,Z 67,Anarisstugan - Hosjöbottnarna,118.609205747878,63.0891198,13.3996252,https://www.openstreetmap.org/?mlat=63.0891198&mlon=13.3996252#map=18/63.0891198/13.3996252,"https://overpass-turbo.eu/?Q=[out:json];(nwr(around:50,63.0891198,13.3996252););out center;"
12348519,Z 67,Anarisstugan - Hosjöbottnarna,562.101271532599,63.091787,13.5247547,https://www.openstreetmap.org/?mlat=63.091787&mlon=13.5247547#map=18/63.091787/13.5247547,"https://overpass-turbo.eu/?Q=[out:json];(nwr(around:50,63.091787,13.5247547););out center;"
12348518,Z 67,Anarisstugan - Hosjöbottnarna,7.9039765308356,63.092001,13.5127973,https://www.openstreetmap.org/?mlat=63.092001&mlon=13.5127973#map=18/63.092001/13.5127973,"https://overpass-turbo.eu/?Q=[out:json];(nwr(around:50,63.092001,13.5127973););out center;"
12348517,Z 67,Anarisstugan - Hosjöbottnarna,1309.46644312083,63.0891002,13.4950622,https://www.openstreetmap.org/?mlat=63.0891002&mlon=13.4950622#map=18/63.0891002/13.4950622,"https://overpass-turbo.eu/?Q=[out:json];(nwr(around:50,63.0891002,13.4950622););out center;"
12348516,Z 67,Anarisstugan - Hosjöbottnarna,122.273219168495,63.0920854,13.5142239,https://www.openstreetmap.org/?mlat=63.0920854&mlon=13.5142239#map=18/63.0920854/13.5142239,"https://overpass-turbo.eu/?Q=[out:json];(nwr(around:50,63.0920854,13.5142239););out center;"
12348515,Z 67,Anarisstugan - Hosjöbottnarna,318.096183649616,63.0906961,13.4986721,https://www.openstreetmap.org/?mlat=63.0906961&mlon=13.4986721#map=18/63.0906961/13.4986721,"https://overpass-turbo.eu/?Q=[out:json];(nwr(around:50,63.0906961,13.4986721););out center;"
12348514,Z 67,Anarisstugan - Hosjöbottnarna,7.28511195864552,63.091526,13.5058574,https://www.openstreetmap.org/?mlat=63.091526&mlon=13.5058574#map=18/63.091526/13.5058574,"https://overpass-turbo.eu/?Q=[out:json];(nwr(around:50,63.091526,13.5058574););out center;"
12348513,Z 67,Anarisstugan - Hosjöbottnarna,49.060350208697,63.0914011,13.5047762,https://www.openstreetmap.org/?mlat=63.0914011&mlon=13.5047762#map=18/63.0914011/13.5047762,"https://overpass-turbo.eu/?Q=[out:json];(nwr(around:50,63.0914011,13.5047762););out center;"
12348512,Z 67,Anarisstugan - Hosjöbottnarna,583.81482897101,63.0865904,13.383606,https://www.openstreetmap.org/?mlat=63.0865904&mlon=13.383606#map=18/63.0865904/13.383606,"https://overpass-turbo.eu/?Q=[out:json];(nwr(around:50,63.0865904,13.383606););out center;"
12348511,Z 67,Anarisstugan - Hosjöbottnarna,50.0262913838314,63.0886092,13.3971041,https://www.openstreetmap.org/?mlat=63.0886092&mlon=13.3971041#map=18/63.0886092/13.3971041,"https://overpass-turbo.eu/?Q=[out:json];(nwr(around:50,63.0886092,13.3971041););out center;"
12348510,Z 67,Anarisstugan - Hosjöbottnarna,473.593801767945,63.0869034,13.3886843,https://www.openstreetmap.org/?mlat=63.0869034&mlon=13.3886843#map=18/63.0869034/13.3886843,"https://overpass-turbo.eu/?Q=[out:json];(nwr(around:50,63.0869034,13.3886843););out center;"
12348509,Z 67,Anarisstugan - Hosjöbottnarna,24.1750823473261,63.092001,13.5127973,https://www.openstreetmap.org/?mlat=63.092001&mlon=13.5127973#map=18/63.092001/13.5127973,"https://overpass-turbo.eu/?Q=[out:json];(nwr(around:50,63.092001,13.5127973););out center;"
12348508,Z 67,Anarisstugan - Hosjöbottnarna,3824.83983624187,63.0893035,13.4452685,https://www.openstreetmap.org/?mlat=63.0893035&mlon=13.4452685#map=18/63.0893035/13.4452685,"https://overpass-turbo.eu/?Q=[out:json];(nwr(around:50,63.0893035,13.4452685););out center;"
12348507,Z 67,Anarisstugan - Hosjöbottnarna,13.0672709721655,63.0889552,13.3988125,https://www.openstreetmap.org/?mlat=63.0889552&mlon=13.3988125#map=18/63.0889552/13.3988125,"https://overpass-turbo.eu/?Q=[out:json];(nwr(around:50,63.0889552,13.3988125););out center;"
12348506,Z 67,Anarisstugan - Hosjöbottnarna,25.7703555049208,63.0920401,13.5134585,https://www.openstreetmap.org/?mlat=63.0920401&mlon=13.5134585#map=18/63.0920401/13.5134585,"https://overpass-turbo.eu/?Q=[out:json];(nwr(around:50,63.0920401,13.5134585););out center;"
12348505,Z 67,Anarisstugan - Hosjöbottnarna,32.8105379104031,63.091526,13.5058574,https://www.openstreetmap.org/?mlat=63.091526&mlon=13.5058574#map=18/63.091526/13.5058574,"https://overpass-turbo.eu/?Q=[out:json];(nwr(around:50,63.091526,13.5058574););out center;"
12348504,Z 67,Anarisstugan - Hosjöbottnarna,32.1610962580569,63.0920208,13.5165059,https://www.openstreetmap.org/?mlat=63.0920208&mlon=13.5165059#map=18/63.0920208/13.5165059,"https://overpass-turbo.eu/?Q=[out:json];(nwr(around:50,63.0920208,13.5165059););out center;"
12348503,Z 67,Anarisstugan - Hosjöbottnarna,109.869433535675,63.0900386,13.4029484,https://www.openstreetmap.org/?mlat=63.0900386&mlon=13.4029484#map=18/63.0900386/13.4029484,"https://overpass-turbo.eu/?Q=[out:json];(nwr(around:50,63.0900386,13.4029484););out center;"
12348502,Z 67,Anarisstugan - Hosjöbottnarna,1976.57337831255,63.0933178,13.3567815,https://www.openstreetmap.org/?mlat=63.0933178&mlon=13.3567815#map=18/63.0933178/13.3567815,"https://overpass-turbo.eu/?Q=[out:json];(nwr(around:50,63.0933178,13.3567815););out center;"
12348501,Z 67,Anarisstugan - Hosjöbottnarna,227.648384367164,63.086582,13.3840765,https://www.openstreetmap.org/?mlat=63.086582&mlon=13.3840765#map=18/63.086582/13.3840765,"https://overpass-turbo.eu/?Q=[out:json];(nwr(around:50,63.086582,13.3840765););out center;"
12348500,Z 67,Anarisstugan - Hosjöbottnarna,25.0877845272765,63.086557,13.3837186,https://www.openstreetmap.org/?mlat=63.086557&mlon=13.3837186#map=18/63.086557/13.3837186,"https://overpass-turbo.eu/?Q=[out:json];(nwr(around:50,63.086557,13.3837186););out center;"
12348499,Z 67,Anarisstugan - Hosjöbottnarna,297.782029993353,63.0916575,13.5069965,https://www.openstreetmap.org/?mlat=63.0916575&mlon=13.5069965#map=18/63.0916575/13.5069965,"https://overpass-turbo.eu/?Q=[out:json];(nwr(around:50,63.0916575,13.5069965););out center;"
12348498,Z 67,Anarisstugan - Hosjöbottnarna,44.4737444568385,63.0888971,13.3985256,https://www.openstreetmap.org/?mlat=63.0888971&mlon=13.3985256#map=18/63.0888971/13.3985256,"https://overpass-turbo.eu/?Q=[out:json];(nwr(around:50,63.0888971,13.3985256););out center;"
12350905,Z 75,Väster Arådalen - Tossåsen samt separat skoterled vid Arådalen + skoterled Buhösten,536.034557804639,62.9467754,13.5827832,https://www.openstreetmap.org/?mlat=62.9467754&mlon=13.5827832#map=18/62.9467754/13.5827832,"https://overpass-turbo.eu/?Q=[out:json];(nwr(around:50,62.9467754,13.5827832););out center;"
12350904,Z 75,Väster Arådalen - Tossåsen samt separat skoterled vid Arådalen + skoterled Buhösten,497.591057629413,62.9231216,13.4798854,https://www.openstreetmap.org/?mlat=62.9231216&mlon=13.4798854#map=18/62.9231216/13.4798854,"https://overpass-turbo.eu/?Q=[out:json];(nwr(around:50,62.9231216,13.4798854););out center;"
12350879,Z 75,Väster Arådalen - Tossåsen samt separat skoterled vid Arådalen + skoterled Buhösten,1006.55715146932,62.9487721,13.5737406,https://www.openstreetmap.org/?mlat=62.9487721&mlon=13.5737406#map=18/62.9487721/13.5737406,"https://overpass-turbo.eu/?Q=[out:json];(nwr(around:50,62.9487721,13.5737406););out center;"
12350872,Z 75,Väster Arådalen - Tossåsen samt separat skoterled vid Arådalen + skoterled Buhösten,224.024778131014,62.9136709,13.4678467,https://www.openstreetmap.org/?mlat=62.9136709&mlon=13.4678467#map=18/62.9136709/13.4678467,"https://overpass-turbo.eu/?Q=[out:json];(nwr(around:50,62.9136709,13.4678467););out center;"
12350871,Z 75,Väster Arådalen - Tossåsen samt separat skoterled vid Arådalen + skoterled Buhösten,186.691791911509,62.9232296,13.4722935,https://www.openstreetmap.org/?mlat=62.9232296&mlon=13.4722935#map=18/62.9232296/13.4722935,"https://overpass-turbo.eu/?Q=[out:json];(nwr(around:50,62.9232296,13.4722935););out center;"
12350870,Z 75,Väster Arådalen - Tossåsen samt separat skoterled vid Arådalen + skoterled Buhösten,3475.00592907616,62.9556152,13.5947308,https://www.openstreetmap.org/?mlat=62.9556152&mlon=13.5947308#map=18/62.9556152/13.5947308,"https://overpass-turbo.eu/?Q=[out:json];(nwr(around:50,62.9556152,13.5947308););out center;"
12350869,Z 75,Väster Arådalen - Tossåsen samt separat skoterled vid Arådalen + skoterled Buhösten,213.102170423159,62.9262528,13.4849759,https://www.openstreetmap.org/?mlat=62.9262528&mlon=13.4849759#map=18/62.9262528/13.4849759,"https://overpass-turbo.eu/?Q=[out:json];(nwr(around:50,62.9262528,13.4849759););out center;"
12350868,Z 75,Väster Arådalen - Tossåsen samt separat skoterled vid Arådalen + skoterled Buhösten,1071.50638038133,62.9318671,13.4860536,https://www.openstreetmap.org/?mlat=62.9318671&mlon=13.4860536#map=18/62.9318671/13.4860536,"https://overpass-turbo.eu/?Q=[out:json];(nwr(around:50,62.9318671,13.4860536););out center;"
12344858,Z 75,Väster Arådalen - Tossåsen samt separat skoterled vid Arådalen + skoterled Buhösten,346.548588482135,62.9292855,13.4867098,https://www.openstreetmap.org/?mlat=62.9292855&mlon=13.4867098#map=18/62.9292855/13.4867098,"https://overpass-turbo.eu/?Q=[out:json];(nwr(around:50,62.9292855,13.4867098););out center;"
12344857,Z 75,Väster Arådalen - Tossåsen samt separat skoterled vid Arådalen + skoterled Buhösten,135.304898473706,62.9292855,13.4867098,https://www.openstreetmap.org/?mlat=62.9292855&mlon=13.4867098#map=18/62.9292855/13.4867098,"https://overpass-turbo.eu/?Q=[out:json];(nwr(around:50,62.9292855,13.4867098););out center;"
12344856,Z 75,Väster Arådalen - Tossåsen samt separat skoterled vid Arådalen + skoterled Buhösten,1927.03135593248,62.9439276,13.5052049,https://www.openstreetmap.org/?mlat=62.9439276&mlon=13.5052049#map=18/62.9439276/13.5052049,"https://overpass-turbo.eu/?Q=[out:json];(nwr(around:50,62.9439276,13.5052049););out center;"
12344855,Z 75,Väster Arådalen - Tossåsen samt separat skoterled vid Arådalen + skoterled Buhösten,1122.36233722728,62.9154466,13.4306582,https://www.openstreetmap.org/?mlat=62.9154466&mlon=13.4306582#map=18/62.9154466/13.4306582,"https://overpass-turbo.eu/?Q=[out:json];(nwr(around:50,62.9154466,13.4306582););out center;"
12344854,Z 75,Väster Arådalen - Tossåsen samt separat skoterled vid Arådalen + skoterled Buhösten,978.294068209283,62.9119195,13.4648162,https://www.openstreetmap.org/?mlat=62.9119195&mlon=13.4648162#map=18/62.9119195/13.4648162,"https://overpass-turbo.eu/?Q=[out:json];(nwr(around:50,62.9119195,13.4648162););out center;"
12344853,Z 75,Väster Arådalen - Tossåsen samt separat skoterled vid Arådalen + skoterled Buhösten,4044.6936933517,62.9400685,13.2754026,https://www.openstreetmap.org/?mlat=62.9400685&mlon=13.2754026#map=18/62.9400685/13.2754026,"https://overpass-turbo.eu/?Q=[out:json];(nwr(around:50,62.9400685,13.2754026););out center;"
12344822,Z 75,Väster Arådalen - Tossåsen samt separat skoterled vid Arådalen + skoterled Buhösten,1224.64648460187,62.9188308,13.4680036,https://www.openstreetmap.org/?mlat=62.9188308&mlon=13.4680036#map=18/62.9188308/13.4680036,"https://overpass-turbo.eu/?Q=[out:json];(nwr(around:50,62.9188308,13.4680036););out center;"
12344821,Z 75,Väster Arådalen - Tossåsen samt separat skoterled vid Arådalen + skoterled Buhösten,3139.60311354261,62.9425439,13.6148767,https://www.openstreetmap.org/?mlat=62.9425439&mlon=13.6148767#map=18/62.9425439/13.6148767,"https://overpass-turbo.eu/?Q=[out:json];(nwr(around:50,62.9425439,13.6148767););out center;"
12344820,Z 75,Väster Arådalen - Tossåsen samt separat skoterled vid Arådalen + skoterled Buhösten,552.693037332132,62.913436,13.4330126,https://www.openstreetmap.org/?mlat=62.913436&mlon=13.4330126#map=18/62.913436/13.4330126,"https://overpass-turbo.eu/?Q=[out:json];(nwr(around:50,62.913436,13.4330126););out center;"
12345543,Z 75,Väster Arådalen - Tossåsen samt separat skoterled vid Arådalen + skoterled Buhösten,2518.0493791363,62.9542279,13.5409957,https://www.openstreetmap.org/?mlat=62.9542279&mlon=13.5409957#map=18/62.9542279/13.5409957,"https://overpass-turbo.eu/?Q=[out:json];(nwr(around:50,62.9542279,13.5409957););out center;"
12352970,Z 101,Tännäs - Lillvålvallen (led 100),6872.46046877625,62.3743119,12.5646872,https://www.openstreetmap.org/?mlat=62.3743119&mlon=12.5646872#map=18/62.3743119/12.5646872,"https://overpass-turbo.eu/?Q=[out:json];(nwr(around:50,62.3743119,12.5646872););out center;"
12347362,Z 101,Tännäs - Lillvålvallen (led 100),282.033349672782,62.4014414,12.5636619,https://www.openstreetmap.org/?mlat=62.4014414&mlon=12.5636619#map=18/62.4014414/12.5636619,"https://overpass-turbo.eu/?Q=[out:json];(nwr(around:50,62.4014414,12.5636619););out center;"
12346838,Z 101,Tännäs - Lillvålvallen (led 100),8875.4410966504,62.4206558,12.6003337,https://www.openstreetmap.org/?mlat=62.4206558&mlon=12.6003337#map=18/62.4206558/12.6003337,"https://overpass-turbo.eu/?Q=[out:json];(nwr(around:50,62.4206558,12.6003337););out center;"
12346889,Z 100,Lillvålvallen - slinga runt Falkhöjden (justerad),5813.71771163682,62.4130633,12.5347619,https://www.openstreetmap.org/?mlat=62.4130633&mlon=12.5347619#map=18/62.4130633/12.5347619,"https://overpass-turbo.eu/?Q=[out:json];(nwr(around:50,62.4130633,12.5347619););out center;"
12352654,Z 73,Höglekardalen - Väster Arådalen (Glen),7457.96330268887,62.9732618,13.6301619,https://www.openstreetmap.org/?mlat=62.9732618&mlon=13.6301619#map=18/62.9732618/13.6301619,"https://overpass-turbo.eu/?Q=[out:json];(nwr(around:50,62.9732618,13.6301619););out center;"
12352653,Z 73,Höglekardalen - Väster Arådalen (Glen),460.513005191534,63.0082816,13.6368045,https://www.openstreetmap.org/?mlat=63.0082816&mlon=13.6368045#map=18/63.0082816/13.6368045,"https://overpass-turbo.eu/?Q=[out:json];(nwr(around:50,63.0082816,13.6368045););out center;"
12352325,BD 38,Sälka - Singi,3941.90850342234,67.9287043,18.2871013,https://www.openstreetmap.org/?mlat=67.9287043&mlon=18.2871013#map=18/67.9287043/18.2871013,"https://overpass-turbo.eu/?Q=[out:json];(nwr(around:50,67.9287043,18.2871013););out center;"
12349636,BD 38,Sälka - Singi,8005.77669023035,67.8821177,18.3214914,https://www.openstreetmap.org/?mlat=67.8821177&mlon=18.3214914#map=18/67.8821177/18.3214914,"https://overpass-turbo.eu/?Q=[out:json];(nwr(around:50,67.8821177,18.3214914););out center;"
12348097,AC 4,Norska gränsen (Lilluman) - Mjölkbäcken,7582.22474946066,66.121238,14.8989923,https://www.openstreetmap.org/?mlat=66.121238&mlon=14.8989923#map=18/66.121238/14.8989923,"https://overpass-turbo.eu/?Q=[out:json];(nwr(around:50,66.121238,14.8989923););out center;"
12348285,AC 2,Tärnasjöstugorna - Syterstugorna (Kungsleden),14497.7989919826,65.9146538,15.4722189,https://www.openstreetmap.org/?mlat=65.9146538&mlon=15.4722189#map=18/65.9146538/15.4722189,"https://overpass-turbo.eu/?Q=[out:json];(nwr(around:50,65.9146538,15.4722189););out center;"
12349589,AC 10,Hemavan Laisaliden,6957.21887212054,65.7998434,15.1521853,https://www.openstreetmap.org/?mlat=65.7998434&mlon=15.1521853#map=18/65.7998434/15.1521853,"https://overpass-turbo.eu/?Q=[out:json];(nwr(around:50,65.7998434,15.1521853););out center;"
12349332,AC 8,Syterstugorna - Sytertoppen - Viterskalstugan,4737.40557358143,65.8958409,15.21417,https://www.openstreetmap.org/?mlat=65.8958409&mlon=15.21417#map=18/65.8958409/15.21417,"https://overpass-turbo.eu/?Q=[out:json];(nwr(around:50,65.8958409,15.21417););out center;"
12349329,AC 8,Syterstugorna - Sytertoppen - Viterskalstugan,585.951624615008,65.8924635,15.2641609,https://www.openstreetmap.org/?mlat=65.8924635&mlon=15.2641609#map=18/65.8924635/15.2641609,"https://overpass-turbo.eu/?Q=[out:json];(nwr(around:50,65.8924635,15.2641609););out center;"
12349325,AC 8,Syterstugorna - Sytertoppen - Viterskalstugan,8599.27682947666,65.9072247,15.3213681,https://www.openstreetmap.org/?mlat=65.9072247&mlon=15.3213681#map=18/65.9072247/15.3213681,"https://overpass-turbo.eu/?Q=[out:json];(nwr(around:50,65.9072247,15.3213681););out center;"
12353487,AC 9,Syterbäcken (led 3) - Klippen,4298.02813922985,65.8566986,15.0753214,https://www.openstreetmap.org/?mlat=65.8566986&mlon=15.0753214#map=18/65.8566986/15.0753214,"https://overpass-turbo.eu/?Q=[out:json];(nwr(around:50,65.8566986,15.0753214););out center;"
12349048,AC 6,Umasjöstugorna - Syterstugorna,21310.9929980867,65.9699396,15.2465562,https://www.openstreetmap.org/?mlat=65.9699396&mlon=15.2465562#map=18/65.9699396/15.2465562,"https://overpass-turbo.eu/?Q=[out:json];(nwr(around:50,65.9699396,15.2465562););out center;"
12348204,AC 12,Ö Syterbäcken (led 3) - Solberg,13087.835360262,65.8145909,15.357431,https://www.openstreetmap.org/?mlat=65.8145909&mlon=15.357431#map=18/65.8145909/15.357431,"https://overpass-turbo.eu/?Q=[out:json];(nwr(around:50,65.8145909,15.357431););out center;"
12348205,AC 13,Syterstugorna - Norra Fjällnäs,15949.4084261998,65.8447011,15.4641625,https://www.openstreetmap.org/?mlat=65.8447011&mlon=15.4641625#map=18/65.8447011/15.4641625,"https://overpass-turbo.eu/?Q=[out:json];(nwr(around:50,65.8447011,15.4641625););out center;"
12354175,W 5,Gördalen - Brottbäcksstugan,3239.36946571843,61.6178809,12.6538267,https://www.openstreetmap.org/?mlat=61.6178809&mlon=12.6538267#map=18/61.6178809/12.6538267,"https://overpass-turbo.eu/?Q=[out:json];(nwr(around:50,61.6178809,12.6538267););out center;"
12347146,W 5,Gördalen - Brottbäcksstugan,612.270498657238,61.5958068,12.5013876,https://www.openstreetmap.org/?mlat=61.5958068&mlon=12.5013876#map=18/61.5958068/12.5013876,"https://overpass-turbo.eu/?Q=[out:json];(nwr(around:50,61.5958068,12.5013876););out center;"
12347626,W 5,Gördalen - Brottbäcksstugan,7462.75604800585,61.6014054,12.5687781,https://www.openstreetmap.org/?mlat=61.6014054&mlon=12.5687781#map=18/61.6014054/12.5687781,"https://overpass-turbo.eu/?Q=[out:json];(nwr(around:50,61.6014054,12.5687781););out center;"
12346338,W 5,Gördalen - Brottbäcksstugan,266.687707528351,61.6237545,12.6766721,https://www.openstreetmap.org/?mlat=61.6237545&mlon=12.6766721#map=18/61.6237545/12.6766721,"https://overpass-turbo.eu/?Q=[out:json];(nwr(around:50,61.6237545,12.6766721););out center;"
12348452,W 6,Rösjöstugorna - Storbron,9588.07752888903,61.4461531,12.8562928,https://www.openstreetmap.org/?mlat=61.4461531&mlon=12.8562928#map=18/61.4461531/12.8562928,"https://overpass-turbo.eu/?Q=[out:json];(nwr(around:50,61.4461531,12.8562928););out center;"
12354447,W 6,Rösjöstugorna - Storbron,5066.82216744254,61.6113385,12.7053879,https://www.openstreetmap.org/?mlat=61.6113385&mlon=12.7053879#map=18/61.6113385/12.7053879,"https://overpass-turbo.eu/?Q=[out:json];(nwr(around:50,61.6113385,12.7053879););out center;"
12354185,W 6,Rösjöstugorna - Storbron,9904.49839107593,61.5277584,12.8010853,https://www.openstreetmap.org/?mlat=61.5277584&mlon=12.8010853#map=18/61.5277584/12.8010853,"https://overpass-turbo.eu/?Q=[out:json];(nwr(around:50,61.5277584,12.8010853););out center;"
12355287,W 6,Rösjöstugorna - Storbron,4300.2323926156,61.5720937,12.7362024,https://www.openstreetmap.org/?mlat=61.5720937&mlon=12.7362024#map=18/61.5720937/12.7362024,"https://overpass-turbo.eu/?Q=[out:json];(nwr(around:50,61.5720937,12.7362024););out center;"
12349393,W 6,Rösjöstugorna - Storbron,2951.73052422238,61.4004767,12.8448501,https://www.openstreetmap.org/?mlat=61.4004767&mlon=12.8448501#map=18/61.4004767/12.8448501,"https://overpass-turbo.eu/?Q=[out:json];(nwr(around:50,61.4004767,12.8448501););out center;"
12351232,W 5,Gördalen - Brottbäcksstugan,654.440947642289,61.6032291,12.7659971,https://www.openstreetmap.org/?mlat=61.6032291&mlon=12.7659971#map=18/61.6032291/12.7659971,"https://overpass-turbo.eu/?Q=[out:json];(nwr(around:50,61.6032291,12.7659971););out center;"
12346467,W 5,Gördalen - Brottbäcksstugan,2525.08749260718,61.5984435,12.7441386,https://www.openstreetmap.org/?mlat=61.5984435&mlon=12.7441386#map=18/61.5984435/12.7441386,"https://overpass-turbo.eu/?Q=[out:json];(nwr(around:50,61.5984435,12.7441386););out center;"
12351232,W 5,Gördalen - Brottbäcksstugan,654.440947642289,61.6032291,12.7659971,https://www.openstreetmap.org/?mlat=61.6032291&mlon=12.7659971#map=18/61.6032291/12.7659971,"https://overpass-turbo.eu/?Q=[out:json];(nwr(around:50,61.6032291,12.7659971););out center;"
12346467,W 5,Gördalen - Brottbäcksstugan,2525.08749260718,61.5984435,12.7441386,https://www.openstreetmap.org/?mlat=61.5984435&mlon=12.7441386#map=18/61.5984435/12.7441386,"https://overpass-turbo.eu/?Q=[out:json];(nwr(around:50,61.5984435,12.7441386););out center;"
12348395,AC 16,Tärnasjöstugorna - Servestugan - Aigertstugan - Ammarnäs (Kungsleden),39461.8426814839,65.95555,15.8541687,https://www.openstreetmap.org/?mlat=65.95555&mlon=15.8541687#map=18/65.95555/15.8541687,"https://overpass-turbo.eu/?Q=[out:json];(nwr(around:50,65.95555,15.8541687););out center;"
12347770,AC 17,Vuomejukke (led 16) - Lill och Stortjulträsket - Ammarnäs,12943.9766640822,65.9693,15.920502,https://www.openstreetmap.org/?mlat=65.9693&mlon=15.920502#map=18/65.9693/15.920502,"https://overpass-turbo.eu/?Q=[out:json];(nwr(around:50,65.9693,15.920502););out center;"
12354302,AC 18,Tjulträsket - Vuometjåkke - Biellojaure,21770.5427929422,65.873302,15.8295369,https://www.openstreetmap.org/?mlat=65.873302&mlon=15.8295369#map=18/65.873302/15.8295369,"https://overpass-turbo.eu/?Q=[out:json];(nwr(around:50,65.873302,15.8295369););out center;"
12354295,AC 19,Guongenjukke (led 16) - Slätvik - Biellojaure - Biellojukke,49389.7078159802,65.782612,15.9064274,https://www.openstreetmap.org/?mlat=65.782612&mlon=15.9064274#map=18/65.782612/15.9064274,"https://overpass-turbo.eu/?Q=[out:json];(nwr(around:50,65.782612,15.9064274););out center;"
12353268,AC 1,Riksgränsen - Vindelkroken - Dalovardo - Tärnasjöstugorna,26316.4022788394,66.0752833,15.5493855,https://www.openstreetmap.org/?mlat=66.0752833&mlon=15.5493855#map=18/66.0752833/15.5493855,"https://overpass-turbo.eu/?Q=[out:json];(nwr(around:50,66.0752833,15.5493855););out center;"
12353240,AC 1,Riksgränsen - Vindelkroken - Dalovardo - Tärnasjöstugorna,16660.8492597018,66.2520166,15.5973356,https://www.openstreetmap.org/?mlat=66.2520166&mlon=15.5973356#map=18/66.2520166/15.5973356,"https://overpass-turbo.eu/?Q=[out:json];(nwr(around:50,66.2520166,15.5973356););out center;"
12353486,AC 3,Syterstugorna - Viterskalstugan - Hemavan,23199.725791129,65.8799472,15.217668,https://www.openstreetmap.org/?mlat=65.8799472&mlon=15.217668#map=18/65.8799472/15.217668,"https://overpass-turbo.eu/?Q=[out:json];(nwr(around:50,65.8799472,15.217668););out center;"
12354212,AC 11,Dåresjukke (led 12) - Laisaliden,6125.8090892635,65.7791877,15.1872203,https://www.openstreetmap.org/?mlat=65.7791877&mlon=15.1872203#map=18/65.7791877/15.1872203,"https://overpass-turbo.eu/?Q=[out:json];(nwr(around:50,65.7791877,15.1872203););out center;"
12348325,AC 11,Dåresjukke (led 12) - Laisaliden,3263.20056824653,65.8058052,15.1766191,https://www.openstreetmap.org/?mlat=65.8058052&mlon=15.1766191#map=18/65.8058052/15.1766191,"https://overpass-turbo.eu/?Q=[out:json];(nwr(around:50,65.8058052,15.1766191););out center;"
12353488,AC 11,Dåresjukke (led 12) - Laisaliden,8652.68696649111,65.8185379,15.2738367,https://www.openstreetmap.org/?mlat=65.8185379&mlon=15.2738367#map=18/65.8185379/15.2738367,"https://overpass-turbo.eu/?Q=[out:json];(nwr(around:50,65.8185379,15.2738367););out center;"
12348394,AC 15,Åike lappläger (led 1) - Salvibäcken (led 17),16691.4001011541,66.0239,15.7014354,https://www.openstreetmap.org/?mlat=66.0239&mlon=15.7014354#map=18/66.0239/15.7014354,"https://overpass-turbo.eu/?Q=[out:json];(nwr(around:50,66.0239,15.7014354););out center;"
12348393,AC 14,Dalovardo - Ammarnäs,3160.79056977506,66.0852927,16.1436374,https://www.openstreetmap.org/?mlat=66.0852927&mlon=16.1436374#map=18/66.0852927/16.1436374,"https://overpass-turbo.eu/?Q=[out:json];(nwr(around:50,66.0852927,16.1436374););out center;"
12348392,AC 14,Dalovardo - Ammarnäs,4572.4593986442,66.0560999,16.1809019,https://www.openstreetmap.org/?mlat=66.0560999&mlon=16.1809019#map=18/66.0560999/16.1809019,"https://overpass-turbo.eu/?Q=[out:json];(nwr(around:50,66.0560999,16.1809019););out center;"
12348391,AC 14,Dalovardo - Ammarnäs,27995.5622778469,66.1760897,15.8982183,https://www.openstreetmap.org/?mlat=66.1760897&mlon=15.8982183#map=18/66.1760897/15.8982183,"https://overpass-turbo.eu/?Q=[out:json];(nwr(around:50,66.1760897,15.8982183););out center;"
12348607,AC 20,Norrbottensgränsen - Ammarnäs (Kungsleden),10791.8582200987,66.0770577,16.2528975,https://www.openstreetmap.org/?mlat=66.0770577&mlon=16.2528975#map=18/66.0770577/16.2528975,"https://overpass-turbo.eu/?Q=[out:json];(nwr(around:50,66.0770577,16.2528975););out center;"
12348606,AC 20,Norrbottensgränsen - Ammarnäs (Kungsleden),23400.2198931513,66.0288166,16.1184186,https://www.openstreetmap.org/?mlat=66.0288166&mlon=16.1184186#map=18/66.0288166/16.1184186,"https://overpass-turbo.eu/?Q=[out:json];(nwr(around:50,66.0288166,16.1184186););out center;"
12344521,AC 20,Norrbottensgränsen - Ammarnäs (Kungsleden),888.609040687141,66.0352007,16.2517333,https://www.openstreetmap.org/?mlat=66.0352007&mlon=16.2517333#map=18/66.0352007/16.2517333,"https://overpass-turbo.eu/?Q=[out:json];(nwr(around:50,66.0352007,16.2517333););out center;"
12344520,AC 20,Norrbottensgränsen - Ammarnäs (Kungsleden),2908.89448576237,66.0392054,16.222134,https://www.openstreetmap.org/?mlat=66.0392054&mlon=16.222134#map=18/66.0392054/16.222134,"https://overpass-turbo.eu/?Q=[out:json];(nwr(around:50,66.0392054,16.222134););out center;"
12344694,AC 20,Norrbottensgränsen - Ammarnäs (Kungsleden),3160.79056977506,66.0852927,16.1436374,https://www.openstreetmap.org/?mlat=66.0852927&mlon=16.1436374#map=18/66.0852927/16.1436374,"https://overpass-turbo.eu/?Q=[out:json];(nwr(around:50,66.0852927,16.1436374););out center;"
12353855,AC 20,Norrbottensgränsen - Ammarnäs (Kungsleden),5205.29961943496,66.0622989,16.2722646,https://www.openstreetmap.org/?mlat=66.0622989&mlon=16.2722646#map=18/66.0622989/16.2722646,"https://overpass-turbo.eu/?Q=[out:json];(nwr(around:50,66.0622989,16.2722646););out center;"
12354075,AC 22,Tvärbäcken (led21) - Kraddsele,24398.0524528687,65.937607,16.5257874,https://www.openstreetmap.org/?mlat=65.937607&mlon=16.5257874#map=18/65.937607/16.5257874,"https://overpass-turbo.eu/?Q=[out:json];(nwr(around:50,65.937607,16.5257874););out center;"
12354291,AC 23,Kraddsele - Överstjuktan - Boksjö,46812.8065558867,65.7006535,16.1872909,https://www.openstreetmap.org/?mlat=65.7006535&mlon=16.1872909#map=18/65.7006535/16.1872909,"https://overpass-turbo.eu/?Q=[out:json];(nwr(around:50,65.7006535,16.1872909););out center;"
12348608,AC 26,Atostugan - Skalmodal,4146.51043620394,65.667729,14.606612,https://www.openstreetmap.org/?mlat=65.667729&mlon=14.606612#map=18/65.667729/14.606612,"https://overpass-turbo.eu/?Q=[out:json];(nwr(around:50,65.667729,14.606612););out center;"
12348567,AC 26,Atostugan - Skalmodal,32928.824610533,65.5181,14.5551772,https://www.openstreetmap.org/?mlat=65.5181&mlon=14.5551772#map=18/65.5181/14.5551772,"https://overpass-turbo.eu/?Q=[out:json];(nwr(around:50,65.5181,14.5551772););out center;"
12348715,AC 47,Marsfjällskåtan - Marsliden,2284.54311211795,65.103467,15.3578517,https://www.openstreetmap.org/?mlat=65.103467&mlon=15.3578517#map=18/65.103467/15.3578517,"https://overpass-turbo.eu/?Q=[out:json];(nwr(around:50,65.103467,15.3578517););out center;"
12348714,AC 47,Marsfjällskåtan - Marsliden,37.3939226661357,65.0857635,15.3314521,https://www.openstreetmap.org/?mlat=65.0857635&mlon=15.3314521#map=18/65.0857635/15.3314521,"https://overpass-turbo.eu/?Q=[out:json];(nwr(around:50,65.0857635,15.3314521););out center;"
12348713,AC 47,Marsfjällskåtan - Marsliden,7138.38663721677,65.0935503,15.2975184,https://www.openstreetmap.org/?mlat=65.0935503&mlon=15.2975184#map=18/65.0935503/15.2975184,"https://overpass-turbo.eu/?Q=[out:json];(nwr(around:50,65.0935503,15.2975184););out center;"
12348609,AC 47,Marsfjällskåtan - Marsliden,7466.22801391939,65.056267,15.3551683,https://www.openstreetmap.org/?mlat=65.056267&mlon=15.3551683#map=18/65.056267/15.3551683,"https://overpass-turbo.eu/?Q=[out:json];(nwr(around:50,65.056267,15.3551683););out center;"
12348746,AC 47,Marsfjällskåtan - Marsliden,1929.595803588,65.0946668,15.3271645,https://www.openstreetmap.org/?mlat=65.0946668&mlon=15.3271645#map=18/65.0946668/15.3271645,"https://overpass-turbo.eu/?Q=[out:json];(nwr(around:50,65.0946668,15.3271645););out center;"
12349049,AC 39,Stekenjokk - Ransarån - Klimpfjäll,17023.243575389,65.1729671,14.477752,https://www.openstreetmap.org/?mlat=65.1729671&mlon=14.477752#map=18/65.1729671/14.477752,"https://overpass-turbo.eu/?Q=[out:json];(nwr(around:50,65.1729671,14.477752););out center;"
12349008,AC 39,Stekenjokk - Ransarån - Klimpfjäll,1447.48325232396,65.1776486,14.5714459,https://www.openstreetmap.org/?mlat=65.1776486&mlon=14.5714459#map=18/65.1776486/14.5714459,"https://overpass-turbo.eu/?Q=[out:json];(nwr(around:50,65.1776486,14.5714459););out center;"
12348953,AC 39,Stekenjokk - Ransarån - Klimpfjäll,490.542798550716,65.1871171,14.5673353,https://www.openstreetmap.org/?mlat=65.1871171&mlon=14.5673353#map=18/65.1871171/14.5673353,"https://overpass-turbo.eu/?Q=[out:json];(nwr(around:50,65.1871171,14.5673353););out center;"
12351875,AC 39,Stekenjokk - Ransarån - Klimpfjäll,3048.50022756666,65.0794004,14.7709185,https://www.openstreetmap.org/?mlat=65.0794004&mlon=14.7709185#map=18/65.0794004/14.7709185,"https://overpass-turbo.eu/?Q=[out:json];(nwr(around:50,65.0794004,14.7709185););out center;"
12348210,AC 39,Stekenjokk - Ransarån - Klimpfjäll,14586.2194378684,65.1486171,14.6764352,https://www.openstreetmap.org/?mlat=65.1486171&mlon=14.6764352#map=18/65.1486171/14.6764352,"https://overpass-turbo.eu/?Q=[out:json];(nwr(around:50,65.1486171,14.6764352););out center;"
12348359,AC 46,Blerikstugan - Marsfjällskåtan - Fatmomakke,16566.0903736872,65.1068504,15.272835,https://www.openstreetmap.org/?mlat=65.1068504&mlon=15.272835#map=18/65.1068504/15.272835,"https://overpass-turbo.eu/?Q=[out:json];(nwr(around:50,65.1068504,15.272835););out center;"
12349009,AC 40,Klimpfjäll - Slipsiken (länsgränsen),971.873793420976,64.9793004,14.7120851,https://www.openstreetmap.org/?mlat=64.9793004&mlon=14.7120851#map=18/64.9793004/14.7120851,"https://overpass-turbo.eu/?Q=[out:json];(nwr(around:50,64.9793004,14.7120851););out center;"
12348954,AC 40,Klimpfjäll - Slipsiken (länsgränsen),8214.54344095379,65.0151338,14.7318684,https://www.openstreetmap.org/?mlat=65.0151338&mlon=14.7318684#map=18/65.0151338/14.7318684,"https://overpass-turbo.eu/?Q=[out:json];(nwr(around:50,65.0151338,14.7318684););out center;"
12348797,AC 28,Kanan - Virisen - Gränsjö,52222.0796022521,65.4249998,15.2694501,https://www.openstreetmap.org/?mlat=65.4249998&mlon=15.2694501#map=18/65.4249998/15.2694501,"https://overpass-turbo.eu/?Q=[out:json];(nwr(around:50,65.4249998,15.2694501););out center;"
12351874,AC 30,Granån - (led 28) - Fättjaur,12091.3147008666,65.3774412,15.3341719,https://www.openstreetmap.org/?mlat=65.3774412&mlon=15.3341719#map=18/65.3774412/15.3341719,"https://overpass-turbo.eu/?Q=[out:json];(nwr(around:50,65.3774412,15.3341719););out center;"
12351956,AC 34,Åtnikstugan - Remdalen,8626.76711115614,65.2637211,14.5589929,https://www.openstreetmap.org/?mlat=65.2637211&mlon=14.5589929#map=18/65.2637211/14.5589929,"https://overpass-turbo.eu/?Q=[out:json];(nwr(around:50,65.2637211,14.5589929););out center;"
12349635,AC 38,Norska gränsen - Remdalen - Tjåkkolastugan,5172.22931903133,65.2669337,14.4821854,https://www.openstreetmap.org/?mlat=65.2669337&mlon=14.4821854#map=18/65.2669337/14.4821854,"https://overpass-turbo.eu/?Q=[out:json];(nwr(around:50,65.2669337,14.4821854););out center;"
12349630,AC 38,Norska gränsen - Remdalen - Tjåkkolastugan,7744.96101996391,65.2171671,14.5380353,https://www.openstreetmap.org/?mlat=65.2171671&mlon=14.5380353#map=18/65.2171671/14.5380353,"https://overpass-turbo.eu/?Q=[out:json];(nwr(around:50,65.2171671,14.5380353););out center;"
12350895,AC 27,Forsmark - Matsdal - Grönfjäll - Henriksfjäll,16990.2361029086,65.3859422,15.8331929,https://www.openstreetmap.org/?mlat=65.3859422&mlon=15.8331929#map=18/65.3859422/15.8331929,"https://overpass-turbo.eu/?Q=[out:json];(nwr(around:50,65.3859422,15.8331929););out center;"
12354282,AC 27,Forsmark - Matsdal - Grönfjäll - Henriksfjäll,10953.1886474144,65.3063299,15.7568235,https://www.openstreetmap.org/?mlat=65.3063299&mlon=15.7568235#map=18/65.3063299/15.7568235,"https://overpass-turbo.eu/?Q=[out:json];(nwr(around:50,65.3063299,15.7568235););out center;"
12348745,AC 29,Gränsjö - Vardofjäll - Åtnikstugan - Norska gränsen,21833.2593796897,65.3195268,14.7395717,https://www.openstreetmap.org/?mlat=65.3195268&mlon=14.7395717#map=18/65.3195268/14.7395717,"https://overpass-turbo.eu/?Q=[out:json];(nwr(around:50,65.3195268,14.7395717););out center;"
12348795,AC 36,Gielas - Ransarluspen,19135.1182894811,65.2499911,15.0425112,https://www.openstreetmap.org/?mlat=65.2499911&mlon=15.0425112#map=18/65.2499911/15.0425112,"https://overpass-turbo.eu/?Q=[out:json];(nwr(around:50,65.2499911,15.0425112););out center;"
12348399,AC 43,Borkan - Fatmomakke,24859.2207764922,65.1686003,15.2362351,https://www.openstreetmap.org/?mlat=65.1686003&mlon=15.2362351#map=18/65.1686003/15.2362351,"https://overpass-turbo.eu/?Q=[out:json];(nwr(around:50,65.1686003,15.2362351););out center;"
12354203,AC 44,Grönfjäll - Kittelfjäll - Svartbäcken,29610.1565888227,65.2057129,15.4508328,https://www.openstreetmap.org/?mlat=65.2057129&mlon=15.4508328#map=18/65.2057129/15.4508328,"https://overpass-turbo.eu/?Q=[out:json];(nwr(around:50,65.2057129,15.4508328););out center;"
12350514,AC 49,Saxnäs - Mellanrissjön,26655.720004611,64.8739504,15.4712015,https://www.openstreetmap.org/?mlat=64.8739504&mlon=15.4712015#map=18/64.8739504/15.4712015,"https://overpass-turbo.eu/?Q=[out:json];(nwr(around:50,64.8739504,15.4712015););out center;"
12344537,AC 45,V Klitvallsbäcken (led 27) - Klitvallen,8132.61966484399,65.2883002,15.8124517,https://www.openstreetmap.org/?mlat=65.2883002&mlon=15.8124517#map=18/65.2883002/15.8124517,"https://overpass-turbo.eu/?Q=[out:json];(nwr(around:50,65.2883002,15.8124517););out center;"
12348747,AC 48,Saxnäs - Borga,13788.2129787848,64.8999671,15.1754349,https://www.openstreetmap.org/?mlat=64.8999671&mlon=15.1754349#map=18/64.8999671/15.1754349,"https://overpass-turbo.eu/?Q=[out:json];(nwr(around:50,64.8999671,15.1754349););out center;"
12348212,AC 41,Tjåkkolastugan - Stekenjokk,7335.1326835828,65.1455277,14.5534919,https://www.openstreetmap.org/?mlat=65.1455277&mlon=14.5534919#map=18/65.1455277/14.5534919,"https://overpass-turbo.eu/?Q=[out:json];(nwr(around:50,65.1455277,14.5534919););out center;"
12348211,AC 41,Tjåkkolastugan - Stekenjokk,1447.48325232396,65.1776486,14.5714459,https://www.openstreetmap.org/?mlat=65.1776486&mlon=14.5714459#map=18/65.1776486/14.5714459,"https://overpass-turbo.eu/?Q=[out:json];(nwr(around:50,65.1776486,14.5714459););out center;"
12352002,AC 35,Fättjaur (led 30) - Grönfjäll,21842.6896090321,65.3379669,15.4926185,https://www.openstreetmap.org/?mlat=65.3379669&mlon=15.4926185#map=18/65.3379669/15.4926185,"https://overpass-turbo.eu/?Q=[out:json];(nwr(around:50,65.3379669,15.4926185););out center;"
12349095,W 3,Jakobshöjden (led 1) - Foskros,1924.37235131779,62.0463553,12.4240695,https://www.openstreetmap.org/?mlat=62.0463553&mlon=12.4240695#map=18/62.0463553/12.4240695,"https://overpass-turbo.eu/?Q=[out:json];(nwr(around:50,62.0463553,12.4240695););out center;"
12348915,W 3,Jakobshöjden (led 1) - Foskros,526.092463437673,62.0484244,12.4042892,https://www.openstreetmap.org/?mlat=62.0484244&mlon=12.4042892#map=18/62.0484244/12.4042892,"https://overpass-turbo.eu/?Q=[out:json];(nwr(around:50,62.0484244,12.4042892););out center;"
12354415,W 3,Jakobshöjden (led 1) - Foskros,3448.29646864757,62.0315364,12.4655591,https://www.openstreetmap.org/?mlat=62.0315364&mlon=12.4655591#map=18/62.0315364/12.4655591,"https://overpass-turbo.eu/?Q=[out:json];(nwr(around:50,62.0315364,12.4655591););out center;"
12354414,W 3,Jakobshöjden (led 1) - Foskros,9676.08826208299,62.015708,12.5762389,https://www.openstreetmap.org/?mlat=62.015708&mlon=12.5762389#map=18/62.015708/12.5762389,"https://overpass-turbo.eu/?Q=[out:json];(nwr(around:50,62.015708,12.5762389););out center;"
12350958,AC 13,Syterstugorna - Norra Fjällnäs,19806.8105602657,65.8283188,15.4808547,https://www.openstreetmap.org/?mlat=65.8283188&mlon=15.4808547#map=18/65.8283188/15.4808547,"https://overpass-turbo.eu/?Q=[out:json];(nwr(around:50,65.8283188,15.4808547););out center;"
12354759,AC 12,Ö Syterbäcken (led 3) - Solberg,12749.3630183074,65.8096319,15.3565588,https://www.openstreetmap.org/?mlat=65.8096319&mlon=15.3565588#map=18/65.8096319/15.3565588,"https://overpass-turbo.eu/?Q=[out:json];(nwr(around:50,65.8096319,15.3565588););out center;"
12349227,AC 16,Tärnasjöstugorna - Servestugan - Aigertstugan - Ammarnäs (Kungsleden),22057.7654118365,65.9234996,15.9784346,https://www.openstreetmap.org/?mlat=65.9234996&mlon=15.9784346#map=18/65.9234996/15.9784346,"https://overpass-turbo.eu/?Q=[out:json];(nwr(around:50,65.9234996,15.9784346););out center;"
12356012,AC 16,Tärnasjöstugorna - Servestugan - Aigertstugan - Ammarnäs (Kungsleden),4562.27390490767,65.9865169,15.5419467,https://www.openstreetmap.org/?mlat=65.9865169&mlon=15.5419467#map=18/65.9865169/15.5419467,"https://overpass-turbo.eu/?Q=[out:json];(nwr(around:50,65.9865169,15.5419467););out center;"
12356011,AC 14,Dalovardo - Ammarnäs,7549.2336822306,66.0754136,16.165312,https://www.openstreetmap.org/?mlat=66.0754136&mlon=16.165312#map=18/66.0754136/16.165312,"https://overpass-turbo.eu/?Q=[out:json];(nwr(around:50,66.0754136,16.165312););out center;"
12356008,AC 14,Dalovardo - Ammarnäs,28069.2992215503,66.1759666,15.8922354,https://www.openstreetmap.org/?mlat=66.1759666&mlon=15.8922354#map=18/66.1759666/15.8922354,"https://overpass-turbo.eu/?Q=[out:json];(nwr(around:50,66.1759666,15.8922354););out center;"
12355321,AC 9,Syterbäcken (led 3) - Klippen,4568.64294899756,65.8596302,15.0703675,https://www.openstreetmap.org/?mlat=65.8596302&mlon=15.0703675#map=18/65.8596302/15.0703675,"https://overpass-turbo.eu/?Q=[out:json];(nwr(around:50,65.8596302,15.0703675););out center;"
12355318,AC 7,Tärnasjö - Gurratsnjuone (led 13),8417.34358734079,65.8887375,15.4914585,https://www.openstreetmap.org/?mlat=65.8887375&mlon=15.4914585#map=18/65.8887375/15.4914585,"https://overpass-turbo.eu/?Q=[out:json];(nwr(around:50,65.8887375,15.4914585););out center;"
12355322,AC 11,Dåresjukke (led 12) - Laisaliden,12672.9096546869,65.8000196,15.2568967,https://www.openstreetmap.org/?mlat=65.8000196&mlon=15.2568967#map=18/65.8000196/15.2568967,"https://overpass-turbo.eu/?Q=[out:json];(nwr(around:50,65.8000196,15.2568967););out center;"
12356010,AC 10,Hemavan Laisaliden,8088.38775654927,65.8018588,15.1535552,https://www.openstreetmap.org/?mlat=65.8018588&mlon=15.1535552#map=18/65.8018588/15.1535552,"https://overpass-turbo.eu/?Q=[out:json];(nwr(around:50,65.8018588,15.1535552););out center;"
12344700,AC 22,Tvärbäcken (led21) - Kraddsele,23185.7651644561,65.9378917,16.5262456,https://www.openstreetmap.org/?mlat=65.9378917&mlon=16.5262456#map=18/65.9378917/16.5262456,"https://overpass-turbo.eu/?Q=[out:json];(nwr(around:50,65.9378917,16.5262456););out center;"
12353886,AC 21,Norrbottensgränsen - Bräirajaure - Ammarnäs,22455.4592825397,66.0194333,16.4490351,https://www.openstreetmap.org/?mlat=66.0194333&mlon=16.4490351#map=18/66.0194333/16.4490351,"https://overpass-turbo.eu/?Q=[out:json];(nwr(around:50,66.0194333,16.4490351););out center;"
12356056,AC 18,Tjulträsket - Vuometjåkke - Biellojaure,18723.7486585496,65.8639834,15.809802,https://www.openstreetmap.org/?mlat=65.8639834&mlon=15.809802#map=18/65.8639834/15.809802,"https://overpass-turbo.eu/?Q=[out:json];(nwr(around:50,65.8639834,15.809802););out center;"
12349107,AC 20,Norrbottensgränsen - Ammarnäs (Kungsleden),40873.0704247646,66.061283,16.1753605,https://www.openstreetmap.org/?mlat=66.061283&mlon=16.1753605#map=18/66.061283/16.1753605,"https://overpass-turbo.eu/?Q=[out:json];(nwr(around:50,66.061283,16.1753605););out center;"
12356054,AC 17,Vuomejukke (led 16) - Lill och Stortjulträsket - Ammarnäs,10685.1809245708,65.9648333,15.9366686,https://www.openstreetmap.org/?mlat=65.9648333&mlon=15.9366686#map=18/65.9648333/15.9366686,"https://overpass-turbo.eu/?Q=[out:json];(nwr(around:50,65.9648333,15.9366686););out center;"
12349108,AC 20,Norrbottensgränsen - Ammarnäs (Kungsleden),12665.7460389517,66.0658167,16.2690832,https://www.openstreetmap.org/?mlat=66.0658167&mlon=16.2690832#map=18/66.0658167/16.2690832,"https://overpass-turbo.eu/?Q=[out:json];(nwr(around:50,66.0658167,16.2690832););out center;"
12348179,AC 19,Guongenjukke (led 16) - Slätvik - Biellojaure - Biellojukke,6862.48080896763,65.7862234,15.65564,https://www.openstreetmap.org/?mlat=65.7862234&mlon=15.65564#map=18/65.7862234/15.65564,"https://overpass-turbo.eu/?Q=[out:json];(nwr(around:50,65.7862234,15.65564););out center;"
12348178,AC 19,Guongenjukke (led 16) - Slätvik - Biellojaure - Biellojukke,9475.65935779147,65.7914111,16.0773193,https://www.openstreetmap.org/?mlat=65.7914111&mlon=16.0773193#map=18/65.7914111/16.0773193,"https://overpass-turbo.eu/?Q=[out:json];(nwr(around:50,65.7914111,16.0773193););out center;"
12355633,AC 1,Riksgränsen - Vindelkroken - Dalovardo - Tärnasjöstugorna,15805.833563566,66.2526666,15.5954356,https://www.openstreetmap.org/?mlat=66.2526666&mlon=15.5954356#map=18/66.2526666/15.5954356,"https://overpass-turbo.eu/?Q=[out:json];(nwr(around:50,66.2526666,15.5954356););out center;"
12355632,AC 1,Riksgränsen - Vindelkroken - Dalovardo - Tärnasjöstugorna,27049.3885585497,66.0770666,15.5484022,https://www.openstreetmap.org/?mlat=66.0770666&mlon=15.5484022#map=18/66.0770666/15.5484022,"https://overpass-turbo.eu/?Q=[out:json];(nwr(around:50,66.0770666,15.5484022););out center;"
12351239,AC 24,Överstjuktan - Brånaberg,28369.3136396873,65.6508992,16.190834,https://www.openstreetmap.org/?mlat=65.6508992&mlon=16.190834#map=18/65.6508992/16.190834,"https://overpass-turbo.eu/?Q=[out:json];(nwr(around:50,65.6508992,16.190834););out center;"
12353939,AC 3,Syterstugorna - Viterskalstugan - Hemavan,3422.1254276789,65.8435385,15.0723033,https://www.openstreetmap.org/?mlat=65.8435385&mlon=15.0723033#map=18/65.8435385/15.0723033,"https://overpass-turbo.eu/?Q=[out:json];(nwr(around:50,65.8435385,15.0723033););out center;"
12348183,AC 25,Gåsbäcken (led 19) - Överstjuktan,17138.2213727629,65.8377324,16.2302601,https://www.openstreetmap.org/?mlat=65.8377324&mlon=16.2302601#map=18/65.8377324/16.2302601,"https://overpass-turbo.eu/?Q=[out:json];(nwr(around:50,65.8377324,16.2302601););out center;"
12354385,AC 28,Kanan - Virisen - Gränsjö,34803.7078557515,65.4161833,15.095444,https://www.openstreetmap.org/?mlat=65.4161833&mlon=15.095444#map=18/65.4161833/15.095444,"https://overpass-turbo.eu/?Q=[out:json];(nwr(around:50,65.4161833,15.095444););out center;"
12345126,AC 27,Forsmark - Matsdal - Grönfjäll - Henriksfjäll,16481.42860151,65.3933582,15.8291052,https://www.openstreetmap.org/?mlat=65.3933582&mlon=15.8291052#map=18/65.3933582/15.8291052,"https://overpass-turbo.eu/?Q=[out:json];(nwr(around:50,65.3933582,15.8291052););out center;"
12349279,AC 34,Åtnikstugan - Remdalen,8320.09089154872,65.2638504,14.5609187,https://www.openstreetmap.org/?mlat=65.2638504&mlon=14.5609187#map=18/65.2638504/14.5609187,"https://overpass-turbo.eu/?Q=[out:json];(nwr(around:50,65.2638504,14.5609187););out center;"
12351027,AC 33,Vardofjäll - Ljusliden,12958.3722606542,65.2884837,14.8334686,https://www.openstreetmap.org/?mlat=65.2884837&mlon=14.8334686#map=18/65.2884837/14.8334686,"https://overpass-turbo.eu/?Q=[out:json];(nwr(around:50,65.2884837,14.8334686););out center;"
12350845,AC 36,Gielas - Ransarluspen,18544.2241073412,65.2445976,15.0445698,https://www.openstreetmap.org/?mlat=65.2445976&mlon=15.0445698#map=18/65.2445976/15.0445698,"https://overpass-turbo.eu/?Q=[out:json];(nwr(around:50,65.2445976,15.0445698););out center;"
12350844,AC 36,Gielas - Ransarluspen,18990.6056896762,65.2499911,15.0425112,https://www.openstreetmap.org/?mlat=65.2499911&mlon=15.0425112#map=18/65.2499911/15.0425112,"https://overpass-turbo.eu/?Q=[out:json];(nwr(around:50,65.2499911,15.0425112););out center;"
12351113,AC 36,Gielas - Ransarluspen,404.779772876561,65.2315761,15.0577405,https://www.openstreetmap.org/?mlat=65.2315761&mlon=15.0577405#map=18/65.2315761/15.0577405,"https://overpass-turbo.eu/?Q=[out:json];(nwr(around:50,65.2315761,15.0577405););out center;"
12352263,AC 35,Fättjaur (led 30) - Grönfjäll,23352.7873718859,65.3379192,15.5030187,https://www.openstreetmap.org/?mlat=65.3379192&mlon=15.5030187#map=18/65.3379192/15.5030187,"https://overpass-turbo.eu/?Q=[out:json];(nwr(around:50,65.3379192,15.5030187););out center;"
12345129,AC 30,Granån - (led 28) - Fättjaur,2005.49122003752,65.3575003,15.3001852,https://www.openstreetmap.org/?mlat=65.3575003&mlon=15.3001852#map=18/65.3575003/15.3001852,"https://overpass-turbo.eu/?Q=[out:json];(nwr(around:50,65.3575003,15.3001852););out center;"
12345128,AC 30,Granån - (led 28) - Fättjaur,6613.54848957858,65.3818018,15.3477354,https://www.openstreetmap.org/?mlat=65.3818018&mlon=15.3477354#map=18/65.3818018/15.3477354,"https://overpass-turbo.eu/?Q=[out:json];(nwr(around:50,65.3818018,15.3477354););out center;"
12345127,AC 30,Granån - (led 28) - Fättjaur,3467.60762238504,65.3337503,15.2949185,https://www.openstreetmap.org/?mlat=65.3337503&mlon=15.2949185#map=18/65.3337503/15.2949185,"https://overpass-turbo.eu/?Q=[out:json];(nwr(around:50,65.3337503,15.2949185););out center;"
12352546,AC 29,Gränsjö - Vardofjäll - Åtnikstugan - Norska gränsen,20577.9436699871,65.3176337,14.7336187,https://www.openstreetmap.org/?mlat=65.3176337&mlon=14.7336187#map=18/65.3176337/14.7336187,"https://overpass-turbo.eu/?Q=[out:json];(nwr(around:50,65.3176337,14.7336187););out center;"
12354030,AC 32,Gielas - Gottern,9314.28645514897,65.3360666,14.9675881,https://www.openstreetmap.org/?mlat=65.3360666&mlon=14.9675881#map=18/65.3360666/14.9675881,"https://overpass-turbo.eu/?Q=[out:json];(nwr(around:50,65.3360666,14.9675881););out center;"
12345300,AC 31,Virisen - Silisen (led 30),3620.63426989354,65.3814503,15.2947852,https://www.openstreetmap.org/?mlat=65.3814503&mlon=15.2947852#map=18/65.3814503/15.2947852,"https://overpass-turbo.eu/?Q=[out:json];(nwr(around:50,65.3814503,15.2947852););out center;"
12352284,AC 39,Stekenjokk - Ransarån - Klimpfjäll,6227.92035860962,65.1409667,14.5515,https://www.openstreetmap.org/?mlat=65.1409667&mlon=14.5515#map=18/65.1409667/14.5515,"https://overpass-turbo.eu/?Q=[out:json];(nwr(around:50,65.1409667,14.5515););out center;"
12352284,AC 41,Tjåkkolastugan - Stekenjokk,6227.92035860962,65.1409667,14.5515,https://www.openstreetmap.org/?mlat=65.1409667&mlon=14.5515#map=18/65.1409667/14.5515,"https://overpass-turbo.eu/?Q=[out:json];(nwr(around:50,65.1409667,14.5515););out center;"
12354828,AC 40,Klimpfjäll - Slipsiken (länsgränsen),982.463259737056,64.9807858,14.7152738,https://www.openstreetmap.org/?mlat=64.9807858&mlon=14.7152738#map=18/64.9807858/14.7152738,"https://overpass-turbo.eu/?Q=[out:json];(nwr(around:50,64.9807858,14.7152738););out center;"
12344837,AC 40,Klimpfjäll - Slipsiken (länsgränsen),8127.6527532311,65.0192227,14.7340747,https://www.openstreetmap.org/?mlat=65.0192227&mlon=14.7340747#map=18/65.0192227/14.7340747,"https://overpass-turbo.eu/?Q=[out:json];(nwr(around:50,65.0192227,14.7340747););out center;"
12353988,AC 42,Ransaren - Durrenstugan,24367.9383129259,65.1868744,14.8887767,https://www.openstreetmap.org/?mlat=65.1868744&mlon=14.8887767#map=18/65.1868744/14.8887767,"https://overpass-turbo.eu/?Q=[out:json];(nwr(around:50,65.1868744,14.8887767););out center;"
12344768,AC 38,Norska gränsen - Remdalen - Tjåkkolastugan,7390.1848077164,65.2173,14.5248661,https://www.openstreetmap.org/?mlat=65.2173&mlon=14.5248661#map=18/65.2173/14.5248661,"https://overpass-turbo.eu/?Q=[out:json];(nwr(around:50,65.2173,14.5248661););out center;"
12344767,AC 38,Norska gränsen - Remdalen - Tjåkkolastugan,4612.45536434683,65.2673333,14.4816825,https://www.openstreetmap.org/?mlat=65.2673333&mlon=14.4816825#map=18/65.2673333/14.4816825,"https://overpass-turbo.eu/?Q=[out:json];(nwr(around:50,65.2673333,14.4816825););out center;"
12351112,AC 21,Norrbottensgränsen - Bräirajaure - Ammarnäs,16223.779878548,66.0251459,16.5146197,https://www.openstreetmap.org/?mlat=66.0251459&mlon=16.5146197#map=18/66.0251459/16.5146197,"https://overpass-turbo.eu/?Q=[out:json];(nwr(around:50,66.0251459,16.5146197););out center;"
12349276,AC 37,Ransarviken (led 36) - Ljusliden - Tjåkkolastugan,4893.60032763771,65.2939719,14.9998808,https://www.openstreetmap.org/?mlat=65.2939719&mlon=14.9998808#map=18/65.2939719/14.9998808,"https://overpass-turbo.eu/?Q=[out:json];(nwr(around:50,65.2939719,14.9998808););out center;"
12354763,AC 37,Ransarviken (led 36) - Ljusliden - Tjåkkolastugan,706.303403724773,65.2674959,15.0050103,https://www.openstreetmap.org/?mlat=65.2674959&mlon=15.0050103#map=18/65.2674959/15.0050103,"https://overpass-turbo.eu/?Q=[out:json];(nwr(around:50,65.2674959,15.0050103););out center;"
12354762,AC 37,Ransarviken (led 36) - Ljusliden - Tjåkkolastugan,24843.8998989172,65.2265004,14.7850352,https://www.openstreetmap.org/?mlat=65.2265004&mlon=14.7850352#map=18/65.2265004/14.7850352,"https://overpass-turbo.eu/?Q=[out:json];(nwr(around:50,65.2265004,14.7850352););out center;"
12352594,AC 39,Stekenjokk - Ransarån - Klimpfjäll,5903.11539644393,65.0646037,14.7487099,https://www.openstreetmap.org/?mlat=65.0646037&mlon=14.7487099#map=18/65.0646037/14.7487099,"https://overpass-turbo.eu/?Q=[out:json];(nwr(around:50,65.0646037,14.7487099););out center;"
12351723,AC 48,Saxnäs - Borga,7452.95467539075,64.9316504,15.2886849,https://www.openstreetmap.org/?mlat=64.9316504&mlon=15.2886849#map=18/64.9316504/15.2886849,"https://overpass-turbo.eu/?Q=[out:json];(nwr(around:50,64.9316504,15.2886849););out center;"
12355323,AC 6,Umasjöstugorna - Syterstugorna,16141.7242486142,65.953666,15.2835789,https://www.openstreetmap.org/?mlat=65.953666&mlon=15.2835789#map=18/65.953666/15.2835789,"https://overpass-turbo.eu/?Q=[out:json];(nwr(around:50,65.953666,15.2835789););out center;"
12348177,AC 5,Umasjö - Tärnasjön - Seitäk (led 16),2996.66081918612,65.9898893,15.1306517,https://www.openstreetmap.org/?mlat=65.9898893&mlon=15.1306517#map=18/65.9898893/15.1306517,"https://overpass-turbo.eu/?Q=[out:json];(nwr(around:50,65.9898893,15.1306517););out center;"
12348176,AC 5,Umasjö - Tärnasjön - Seitäk (led 16),18885.5445160327,66.0158126,15.3325093,https://www.openstreetmap.org/?mlat=66.0158126&mlon=15.3325093#map=18/66.0158126/15.3325093,"https://overpass-turbo.eu/?Q=[out:json];(nwr(around:50,66.0158126,15.3325093););out center;"
12348175,AC 5,Umasjö - Tärnasjön - Seitäk (led 16),6781.56418072783,66.0039507,15.5386887,https://www.openstreetmap.org/?mlat=66.0039507&mlon=15.5386887#map=18/66.0039507/15.5386887,"https://overpass-turbo.eu/?Q=[out:json];(nwr(around:50,66.0039507,15.5386887););out center;"
12356009,AC 5,Umasjö - Tärnasjön - Seitäk (led 16),1393.73972796613,65.988209,15.0848328,https://www.openstreetmap.org/?mlat=65.988209&mlon=15.0848328#map=18/65.988209/15.0848328,"https://overpass-turbo.eu/?Q=[out:json];(nwr(around:50,65.988209,15.0848328););out center;"
12351026,AC 43,Borkan - Fatmomakke,22477.2963215921,65.1803735,15.2575025,https://www.openstreetmap.org/?mlat=65.1803735&mlon=15.2575025#map=18/65.1803735/15.2575025,"https://overpass-turbo.eu/?Q=[out:json];(nwr(around:50,65.1803735,15.2575025););out center;"
12352545,AC 47,Marsfjällskåtan - Marsliden,11112.7674762362,65.0850504,15.333285,https://www.openstreetmap.org/?mlat=65.0850504&mlon=15.333285#map=18/65.0850504/15.333285,"https://overpass-turbo.eu/?Q=[out:json];(nwr(around:50,65.0850504,15.333285););out center;"
12350680,AC 46,Blerikstugan - Marsfjällskåtan - Fatmomakke,17053.9709944991,65.1058837,15.2710684,https://www.openstreetmap.org/?mlat=65.1058837&mlon=15.2710684#map=18/65.1058837/15.2710684,"https://overpass-turbo.eu/?Q=[out:json];(nwr(around:50,65.1058837,15.2710684););out center;"
12351876,AC 44,Grönfjäll - Kittelfjäll - Svartbäcken,6410.15198104917,65.1872213,15.4229266,https://www.openstreetmap.org/?mlat=65.1872213&mlon=15.4229266#map=18/65.1872213/15.4229266,"https://overpass-turbo.eu/?Q=[out:json];(nwr(around:50,65.1872213,15.4229266););out center;"
12351645,AC 44,Grönfjäll - Kittelfjäll - Svartbäcken,5498.84785888952,65.1749352,15.3090369,https://www.openstreetmap.org/?mlat=65.1749352&mlon=15.3090369#map=18/65.1749352/15.3090369,"https://overpass-turbo.eu/?Q=[out:json];(nwr(around:50,65.1749352,15.3090369););out center;"
12351644,AC 44,Grönfjäll - Kittelfjäll - Svartbäcken,1835.02805059576,65.1998878,15.4944267,https://www.openstreetmap.org/?mlat=65.1998878&mlon=15.4944267#map=18/65.1998878/15.4944267,"https://overpass-turbo.eu/?Q=[out:json];(nwr(around:50,65.1998878,15.4944267););out center;"
12351643,AC 44,Grönfjäll - Kittelfjäll - Svartbäcken,7143.34348047052,65.193863,15.4196956,https://www.openstreetmap.org/?mlat=65.193863&mlon=15.4196956#map=18/65.193863/15.4196956,"https://overpass-turbo.eu/?Q=[out:json];(nwr(around:50,65.193863,15.4196956););out center;"
12355394,AC 2,Tärnasjöstugorna - Syterstugorna (Kungsleden),11336.6422685269,65.9468139,15.492419,https://www.openstreetmap.org/?mlat=65.9468139&mlon=15.492419#map=18/65.9468139/15.492419,"https://overpass-turbo.eu/?Q=[out:json];(nwr(around:50,65.9468139,15.492419););out center;"
12353938,AC 3,Syterstugorna - Viterskalstugan - Hemavan,17555.4758112302,65.8792079,15.2421514,https://www.openstreetmap.org/?mlat=65.8792079&mlon=15.2421514#map=18/65.8792079/15.2421514,"https://overpass-turbo.eu/?Q=[out:json];(nwr(around:50,65.8792079,15.2421514););out center;"
12348182,AC 16,Tärnasjöstugorna - Servestugan - Aigertstugan - Ammarnäs (Kungsleden),3366.98626726768,65.9403826,16.1841077,https://www.openstreetmap.org/?mlat=65.9403826&mlon=16.1841077#map=18/65.9403826/16.1841077,"https://overpass-turbo.eu/?Q=[out:json];(nwr(around:50,65.9403826,16.1841077););out center;"
12356013,AC 16,Tärnasjöstugorna - Servestugan - Aigertstugan - Ammarnäs (Kungsleden),11785.3633944945,65.970396,15.694482,https://www.openstreetmap.org/?mlat=65.970396&mlon=15.694482#map=18/65.970396/15.694482,"https://overpass-turbo.eu/?Q=[out:json];(nwr(around:50,65.970396,15.694482););out center;"
12356014,AC 17,Vuomejukke (led 16) - Lill och Stortjulträsket - Ammarnäs,13627.4336781735,65.9621116,15.9782761,https://www.openstreetmap.org/?mlat=65.9621116&mlon=15.9782761#map=18/65.9621116/15.9782761,"https://overpass-turbo.eu/?Q=[out:json];(nwr(around:50,65.9621116,15.9782761););out center;"
12356025,AC 19,Guongenjukke (led 16) - Slätvik - Biellojaure - Biellojukke,7030.56802153948,65.7774252,15.6557011,https://www.openstreetmap.org/?mlat=65.7774252&mlon=15.6557011#map=18/65.7774252/15.6557011,"https://overpass-turbo.eu/?Q=[out:json];(nwr(around:50,65.7774252,15.6557011););out center;"
12356015,AC 19,Guongenjukke (led 16) - Slätvik - Biellojaure - Biellojukke,19137.6206734995,65.8026334,16.0977185,https://www.openstreetmap.org/?mlat=65.8026334&mlon=16.0977185#map=18/65.8026334/16.0977185,"https://overpass-turbo.eu/?Q=[out:json];(nwr(around:50,65.8026334,16.0977185););out center;"
12353622,AC 38,Norska gränsen - Remdalen - Tjåkkolastugan,1688.2288787418,65.1897504,14.5597353,https://www.openstreetmap.org/?mlat=65.1897504&mlon=14.5597353#map=18/65.1897504/14.5597353,"https://overpass-turbo.eu/?Q=[out:json];(nwr(around:50,65.1897504,14.5597353););out center;"
12353072,AC 23,Kraddsele - Överstjuktan - Boksjö,21053.2025196063,65.7447762,16.390389,https://www.openstreetmap.org/?mlat=65.7447762&mlon=16.390389#map=18/65.7447762/16.390389,"https://overpass-turbo.eu/?Q=[out:json];(nwr(around:50,65.7447762,16.390389););out center;"
12353940,AC 23,Kraddsele - Överstjuktan - Boksjö,2586.50554994218,65.8401723,16.4697996,https://www.openstreetmap.org/?mlat=65.8401723&mlon=16.4697996#map=18/65.8401723/16.4697996,"https://overpass-turbo.eu/?Q=[out:json];(nwr(around:50,65.8401723,16.4697996););out center;"
12348682,AC 52,Rödingträsket - Metsjöarna - Suojale (AC 24) (ny),13389.8290696586,65.619154,16.2474384,https://www.openstreetmap.org/?mlat=65.619154&mlon=16.2474384#map=18/65.619154/16.2474384,"https://overpass-turbo.eu/?Q=[out:json];(nwr(around:50,65.619154,16.2474384););out center;"
12353888,AC 52,Rödingträsket - Metsjöarna - Suojale (AC 24) (ny),5630.59117155697,65.5433048,16.3139258,https://www.openstreetmap.org/?mlat=65.5433048&mlon=16.3139258#map=18/65.5433048/16.3139258,"https://overpass-turbo.eu/?Q=[out:json];(nwr(around:50,65.5433048,16.3139258););out center;"
12353887,AC 52,Rödingträsket - Metsjöarna - Suojale (AC 24) (ny),5352.79997918693,65.585674,16.3450411,https://www.openstreetmap.org/?mlat=65.585674&mlon=16.3450411#map=18/65.585674/16.3450411,"https://overpass-turbo.eu/?Q=[out:json];(nwr(around:50,65.585674,16.3450411););out center;"
12349191,AC 53,Boksjö - Giemtsjön - Vatjosjön (AC 19) (ny),12930.9806442442,65.7244129,15.8276806,https://www.openstreetmap.org/?mlat=65.7244129&mlon=15.8276806#map=18/65.7244129/15.8276806,"https://overpass-turbo.eu/?Q=[out:json];(nwr(around:50,65.7244129,15.8276806););out center;"
12354387,AC 53,Boksjö - Giemtsjön - Vatjosjön (AC 19) (ny),14511.725563895,65.6827145,15.9237347,https://www.openstreetmap.org/?mlat=65.6827145&mlon=15.9237347#map=18/65.6827145/15.9237347,"https://overpass-turbo.eu/?Q=[out:json];(nwr(around:50,65.6827145,15.9237347););out center;"
12354827,AC 54,Grytsjö - Rissjön (AC 44) (ny),23528.5286317136,65.1154858,15.5250108,https://www.openstreetmap.org/?mlat=65.1154858&mlon=15.5250108#map=18/65.1154858/15.5250108,"https://overpass-turbo.eu/?Q=[out:json];(nwr(around:50,65.1154858,15.5250108););out center;"
12351174,AC 55,Blaikliden - Korssjön - Valliegietjie (ny),12577.7816127228,65.0724173,15.6774251,https://www.openstreetmap.org/?mlat=65.0724173&mlon=15.6774251#map=18/65.0724173/15.6774251,"https://overpass-turbo.eu/?Q=[out:json];(nwr(around:50,65.0724173,15.6774251););out center;"
12351858,BD 25,Abiskojaure - Unna Allakas,18072.4767048448,68.2177849,18.3787584,https://www.openstreetmap.org/?mlat=68.2177849&mlon=18.3787584#map=18/68.2177849/18.3787584,"https://overpass-turbo.eu/?Q=[out:json];(nwr(around:50,68.2177849,18.3787584););out center;"
12352119,BD 25,Abiskojaure - Unna Allakas,1025.043864788,68.2080085,18.1913069,https://www.openstreetmap.org/?mlat=68.2080085&mlon=18.1913069#map=18/68.2080085/18.1913069,"https://overpass-turbo.eu/?Q=[out:json];(nwr(around:50,68.2080085,18.1913069););out center;"
12352368,AC 39,Stekenjokk - Ransarån - Klimpfjäll,13907.256090449,65.1492077,14.6805423,https://www.openstreetmap.org/?mlat=65.1492077&mlon=14.6805423#map=18/65.1492077/14.6805423,"https://overpass-turbo.eu/?Q=[out:json];(nwr(around:50,65.1492077,14.6805423););out center;"
12352285,AC 39,Stekenjokk - Ransarån - Klimpfjäll,2753.0021049614,65.080141,14.7767754,https://www.openstreetmap.org/?mlat=65.080141&mlon=14.7767754#map=18/65.080141/14.7767754,"https://overpass-turbo.eu/?Q=[out:json];(nwr(around:50,65.080141,14.7767754););out center;"
12352547,AC 56,Jämtlandsgränsen - Stekenjokk - Saxån (AC 41) (ny),7084.25997474123,65.1006031,14.4693932,https://www.openstreetmap.org/?mlat=65.1006031&mlon=14.4693932#map=18/65.1006031/14.4693932,"https://overpass-turbo.eu/?Q=[out:json];(nwr(around:50,65.1006031,14.4693932););out center;"
12351957,AC 33,Vardofjäll - Ljusliden,12967.613038649,65.2884837,14.8334686,https://www.openstreetmap.org/?mlat=65.2884837&mlon=14.8334686#map=18/65.2884837/14.8334686,"https://overpass-turbo.eu/?Q=[out:json];(nwr(around:50,65.2884837,14.8334686););out center;"
12349432,AC 37,Ransarviken (led 36) - Ljusliden - Tjåkkolastugan,24728.4341866615,65.2260837,14.7830186,https://www.openstreetmap.org/?mlat=65.2260837&mlon=14.7830186#map=18/65.2260837/14.7830186,"https://overpass-turbo.eu/?Q=[out:json];(nwr(around:50,65.2260837,14.7830186););out center;"
12353840,BD 1,Gappohyttan - Pältsa,10968.1618701474,69.0196614,20.3173582,https://www.openstreetmap.org/?mlat=69.0196614&mlon=20.3173582#map=18/69.0196614/20.3173582,"https://overpass-turbo.eu/?Q=[out:json];(nwr(around:50,69.0196614,20.3173582););out center;"
12349113,BD 2,Treriksröset - Pältsa,4242.27009792814,69.0492873,20.5240607,https://www.openstreetmap.org/?mlat=69.0492873&mlon=20.5240607#map=18/69.0492873/20.5240607,"https://overpass-turbo.eu/?Q=[out:json];(nwr(around:50,69.0492873,20.5240607););out center;"
12349111,BD 2,Treriksröset - Pältsa,9164.13166852068,68.9916612,20.4468397,https://www.openstreetmap.org/?mlat=68.9916612&mlon=20.4468397#map=18/68.9916612/20.4468397,"https://overpass-turbo.eu/?Q=[out:json];(nwr(around:50,68.9916612,20.4468397););out center;"
12349131,BD 3,Koltoluokta - leden Treriksröset - Pältsa,4700.75173204496,69.0413257,20.5623792,https://www.openstreetmap.org/?mlat=69.0413257&mlon=20.5623792#map=18/69.0413257/20.5623792,"https://overpass-turbo.eu/?Q=[out:json];(nwr(around:50,69.0413257,20.5623792););out center;"
12355108,BD 4,Treriksröset - Nilsivaara,2999.2184727318,69.052388,20.5779509,https://www.openstreetmap.org/?mlat=69.052388&mlon=20.5779509#map=18/69.052388/20.5779509,"https://overpass-turbo.eu/?Q=[out:json];(nwr(around:50,69.052388,20.5779509););out center;"
12355172,BD 4,Treriksröset - Nilsivaara,16408.5103352769,68.9971396,20.705459,https://www.openstreetmap.org/?mlat=68.9971396&mlon=20.705459#map=18/68.9971396/20.705459,"https://overpass-turbo.eu/?Q=[out:json];(nwr(around:50,68.9971396,20.705459););out center;"
12349139,BD 5,Pältsa - Kummavuopio (Keinovuopio),5088.80811399138,68.909983,20.8153578,https://www.openstreetmap.org/?mlat=68.909983&mlon=20.8153578#map=18/68.909983/20.8153578,"https://overpass-turbo.eu/?Q=[out:json];(nwr(around:50,68.909983,20.8153578););out center;"
12349138,BD 5,Pältsa - Kummavuopio (Keinovuopio),18682.857796047,68.9367918,20.5638213,https://www.openstreetmap.org/?mlat=68.9367918&mlon=20.5638213#map=18/68.9367918/20.5638213,"https://overpass-turbo.eu/?Q=[out:json];(nwr(around:50,68.9367918,20.5638213););out center;"
12354829,BD 9,Keinovuopio - Pulsujärvi,10094.6971471846,68.8505576,20.9550441,https://www.openstreetmap.org/?mlat=68.8505576&mlon=20.9550441#map=18/68.8505576/20.9550441,"https://overpass-turbo.eu/?Q=[out:json];(nwr(around:50,68.8505576,20.9550441););out center;"
12354028,AC 21,Norrbottensgränsen - Bräirajaure - Ammarnäs,22445.6146297097,66.0194333,16.4490351,https://www.openstreetmap.org/?mlat=66.0194333&mlon=16.4490351#map=18/66.0194333/16.4490351,"https://overpass-turbo.eu/?Q=[out:json];(nwr(around:50,66.0194333,16.4490351););out center;"
12349095,W 3,Jakobshöjden (led 1) - Foskros,1924.37235131779,62.0463553,12.4240695,https://www.openstreetmap.org/?mlat=62.0463553&mlon=12.4240695#map=18/62.0463553/12.4240695,"https://overpass-turbo.eu/?Q=[out:json];(nwr(around:50,62.0463553,12.4240695););out center;"
12348915,W 3,Jakobshöjden (led 1) - Foskros,526.092463437673,62.0484244,12.4042892,https://www.openstreetmap.org/?mlat=62.0484244&mlon=12.4042892#map=18/62.0484244/12.4042892,"https://overpass-turbo.eu/?Q=[out:json];(nwr(around:50,62.0484244,12.4042892););out center;"
12351105,W 3,Jakobshöjden (led 1) - Foskros,3887.75191787729,62.0945893,12.3735275,https://www.openstreetmap.org/?mlat=62.0945893&mlon=12.3735275#map=18/62.0945893/12.3735275,"https://overpass-turbo.eu/?Q=[out:json];(nwr(around:50,62.0945893,12.3735275););out center;"
12351104,W 3,Jakobshöjden (led 1) - Foskros,1344.2686763988,62.1129376,12.3527731,https://www.openstreetmap.org/?mlat=62.1129376&mlon=12.3527731#map=18/62.1129376/12.3527731,"https://overpass-turbo.eu/?Q=[out:json];(nwr(around:50,62.1129376,12.3527731););out center;"
12354416,W 3,Jakobshöjden (led 1) - Foskros,211.994282504408,62.0502495,12.409914,https://www.openstreetmap.org/?mlat=62.0502495&mlon=12.409914#map=18/62.0502495/12.409914,"https://overpass-turbo.eu/?Q=[out:json];(nwr(around:50,62.0502495,12.409914););out center;"
12354415,W 3,Jakobshöjden (led 1) - Foskros,3448.29646864757,62.0315364,12.4655591,https://www.openstreetmap.org/?mlat=62.0315364&mlon=12.4655591#map=18/62.0315364/12.4655591,"https://overpass-turbo.eu/?Q=[out:json];(nwr(around:50,62.0315364,12.4655591););out center;"
12354414,W 3,Jakobshöjden (led 1) - Foskros,9676.08826208299,62.015708,12.5762389,https://www.openstreetmap.org/?mlat=62.015708&mlon=12.5762389#map=18/62.015708/12.5762389,"https://overpass-turbo.eu/?Q=[out:json];(nwr(around:50,62.015708,12.5762389););out center;"
12344498,W 3,Jakobshöjden (led 1) - Foskros,2101.03525253225,62.074001,12.4061304,https://www.openstreetmap.org/?mlat=62.074001&mlon=12.4061304#map=18/62.074001/12.4061304,"https://overpass-turbo.eu/?Q=[out:json];(nwr(around:50,62.074001,12.4061304););out center;"
12344646,W 3,Jakobshöjden (led 1) - Foskros,688.62633256187,62.0624197,12.4212256,https://www.openstreetmap.org/?mlat=62.0624197&mlon=12.4212256#map=18/62.0624197/12.4212256,"https://overpass-turbo.eu/?Q=[out:json];(nwr(around:50,62.0624197,12.4212256););out center;"
12344645,W 3,Jakobshöjden (led 1) - Foskros,1055.40856575671,62.055202,12.4157488,https://www.openstreetmap.org/?mlat=62.055202&mlon=12.4157488#map=18/62.055202/12.4157488,"https://overpass-turbo.eu/?Q=[out:json];(nwr(around:50,62.055202,12.4157488););out center;"
12344686,W 2,Länsgränsen (via Våndsjön) - Hävlingestugorna,3077.31065280953,62.2420831,12.3475793,https://www.openstreetmap.org/?mlat=62.2420831&mlon=12.3475793#map=18/62.2420831/12.3475793,"https://overpass-turbo.eu/?Q=[out:json];(nwr(around:50,62.2420831,12.3475793););out center;"
12344685,W 2,Länsgränsen (via Våndsjön) - Hävlingestugorna,5540.30661782657,62.2099449,12.369905,https://www.openstreetmap.org/?mlat=62.2099449&mlon=12.369905#map=18/62.2099449/12.369905,"https://overpass-turbo.eu/?Q=[out:json];(nwr(around:50,62.2099449,12.369905););out center;"
12344625,BD 7,Kummavoupio - Vuoskojaure - Laimoviken,76790.3515053867,68.6669459,20.4656789,https://www.openstreetmap.org/?mlat=68.6669459&mlon=20.4656789#map=18/68.6669459/20.4656789,"https://overpass-turbo.eu/?Q=[out:json];(nwr(around:50,68.6669459,20.4656789););out center;"
12344618,BD 7,Kummavoupio - Vuoskojaure - Laimoviken,13446.1368211917,68.3459761,19.9453188,https://www.openstreetmap.org/?mlat=68.3459761&mlon=19.9453188#map=18/68.3459761/19.9453188,"https://overpass-turbo.eu/?Q=[out:json];(nwr(around:50,68.3459761,19.9453188););out center;"
12344676,BD 11,Vuoskojaure - Järämä,40814.1877993559,68.3877634,20.525273,https://www.openstreetmap.org/?mlat=68.3877634&mlon=20.525273#map=18/68.3877634/20.525273,"https://overpass-turbo.eu/?Q=[out:json];(nwr(around:50,68.3877634,20.525273););out center;"
12354896,BD 12,Vuoskojaure - Kattuvouma,12732.9584033045,68.3221189,19.99422,https://www.openstreetmap.org/?mlat=68.3221189&mlon=19.99422#map=18/68.3221189/19.99422,"https://overpass-turbo.eu/?Q=[out:json];(nwr(around:50,68.3221189,19.99422););out center;"
12354895,BD 12,Vuoskojaure - Kattuvouma,140.212421717544,68.3714083,20.0757227,https://www.openstreetmap.org/?mlat=68.3714083&mlon=20.0757227#map=18/68.3714083/20.0757227,"https://overpass-turbo.eu/?Q=[out:json];(nwr(around:50,68.3714083,20.0757227););out center;"
12350792,BD 16,"Norska gränsen - Tornehamn, Njuoraätno - Njuorajaure",11390.092173939,68.4633295,18.6100133,https://www.openstreetmap.org/?mlat=68.4633295&mlon=18.6100133#map=18/68.4633295/18.6100133,"https://overpass-turbo.eu/?Q=[out:json];(nwr(around:50,68.4633295,18.6100133););out center;"
12347794,BD 16A,Kopparåsen - Vadvetjåkka nationalpark,9935.72685881317,68.4613173,18.4515506,https://www.openstreetmap.org/?mlat=68.4613173&mlon=18.4515506#map=18/68.4613173/18.4515506,"https://overpass-turbo.eu/?Q=[out:json];(nwr(around:50,68.4613173,18.4515506););out center;"
12354566,BD 17,Riksgränsen - Njuorajaure - Norska gränsen,14645.1688854107,68.4901838,18.1481058,https://www.openstreetmap.org/?mlat=68.4901838&mlon=18.1481058#map=18/68.4901838/18.1481058,"https://overpass-turbo.eu/?Q=[out:json];(nwr(around:50,68.4901838,18.1481058););out center;"
12347819,BD 18,Låktatjåkka - Måndalen - Abisko,21558.9889766362,68.3825004,18.4798472,https://www.openstreetmap.org/?mlat=68.3825004&mlon=18.4798472#map=18/68.3825004/18.4798472,"https://overpass-turbo.eu/?Q=[out:json];(nwr(around:50,68.3825004,18.4798472););out center;"
12347793,BD 18,Låktatjåkka - Måndalen - Abisko,6124.80376865526,68.3627485,18.711611,https://www.openstreetmap.org/?mlat=68.3627485&mlon=18.711611#map=18/68.3627485/18.711611,"https://overpass-turbo.eu/?Q=[out:json];(nwr(around:50,68.3627485,18.711611););out center;"
12350838,BD 18,Låktatjåkka - Måndalen - Abisko,330.745241405408,68.3591229,18.7779576,https://www.openstreetmap.org/?mlat=68.3591229&mlon=18.7779576#map=18/68.3591229/18.7779576,"https://overpass-turbo.eu/?Q=[out:json];(nwr(around:50,68.3591229,18.7779576););out center;"
12350837,BD 18,Låktatjåkka - Måndalen - Abisko,733.942562867224,68.3569598,18.7698765,https://www.openstreetmap.org/?mlat=68.3569598&mlon=18.7698765#map=18/68.3569598/18.7698765,"https://overpass-turbo.eu/?Q=[out:json];(nwr(around:50,68.3569598,18.7698765););out center;"
12350839,BD 19,Björkliden - Kårsavagge,3360.65705409141,68.39108,18.6712627,https://www.openstreetmap.org/?mlat=68.39108&mlon=18.6712627#map=18/68.39108/18.6712627,"https://overpass-turbo.eu/?Q=[out:json];(nwr(around:50,68.39108,18.6712627););out center;"
12349186,BD 20,Kuoblavagge - Kårsavagge - Abisko,12416.7556653375,68.3398913,18.6351432,https://www.openstreetmap.org/?mlat=68.3398913&mlon=18.6351432#map=18/68.3398913/18.6351432,"https://overpass-turbo.eu/?Q=[out:json];(nwr(around:50,68.3398913,18.6351432););out center;"
12344531,BD 20,Kuoblavagge - Kårsavagge - Abisko,330.745241405408,68.3591229,18.7779576,https://www.openstreetmap.org/?mlat=68.3591229&mlon=18.7779576#map=18/68.3591229/18.7779576,"https://overpass-turbo.eu/?Q=[out:json];(nwr(around:50,68.3591229,18.7779576););out center;"
12344530,BD 20,Kuoblavagge - Kårsavagge - Abisko,733.942562867224,68.3569598,18.7698765,https://www.openstreetmap.org/?mlat=68.3569598&mlon=18.7698765#map=18/68.3569598/18.7698765,"https://overpass-turbo.eu/?Q=[out:json];(nwr(around:50,68.3569598,18.7698765););out center;"
12349333,BD 22,Abisko Östra - Abiskojåkka,3526.03170751672,68.3375806,18.793067,https://www.openstreetmap.org/?mlat=68.3375806&mlon=18.793067#map=18/68.3375806/18.793067,"https://overpass-turbo.eu/?Q=[out:json];(nwr(around:50,68.3375806,18.793067););out center;"
12354825,BD 23,Riksgränsen - Unna Allakas,1236.8721812447,68.208196,18.1915231,https://www.openstreetmap.org/?mlat=68.208196&mlon=18.1915231#map=18/68.208196/18.1915231,"https://overpass-turbo.eu/?Q=[out:json];(nwr(around:50,68.208196,18.1915231););out center;"
12354824,BD 23,Riksgränsen - Unna Allakas,30655.7268054543,68.3114302,18.1461249,https://www.openstreetmap.org/?mlat=68.3114302&mlon=18.1461249#map=18/68.3114302/18.1461249,"https://overpass-turbo.eu/?Q=[out:json];(nwr(around:50,68.3114302,18.1461249););out center;"
12354956,BD 25,Abiskojaure - Unna Allakas,7554.51726794179,68.2683969,18.5360446,https://www.openstreetmap.org/?mlat=68.2683969&mlon=18.5360446#map=18/68.2683969/18.5360446,"https://overpass-turbo.eu/?Q=[out:json];(nwr(around:50,68.2683969,18.5360446););out center;"
12349533,BD 25,Abiskojaure - Unna Allakas,14586.1638625783,68.2286621,18.3404937,https://www.openstreetmap.org/?mlat=68.2286621&mlon=18.3404937#map=18/68.2286621/18.3404937,"https://overpass-turbo.eu/?Q=[out:json];(nwr(around:50,68.2286621,18.3404937););out center;"
12349532,BD 25,Abiskojaure - Unna Allakas,1236.8721812447,68.208196,18.1915231,https://www.openstreetmap.org/?mlat=68.208196&mlon=18.1915231#map=18/68.208196/18.1915231,"https://overpass-turbo.eu/?Q=[out:json];(nwr(around:50,68.208196,18.1915231););out center;"
12348646,BD 26,Abiskojaure - Alesjaure,7789.25291445727,68.2562878,18.5903944,https://www.openstreetmap.org/?mlat=68.2562878&mlon=18.5903944#map=18/68.2562878/18.5903944,"https://overpass-turbo.eu/?Q=[out:json];(nwr(around:50,68.2562878,18.5903944););out center;"
12348926,BD 26,Abiskojaure - Alesjaure,11561.1126053943,68.1900022,18.4886619,https://www.openstreetmap.org/?mlat=68.1900022&mlon=18.4886619#map=18/68.1900022/18.4886619,"https://overpass-turbo.eu/?Q=[out:json];(nwr(around:50,68.1900022,18.4886619););out center;"
12348925,BD 26,Abiskojaure - Alesjaure,1021.15186143667,68.1403508,18.4132176,https://www.openstreetmap.org/?mlat=68.1403508&mlon=18.4132176#map=18/68.1403508/18.4132176,"https://overpass-turbo.eu/?Q=[out:json];(nwr(around:50,68.1403508,18.4132176););out center;"
12349640,BD 26,Abiskojaure - Alesjaure,255.878483814825,68.2848855,18.5898914,https://www.openstreetmap.org/?mlat=68.2848855&mlon=18.5898914#map=18/68.2848855/18.5898914,"https://overpass-turbo.eu/?Q=[out:json];(nwr(around:50,68.2848855,18.5898914););out center;"
12354322,BD 27,Unna Allakas - Alesjaure,1068.1029482882,68.1399505,18.4128293,https://www.openstreetmap.org/?mlat=68.1399505&mlon=18.4128293#map=18/68.1399505/18.4128293,"https://overpass-turbo.eu/?Q=[out:json];(nwr(around:50,68.1399505,18.4128293););out center;"
12354321,BD 27,Unna Allakas - Alesjaure,14005.503082109,68.1626822,18.2948714,https://www.openstreetmap.org/?mlat=68.1626822&mlon=18.2948714#map=18/68.1626822/18.2948714,"https://overpass-turbo.eu/?Q=[out:json];(nwr(around:50,68.1626822,18.2948714););out center;"
12351213,BD 28,Kaisepakte -Råvetievvakåtorna,5096.9697612483,68.2302656,18.5264113,https://www.openstreetmap.org/?mlat=68.2302656&mlon=18.5264113#map=18/68.2302656/18.5264113,"https://overpass-turbo.eu/?Q=[out:json];(nwr(around:50,68.2302656,18.5264113););out center;"
12354131,BD 28,Kaisepakte -Råvetievvakåtorna,25199.5640788987,68.2258966,19.0717361,https://www.openstreetmap.org/?mlat=68.2258966&mlon=19.0717361#map=18/68.2258966/19.0717361,"https://overpass-turbo.eu/?Q=[out:json];(nwr(around:50,68.2258966,19.0717361););out center;"
12354130,BD 28,Kaisepakte -Råvetievvakåtorna,14061.8378011721,68.1816452,18.706747,https://www.openstreetmap.org/?mlat=68.1816452&mlon=18.706747#map=18/68.1816452/18.706747,"https://overpass-turbo.eu/?Q=[out:json];(nwr(around:50,68.1816452,18.706747););out center;"
12349283,BD 29,Alesjaure - Alesätno - Årosjokk (justerad),247.392619157564,68.1518369,18.8377275,https://www.openstreetmap.org/?mlat=68.1518369&mlon=18.8377275#map=18/68.1518369/18.8377275,"https://overpass-turbo.eu/?Q=[out:json];(nwr(around:50,68.1518369,18.8377275););out center;"
12349293,BD 29,Alesjaure - Alesätno - Årosjokk (justerad),1509.70111238537,68.1380391,18.4300447,https://www.openstreetmap.org/?mlat=68.1380391&mlon=18.4300447#map=18/68.1380391/18.4300447,"https://overpass-turbo.eu/?Q=[out:json];(nwr(around:50,68.1380391,18.4300447););out center;"
12349165,BD 29,Alesjaure - Alesätno - Årosjokk (justerad),21868.3070563744,68.1825393,18.6304593,https://www.openstreetmap.org/?mlat=68.1825393&mlon=18.6304593#map=18/68.1825393/18.6304593,"https://overpass-turbo.eu/?Q=[out:json];(nwr(around:50,68.1825393,18.6304593););out center;"
12349164,BD 29,Alesjaure - Alesätno - Årosjokk (justerad),42028.2769000238,68.0414053,19.1484665,https://www.openstreetmap.org/?mlat=68.0414053&mlon=19.1484665#map=18/68.0414053/19.1484665,"https://overpass-turbo.eu/?Q=[out:json];(nwr(around:50,68.0414053,19.1484665););out center;"
12349344,BD 29,Alesjaure - Alesätno - Årosjokk (justerad),245.273934912812,68.136036,18.4148333,https://www.openstreetmap.org/?mlat=68.136036&mlon=18.4148333#map=18/68.136036/18.4148333,"https://overpass-turbo.eu/?Q=[out:json];(nwr(around:50,68.136036,18.4148333););out center;"
12353624,BD 31,Alesjaure - Sälka,25154.3097980506,68.0842756,18.2904566,https://www.openstreetmap.org/?mlat=68.0842756&mlon=18.2904566#map=18/68.0842756/18.2904566,"https://overpass-turbo.eu/?Q=[out:json];(nwr(around:50,68.0842756,18.2904566););out center;"
12344532,BD 32,Alesjaure - Vistas,431.495267420539,68.0330562,18.5933243,https://www.openstreetmap.org/?mlat=68.0330562&mlon=18.5933243#map=18/68.0330562/18.5933243,"https://overpass-turbo.eu/?Q=[out:json];(nwr(around:50,68.0330562,18.5933243););out center;"
12344984,BD 32,Alesjaure - Vistas,15937.4135615978,68.1000546,18.5321899,https://www.openstreetmap.org/?mlat=68.1000546&mlon=18.5321899#map=18/68.1000546/18.5321899,"https://overpass-turbo.eu/?Q=[out:json];(nwr(around:50,68.1000546,18.5321899););out center;"
12344982,BD 32,Alesjaure - Vistas,1509.70111238537,68.1380391,18.4300447,https://www.openstreetmap.org/?mlat=68.1380391&mlon=18.4300447#map=18/68.1380391/18.4300447,"https://overpass-turbo.eu/?Q=[out:json];(nwr(around:50,68.1380391,18.4300447););out center;"
12344935,BD 32,Alesjaure - Vistas,245.273934912812,68.136036,18.4148333,https://www.openstreetmap.org/?mlat=68.136036&mlon=18.4148333#map=18/68.136036/18.4148333,"https://overpass-turbo.eu/?Q=[out:json];(nwr(around:50,68.136036,18.4148333););out center;"
12349268,BD 35,Vistas - Tarfala - Kebnekaise,4529.46599619943,68.0201277,18.6391352,https://www.openstreetmap.org/?mlat=68.0201277&mlon=18.6391352#map=18/68.0201277/18.6391352,"https://overpass-turbo.eu/?Q=[out:json];(nwr(around:50,68.0201277,18.6391352););out center;"
12344677,BD 35,Vistas - Tarfala - Kebnekaise,6761.90807428622,67.9742806,18.6968396,https://www.openstreetmap.org/?mlat=67.9742806&mlon=18.6968396#map=18/67.9742806/18.6968396,"https://overpass-turbo.eu/?Q=[out:json];(nwr(around:50,67.9742806,18.6968396););out center;"
12352454,BD 35,Vistas - Tarfala - Kebnekaise,1461.38241784044,67.8676441,18.6355871,https://www.openstreetmap.org/?mlat=67.8676441&mlon=18.6355871#map=18/67.8676441/18.6355871,"https://overpass-turbo.eu/?Q=[out:json];(nwr(around:50,67.8676441,18.6355871););out center;"
12349622,BD 35,Vistas - Tarfala - Kebnekaise,6301.75583777501,67.8987694,18.6336421,https://www.openstreetmap.org/?mlat=67.8987694&mlon=18.6336421#map=18/67.8987694/18.6336421,"https://overpass-turbo.eu/?Q=[out:json];(nwr(around:50,67.8987694,18.6336421););out center;"
12352593,BD 36,Vistas - Nikkaluokta,4611.11583714825,68.0201465,18.6389361,https://www.openstreetmap.org/?mlat=68.0201465&mlon=18.6389361#map=18/68.0201465/18.6389361,"https://overpass-turbo.eu/?Q=[out:json];(nwr(around:50,68.0201465,18.6389361););out center;"
12352528,BD 36,Vistas - Nikkaluokta,26306.6429226871,67.9647614,18.880859,https://www.openstreetmap.org/?mlat=67.9647614&mlon=18.880859#map=18/67.9647614/18.880859,"https://overpass-turbo.eu/?Q=[out:json];(nwr(around:50,67.9647614,18.880859););out center;"
12349067,BD 39,Touolpanjunnje - Hukejaure - Ivarsten,2205.23927932481,67.9375638,17.989972,https://www.openstreetmap.org/?mlat=67.9375638&mlon=17.989972#map=18/67.9375638/17.989972,"https://overpass-turbo.eu/?Q=[out:json];(nwr(around:50,67.9375638,17.989972););out center;"
12349033,BD 39,Touolpanjunnje - Hukejaure - Ivarsten,14939.6393880329,67.9092281,18.1514662,https://www.openstreetmap.org/?mlat=67.9092281&mlon=18.1514662#map=18/67.9092281/18.1514662,"https://overpass-turbo.eu/?Q=[out:json];(nwr(around:50,67.9092281,18.1514662););out center;"
12349094,BD 42,Nikkaluokta - Kaitum hpl,8536.38965736447,67.5701372,20.0234538,https://www.openstreetmap.org/?mlat=67.5701372&mlon=20.0234538#map=18/67.5701372/20.0234538,"https://overpass-turbo.eu/?Q=[out:json];(nwr(around:50,67.5701372,20.0234538););out center;"
12349213,BD 42,Nikkaluokta - Kaitum hpl,26518.9442318268,67.5996794,19.6733337,https://www.openstreetmap.org/?mlat=67.5996794&mlon=19.6733337#map=18/67.5996794/19.6733337,"https://overpass-turbo.eu/?Q=[out:json];(nwr(around:50,67.5996794,19.6733337););out center;"
12352395,BD 42,Nikkaluokta - Kaitum hpl,6475.69026346073,67.831108,19.0702204,https://www.openstreetmap.org/?mlat=67.831108&mlon=19.0702204#map=18/67.831108/19.0702204,"https://overpass-turbo.eu/?Q=[out:json];(nwr(around:50,67.831108,19.0702204););out center;"
12354565,BD 42,Nikkaluokta - Kaitum hpl,34318.1219421418,67.7526184,19.3691584,https://www.openstreetmap.org/?mlat=67.7526184&mlon=19.3691584#map=18/67.7526184/19.3691584,"https://overpass-turbo.eu/?Q=[out:json];(nwr(around:50,67.7526184,19.3691584););out center;"
12351109,BD 44,Pårraskårsa - Tjuonajåkk,606.764646538817,67.6153736,19.018482,https://www.openstreetmap.org/?mlat=67.6153736&mlon=19.018482#map=18/67.6153736/19.018482,"https://overpass-turbo.eu/?Q=[out:json];(nwr(around:50,67.6153736,19.018482););out center;"
12352837,BD 44,Pårraskårsa - Tjuonajåkk,24394.7200890342,67.7269444,19.0494752,https://www.openstreetmap.org/?mlat=67.7269444&mlon=19.0494752#map=18/67.7269444/19.0494752,"https://overpass-turbo.eu/?Q=[out:json];(nwr(around:50,67.7269444,19.0494752););out center;"
12352478,BD 45,Tjuonajåkk - Nejtokåbba - Kaska Kaitumjaure,17143.7115565263,67.6303768,19.2111604,https://www.openstreetmap.org/?mlat=67.6303768&mlon=19.2111604#map=18/67.6303768/19.2111604,"https://overpass-turbo.eu/?Q=[out:json];(nwr(around:50,67.6303768,19.2111604););out center;"
12354576,BD 45,Tjuonajåkk - Nejtokåbba - Kaska Kaitumjaure,606.764646538817,67.6153736,19.018482,https://www.openstreetmap.org/?mlat=67.6153736&mlon=19.018482#map=18/67.6153736/19.018482,"https://overpass-turbo.eu/?Q=[out:json];(nwr(around:50,67.6153736,19.018482););out center;"
12354632,BD 45,Tjuonajåkk - Nejtokåbba - Kaska Kaitumjaure,35055.3338891913,67.5854016,19.7501089,https://www.openstreetmap.org/?mlat=67.5854016&mlon=19.7501089#map=18/67.5854016/19.7501089,"https://overpass-turbo.eu/?Q=[out:json];(nwr(around:50,67.5854016,19.7501089););out center;"
12355035,BD 46,Singi - Kaitumjaure,12456.903635234,67.7970406,18.2982923,https://www.openstreetmap.org/?mlat=67.7970406&mlon=18.2982923#map=18/67.7970406/18.2982923,"https://overpass-turbo.eu/?Q=[out:json];(nwr(around:50,67.7970406,18.2982923););out center;"
12349075,BD 47,Hukejaure - Sitasjaure,19729.9723868842,67.8793245,17.8084183,https://www.openstreetmap.org/?mlat=67.8793245&mlon=17.8084183#map=18/67.8793245/17.8084183,"https://overpass-turbo.eu/?Q=[out:json];(nwr(around:50,67.8793245,17.8084183););out center;"
12353799,BD 49,Kaitumjaure - Teusajaure,8937.86989917606,67.7225891,18.2239626,https://www.openstreetmap.org/?mlat=67.7225891&mlon=18.2239626#map=18/67.7225891/18.2239626,"https://overpass-turbo.eu/?Q=[out:json];(nwr(around:50,67.7225891,18.2239626););out center;"
12354346,BD 50,Teusajaure - Vakkotavare,13890.3993215944,67.6409494,18.1046288,https://www.openstreetmap.org/?mlat=67.6409494&mlon=18.1046288#map=18/67.6409494/18.1046288,"https://overpass-turbo.eu/?Q=[out:json];(nwr(around:50,67.6409494,18.1046288););out center;"
12354347,BD 50,Teusajaure - Vakkotavare,820.085894706768,67.6943405,18.1555084,https://www.openstreetmap.org/?mlat=67.6943405&mlon=18.1555084#map=18/67.6943405/18.1555084,"https://overpass-turbo.eu/?Q=[out:json];(nwr(around:50,67.6943405,18.1555084););out center;"
12346861,BD 54,Norska gränsen - Vaisaluokta,32119.8717226313,67.7858444,16.9719083,https://www.openstreetmap.org/?mlat=67.7858444&mlon=16.9719083#map=18/67.7858444/16.9719083,"https://overpass-turbo.eu/?Q=[out:json];(nwr(around:50,67.7858444,16.9719083););out center;"
12354349,BD 55,Vaisaluokta - Kutjaurestugan,15595.8432926405,67.6267169,17.1510369,https://www.openstreetmap.org/?mlat=67.6267169&mlon=17.1510369#map=18/67.6267169/17.1510369,"https://overpass-turbo.eu/?Q=[out:json];(nwr(around:50,67.6267169,17.1510369););out center;"
12354390,BD 57,Kutjaure - Låddejåkkstugorna,6268.05620617725,67.5646031,16.9986489,https://www.openstreetmap.org/?mlat=67.5646031&mlon=16.9986489#map=18/67.5646031/16.9986489,"https://overpass-turbo.eu/?Q=[out:json];(nwr(around:50,67.5646031,16.9986489););out center;"
12353766,BD 57,Kutjaure - Låddejåkkstugorna,11104.212881851,67.522903,16.9062226,https://www.openstreetmap.org/?mlat=67.522903&mlon=16.9062226#map=18/67.522903/16.9062226,"https://overpass-turbo.eu/?Q=[out:json];(nwr(around:50,67.522903,16.9062226););out center;"
12352838,BD 58,Vaisaluokta - Akkastugorna - Kisurisstugorna - Sallohaure,22722.7216477096,67.5576035,17.1791174,https://www.openstreetmap.org/?mlat=67.5576035&mlon=17.1791174#map=18/67.5576035/17.1791174,"https://overpass-turbo.eu/?Q=[out:json];(nwr(around:50,67.5576035,17.1791174););out center;"
12347513,BD 58,Vaisaluokta - Akkastugorna - Kisurisstugorna - Sallohaure,1767.08055133316,67.6820241,17.2610682,https://www.openstreetmap.org/?mlat=67.6820241&mlon=17.2610682#map=18/67.6820241/17.2610682,"https://overpass-turbo.eu/?Q=[out:json];(nwr(around:50,67.6820241,17.2610682););out center;"
12346862,BD 58,Vaisaluokta - Akkastugorna - Kisurisstugorna - Sallohaure,9132.91447088304,67.658763,17.3321125,https://www.openstreetmap.org/?mlat=67.658763&mlon=17.3321125#map=18/67.658763/17.3321125,"https://overpass-turbo.eu/?Q=[out:json];(nwr(around:50,67.658763,17.3321125););out center;"
12349050,BD 59,Lådejåkkstugorna - Arasluoktastugorna,13000.8993662172,67.4219407,16.8535409,https://www.openstreetmap.org/?mlat=67.4219407&mlon=16.8535409#map=18/67.4219407/16.8535409,"https://overpass-turbo.eu/?Q=[out:json];(nwr(around:50,67.4219407,16.8535409););out center;"
12349212,BD 60,Arasluoktastugorna - Staloluokta,10144.4866743048,67.3592572,16.7399002,https://www.openstreetmap.org/?mlat=67.3592572&mlon=16.7399002#map=18/67.3592572/16.7399002,"https://overpass-turbo.eu/?Q=[out:json];(nwr(around:50,67.3592572,16.7399002););out center;"
12354356,BD 61,Pietsaure - Saltoluokta,1261.36936234608,67.3912039,18.5181055,https://www.openstreetmap.org/?mlat=67.3912039&mlon=18.5181055#map=18/67.3912039/18.5181055,"https://overpass-turbo.eu/?Q=[out:json];(nwr(around:50,67.3912039,18.5181055););out center;"
12354355,BD 61,Pietsaure - Saltoluokta,4351.74405759748,67.3881301,18.4632693,https://www.openstreetmap.org/?mlat=67.3881301&mlon=18.4632693#map=18/67.3881301/18.4632693,"https://overpass-turbo.eu/?Q=[out:json];(nwr(around:50,67.3881301,18.4632693););out center;"
12354358,BD 62,Saltoluokta - Sitojaure,18574.2361368212,67.3066415,18.4881291,https://www.openstreetmap.org/?mlat=67.3066415&mlon=18.4881291#map=18/67.3066415/18.4881291,"https://overpass-turbo.eu/?Q=[out:json];(nwr(around:50,67.3066415,18.4881291););out center;"
12354357,BD 62,Saltoluokta - Sitojaure,1261.36936234608,67.3912039,18.5181055,https://www.openstreetmap.org/?mlat=67.3912039&mlon=18.5181055#map=18/67.3912039/18.5181055,"https://overpass-turbo.eu/?Q=[out:json];(nwr(around:50,67.3912039,18.5181055););out center;"
12354360,BD 63,Sitojaure - Aktse,8590.41224151949,67.176714,18.3602375,https://www.openstreetmap.org/?mlat=67.176714&mlon=18.3602375#map=18/67.176714/18.3602375,"https://overpass-turbo.eu/?Q=[out:json];(nwr(around:50,67.176714,18.3602375););out center;"
12354359,BD 63,Sitojaure - Aktse,849.255774291815,67.1468105,18.2947008,https://www.openstreetmap.org/?mlat=67.1468105&mlon=18.2947008#map=18/67.1468105/18.2947008,"https://overpass-turbo.eu/?Q=[out:json];(nwr(around:50,67.1468105,18.2947008););out center;"
12354361,BD 64,Svine - Sitoälvsbron / Aktse - Sitoälvsbron,6058.47847698713,67.1329045,18.3556692,https://www.openstreetmap.org/?mlat=67.1329045&mlon=18.3556692#map=18/67.1329045/18.3556692,"https://overpass-turbo.eu/?Q=[out:json];(nwr(around:50,67.1329045,18.3556692););out center;"
12349197,BD 65,Aktse - Pårtestugorna,19749.3627429888,67.0833275,18.1146223,https://www.openstreetmap.org/?mlat=67.0833275&mlon=18.1146223#map=18/67.0833275/18.1146223,"https://overpass-turbo.eu/?Q=[out:json];(nwr(around:50,67.0833275,18.1146223););out center;"
12354362,BD 65,Aktse - Pårtestugorna,2887.03091026975,67.1191109,18.2902162,https://www.openstreetmap.org/?mlat=67.1191109&mlon=18.2902162#map=18/67.1191109/18.2902162,"https://overpass-turbo.eu/?Q=[out:json];(nwr(around:50,67.1191109,18.2902162););out center;"
12351214,BD 67,Staloluokta - Staddajåkk,1082.15275355198,67.3168764,16.6907409,https://www.openstreetmap.org/?mlat=67.3168764&mlon=16.6907409#map=18/67.3168764/16.6907409,"https://overpass-turbo.eu/?Q=[out:json];(nwr(around:50,67.3168764,16.6907409););out center;"
12351190,BD 67,Staloluokta - Staddajåkk,10912.8200041103,67.261107,16.6659331,https://www.openstreetmap.org/?mlat=67.261107&mlon=16.6659331#map=18/67.261107/16.6659331,"https://overpass-turbo.eu/?Q=[out:json];(nwr(around:50,67.261107,16.6659331););out center;"
12354174,BD 68,Stadajåkk - Norska gränsen,421.607941809547,67.2389497,16.5889841,https://www.openstreetmap.org/?mlat=67.2389497&mlon=16.5889841#map=18/67.2389497/16.5889841,"https://overpass-turbo.eu/?Q=[out:json];(nwr(around:50,67.2389497,16.5889841););out center;"
12353997,BD 68,Stadajåkk - Norska gränsen,9393.81430121856,67.230732,16.4884283,https://www.openstreetmap.org/?mlat=67.230732&mlon=16.4884283#map=18/67.230732/16.4884283,"https://overpass-turbo.eu/?Q=[out:json];(nwr(around:50,67.230732,16.4884283););out center;"
12351214,BD 69,Staloluokta - Touttarstugorna - Tarraluoppalstugorna,1082.15275355198,67.3168764,16.6907409,https://www.openstreetmap.org/?mlat=67.3168764&mlon=16.6907409#map=18/67.3168764/16.6907409,"https://overpass-turbo.eu/?Q=[out:json];(nwr(around:50,67.3168764,16.6907409););out center;"
12353998,BD 69,Staloluokta - Touttarstugorna - Tarraluoppalstugorna,26559.4549674604,67.2805723,16.92461,https://www.openstreetmap.org/?mlat=67.2805723&mlon=16.92461#map=18/67.2805723/16.92461,"https://overpass-turbo.eu/?Q=[out:json];(nwr(around:50,67.2805723,16.92461););out center;"
12350689,BD 70,Tarraluoppalstugorna - Såmmarluoppastugan - Tarrekaisestugorna,2768.7909246862,67.0016944,17.2730911,https://www.openstreetmap.org/?mlat=67.0016944&mlon=17.2730911#map=18/67.0016944/17.2730911,"https://overpass-turbo.eu/?Q=[out:json];(nwr(around:50,67.0016944,17.2730911););out center;"
12350688,BD 70,Tarraluoppalstugorna - Såmmarluoppastugan - Tarrekaisestugorna,23844.1528297331,67.0950237,17.1605495,https://www.openstreetmap.org/?mlat=67.0950237&mlon=17.1605495#map=18/67.0950237/17.1605495,"https://overpass-turbo.eu/?Q=[out:json];(nwr(around:50,67.0950237,17.1605495););out center;"
12347612,BD 71,Tarrekaisestugorna - Kvikkjokk,22684.0757754383,66.9525759,17.4995171,https://www.openstreetmap.org/?mlat=66.9525759&mlon=17.4995171#map=18/66.9525759/17.4995171,"https://overpass-turbo.eu/?Q=[out:json];(nwr(around:50,66.9525759,17.4995171););out center;"
12354174,BD 72,Staddajåkkstugorna - Varvek - Mavas,421.607941809547,67.2389497,16.5889841,https://www.openstreetmap.org/?mlat=67.2389497&mlon=16.5889841#map=18/67.2389497/16.5889841,"https://overpass-turbo.eu/?Q=[out:json];(nwr(around:50,67.2389497,16.5889841););out center;"
12350691,BD 72,Staddajåkkstugorna - Varvek - Mavas,25298.6747259897,66.9740254,16.3903745,https://www.openstreetmap.org/?mlat=66.9740254&mlon=16.3903745#map=18/66.9740254/16.3903745,"https://overpass-turbo.eu/?Q=[out:json];(nwr(around:50,66.9740254,16.3903745););out center;"
12350690,BD 72,Staddajåkkstugorna - Varvek - Mavas,28466.2021519209,67.1420701,16.64855,https://www.openstreetmap.org/?mlat=67.1420701&mlon=16.64855#map=18/67.1420701/16.64855,"https://overpass-turbo.eu/?Q=[out:json];(nwr(around:50,67.1420701,16.64855););out center;"
12350692,BD 73,Sulitelma - Pieskehaure - Tarraälvshyddan,40333.46468392,67.046942,16.8846201,https://www.openstreetmap.org/?mlat=67.046942&mlon=16.8846201#map=18/67.046942/16.8846201,"https://overpass-turbo.eu/?Q=[out:json];(nwr(around:50,67.046942,16.8846201););out center;"
12353999,BD 77,Kvikkjokk - Västerfjäll,3202.41193995945,66.9376577,17.7289625,https://www.openstreetmap.org/?mlat=66.9376577&mlon=17.7289625#map=18/66.9376577/17.7289625,"https://overpass-turbo.eu/?Q=[out:json];(nwr(around:50,66.9376577,17.7289625););out center;"
12350696,BD 78,Västerfjäll - Jäckvik,11417.1854032533,66.4502906,17.0381035,https://www.openstreetmap.org/?mlat=66.4502906&mlon=17.0381035#map=18/66.4502906/17.0381035,"https://overpass-turbo.eu/?Q=[out:json];(nwr(around:50,66.4502906,17.0381035););out center;"
12350695,BD 78,Västerfjäll - Jäckvik,6365.54220212387,66.4026865,16.9710684,https://www.openstreetmap.org/?mlat=66.4026865&mlon=16.9710684#map=18/66.4026865/16.9710684,"https://overpass-turbo.eu/?Q=[out:json];(nwr(around:50,66.4026865,16.9710684););out center;"
12350694,BD 78,Västerfjäll - Jäckvik,30769.750067009,66.6125815,17.276309,https://www.openstreetmap.org/?mlat=66.6125815&mlon=17.276309#map=18/66.6125815/17.276309,"https://overpass-turbo.eu/?Q=[out:json];(nwr(around:50,66.6125815,17.276309););out center;"
12350697,BD 78,Västerfjäll - Jäckvik,5710.72140320267,66.4941983,17.1783586,https://www.openstreetmap.org/?mlat=66.4941983&mlon=17.1783586#map=18/66.4941983/17.1783586,"https://overpass-turbo.eu/?Q=[out:json];(nwr(around:50,66.4941983,17.1783586););out center;"
12350698,BD 78,Västerfjäll - Jäckvik,250.787590280553,66.4241309,16.9470825,https://www.openstreetmap.org/?mlat=66.4241309&mlon=16.9470825#map=18/66.4241309/16.9470825,"https://overpass-turbo.eu/?Q=[out:json];(nwr(around:50,66.4241309,16.9470825););out center;"
12354000,BD 79,Mavas - Silvervägen - Njallajaure,21936.2388829674,66.8390939,16.2324785,https://www.openstreetmap.org/?mlat=66.8390939&mlon=16.2324785#map=18/66.8390939/16.2324785,"https://overpass-turbo.eu/?Q=[out:json];(nwr(around:50,66.8390939,16.2324785););out center;"
12355895,BD 79,Mavas - Silvervägen - Njallajaure,6864.63678075373,66.7375138,15.9174583,https://www.openstreetmap.org/?mlat=66.7375138&mlon=15.9174583#map=18/66.7375138/15.9174583,"https://overpass-turbo.eu/?Q=[out:json];(nwr(around:50,66.7375138,15.9174583););out center;"
12349392,BD 79,Mavas - Silvervägen - Njallajaure,7144.62578171786,66.7554825,16.0431626,https://www.openstreetmap.org/?mlat=66.7554825&mlon=16.0431626#map=18/66.7554825/16.0431626,"https://overpass-turbo.eu/?Q=[out:json];(nwr(around:50,66.7554825,16.0431626););out center;"
12349070,BD 79,Mavas - Silvervägen - Njallajaure,2480.92539213965,66.898917,16.3923542,https://www.openstreetmap.org/?mlat=66.898917&mlon=16.3923542#map=18/66.898917/16.3923542,"https://overpass-turbo.eu/?Q=[out:json];(nwr(around:50,66.898917,16.3923542););out center;"
12354133,BD 81,Jurun - Vuoggatjålme,19481.3362096241,66.715597,16.2061188,https://www.openstreetmap.org/?mlat=66.715597&mlon=16.2061188#map=18/66.715597/16.2061188,"https://overpass-turbo.eu/?Q=[out:json];(nwr(around:50,66.715597,16.2061188););out center;"
12349574,BD 81,Jurun - Vuoggatjålme,8583.00028434012,66.6131438,16.3382326,https://www.openstreetmap.org/?mlat=66.6131438&mlon=16.3382326#map=18/66.6131438/16.3382326,"https://overpass-turbo.eu/?Q=[out:json];(nwr(around:50,66.6131438,16.3382326););out center;"
12348449,BD 82,Sieldutvagge - Silvervägen,22.8059972972023,66.6210922,16.2694369,https://www.openstreetmap.org/?mlat=66.6210922&mlon=16.2694369#map=18/66.6210922/16.2694369,"https://overpass-turbo.eu/?Q=[out:json];(nwr(around:50,66.6210922,16.2694369););out center;"
12350699,BD 82,Sieldutvagge - Silvervägen,6546.49016609071,66.6245108,16.2725046,https://www.openstreetmap.org/?mlat=66.6245108&mlon=16.2725046#map=18/66.6245108/16.2725046,"https://overpass-turbo.eu/?Q=[out:json];(nwr(around:50,66.6245108,16.2725046););out center;"
12348803,BD 83,Silvervägen - Guijaure - Vouggatjålme,11304.3279083401,66.5170458,16.2703215,https://www.openstreetmap.org/?mlat=66.5170458&mlon=16.2703215#map=18/66.5170458/16.2703215,"https://overpass-turbo.eu/?Q=[out:json];(nwr(around:50,66.5170458,16.2703215););out center;"
12349637,BD 83,Silvervägen - Guijaure - Vouggatjålme,9679.01802888625,66.5371358,16.1015426,https://www.openstreetmap.org/?mlat=66.5371358&mlon=16.1015426#map=18/66.5371358/16.1015426,"https://overpass-turbo.eu/?Q=[out:json];(nwr(around:50,66.5371358,16.1015426););out center;"
12349651,BD 83,Silvervägen - Guijaure - Vouggatjålme,33744.1280728885,66.6765449,15.8669736,https://www.openstreetmap.org/?mlat=66.6765449&mlon=15.8669736#map=18/66.6765449/15.8669736,"https://overpass-turbo.eu/?Q=[out:json];(nwr(around:50,66.6765449,15.8669736););out center;"
12349652,BD 84,Guijaure (led 83) - Verdejaure (led 85),24609.6298287253,66.5591649,15.7924063,https://www.openstreetmap.org/?mlat=66.5591649&mlon=15.7924063#map=18/66.5591649/15.7924063,"https://overpass-turbo.eu/?Q=[out:json];(nwr(around:50,66.5591649,15.7924063););out center;"
12350700,BD 85,Ruonekjåkkå - Laisstugan - Nasafjället,9599.27126281821,66.4935793,15.4718541,https://www.openstreetmap.org/?mlat=66.4935793&mlon=15.4718541#map=18/66.4935793/15.4718541,"https://overpass-turbo.eu/?Q=[out:json];(nwr(around:50,66.4935793,15.4718541););out center;"
12353549,BD 85,Ruonekjåkkå - Laisstugan - Nasafjället,3513.32240524336,66.51597,16.1886022,https://www.openstreetmap.org/?mlat=66.51597&mlon=16.1886022#map=18/66.51597/16.1886022,"https://overpass-turbo.eu/?Q=[out:json];(nwr(around:50,66.51597,16.1886022););out center;"
12353548,BD 85,Ruonekjåkkå - Laisstugan - Nasafjället,1776.36801808659,66.4929973,16.1704219,https://www.openstreetmap.org/?mlat=66.4929973&mlon=16.1704219#map=18/66.4929973/16.1704219,"https://overpass-turbo.eu/?Q=[out:json];(nwr(around:50,66.4929973,16.1704219););out center;"
12353621,BD 85,Ruonekjåkkå - Laisstugan - Nasafjället,36486.7159300367,66.4273045,15.8679185,https://www.openstreetmap.org/?mlat=66.4273045&mlon=15.8679185#map=18/66.4273045/15.8679185,"https://overpass-turbo.eu/?Q=[out:json];(nwr(around:50,66.4273045,15.8679185););out center;"
12349455,BD 87,Jäckvik - Adolfström,129.962882364838,66.3837107,16.9590822,https://www.openstreetmap.org/?mlat=66.3837107&mlon=16.9590822#map=18/66.3837107/16.9590822,"https://overpass-turbo.eu/?Q=[out:json];(nwr(around:50,66.3837107,16.9590822););out center;"
12349453,BD 87,Jäckvik - Adolfström,20930.4069055238,66.3406974,16.8012799,https://www.openstreetmap.org/?mlat=66.3406974&mlon=16.8012799#map=18/66.3406974/16.8012799,"https://overpass-turbo.eu/?Q=[out:json];(nwr(around:50,66.3406974,16.8012799););out center;"
12353936,BD 88,Adolfström - Länsgränsen,326.523805179879,66.2103465,16.3806234,https://www.openstreetmap.org/?mlat=66.2103465&mlon=16.3806234#map=18/66.2103465/16.3806234,"https://overpass-turbo.eu/?Q=[out:json];(nwr(around:50,66.2103465,16.3806234););out center;"
12354134,BD 88,Adolfström - Länsgränsen,22681.8361744297,66.2813885,16.4956279,https://www.openstreetmap.org/?mlat=66.2813885&mlon=16.4956279#map=18/66.2813885/16.4956279,"https://overpass-turbo.eu/?Q=[out:json];(nwr(around:50,66.2813885,16.4956279););out center;"
12349459,BD 88,Adolfström - Länsgränsen,13031.4735445575,66.1570617,16.3544575,https://www.openstreetmap.org/?mlat=66.1570617&mlon=16.3544575#map=18/66.1570617/16.3544575,"https://overpass-turbo.eu/?Q=[out:json];(nwr(around:50,66.1570617,16.3544575););out center;"
12354292,BD 89,V Laisvall - Länsgränsen,25667.4026871665,66.0767671,16.9038521,https://www.openstreetmap.org/?mlat=66.0767671&mlon=16.9038521#map=18/66.0767671/16.9038521,"https://overpass-turbo.eu/?Q=[out:json];(nwr(around:50,66.0767671,16.9038521););out center;"
12350622,BD 90,Pältsa - (Norska gränsen) Rostahytta (Nordkalottenleden) (ny),5768.55120947312,68.9539924,20.3255409,https://www.openstreetmap.org/?mlat=68.9539924&mlon=20.3255409#map=18/68.9539924/20.3255409,"https://overpass-turbo.eu/?Q=[out:json];(nwr(around:50,68.9539924,20.3255409););out center;"
12349182,BD 91,Tornehamn - Björkliden (Nordkalottenleden Rallarvägen) (ny),4462.40887286219,68.4220642,18.669599,https://www.openstreetmap.org/?mlat=68.4220642&mlon=18.669599#map=18/68.4220642/18.669599,"https://overpass-turbo.eu/?Q=[out:json];(nwr(around:50,68.4220642,18.669599););out center;"
12355317,BD 92,"Björkliden - Abisko (Nordkalottenleden, Rallarvägen) (ny)",7142.30761267332,68.382715,18.7373215,https://www.openstreetmap.org/?mlat=68.382715&mlon=18.7373215#map=18/68.382715/18.7373215,"https://overpass-turbo.eu/?Q=[out:json];(nwr(around:50,68.382715,18.7373215););out center;"
12354964,BD 93,Hukejaure -  (Norska gränsen) Gautelishytta (Nordkalottenleden) (ny),6629.0756933121,67.971505,17.9665461,https://www.openstreetmap.org/?mlat=67.971505&mlon=17.9665461#map=18/67.971505/17.9665461,"https://overpass-turbo.eu/?Q=[out:json];(nwr(around:50,67.971505,17.9665461););out center;"
12355026,BD 94,Röysvatn hytta (Norska gränsen) - Paurohytta (Norska gränsen) (Nordkalottenleden)(ny),19244.1669638993,67.9385502,17.0069066,https://www.openstreetmap.org/?mlat=67.9385502&mlon=17.0069066#map=18/67.9385502/17.0069066,"https://overpass-turbo.eu/?Q=[out:json];(nwr(around:50,67.9385502,17.0069066););out center;"
12349438,BD 95,Röysvatn hytta (Norska gränsen) - (led 54) (Nordkalottenleden) (ny),24752.8515278443,67.8843364,16.7703924,https://www.openstreetmap.org/?mlat=67.8843364&mlon=16.7703924#map=18/67.8843364/16.7703924,"https://overpass-turbo.eu/?Q=[out:json];(nwr(around:50,67.8843364,16.7703924););out center;"
12349007,W 15,Flötningen - IdPerssätern (ny),280.599577942038,61.8531188,12.2127067,https://www.openstreetmap.org/?mlat=61.8531188&mlon=12.2127067#map=18/61.8531188/12.2127067,"https://overpass-turbo.eu/?Q=[out:json];(nwr(around:50,61.8531188,12.2127067););out center;"
12349006,W 15,Flötningen - IdPerssätern (ny),5415.68455967044,61.6979367,12.313309,https://www.openstreetmap.org/?mlat=61.6979367&mlon=12.313309#map=18/61.6979367/12.313309,"https://overpass-turbo.eu/?Q=[out:json];(nwr(around:50,61.6979367,12.313309););out center;"
12349348,W 15,Flötningen - IdPerssätern (ny),5367.88488617103,61.7109953,12.1747883,https://www.openstreetmap.org/?mlat=61.7109953&mlon=12.1747883#map=18/61.7109953/12.1747883,"https://overpass-turbo.eu/?Q=[out:json];(nwr(around:50,61.7109953,12.1747883););out center;"
12349347,W 15,Flötningen - IdPerssätern (ny),398.491430476271,61.767003,12.1807889,https://www.openstreetmap.org/?mlat=61.767003&mlon=12.1807889#map=18/61.767003/12.1807889,"https://overpass-turbo.eu/?Q=[out:json];(nwr(around:50,61.767003,12.1807889););out center;"
12349346,W 15,Flötningen - IdPerssätern (ny),4605.20088973112,61.7059626,12.2379029,https://www.openstreetmap.org/?mlat=61.7059626&mlon=12.2379029#map=18/61.7059626/12.2379029,"https://overpass-turbo.eu/?Q=[out:json];(nwr(around:50,61.7059626,12.2379029););out center;"
12349399,W 15,Flötningen - IdPerssätern (ny),3736.30352024443,61.7499304,12.1853765,https://www.openstreetmap.org/?mlat=61.7499304&mlon=12.1853765#map=18/61.7499304/12.1853765,"https://overpass-turbo.eu/?Q=[out:json];(nwr(around:50,61.7499304,12.1853765););out center;"
12349398,W 15,Flötningen - IdPerssätern (ny),10277.197407095,61.8128497,12.2055705,https://www.openstreetmap.org/?mlat=61.8128497&mlon=12.2055705#map=18/61.8128497/12.2055705,"https://overpass-turbo.eu/?Q=[out:json];(nwr(around:50,61.8128497,12.2055705););out center;"
12349314,W 4,Drevdagen - Gördalen,364.623939009256,61.5881339,12.4688119,https://www.openstreetmap.org/?mlat=61.5881339&mlon=12.4688119#map=18/61.5881339/12.4688119,"https://overpass-turbo.eu/?Q=[out:json];(nwr(around:50,61.5881339,12.4688119););out center;"
12354583,W 4,Drevdagen - Gördalen,2808.77936573232,61.6766318,12.3590975,https://www.openstreetmap.org/?mlat=61.6766318&mlon=12.3590975#map=18/61.6766318/12.3590975,"https://overpass-turbo.eu/?Q=[out:json];(nwr(around:50,61.6766318,12.3590975););out center;"
12354581,W 4,Drevdagen - Gördalen,1175.87081187257,61.7565044,12.4228268,https://www.openstreetmap.org/?mlat=61.7565044&mlon=12.4228268#map=18/61.7565044/12.4228268,"https://overpass-turbo.eu/?Q=[out:json];(nwr(around:50,61.7565044,12.4228268););out center;"
12354580,W 4,Drevdagen - Gördalen,11823.6860776195,61.7087431,12.4188895,https://www.openstreetmap.org/?mlat=61.7087431&mlon=12.4188895#map=18/61.7087431/12.4188895,"https://overpass-turbo.eu/?Q=[out:json];(nwr(around:50,61.7087431,12.4188895););out center;"
12354246,W 4,Drevdagen - Gördalen,1466.38021044338,61.5929262,12.4860945,https://www.openstreetmap.org/?mlat=61.5929262&mlon=12.4860945#map=18/61.5929262/12.4860945,"https://overpass-turbo.eu/?Q=[out:json];(nwr(around:50,61.5929262,12.4860945););out center;"
12354245,W 4,Drevdagen - Gördalen,334.302750502848,61.5886322,12.4739857,https://www.openstreetmap.org/?mlat=61.5886322&mlon=12.4739857#map=18/61.5886322/12.4739857,"https://overpass-turbo.eu/?Q=[out:json];(nwr(around:50,61.5886322,12.4739857););out center;"
12344538,W 4,Drevdagen - Gördalen,6057.45549069891,61.6336709,12.3671241,https://www.openstreetmap.org/?mlat=61.6336709&mlon=12.3671241#map=18/61.6336709/12.3671241,"https://overpass-turbo.eu/?Q=[out:json];(nwr(around:50,61.6336709,12.3671241););out center;"
12344539,W 4,Drevdagen - Gördalen,6119.69154344306,61.6029587,12.4270446,https://www.openstreetmap.org/?mlat=61.6029587&mlon=12.4270446#map=18/61.6029587/12.4270446,"https://overpass-turbo.eu/?Q=[out:json];(nwr(around:50,61.6029587,12.4270446););out center;"
12354175,W 5,Gördalen - Brottbäcksstugan,3239.36946571843,61.6178809,12.6538267,https://www.openstreetmap.org/?mlat=61.6178809&mlon=12.6538267#map=18/61.6178809/12.6538267,"https://overpass-turbo.eu/?Q=[out:json];(nwr(around:50,61.6178809,12.6538267););out center;"
12347146,W 5,Gördalen - Brottbäcksstugan,612.270498657238,61.5958068,12.5013876,https://www.openstreetmap.org/?mlat=61.5958068&mlon=12.5013876#map=18/61.5958068/12.5013876,"https://overpass-turbo.eu/?Q=[out:json];(nwr(around:50,61.5958068,12.5013876););out center;"
12347626,W 5,Gördalen - Brottbäcksstugan,7462.75604800585,61.6014054,12.5687781,https://www.openstreetmap.org/?mlat=61.6014054&mlon=12.5687781#map=18/61.6014054/12.5687781,"https://overpass-turbo.eu/?Q=[out:json];(nwr(around:50,61.6014054,12.5687781););out center;"
12346338,W 5,Gördalen - Brottbäcksstugan,266.687707528351,61.6237545,12.6766721,https://www.openstreetmap.org/?mlat=61.6237545&mlon=12.6766721#map=18/61.6237545/12.6766721,"https://overpass-turbo.eu/?Q=[out:json];(nwr(around:50,61.6237545,12.6766721););out center;"
12351232,W 5,Gördalen - Brottbäcksstugan,654.440947642289,61.6032291,12.7659971,https://www.openstreetmap.org/?mlat=61.6032291&mlon=12.7659971#map=18/61.6032291/12.7659971,"https://overpass-turbo.eu/?Q=[out:json];(nwr(around:50,61.6032291,12.7659971););out center;"
12344598,W 5,Gördalen - Brottbäcksstugan,3143.92494121113,61.6042371,12.7352893,https://www.openstreetmap.org/?mlat=61.6042371&mlon=12.7352893#map=18/61.6042371/12.7352893,"https://overpass-turbo.eu/?Q=[out:json];(nwr(around:50,61.6042371,12.7352893););out center;"
12351232,W 5,Gördalen - Brottbäcksstugan,654.440947642289,61.6032291,12.7659971,https://www.openstreetmap.org/?mlat=61.6032291&mlon=12.7659971#map=18/61.6032291/12.7659971,"https://overpass-turbo.eu/?Q=[out:json];(nwr(around:50,61.6032291,12.7659971););out center;"
12344598,W 5,Gördalen - Brottbäcksstugan,3143.92494121113,61.6042371,12.7352893,https://www.openstreetmap.org/?mlat=61.6042371&mlon=12.7352893#map=18/61.6042371/12.7352893,"https://overpass-turbo.eu/?Q=[out:json];(nwr(around:50,61.6042371,12.7352893););out center;"
12354523,W 11,Södra Sälenringen,11649.061162709,61.1406297,13.1872351,https://www.openstreetmap.org/?mlat=61.1406297&mlon=13.1872351#map=18/61.1406297/13.1872351,"https://overpass-turbo.eu/?Q=[out:json];(nwr(around:50,61.1406297,13.1872351););out center;"
12354344,W 11,Södra Sälenringen,10676.0118883609,61.1006261,13.1408483,https://www.openstreetmap.org/?mlat=61.1006261&mlon=13.1408483#map=18/61.1006261/13.1408483,"https://overpass-turbo.eu/?Q=[out:json];(nwr(around:50,61.1006261,13.1408483););out center;"
12355244,W 11,Södra Sälenringen,14476.1826727991,61.1432981,12.9814557,https://www.openstreetmap.org/?mlat=61.1432981&mlon=12.9814557#map=18/61.1432981/12.9814557,"https://overpass-turbo.eu/?Q=[out:json];(nwr(around:50,61.1432981,12.9814557););out center;"
12352277,Z 119,Långtjärn - Tallsjön (ny),415.335694287729,63.910513,13.8665672,https://www.openstreetmap.org/?mlat=63.910513&mlon=13.8665672#map=18/63.910513/13.8665672,"https://overpass-turbo.eu/?Q=[out:json];(nwr(around:50,63.910513,13.8665672););out center;"
12352276,Z 119,Långtjärn - Tallsjön (ny),2046.34654064931,63.8998307,13.866405,https://www.openstreetmap.org/?mlat=63.8998307&mlon=13.866405#map=18/63.8998307/13.866405,"https://overpass-turbo.eu/?Q=[out:json];(nwr(around:50,63.8998307,13.866405););out center;"
12352259,Z 119,Långtjärn - Tallsjön (ny),427.450752288163,63.9167096,13.8681985,https://www.openstreetmap.org/?mlat=63.9167096&mlon=13.8681985#map=18/63.9167096/13.8681985,"https://overpass-turbo.eu/?Q=[out:json];(nwr(around:50,63.9167096,13.8681985););out center;"
12352258,Z 119,Långtjärn - Tallsjön (ny),150.201534588443,63.8889469,13.8558934,https://www.openstreetmap.org/?mlat=63.8889469&mlon=13.8558934#map=18/63.8889469/13.8558934,"https://overpass-turbo.eu/?Q=[out:json];(nwr(around:50,63.8889469,13.8558934););out center;"
12352257,Z 119,Långtjärn - Tallsjön (ny),17.8860864209969,63.9141917,13.8671564,https://www.openstreetmap.org/?mlat=63.9141917&mlon=13.8671564#map=18/63.9141917/13.8671564,"https://overpass-turbo.eu/?Q=[out:json];(nwr(around:50,63.9141917,13.8671564););out center;"
12352256,Z 119,Långtjärn - Tallsjön (ny),6601.80418277172,63.9428336,13.9079665,https://www.openstreetmap.org/?mlat=63.9428336&mlon=13.9079665#map=18/63.9428336/13.9079665,"https://overpass-turbo.eu/?Q=[out:json];(nwr(around:50,63.9428336,13.9079665););out center;"
12352966,Z 119,Långtjärn - Tallsjön (ny),108.205592602007,63.9132274,13.8666412,https://www.openstreetmap.org/?mlat=63.9132274&mlon=13.8666412#map=18/63.9132274/13.8666412,"https://overpass-turbo.eu/?Q=[out:json];(nwr(around:50,63.9132274,13.8666412););out center;"
12344741,Z 119,Långtjärn - Tallsjön (ny),63.0321695581708,63.9148322,13.8675577,https://www.openstreetmap.org/?mlat=63.9148322&mlon=13.8675577#map=18/63.9148322/13.8675577,"https://overpass-turbo.eu/?Q=[out:json];(nwr(around:50,63.9148322,13.8675577););out center;"
12344740,Z 119,Långtjärn - Tallsjön (ny),55.1740271997613,63.9136488,13.8668754,https://www.openstreetmap.org/?mlat=63.9136488&mlon=13.8668754#map=18/63.9136488/13.8668754,"https://overpass-turbo.eu/?Q=[out:json];(nwr(around:50,63.9136488,13.8668754););out center;"
12344739,Z 119,Långtjärn - Tallsjön (ny),25.5586937352049,63.9124628,13.8666208,https://www.openstreetmap.org/?mlat=63.9124628&mlon=13.8666208#map=18/63.9124628/13.8666208,"https://overpass-turbo.eu/?Q=[out:json];(nwr(around:50,63.9124628,13.8666208););out center;"
12344738,Z 119,Långtjärn - Tallsjön (ny),383.681025748309,63.8918756,13.8591264,https://www.openstreetmap.org/?mlat=63.8918756&mlon=13.8591264#map=18/63.8918756/13.8591264,"https://overpass-turbo.eu/?Q=[out:json];(nwr(around:50,63.8918756,13.8591264););out center;"
12344737,Z 119,Långtjärn - Tallsjön (ny),176.409715097837,63.9184311,13.8699084,https://www.openstreetmap.org/?mlat=63.9184311&mlon=13.8699084#map=18/63.9184311/13.8699084,"https://overpass-turbo.eu/?Q=[out:json];(nwr(around:50,63.9184311,13.8699084););out center;"
12344736,Z 119,Långtjärn - Tallsjön (ny),95.5859578913961,63.908749,13.8669143,https://www.openstreetmap.org/?mlat=63.908749&mlon=13.8669143#map=18/63.908749/13.8669143,"https://overpass-turbo.eu/?Q=[out:json];(nwr(around:50,63.908749,13.8669143););out center;"
12344851,Z 21,Rörvattnet - Nöjden - Övre Lilla Stensjön,53.7565666725471,63.974983,13.8960363,https://www.openstreetmap.org/?mlat=63.974983&mlon=13.8960363#map=18/63.974983/13.8960363,"https://overpass-turbo.eu/?Q=[out:json];(nwr(around:50,63.974983,13.8960363););out center;"
12344850,Z 21,Rörvattnet - Nöjden - Övre Lilla Stensjön,2278.17659284173,63.9693289,13.9396376,https://www.openstreetmap.org/?mlat=63.9693289&mlon=13.9396376#map=18/63.9693289/13.9396376,"https://overpass-turbo.eu/?Q=[out:json];(nwr(around:50,63.9693289,13.9396376););out center;"
12344849,Z 21,Rörvattnet - Nöjden - Övre Lilla Stensjön,52.6284710616792,63.9718339,13.9259695,https://www.openstreetmap.org/?mlat=63.9718339&mlon=13.9259695#map=18/63.9718339/13.9259695,"https://overpass-turbo.eu/?Q=[out:json];(nwr(around:50,63.9718339,13.9259695););out center;"
12344848,Z 21,Rörvattnet - Nöjden - Övre Lilla Stensjön,121.920878975312,63.9713551,13.9225861,https://www.openstreetmap.org/?mlat=63.9713551&mlon=13.9225861#map=18/63.9713551/13.9225861,"https://overpass-turbo.eu/?Q=[out:json];(nwr(around:50,63.9713551,13.9225861););out center;"
12344847,Z 21,Rörvattnet - Nöjden - Övre Lilla Stensjön,65.3973298303341,63.9720148,13.9272479,https://www.openstreetmap.org/?mlat=63.9720148&mlon=13.9272479#map=18/63.9720148/13.9272479,"https://overpass-turbo.eu/?Q=[out:json];(nwr(around:50,63.9720148,13.9272479););out center;"
12344846,Z 21,Rörvattnet - Nöjden - Övre Lilla Stensjön,1476.40664316523,63.9738795,13.9173884,https://www.openstreetmap.org/?mlat=63.9738795&mlon=13.9173884#map=18/63.9738795/13.9173884,"https://overpass-turbo.eu/?Q=[out:json];(nwr(around:50,63.9738795,13.9173884););out center;"
12344845,Z 21,Rörvattnet - Nöjden - Övre Lilla Stensjön,6060.70212103045,63.9818645,13.8369304,https://www.openstreetmap.org/?mlat=63.9818645&mlon=13.8369304#map=18/63.9818645/13.8369304,"https://overpass-turbo.eu/?Q=[out:json];(nwr(around:50,63.9818645,13.8369304););out center;"
12352907,Z 120,Jänsmässholmen - statens mark mot Åkersjön (ny),6119.82762157396,63.7794201,13.8873834,https://www.openstreetmap.org/?mlat=63.7794201&mlon=13.8873834#map=18/63.7794201/13.8873834,"https://overpass-turbo.eu/?Q=[out:json];(nwr(around:50,63.7794201,13.8873834););out center;"
12352860,Z 120,Jänsmässholmen - statens mark mot Åkersjön (ny),2636.34647123918,63.7687345,13.9646878,https://www.openstreetmap.org/?mlat=63.7687345&mlon=13.9646878#map=18/63.7687345/13.9646878,"https://overpass-turbo.eu/?Q=[out:json];(nwr(around:50,63.7687345,13.9646878););out center;"
12352304,Z 5,Raukaselet - Tjärnbäcken - Ankarede - Sipmesjaure + sommarled till Södra Raukasjön,10.4729473472561,64.8622104,14.3599825,https://www.openstreetmap.org/?mlat=64.8622104&mlon=14.3599825#map=18/64.8622104/14.3599825,"https://overpass-turbo.eu/?Q=[out:json];(nwr(around:50,64.8622104,14.3599825););out center;"
12352303,Z 5,Raukaselet - Tjärnbäcken - Ankarede - Sipmesjaure + sommarled till Södra Raukasjön,3557.81753891696,64.8695314,14.3859283,https://www.openstreetmap.org/?mlat=64.8695314&mlon=14.3859283#map=18/64.8695314/14.3859283,"https://overpass-turbo.eu/?Q=[out:json];(nwr(around:50,64.8695314,14.3859283););out center;"
12352302,Z 5,Raukaselet - Tjärnbäcken - Ankarede - Sipmesjaure + sommarled till Södra Raukasjön,163.014360962715,64.8926348,14.5859152,https://www.openstreetmap.org/?mlat=64.8926348&mlon=14.5859152#map=18/64.8926348/14.5859152,"https://overpass-turbo.eu/?Q=[out:json];(nwr(around:50,64.8926348,14.5859152););out center;"
12352301,Z 5,Raukaselet - Tjärnbäcken - Ankarede - Sipmesjaure + sommarled till Södra Raukasjön,6000.34982038038,64.8903358,14.4595719,https://www.openstreetmap.org/?mlat=64.8903358&mlon=14.4595719#map=18/64.8903358/14.4595719,"https://overpass-turbo.eu/?Q=[out:json];(nwr(around:50,64.8903358,14.4595719););out center;"
12352275,Z 5,Raukaselet - Tjärnbäcken - Ankarede - Sipmesjaure + sommarled till Södra Raukasjön,39.2111188960789,64.8944016,14.6038672,https://www.openstreetmap.org/?mlat=64.8944016&mlon=14.6038672#map=18/64.8944016/14.6038672,"https://overpass-turbo.eu/?Q=[out:json];(nwr(around:50,64.8944016,14.6038672););out center;"
12352274,Z 5,Raukaselet - Tjärnbäcken - Ankarede - Sipmesjaure + sommarled till Södra Raukasjön,39.2111188960789,64.8944016,14.6038672,https://www.openstreetmap.org/?mlat=64.8944016&mlon=14.6038672#map=18/64.8944016/14.6038672,"https://overpass-turbo.eu/?Q=[out:json];(nwr(around:50,64.8944016,14.6038672););out center;"
12352273,Z 5,Raukaselet - Tjärnbäcken - Ankarede - Sipmesjaure + sommarled till Södra Raukasjön,0.961013324569436,64.8909658,14.4633097,https://www.openstreetmap.org/?mlat=64.8909658&mlon=14.4633097#map=18/64.8909658/14.4633097,"https://overpass-turbo.eu/?Q=[out:json];(nwr(around:50,64.8909658,14.4633097););out center;"
12352272,Z 5,Raukaselet - Tjärnbäcken - Ankarede - Sipmesjaure + sommarled till Södra Raukasjön,0.0657918687985073,64.8444943,14.2910538,https://www.openstreetmap.org/?mlat=64.8444943&mlon=14.2910538#map=18/64.8444943/14.2910538,"https://overpass-turbo.eu/?Q=[out:json];(nwr(around:50,64.8444943,14.2910538););out center;"
12352271,Z 5,Raukaselet - Tjärnbäcken - Ankarede - Sipmesjaure + sommarled till Södra Raukasjön,18915.5204273371,64.7979437,14.2902748,https://www.openstreetmap.org/?mlat=64.7979437&mlon=14.2902748#map=18/64.7979437/14.2902748,"https://overpass-turbo.eu/?Q=[out:json];(nwr(around:50,64.7979437,14.2902748););out center;"
12352270,Z 5,Raukaselet - Tjärnbäcken - Ankarede - Sipmesjaure + sommarled till Södra Raukasjön,10.4729473472561,64.8622104,14.3599825,https://www.openstreetmap.org/?mlat=64.8622104&mlon=14.3599825#map=18/64.8622104/14.3599825,"https://overpass-turbo.eu/?Q=[out:json];(nwr(around:50,64.8622104,14.3599825););out center;"
12352701,Z 5,Raukaselet - Tjärnbäcken - Ankarede - Sipmesjaure + sommarled till Södra Raukasjön,11.0241112204114,64.8893495,14.5192708,https://www.openstreetmap.org/?mlat=64.8893495&mlon=14.5192708#map=18/64.8893495/14.5192708,"https://overpass-turbo.eu/?Q=[out:json];(nwr(around:50,64.8893495,14.5192708););out center;"
12352700,Z 5,Raukaselet - Tjärnbäcken - Ankarede - Sipmesjaure + sommarled till Södra Raukasjön,15.7634344994991,64.8621869,14.3598579,https://www.openstreetmap.org/?mlat=64.8621869&mlon=14.3598579#map=18/64.8621869/14.3598579,"https://overpass-turbo.eu/?Q=[out:json];(nwr(around:50,64.8621869,14.3598579););out center;"
12352699,Z 5,Raukaselet - Tjärnbäcken - Ankarede - Sipmesjaure + sommarled till Södra Raukasjön,11.7214161362866,64.8622249,14.36006,https://www.openstreetmap.org/?mlat=64.8622249&mlon=14.36006#map=18/64.8622249/14.36006,"https://overpass-turbo.eu/?Q=[out:json];(nwr(around:50,64.8622249,14.36006););out center;"
12352698,Z 5,Raukaselet - Tjärnbäcken - Ankarede - Sipmesjaure + sommarled till Södra Raukasjön,30.4619329655884,64.8943164,14.6038421,https://www.openstreetmap.org/?mlat=64.8943164&mlon=14.6038421#map=18/64.8943164/14.6038421,"https://overpass-turbo.eu/?Q=[out:json];(nwr(around:50,64.8943164,14.6038421););out center;"
12352697,Z 5,Raukaselet - Tjärnbäcken - Ankarede - Sipmesjaure + sommarled till Södra Raukasjön,39.1450027666368,64.8185369,14.2422208,https://www.openstreetmap.org/?mlat=64.8185369&mlon=14.2422208#map=18/64.8185369/14.2422208,"https://overpass-turbo.eu/?Q=[out:json];(nwr(around:50,64.8185369,14.2422208););out center;"
12352402,Z 5,Raukaselet - Tjärnbäcken - Ankarede - Sipmesjaure + sommarled till Södra Raukasjön,316.712471122304,64.8193267,14.2440194,https://www.openstreetmap.org/?mlat=64.8193267&mlon=14.2440194#map=18/64.8193267/14.2440194,"https://overpass-turbo.eu/?Q=[out:json];(nwr(around:50,64.8193267,14.2440194););out center;"
12352401,Z 5,Raukaselet - Tjärnbäcken - Ankarede - Sipmesjaure + sommarled till Södra Raukasjön,212.193557377894,64.8186142,14.2394764,https://www.openstreetmap.org/?mlat=64.8186142&mlon=14.2394764#map=18/64.8186142/14.2394764,"https://overpass-turbo.eu/?Q=[out:json];(nwr(around:50,64.8186142,14.2394764););out center;"
12352400,Z 5,Raukaselet - Tjärnbäcken - Ankarede - Sipmesjaure + sommarled till Södra Raukasjön,0.0001,64.8621869,14.3598579,https://www.openstreetmap.org/?mlat=64.8621869&mlon=14.3598579#map=18/64.8621869/14.3598579,"https://overpass-turbo.eu/?Q=[out:json];(nwr(around:50,64.8621869,14.3598579););out center;"
12352399,Z 5,Raukaselet - Tjärnbäcken - Ankarede - Sipmesjaure + sommarled till Södra Raukasjön,0.00748865809073962,64.8837683,14.4003188,https://www.openstreetmap.org/?mlat=64.8837683&mlon=14.4003188#map=18/64.8837683/14.4003188,"https://overpass-turbo.eu/?Q=[out:json];(nwr(around:50,64.8837683,14.4003188););out center;"
12352398,Z 5,Raukaselet - Tjärnbäcken - Ankarede - Sipmesjaure + sommarled till Södra Raukasjön,10.4729473472561,64.8622104,14.3599825,https://www.openstreetmap.org/?mlat=64.8622104&mlon=14.3599825#map=18/64.8622104/14.3599825,"https://overpass-turbo.eu/?Q=[out:json];(nwr(around:50,64.8622104,14.3599825););out center;"
12352397,Z 5,Raukaselet - Tjärnbäcken - Ankarede - Sipmesjaure + sommarled till Södra Raukasjön,4307.16082244314,64.8900503,14.5615677,https://www.openstreetmap.org/?mlat=64.8900503&mlon=14.5615677#map=18/64.8900503/14.5615677,"https://overpass-turbo.eu/?Q=[out:json];(nwr(around:50,64.8900503,14.5615677););out center;"
12352379,Z 5,Raukaselet - Tjärnbäcken - Ankarede - Sipmesjaure + sommarled till Södra Raukasjön,39.2111188960789,64.8944016,14.6038672,https://www.openstreetmap.org/?mlat=64.8944016&mlon=14.6038672#map=18/64.8944016/14.6038672,"https://overpass-turbo.eu/?Q=[out:json];(nwr(around:50,64.8944016,14.6038672););out center;"
12352702,Z 5,Raukaselet - Tjärnbäcken - Ankarede - Sipmesjaure + sommarled till Södra Raukasjön,4307.16082244314,64.8900503,14.5615677,https://www.openstreetmap.org/?mlat=64.8900503&mlon=14.5615677#map=18/64.8900503/14.5615677,"https://overpass-turbo.eu/?Q=[out:json];(nwr(around:50,64.8900503,14.5615677););out center;"
12352530,Z 5,Raukaselet - Tjärnbäcken - Ankarede - Sipmesjaure + sommarled till Södra Raukasjön,30.4619329655884,64.8943164,14.6038421,https://www.openstreetmap.org/?mlat=64.8943164&mlon=14.6038421#map=18/64.8943164/14.6038421,"https://overpass-turbo.eu/?Q=[out:json];(nwr(around:50,64.8943164,14.6038421););out center;"
12352529,Z 5,Raukaselet - Tjärnbäcken - Ankarede - Sipmesjaure + sommarled till Södra Raukasjön,10.4729473472561,64.8622104,14.3599825,https://www.openstreetmap.org/?mlat=64.8622104&mlon=14.3599825#map=18/64.8622104/14.3599825,"https://overpass-turbo.eu/?Q=[out:json];(nwr(around:50,64.8622104,14.3599825););out center;"
12352782,Z 5,Raukaselet - Tjärnbäcken - Ankarede - Sipmesjaure + sommarled till Södra Raukasjön,39.2111188960789,64.8944016,14.6038672,https://www.openstreetmap.org/?mlat=64.8944016&mlon=14.6038672#map=18/64.8944016/14.6038672,"https://overpass-turbo.eu/?Q=[out:json];(nwr(around:50,64.8944016,14.6038672););out center;"
12352781,Z 5,Raukaselet - Tjärnbäcken - Ankarede - Sipmesjaure + sommarled till Södra Raukasjön,212.193557377894,64.8186142,14.2394764,https://www.openstreetmap.org/?mlat=64.8186142&mlon=14.2394764#map=18/64.8186142/14.2394764,"https://overpass-turbo.eu/?Q=[out:json];(nwr(around:50,64.8186142,14.2394764););out center;"
12352780,Z 5,Raukaselet - Tjärnbäcken - Ankarede - Sipmesjaure + sommarled till Södra Raukasjön,163.014360962715,64.8926348,14.5859152,https://www.openstreetmap.org/?mlat=64.8926348&mlon=14.5859152#map=18/64.8926348/14.5859152,"https://overpass-turbo.eu/?Q=[out:json];(nwr(around:50,64.8926348,14.5859152););out center;"
12352779,Z 5,Raukaselet - Tjärnbäcken - Ankarede - Sipmesjaure + sommarled till Södra Raukasjön,11.7214161362866,64.8622249,14.36006,https://www.openstreetmap.org/?mlat=64.8622249&mlon=14.36006#map=18/64.8622249/14.36006,"https://overpass-turbo.eu/?Q=[out:json];(nwr(around:50,64.8622249,14.36006););out center;"
12352778,Z 5,Raukaselet - Tjärnbäcken - Ankarede - Sipmesjaure + sommarled till Södra Raukasjön,15.7634344994991,64.8621869,14.3598579,https://www.openstreetmap.org/?mlat=64.8621869&mlon=14.3598579#map=18/64.8621869/14.3598579,"https://overpass-turbo.eu/?Q=[out:json];(nwr(around:50,64.8621869,14.3598579););out center;"
12345123,Z 5,Raukaselet - Tjärnbäcken - Ankarede - Sipmesjaure + sommarled till Södra Raukasjön,7929.48501552971,64.8466575,14.2993528,https://www.openstreetmap.org/?mlat=64.8466575&mlon=14.2993528#map=18/64.8466575/14.2993528,"https://overpass-turbo.eu/?Q=[out:json];(nwr(around:50,64.8466575,14.2993528););out center;"
12345121,Z 5,Raukaselet - Tjärnbäcken - Ankarede - Sipmesjaure + sommarled till Södra Raukasjön,6000.34982038038,64.8903358,14.4595719,https://www.openstreetmap.org/?mlat=64.8903358&mlon=14.4595719#map=18/64.8903358/14.4595719,"https://overpass-turbo.eu/?Q=[out:json];(nwr(around:50,64.8903358,14.4595719););out center;"
12345313,Z 5,Raukaselet - Tjärnbäcken - Ankarede - Sipmesjaure + sommarled till Södra Raukasjön,3557.81753891696,64.8695314,14.3859283,https://www.openstreetmap.org/?mlat=64.8695314&mlon=14.3859283#map=18/64.8695314/14.3859283,"https://overpass-turbo.eu/?Q=[out:json];(nwr(around:50,64.8695314,14.3859283););out center;"
12345304,Z 5,Raukaselet - Tjärnbäcken - Ankarede - Sipmesjaure + sommarled till Södra Raukasjön,25.7878642814794,64.8205297,14.2456541,https://www.openstreetmap.org/?mlat=64.8205297&mlon=14.2456541#map=18/64.8205297/14.2456541,"https://overpass-turbo.eu/?Q=[out:json];(nwr(around:50,64.8205297,14.2456541););out center;"
12353372,Z 5,Raukaselet - Tjärnbäcken - Ankarede - Sipmesjaure + sommarled till Södra Raukasjön,316.712471122304,64.8193267,14.2440194,https://www.openstreetmap.org/?mlat=64.8193267&mlon=14.2440194#map=18/64.8193267/14.2440194,"https://overpass-turbo.eu/?Q=[out:json];(nwr(around:50,64.8193267,14.2440194););out center;"
12353371,Z 5,Raukaselet - Tjärnbäcken - Ankarede - Sipmesjaure + sommarled till Södra Raukasjön,39.1449218960774,64.8185369,14.2422208,https://www.openstreetmap.org/?mlat=64.8185369&mlon=14.2422208#map=18/64.8185369/14.2422208,"https://overpass-turbo.eu/?Q=[out:json];(nwr(around:50,64.8185369,14.2422208););out center;"
12353370,Z 5,Raukaselet - Tjärnbäcken - Ankarede - Sipmesjaure + sommarled till Södra Raukasjön,11.0241112204114,64.8893495,14.5192708,https://www.openstreetmap.org/?mlat=64.8893495&mlon=14.5192708#map=18/64.8893495/14.5192708,"https://overpass-turbo.eu/?Q=[out:json];(nwr(around:50,64.8893495,14.5192708););out center;"
12352884,Z 13,Sipmesjaure - Väktarmon - Bleriken - Brattli,51.7077799929923,64.56784,14.3099633,https://www.openstreetmap.org/?mlat=64.56784&mlon=14.3099633#map=18/64.56784/14.3099633,"https://overpass-turbo.eu/?Q=[out:json];(nwr(around:50,64.56784,14.3099633););out center;"
12352883,Z 13,Sipmesjaure - Väktarmon - Bleriken - Brattli,225.060761025142,64.5702921,14.3087032,https://www.openstreetmap.org/?mlat=64.5702921&mlon=14.3087032#map=18/64.5702921/14.3087032,"https://overpass-turbo.eu/?Q=[out:json];(nwr(around:50,64.5702921,14.3087032););out center;"
12352394,Z 13,Sipmesjaure - Väktarmon - Bleriken - Brattli,209.561672855565,64.5652633,14.3135292,https://www.openstreetmap.org/?mlat=64.5652633&mlon=14.3135292#map=18/64.5652633/14.3135292,"https://overpass-turbo.eu/?Q=[out:json];(nwr(around:50,64.5652633,14.3135292););out center;"
12352393,Z 13,Sipmesjaure - Väktarmon - Bleriken - Brattli,117.880916390635,64.5688261,14.3095325,https://www.openstreetmap.org/?mlat=64.5688261&mlon=14.3095325#map=18/64.5688261/14.3095325,"https://overpass-turbo.eu/?Q=[out:json];(nwr(around:50,64.5688261,14.3095325););out center;"
12352392,Z 13,Sipmesjaure - Väktarmon - Bleriken - Brattli,39.2854108266577,64.5638685,14.3147856,https://www.openstreetmap.org/?mlat=64.5638685&mlon=14.3147856#map=18/64.5638685/14.3147856,"https://overpass-turbo.eu/?Q=[out:json];(nwr(around:50,64.5638685,14.3147856););out center;"
12352391,Z 13,Sipmesjaure - Väktarmon - Bleriken - Brattli,189.494711696738,64.5665089,14.3110231,https://www.openstreetmap.org/?mlat=64.5665089&mlon=14.3110231#map=18/64.5665089/14.3110231,"https://overpass-turbo.eu/?Q=[out:json];(nwr(around:50,64.5665089,14.3110231););out center;"
12352390,Z 13,Sipmesjaure - Väktarmon - Bleriken - Brattli,648.333397843097,64.509452,14.255127,https://www.openstreetmap.org/?mlat=64.509452&mlon=14.255127#map=18/64.509452/14.255127,"https://overpass-turbo.eu/?Q=[out:json];(nwr(around:50,64.509452,14.255127););out center;"
12352389,Z 13,Sipmesjaure - Väktarmon - Bleriken - Brattli,645.771912507232,64.5542471,14.3154154,https://www.openstreetmap.org/?mlat=64.5542471&mlon=14.3154154#map=18/64.5542471/14.3154154,"https://overpass-turbo.eu/?Q=[out:json];(nwr(around:50,64.5542471,14.3154154););out center;"
12352376,Z 13,Sipmesjaure - Väktarmon - Bleriken - Brattli,1551.56849711205,64.504465,14.236165,https://www.openstreetmap.org/?mlat=64.504465&mlon=14.236165#map=18/64.504465/14.236165,"https://overpass-turbo.eu/?Q=[out:json];(nwr(around:50,64.504465,14.236165););out center;"
12352375,Z 13,Sipmesjaure - Väktarmon - Bleriken - Brattli,1015.35597718155,64.5595013,14.3192927,https://www.openstreetmap.org/?mlat=64.5595013&mlon=14.3192927#map=18/64.5595013/14.3192927,"https://overpass-turbo.eu/?Q=[out:json];(nwr(around:50,64.5595013,14.3192927););out center;"
12352343,Z 13,Sipmesjaure - Väktarmon - Bleriken - Brattli,5519.59266537193,64.5308559,14.28493,https://www.openstreetmap.org/?mlat=64.5308559&mlon=14.28493#map=18/64.5308559/14.28493,"https://overpass-turbo.eu/?Q=[out:json];(nwr(around:50,64.5308559,14.28493););out center;"
12352342,Z 13,Sipmesjaure - Väktarmon - Bleriken - Brattli,23429.8167742766,64.6640833,14.3024636,https://www.openstreetmap.org/?mlat=64.6640833&mlon=14.3024636#map=18/64.6640833/14.3024636,"https://overpass-turbo.eu/?Q=[out:json];(nwr(around:50,64.6640833,14.3024636););out center;"
12352667,Z 13,Sipmesjaure - Väktarmon - Bleriken - Brattli,0.100137879098101,64.516073,14.2641654,https://www.openstreetmap.org/?mlat=64.516073&mlon=14.2641654#map=18/64.516073/14.2641654,"https://overpass-turbo.eu/?Q=[out:json];(nwr(around:50,64.516073,14.2641654););out center;"
12352666,Z 13,Sipmesjaure - Väktarmon - Bleriken - Brattli,189.494711696738,64.5665089,14.3110231,https://www.openstreetmap.org/?mlat=64.5665089&mlon=14.3110231#map=18/64.5665089/14.3110231,"https://overpass-turbo.eu/?Q=[out:json];(nwr(around:50,64.5665089,14.3110231););out center;"
12352407,Z 13,Sipmesjaure - Väktarmon - Bleriken - Brattli,39.2854108266577,64.5638685,14.3147856,https://www.openstreetmap.org/?mlat=64.5638685&mlon=14.3147856#map=18/64.5638685/14.3147856,"https://overpass-turbo.eu/?Q=[out:json];(nwr(around:50,64.5638685,14.3147856););out center;"
12352406,Z 13,Sipmesjaure - Väktarmon - Bleriken - Brattli,225.060761025142,64.5702921,14.3087032,https://www.openstreetmap.org/?mlat=64.5702921&mlon=14.3087032#map=18/64.5702921/14.3087032,"https://overpass-turbo.eu/?Q=[out:json];(nwr(around:50,64.5702921,14.3087032););out center;"
12352405,Z 13,Sipmesjaure - Väktarmon - Bleriken - Brattli,645.771912507232,64.5542471,14.3154154,https://www.openstreetmap.org/?mlat=64.5542471&mlon=14.3154154#map=18/64.5542471/14.3154154,"https://overpass-turbo.eu/?Q=[out:json];(nwr(around:50,64.5542471,14.3154154););out center;"
12352404,Z 13,Sipmesjaure - Väktarmon - Bleriken - Brattli,51.7077799929923,64.56784,14.3099633,https://www.openstreetmap.org/?mlat=64.56784&mlon=14.3099633#map=18/64.56784/14.3099633,"https://overpass-turbo.eu/?Q=[out:json];(nwr(around:50,64.56784,14.3099633););out center;"
12352555,Z 13,Sipmesjaure - Väktarmon - Bleriken - Brattli,117.880916390635,64.5688261,14.3095325,https://www.openstreetmap.org/?mlat=64.5688261&mlon=14.3095325#map=18/64.5688261/14.3095325,"https://overpass-turbo.eu/?Q=[out:json];(nwr(around:50,64.5688261,14.3095325););out center;"
12352554,Z 13,Sipmesjaure - Väktarmon - Bleriken - Brattli,209.561672855565,64.5652633,14.3135292,https://www.openstreetmap.org/?mlat=64.5652633&mlon=14.3135292#map=18/64.5652633/14.3135292,"https://overpass-turbo.eu/?Q=[out:json];(nwr(around:50,64.5652633,14.3135292););out center;"
12345167,Z 13,Sipmesjaure - Väktarmon - Bleriken - Brattli,4943.26482192504,64.532329,14.2883041,https://www.openstreetmap.org/?mlat=64.532329&mlon=14.2883041#map=18/64.532329/14.2883041,"https://overpass-turbo.eu/?Q=[out:json];(nwr(around:50,64.532329,14.2883041););out center;"
12345125,Z 13,Sipmesjaure - Väktarmon - Bleriken - Brattli,2410.25910167347,64.5799029,14.2906248,https://www.openstreetmap.org/?mlat=64.5799029&mlon=14.2906248#map=18/64.5799029/14.2906248,"https://overpass-turbo.eu/?Q=[out:json];(nwr(around:50,64.5799029,14.2906248););out center;"
12345122,Z 13,Sipmesjaure - Väktarmon - Bleriken - Brattli,1015.35597718155,64.5595013,14.3192927,https://www.openstreetmap.org/?mlat=64.5595013&mlon=14.3192927#map=18/64.5595013/14.3192927,"https://overpass-turbo.eu/?Q=[out:json];(nwr(around:50,64.5595013,14.3192927););out center;"
12350935,Z 113,Hovde - Flyberg - Fiskåvattnet (ny),14344.691682592,64.447784,14.858809,https://www.openstreetmap.org/?mlat=64.447784&mlon=14.858809#map=18/64.447784/14.858809,"https://overpass-turbo.eu/?Q=[out:json];(nwr(around:50,64.447784,14.858809););out center;"
12350934,Z 113,Hovde - Flyberg - Fiskåvattnet (ny),119.690049406857,64.470346,15.003808,https://www.openstreetmap.org/?mlat=64.470346&mlon=15.003808#map=18/64.470346/15.003808,"https://overpass-turbo.eu/?Q=[out:json];(nwr(around:50,64.470346,15.003808););out center;"
12350933,Z 113,Hovde - Flyberg - Fiskåvattnet (ny),10638.5482963129,64.48966,15.036038,https://www.openstreetmap.org/?mlat=64.48966&mlon=15.036038#map=18/64.48966/15.036038,"https://overpass-turbo.eu/?Q=[out:json];(nwr(around:50,64.48966,15.036038););out center;"
12353079,Z 113,Hovde - Flyberg - Fiskåvattnet (ny),23789.6737732561,64.4581001,14.922126,https://www.openstreetmap.org/?mlat=64.4581001&mlon=14.922126#map=18/64.4581001/14.922126,"https://overpass-turbo.eu/?Q=[out:json];(nwr(around:50,64.4581001,14.922126););out center;"
12352648,Z 114,Hovde - Blomhöjdsvägen  (ny),608.190566639675,64.604778,14.87784,https://www.openstreetmap.org/?mlat=64.604778&mlon=14.87784#map=18/64.604778/14.87784,"https://overpass-turbo.eu/?Q=[out:json];(nwr(around:50,64.604778,14.87784););out center;"
12352647,Z 114,Hovde - Blomhöjdsvägen  (ny),633.700720824981,64.6034645,14.8828939,https://www.openstreetmap.org/?mlat=64.6034645&mlon=14.8828939#map=18/64.6034645/14.8828939,"https://overpass-turbo.eu/?Q=[out:json];(nwr(around:50,64.6034645,14.8828939););out center;"
12352646,Z 114,Hovde - Blomhöjdsvägen  (ny),123.623076693879,64.535004,15.077588,https://www.openstreetmap.org/?mlat=64.535004&mlon=15.077588#map=18/64.535004/15.077588,"https://overpass-turbo.eu/?Q=[out:json];(nwr(around:50,64.535004,15.077588););out center;"
12352614,Z 114,Hovde - Blomhöjdsvägen  (ny),581.6715659005,64.5364609,15.0769325,https://www.openstreetmap.org/?mlat=64.5364609&mlon=15.0769325#map=18/64.5364609/15.0769325,"https://overpass-turbo.eu/?Q=[out:json];(nwr(around:50,64.5364609,15.0769325););out center;"
12356032,Z 116,St Blåsjön - Mesklumpen -Leddelning Flyn - Leipikvattnet (sjöis) (ny),4150.897353244,64.8478801,14.1067586,https://www.openstreetmap.org/?mlat=64.8478801&mlon=14.1067586#map=18/64.8478801/14.1067586,"https://overpass-turbo.eu/?Q=[out:json];(nwr(around:50,64.8478801,14.1067586););out center;"
12348316,Z 42,Storulvån - Tjallingen - Gåsen,17695.8544009289,63.0920345,12.4423326,https://www.openstreetmap.org/?mlat=63.0920345&mlon=12.4423326#map=18/63.0920345/12.4423326,"https://overpass-turbo.eu/?Q=[out:json];(nwr(around:50,63.0920345,12.4423326););out center;"
12345585,Z 42,Storulvån - Tjallingen - Gåsen,1331.81579945895,63.1688202,12.374858,https://www.openstreetmap.org/?mlat=63.1688202&mlon=12.374858#map=18/63.1688202/12.374858,"https://overpass-turbo.eu/?Q=[out:json];(nwr(around:50,63.1688202,12.374858););out center;"
12349170,Z 62,Vålådalen - Lunndörrstugorna,12.6577957020994,63.1474465,12.9639044,https://www.openstreetmap.org/?mlat=63.1474465&mlon=12.9639044#map=18/63.1474465/12.9639044,"https://overpass-turbo.eu/?Q=[out:json];(nwr(around:50,63.1474465,12.9639044););out center;"
12355012,Z 62,Vålådalen - Lunndörrstugorna,12825.989749709,63.1150698,13.0111509,https://www.openstreetmap.org/?mlat=63.1150698&mlon=13.0111509#map=18/63.1150698/13.0111509,"https://overpass-turbo.eu/?Q=[out:json];(nwr(around:50,63.1150698,13.0111509););out center;"
12346878,Z 62,Vålådalen - Lunndörrstugorna,7.16369548986408,63.1474149,12.9639365,https://www.openstreetmap.org/?mlat=63.1474149&mlon=12.9639365#map=18/63.1474149/12.9639365,"https://overpass-turbo.eu/?Q=[out:json];(nwr(around:50,63.1474149,12.9639365););out center;"
12346877,Z 62,Vålådalen - Lunndörrstugorna,28.2764993727357,63.1475904,12.963768,https://www.openstreetmap.org/?mlat=63.1475904&mlon=12.963768#map=18/63.1475904/12.963768,"https://overpass-turbo.eu/?Q=[out:json];(nwr(around:50,63.1475904,12.963768););out center;"
12348796,AC 57,Hemavan-Atoklimpen,42248.4311639494,65.780272,14.827137,https://www.openstreetmap.org/?mlat=65.780272&mlon=14.827137#map=18/65.780272/14.827137,"https://overpass-turbo.eu/?Q=[out:json];(nwr(around:50,65.780272,14.827137););out center;"
12348748,AC 58,Skalvattnet-Gränssjö/Ö. Vardofjället,10952.4045203533,65.4166071,14.7281146,https://www.openstreetmap.org/?mlat=65.4166071&mlon=14.7281146#map=18/65.4166071/14.7281146,"https://overpass-turbo.eu/?Q=[out:json];(nwr(around:50,65.4166071,14.7281146););out center;"
12354386,AC 58,Skalvattnet-Gränssjö/Ö. Vardofjället,6084.61766946863,65.4152516,14.750487,https://www.openstreetmap.org/?mlat=65.4152516&mlon=14.750487#map=18/65.4152516/14.750487,"https://overpass-turbo.eu/?Q=[out:json];(nwr(around:50,65.4152516,14.750487););out center;"
12352652,AC 57,Hemavan-Atoklimpen,2960.14563301045,65.778649,14.8656758,https://www.openstreetmap.org/?mlat=65.778649&mlon=14.8656758#map=18/65.778649/14.8656758,"https://overpass-turbo.eu/?Q=[out:json];(nwr(around:50,65.778649,14.8656758););out center;"
12352651,AC 57,Hemavan-Atoklimpen,20868.6554223353,65.737724,14.71935,https://www.openstreetmap.org/?mlat=65.737724&mlon=14.71935#map=18/65.737724/14.71935,"https://overpass-turbo.eu/?Q=[out:json];(nwr(around:50,65.737724,14.71935););out center;"
12352836,AC 57,Hemavan-Atoklimpen,14686.0731440067,65.785313,15.006818,https://www.openstreetmap.org/?mlat=65.785313&mlon=15.006818#map=18/65.785313/15.006818,"https://overpass-turbo.eu/?Q=[out:json];(nwr(around:50,65.785313,15.006818););out center;"
12353995,AC 60,Slipsiken-Borgafjäll,28649.7480104255,64.9005218,14.9134834,https://www.openstreetmap.org/?mlat=64.9005218&mlon=14.9134834#map=18/64.9005218/14.9134834,"https://overpass-turbo.eu/?Q=[out:json];(nwr(around:50,64.9005218,14.9134834););out center;"
12348172,AC 60,Slipsiken-Borgafjäll,1654.93282243792,64.8476217,15.1094151,https://www.openstreetmap.org/?mlat=64.8476217&mlon=15.1094151#map=18/64.8476217/15.1094151,"https://overpass-turbo.eu/?Q=[out:json];(nwr(around:50,64.8476217,15.1094151););out center;"
12355561,BD 2,Treriksröset - Pältsa,9423.65049488471,68.9913824,20.4463299,https://www.openstreetmap.org/?mlat=68.9913824&mlon=20.4463299#map=18/68.9913824/20.4463299,"https://overpass-turbo.eu/?Q=[out:json];(nwr(around:50,68.9913824,20.4463299););out center;"
12355560,BD 2,Treriksröset - Pältsa,4136.76892142035,69.0496313,20.5246211,https://www.openstreetmap.org/?mlat=69.0496313&mlon=20.5246211#map=18/69.0496313/20.5246211,"https://overpass-turbo.eu/?Q=[out:json];(nwr(around:50,69.0496313,20.5246211););out center;"
12351399,BD 3,Koltoluokta - leden Treriksröset - Pältsa,4568.65524928741,69.0413488,20.5624341,https://www.openstreetmap.org/?mlat=69.0413488&mlon=20.5624341#map=18/69.0413488/20.5624341,"https://overpass-turbo.eu/?Q=[out:json];(nwr(around:50,69.0413488,20.5624341););out center;"
12351400,BD 4,Treriksröset - Nilsivaara,3029.69229618857,69.0522058,20.5779029,https://www.openstreetmap.org/?mlat=69.0522058&mlon=20.5779029#map=18/69.0522058/20.5779029,"https://overpass-turbo.eu/?Q=[out:json];(nwr(around:50,69.0522058,20.5779029););out center;"
12351541,BD 5,Pältsa - Kummavuopio (Keinovuopio),23691.8454044039,68.9253787,20.6172074,https://www.openstreetmap.org/?mlat=68.9253787&mlon=20.6172074#map=18/68.9253787/20.6172074,"https://overpass-turbo.eu/?Q=[out:json];(nwr(around:50,68.9253787,20.6172074););out center;"
12351543,BD 6,Pältsa - Vurvejåkko - Miehtikursu,8223.9859604215,68.8155057,20.7630341,https://www.openstreetmap.org/?mlat=68.8155057&mlon=20.7630341#map=18/68.8155057/20.7630341,"https://overpass-turbo.eu/?Q=[out:json];(nwr(around:50,68.8155057,20.7630341););out center;"
12352197,BD 6,Pältsa - Vurvejåkko - Miehtikursu,23035.8203645139,68.8770371,20.5126115,https://www.openstreetmap.org/?mlat=68.8770371&mlon=20.5126115#map=18/68.8770371/20.5126115,"https://overpass-turbo.eu/?Q=[out:json];(nwr(around:50,68.8770371,20.5126115););out center;"
12351675,BD 7,Kummavoupio - Vuoskojaure - Laimoviken,15977.6179923797,68.8505983,20.92454,https://www.openstreetmap.org/?mlat=68.8505983&mlon=20.92454#map=18/68.8505983/20.92454,"https://overpass-turbo.eu/?Q=[out:json];(nwr(around:50,68.8505983,20.92454););out center;"
12351917,BD 7,Kummavoupio - Vuoskojaure - Laimoviken,2210.96978754504,68.7395164,20.5837642,https://www.openstreetmap.org/?mlat=68.7395164&mlon=20.5837642#map=18/68.7395164/20.5837642,"https://overpass-turbo.eu/?Q=[out:json];(nwr(around:50,68.7395164,20.5837642););out center;"
12351920,BD 7,Kummavoupio - Vuoskojaure - Laimoviken,34264.7462824506,68.6076123,20.4118958,https://www.openstreetmap.org/?mlat=68.6076123&mlon=20.4118958#map=18/68.6076123/20.4118958,"https://overpass-turbo.eu/?Q=[out:json];(nwr(around:50,68.6076123,20.4118958););out center;"
12351919,BD 7,Kummavoupio - Vuoskojaure - Laimoviken,523.709122665942,68.7362815,20.5618208,https://www.openstreetmap.org/?mlat=68.7362815&mlon=20.5618208#map=18/68.7362815/20.5618208,"https://overpass-turbo.eu/?Q=[out:json];(nwr(around:50,68.7362815,20.5618208););out center;"
12351918,BD 7,Kummavoupio - Vuoskojaure - Laimoviken,11338.7835731963,68.783177,20.7091409,https://www.openstreetmap.org/?mlat=68.783177&mlon=20.7091409#map=18/68.783177/20.7091409,"https://overpass-turbo.eu/?Q=[out:json];(nwr(around:50,68.783177,20.7091409););out center;"
12351873,BD 7,Kummavoupio - Vuoskojaure - Laimoviken,15024.284781268,68.422309,20.1351914,https://www.openstreetmap.org/?mlat=68.422309&mlon=20.1351914#map=18/68.422309/20.1351914,"https://overpass-turbo.eu/?Q=[out:json];(nwr(around:50,68.422309,20.1351914););out center;"
12351862,BD 9,Keinovuopio - Pulsujärvi,46225.7489970897,68.6426176,20.872141,https://www.openstreetmap.org/?mlat=68.6426176&mlon=20.872141#map=18/68.6426176/20.872141,"https://overpass-turbo.eu/?Q=[out:json];(nwr(around:50,68.6426176,20.872141););out center;"
12351863,BD 11,Vuoskojaure - Järämä,22731.8430002946,68.3629867,20.7144891,https://www.openstreetmap.org/?mlat=68.3629867&mlon=20.7144891#map=18/68.3629867/20.7144891,"https://overpass-turbo.eu/?Q=[out:json];(nwr(around:50,68.3629867,20.7144891););out center;"
12351555,BD 11,Vuoskojaure - Järämä,16691.9982530313,68.3584492,20.2619002,https://www.openstreetmap.org/?mlat=68.3584492&mlon=20.2619002#map=18/68.3584492/20.2619002,"https://overpass-turbo.eu/?Q=[out:json];(nwr(around:50,68.3584492,20.2619002););out center;"
12351554,BD 11,Vuoskojaure - Järämä,3265.25362849093,68.367187,20.4446325,https://www.openstreetmap.org/?mlat=68.367187&mlon=20.4446325#map=18/68.367187/20.4446325,"https://overpass-turbo.eu/?Q=[out:json];(nwr(around:50,68.367187,20.4446325););out center;"
12351654,BD 13,Vuoskojåkka - Koojärvi,3637.10915076059,68.3665936,20.03832,https://www.openstreetmap.org/?mlat=68.3665936&mlon=20.03832#map=18/68.3665936/20.03832,"https://overpass-turbo.eu/?Q=[out:json];(nwr(around:50,68.3665936,20.03832););out center;"
12351585,BD 13,Vuoskojåkka - Koojärvi,7843.42143525069,68.3263565,20.008589,https://www.openstreetmap.org/?mlat=68.3263565&mlon=20.008589#map=18/68.3263565/20.008589,"https://overpass-turbo.eu/?Q=[out:json];(nwr(around:50,68.3263565,20.008589););out center;"
12351940,BD 14,Vuoskojaure - Kattuvouma (sk),9508.51085050679,68.3248607,19.949816,https://www.openstreetmap.org/?mlat=68.3248607&mlon=19.949816#map=18/68.3248607/19.949816,"https://overpass-turbo.eu/?Q=[out:json];(nwr(around:50,68.3248607,19.949816););out center;"
12351654,BD 14,Vuoskojaure - Kattuvouma (sk),3637.10915076059,68.3665936,20.03832,https://www.openstreetmap.org/?mlat=68.3665936&mlon=20.03832#map=18/68.3665936/20.03832,"https://overpass-turbo.eu/?Q=[out:json];(nwr(around:50,68.3665936,20.03832););out center;"
12351914,BD 18,Låktatjåkka - Måndalen - Abisko,3396.84442635533,68.3953519,18.4264697,https://www.openstreetmap.org/?mlat=68.3953519&mlon=18.4264697#map=18/68.3953519/18.4264697,"https://overpass-turbo.eu/?Q=[out:json];(nwr(around:50,68.3953519,18.4264697););out center;"
12351915,BD 18,Låktatjåkka - Måndalen - Abisko,4994.48366193704,68.4186055,18.3488372,https://www.openstreetmap.org/?mlat=68.4186055&mlon=18.3488372#map=18/68.4186055/18.3488372,"https://overpass-turbo.eu/?Q=[out:json];(nwr(around:50,68.4186055,18.3488372););out center;"
12351916,BD 20,Kuoblavagge - Kårsavagge - Abisko,13728.26774775,68.3395093,18.6441836,https://www.openstreetmap.org/?mlat=68.3395093&mlon=18.6441836#map=18/68.3395093/18.6441836,"https://overpass-turbo.eu/?Q=[out:json];(nwr(around:50,68.3395093,18.6441836););out center;"
12352116,BD 22,Abisko Östra - Abiskojåkka,4109.45185272768,68.3343543,18.7915924,https://www.openstreetmap.org/?mlat=68.3343543&mlon=18.7915924#map=18/68.3343543/18.7915924,"https://overpass-turbo.eu/?Q=[out:json];(nwr(around:50,68.3343543,18.7915924););out center;"
12349938,BD 23,Riksgränsen - Unna Allakas,6887.50758591336,68.2303159,18.2174389,https://www.openstreetmap.org/?mlat=68.2303159&mlon=18.2174389#map=18/68.2303159/18.2174389,"https://overpass-turbo.eu/?Q=[out:json];(nwr(around:50,68.2303159,18.2174389););out center;"
12352119,BD 23,Riksgränsen - Unna Allakas,1025.043864788,68.2080085,18.1913069,https://www.openstreetmap.org/?mlat=68.2080085&mlon=18.1913069#map=18/68.2080085/18.1913069,"https://overpass-turbo.eu/?Q=[out:json];(nwr(around:50,68.2080085,18.1913069););out center;"
12352118,BD 23,Riksgränsen - Unna Allakas,12192.0574653476,68.3832328,18.1261499,https://www.openstreetmap.org/?mlat=68.3832328&mlon=18.1261499#map=18/68.3832328/18.1261499,"https://overpass-turbo.eu/?Q=[out:json];(nwr(around:50,68.3832328,18.1261499););out center;"
12352117,BD 23,Riksgränsen - Unna Allakas,10148.9348303657,68.2928964,18.1617935,https://www.openstreetmap.org/?mlat=68.2928964&mlon=18.1617935#map=18/68.2928964/18.1617935,"https://overpass-turbo.eu/?Q=[out:json];(nwr(around:50,68.2928964,18.1617935););out center;"
12351913,BD 26,Abiskojaure - Alesjaure,11086.6893438189,68.225843,18.5787287,https://www.openstreetmap.org/?mlat=68.225843&mlon=18.5787287#map=18/68.225843/18.5787287,"https://overpass-turbo.eu/?Q=[out:json];(nwr(around:50,68.225843,18.5787287););out center;"
12351912,BD 26,Abiskojaure - Alesjaure,957.423073826781,68.1406146,18.4106738,https://www.openstreetmap.org/?mlat=68.1406146&mlon=18.4106738#map=18/68.1406146/18.4106738,"https://overpass-turbo.eu/?Q=[out:json];(nwr(around:50,68.1406146,18.4106738););out center;"
12351911,BD 26,Abiskojaure - Alesjaure,875.694017063504,68.2826741,18.5837054,https://www.openstreetmap.org/?mlat=68.2826741&mlon=18.5837054#map=18/68.2826741/18.5837054,"https://overpass-turbo.eu/?Q=[out:json];(nwr(around:50,68.2826741,18.5837054););out center;"
12350041,BD 26,Abiskojaure - Alesjaure,7946.75625631333,68.1799002,18.4625962,https://www.openstreetmap.org/?mlat=68.1799002&mlon=18.4625962#map=18/68.1799002/18.4625962,"https://overpass-turbo.eu/?Q=[out:json];(nwr(around:50,68.1799002,18.4625962););out center;"
12351912,BD 27,Unna Allakas - Alesjaure,957.423073826781,68.1406146,18.4106738,https://www.openstreetmap.org/?mlat=68.1406146&mlon=18.4106738#map=18/68.1406146/18.4106738,"https://overpass-turbo.eu/?Q=[out:json];(nwr(around:50,68.1406146,18.4106738););out center;"
12350042,BD 27,Unna Allakas - Alesjaure,13974.1709482994,68.1690039,18.2871282,https://www.openstreetmap.org/?mlat=68.1690039&mlon=18.2871282#map=18/68.1690039/18.2871282,"https://overpass-turbo.eu/?Q=[out:json];(nwr(around:50,68.1690039,18.2871282););out center;"
12347524,BD 29,Alesjaure - Alesätno - Årosjokk (justerad),35071.1399854769,67.9895492,19.1927083,https://www.openstreetmap.org/?mlat=67.9895492&mlon=19.1927083#map=18/67.9895492/19.1927083,"https://overpass-turbo.eu/?Q=[out:json];(nwr(around:50,67.9895492,19.1927083););out center;"
12351925,BD 31,Alesjaure - Sälka,8657.68822775275,67.9850047,18.261232,https://www.openstreetmap.org/?mlat=67.9850047&mlon=18.261232#map=18/67.9850047/18.261232,"https://overpass-turbo.eu/?Q=[out:json];(nwr(around:50,67.9850047,18.261232););out center;"
12351556,BD 31,Alesjaure - Sälka,16241.0042021202,68.0985126,18.3087134,https://www.openstreetmap.org/?mlat=68.0985126&mlon=18.3087134#map=18/68.0985126/18.3087134,"https://overpass-turbo.eu/?Q=[out:json];(nwr(around:50,68.0985126,18.3087134););out center;"
12347527,BD 39,Touolpanjunnje - Hukejaure - Ivarsten,119.022387582883,67.9354699,17.9680785,https://www.openstreetmap.org/?mlat=67.9354699&mlon=17.9680785#map=18/67.9354699/17.9680785,"https://overpass-turbo.eu/?Q=[out:json];(nwr(around:50,67.9354699,17.9680785););out center;"
12347525,BD 39,Touolpanjunnje - Hukejaure - Ivarsten,18880.3851564973,67.9098303,18.1442972,https://www.openstreetmap.org/?mlat=67.9098303&mlon=18.1442972#map=18/67.9098303/18.1442972,"https://overpass-turbo.eu/?Q=[out:json];(nwr(around:50,67.9098303,18.1442972););out center;"
12351310,BD 43,Laukkuluspa - Tjåurek - Lietekåbba,12894.5785721011,67.6555407,19.4560214,https://www.openstreetmap.org/?mlat=67.6555407&mlon=19.4560214#map=18/67.6555407/19.4560214,"https://overpass-turbo.eu/?Q=[out:json];(nwr(around:50,67.6555407,19.4560214););out center;"
12351309,BD 43,Laukkuluspa - Tjåurek - Lietekåbba,960.427170256788,67.6996685,19.5235546,https://www.openstreetmap.org/?mlat=67.6996685&mlon=19.5235546#map=18/67.6996685/19.5235546,"https://overpass-turbo.eu/?Q=[out:json];(nwr(around:50,67.6996685,19.5235546););out center;"
12351308,BD 43,Laukkuluspa - Tjåurek - Lietekåbba,14876.7324397314,67.7686977,19.5279189,https://www.openstreetmap.org/?mlat=67.7686977&mlon=19.5279189#map=18/67.7686977/19.5279189,"https://overpass-turbo.eu/?Q=[out:json];(nwr(around:50,67.7686977,19.5279189););out center;"
12352064,BD 44,Pårraskårsa - Tjuonajåkk,11634.4925665921,67.6596114,19.0335431,https://www.openstreetmap.org/?mlat=67.6596114&mlon=19.0335431#map=18/67.6596114/19.0335431,"https://overpass-turbo.eu/?Q=[out:json];(nwr(around:50,67.6596114,19.0335431););out center;"
12352065,BD 44,Pårraskårsa - Tjuonajåkk,13168.6604072286,67.7736206,19.077857,https://www.openstreetmap.org/?mlat=67.7736206&mlon=19.077857#map=18/67.7736206/19.077857,"https://overpass-turbo.eu/?Q=[out:json];(nwr(around:50,67.7736206,19.077857););out center;"
12351261,BD 45,Tjuonajåkk - Nejtokåbba - Kaska Kaitumjaure,4116.27522314996,67.6623604,18.7234004,https://www.openstreetmap.org/?mlat=67.6623604&mlon=18.7234004#map=18/67.6623604/18.7234004,"https://overpass-turbo.eu/?Q=[out:json];(nwr(around:50,67.6623604,18.7234004););out center;"
12352198,BD 46,Singi - Kaitumjaure,12496.4919887637,67.7954172,18.2949671,https://www.openstreetmap.org/?mlat=67.7954172&mlon=18.2949671#map=18/67.7954172/18.2949671,"https://overpass-turbo.eu/?Q=[out:json];(nwr(around:50,67.7954172,18.2949671););out center;"
12347527,BD 47,Hukejaure - Sitasjaure,119.022387582883,67.9354699,17.9680785,https://www.openstreetmap.org/?mlat=67.9354699&mlon=17.9680785#map=18/67.9354699/17.9680785,"https://overpass-turbo.eu/?Q=[out:json];(nwr(around:50,67.9354699,17.9680785););out center;"
12350043,BD 47,Hukejaure - Sitasjaure,19070.5865927448,67.8848491,17.7984915,https://www.openstreetmap.org/?mlat=67.8848491&mlon=17.7984915#map=18/67.8848491/17.7984915,"https://overpass-turbo.eu/?Q=[out:json];(nwr(around:50,67.8848491,17.7984915););out center;"
12347863,BD 56,Änonjalme - Kutjaure,11645.1884710024,67.6793702,17.4082544,https://www.openstreetmap.org/?mlat=67.6793702&mlon=17.4082544#map=18/67.6793702/17.4082544,"https://overpass-turbo.eu/?Q=[out:json];(nwr(around:50,67.6793702,17.4082544););out center;"
12347864,BD 61,Pietsaure - Saltoluokta,4546.66646268879,67.3888482,18.5294323,https://www.openstreetmap.org/?mlat=67.3888482&mlon=18.5294323#map=18/67.3888482/18.5294323,"https://overpass-turbo.eu/?Q=[out:json];(nwr(around:50,67.3888482,18.5294323););out center;"
12349955,BD 61,Pietsaure - Saltoluokta,5941.29734613702,67.3684159,18.4639884,https://www.openstreetmap.org/?mlat=67.3684159&mlon=18.4639884#map=18/67.3684159/18.4639884,"https://overpass-turbo.eu/?Q=[out:json];(nwr(around:50,67.3684159,18.4639884););out center;"
12348469,AC 60,Slipsiken-Borgafjäll,28260.1993502462,64.8967955,14.9174254,https://www.openstreetmap.org/?mlat=64.8967955&mlon=14.9174254#map=18/64.8967955/14.9174254,"https://overpass-turbo.eu/?Q=[out:json];(nwr(around:50,64.8967955,14.9174254););out center;"
12355486,BD 74,Varvek - Pieskehaure - Mavas,7466.96811542588,67.0073857,16.4742464,https://www.openstreetmap.org/?mlat=67.0073857&mlon=16.4742464#map=18/67.0073857/16.4742464,"https://overpass-turbo.eu/?Q=[out:json];(nwr(around:50,67.0073857,16.4742464););out center;"
12352090,BD 74,Varvek - Pieskehaure - Mavas,314.127390383267,66.9066794,16.3749768,https://www.openstreetmap.org/?mlat=66.9066794&mlon=16.3749768#map=18/66.9066794/16.3749768,"https://overpass-turbo.eu/?Q=[out:json];(nwr(around:50,66.9066794,16.3749768););out center;"
12352089,BD 74,Varvek - Pieskehaure - Mavas,10209.2005984396,66.9420248,16.413831,https://www.openstreetmap.org/?mlat=66.9420248&mlon=16.413831#map=18/66.9420248/16.413831,"https://overpass-turbo.eu/?Q=[out:json];(nwr(around:50,66.9420248,16.413831););out center;"
12355533,BD 75,Mavas - Miekak - Västerfjäll,480.044838315848,66.906147,16.3692864,https://www.openstreetmap.org/?mlat=66.906147&mlon=16.3692864#map=18/66.906147/16.3692864,"https://overpass-turbo.eu/?Q=[out:json];(nwr(around:50,66.906147,16.3692864););out center;"
12355489,BD 75,Mavas - Miekak - Västerfjäll,31548.3052042865,66.7906241,17.1564749,https://www.openstreetmap.org/?mlat=66.7906241&mlon=17.1564749#map=18/66.7906241/17.1564749,"https://overpass-turbo.eu/?Q=[out:json];(nwr(around:50,66.7906241,17.1564749););out center;"
12355488,BD 75,Mavas - Miekak - Västerfjäll,25678.2653759342,66.8858518,16.644859,https://www.openstreetmap.org/?mlat=66.8858518&mlon=16.644859#map=18/66.8858518/16.644859,"https://overpass-turbo.eu/?Q=[out:json];(nwr(around:50,66.8858518,16.644859););out center;"
12355487,BD 75,Mavas - Miekak - Västerfjäll,763.723904994221,66.8560854,16.9269432,https://www.openstreetmap.org/?mlat=66.8560854&mlon=16.9269432#map=18/66.8560854/16.9269432,"https://overpass-turbo.eu/?Q=[out:json];(nwr(around:50,66.8560854,16.9269432););out center;"
12352090,BD 75,Mavas - Miekak - Västerfjäll,314.127390383267,66.9066794,16.3749768,https://www.openstreetmap.org/?mlat=66.9066794&mlon=16.3749768#map=18/66.9066794/16.3749768,"https://overpass-turbo.eu/?Q=[out:json];(nwr(around:50,66.9066794,16.3749768););out center;"
12355487,BD 76,Miekak - Pieskehaure,763.723904994221,66.8560854,16.9269432,https://www.openstreetmap.org/?mlat=66.8560854&mlon=16.9269432#map=18/66.8560854/16.9269432,"https://overpass-turbo.eu/?Q=[out:json];(nwr(around:50,66.8560854,16.9269432););out center;"
12356058,BD 76,Miekak - Pieskehaure,7612.45085749318,66.8913361,16.8853447,https://www.openstreetmap.org/?mlat=66.8913361&mlon=16.8853447#map=18/66.8913361/16.8853447,"https://overpass-turbo.eu/?Q=[out:json];(nwr(around:50,66.8913361,16.8853447););out center;"
12351478,BD 80,Mavas - Jurunvagge,7832.55114348935,66.8477476,16.2719082,https://www.openstreetmap.org/?mlat=66.8477476&mlon=16.2719082#map=18/66.8477476/16.2719082,"https://overpass-turbo.eu/?Q=[out:json];(nwr(around:50,66.8477476,16.2719082););out center;"
12351427,BD 80,Mavas - Jurunvagge,4081.67472381031,66.823214,16.1610039,https://www.openstreetmap.org/?mlat=66.823214&mlon=16.1610039#map=18/66.823214/16.1610039,"https://overpass-turbo.eu/?Q=[out:json];(nwr(around:50,66.823214,16.1610039););out center;"
12355533,BD 80,Mavas - Jurunvagge,480.044838315848,66.906147,16.3692864,https://www.openstreetmap.org/?mlat=66.906147&mlon=16.3692864#map=18/66.906147/16.3692864,"https://overpass-turbo.eu/?Q=[out:json];(nwr(around:50,66.906147,16.3692864););out center;"
12352090,BD 80,Mavas - Jurunvagge,314.127390383267,66.9066794,16.3749768,https://www.openstreetmap.org/?mlat=66.9066794&mlon=16.3749768#map=18/66.9066794/16.3749768,"https://overpass-turbo.eu/?Q=[out:json];(nwr(around:50,66.9066794,16.3749768););out center;"
12352067,BD 80,Mavas - Jurunvagge,15309.2736578012,66.7723758,15.9795627,https://www.openstreetmap.org/?mlat=66.7723758&mlon=15.9795627#map=18/66.7723758/15.9795627,"https://overpass-turbo.eu/?Q=[out:json];(nwr(around:50,66.7723758,15.9795627););out center;"
12352066,BD 80,Mavas - Jurunvagge,3647.19609436806,66.8885667,16.3523149,https://www.openstreetmap.org/?mlat=66.8885667&mlon=16.3523149#map=18/66.8885667/16.3523149,"https://overpass-turbo.eu/?Q=[out:json];(nwr(around:50,66.8885667,16.3523149););out center;"
12351473,BD 83,Silvervägen - Guijaure - Vouggatjålme,2362.91699147505,66.5504744,16.0373809,https://www.openstreetmap.org/?mlat=66.5504744&mlon=16.0373809#map=18/66.5504744/16.0373809,"https://overpass-turbo.eu/?Q=[out:json];(nwr(around:50,66.5504744,16.0373809););out center;"
12351544,BD 83,Silvervägen - Guijaure - Vouggatjålme,8150.75711442925,66.5895967,15.9522318,https://www.openstreetmap.org/?mlat=66.5895967&mlon=15.9522318#map=18/66.5895967/15.9522318,"https://overpass-turbo.eu/?Q=[out:json];(nwr(around:50,66.5895967,15.9522318););out center;"
12351516,BD 83,Silvervägen - Guijaure - Vouggatjålme,5509.52660720185,66.6270579,15.8496635,https://www.openstreetmap.org/?mlat=66.6270579&mlon=15.8496635#map=18/66.6270579/15.8496635,"https://overpass-turbo.eu/?Q=[out:json];(nwr(around:50,66.6270579,15.8496635););out center;"
12351515,BD 83,Silvervägen - Guijaure - Vouggatjålme,3679.77259085462,66.5377225,16.0925164,https://www.openstreetmap.org/?mlat=66.5377225&mlon=16.0925164#map=18/66.5377225/16.0925164,"https://overpass-turbo.eu/?Q=[out:json];(nwr(around:50,66.5377225,16.0925164););out center;"
12355620,BD 83,Silvervägen - Guijaure - Vouggatjålme,13441.6127417617,66.6975743,15.8211126,https://www.openstreetmap.org/?mlat=66.6975743&mlon=15.8211126#map=18/66.6975743/15.8211126,"https://overpass-turbo.eu/?Q=[out:json];(nwr(around:50,66.6975743,15.8211126););out center;"
12355619,BD 83,Silvervägen - Guijaure - Vouggatjålme,883.806175247388,66.5654222,16.0209819,https://www.openstreetmap.org/?mlat=66.5654222&mlon=16.0209819#map=18/66.5654222/16.0209819,"https://overpass-turbo.eu/?Q=[out:json];(nwr(around:50,66.5654222,16.0209819););out center;"
12355618,BD 83,Silvervägen - Guijaure - Vouggatjålme,5774.68334543241,66.5188957,16.2470455,https://www.openstreetmap.org/?mlat=66.5188957&mlon=16.2470455#map=18/66.5188957/16.2470455,"https://overpass-turbo.eu/?Q=[out:json];(nwr(around:50,66.5188957,16.2470455););out center;"
12356059,BD 83,Silvervägen - Guijaure - Vouggatjålme,2683.70686604991,66.529297,16.158693,https://www.openstreetmap.org/?mlat=66.529297&mlon=16.158693#map=18/66.529297/16.158693,"https://overpass-turbo.eu/?Q=[out:json];(nwr(around:50,66.529297,16.158693););out center;"
12351847,BD 84,Guijaure (led 83) - Verdejaure (led 85),22067.8351958486,66.5535466,15.7957353,https://www.openstreetmap.org/?mlat=66.5535466&mlon=15.7957353#map=18/66.5535466/15.7957353,"https://overpass-turbo.eu/?Q=[out:json];(nwr(around:50,66.5535466,15.7957353););out center;"
12350554,BD 85,Ruonekjåkkå - Laisstugan - Nasafjället,8862.63016992231,66.4953841,15.4865931,https://www.openstreetmap.org/?mlat=66.4953841&mlon=15.4865931#map=18/66.4953841/15.4865931,"https://overpass-turbo.eu/?Q=[out:json];(nwr(around:50,66.4953841,15.4865931););out center;"
12352123,BD 85,Ruonekjåkkå - Laisstugan - Nasafjället,19214.4402868264,66.4570901,16.0667124,https://www.openstreetmap.org/?mlat=66.4570901&mlon=16.0667124#map=18/66.4570901/16.0667124,"https://overpass-turbo.eu/?Q=[out:json];(nwr(around:50,66.4570901,16.0667124););out center;"
12352122,BD 85,Ruonekjåkkå - Laisstugan - Nasafjället,19298.9155176713,66.4517223,15.7535462,https://www.openstreetmap.org/?mlat=66.4517223&mlon=15.7535462#map=18/66.4517223/15.7535462,"https://overpass-turbo.eu/?Q=[out:json];(nwr(around:50,66.4517223,15.7535462););out center;"
12352245,BD 87,Jäckvik - Adolfström,4316.75826046989,66.3787521,16.928502,https://www.openstreetmap.org/?mlat=66.3787521&mlon=16.928502#map=18/66.3787521/16.928502,"https://overpass-turbo.eu/?Q=[out:json];(nwr(around:50,66.3787521,16.928502););out center;"
12352240,BD 87,Jäckvik - Adolfström,1802.21629110794,66.3227406,16.7276066,https://www.openstreetmap.org/?mlat=66.3227406&mlon=16.7276066#map=18/66.3227406/16.7276066,"https://overpass-turbo.eu/?Q=[out:json];(nwr(around:50,66.3227406,16.7276066););out center;"
12352239,BD 87,Jäckvik - Adolfström,5584.12220412084,66.3037593,16.6807142,https://www.openstreetmap.org/?mlat=66.3037593&mlon=16.6807142#map=18/66.3037593/16.6807142,"https://overpass-turbo.eu/?Q=[out:json];(nwr(around:50,66.3037593,16.6807142););out center;"
12352249,BD 87,Jäckvik - Adolfström,4331.5360004605,66.3573687,16.8763859,https://www.openstreetmap.org/?mlat=66.3573687&mlon=16.8763859#map=18/66.3573687/16.8763859,"https://overpass-turbo.eu/?Q=[out:json];(nwr(around:50,66.3573687,16.8763859););out center;"
12352246,BD 87,Jäckvik - Adolfström,5205.60278586528,66.3377305,16.7908152,https://www.openstreetmap.org/?mlat=66.3377305&mlon=16.7908152#map=18/66.3377305/16.7908152,"https://overpass-turbo.eu/?Q=[out:json];(nwr(around:50,66.3377305,16.7908152););out center;"
12351440,BD 88,Adolfström - Länsgränsen,11176.6295761663,66.1652952,16.3556198,https://www.openstreetmap.org/?mlat=66.1652952&mlon=16.3556198#map=18/66.1652952/16.3556198,"https://overpass-turbo.eu/?Q=[out:json];(nwr(around:50,66.1652952,16.3556198););out center;"
12351439,BD 88,Adolfström - Länsgränsen,4802.95125866391,66.286276,16.6028974,https://www.openstreetmap.org/?mlat=66.286276&mlon=16.6028974#map=18/66.286276/16.6028974,"https://overpass-turbo.eu/?Q=[out:json];(nwr(around:50,66.286276,16.6028974););out center;"
12351438,BD 88,Adolfström - Länsgränsen,2725.01526058972,66.2821445,16.5156982,https://www.openstreetmap.org/?mlat=66.2821445&mlon=16.5156982#map=18/66.2821445/16.5156982,"https://overpass-turbo.eu/?Q=[out:json];(nwr(around:50,66.2821445,16.5156982););out center;"
12351564,BD 88,Adolfström - Länsgränsen,2031.11677278391,66.259044,16.3740335,https://www.openstreetmap.org/?mlat=66.259044&mlon=16.3740335#map=18/66.259044/16.3740335,"https://overpass-turbo.eu/?Q=[out:json];(nwr(around:50,66.259044,16.3740335););out center;"
12355902,BD 88,Adolfström - Länsgränsen,1450.06486137455,66.2536711,16.3394733,https://www.openstreetmap.org/?mlat=66.2536711&mlon=16.3394733#map=18/66.2536711/16.3394733,"https://overpass-turbo.eu/?Q=[out:json];(nwr(around:50,66.2536711,16.3394733););out center;"
12349947,BD 88,Adolfström - Länsgränsen,2153.94737711119,66.2547581,16.386679,https://www.openstreetmap.org/?mlat=66.2547581&mlon=16.386679#map=18/66.2547581/16.386679,"https://overpass-turbo.eu/?Q=[out:json];(nwr(around:50,66.2547581,16.386679););out center;"
12349926,BD 88,Adolfström - Länsgränsen,1650.09720462113,66.2485891,16.3667408,https://www.openstreetmap.org/?mlat=66.2485891&mlon=16.3667408#map=18/66.2485891/16.3667408,"https://overpass-turbo.eu/?Q=[out:json];(nwr(around:50,66.2485891,16.3667408););out center;"
12350126,BD 88,Adolfström - Länsgränsen,5270.94516774052,66.2755088,16.4434677,https://www.openstreetmap.org/?mlat=66.2755088&mlon=16.4434677#map=18/66.2755088/16.4434677,"https://overpass-turbo.eu/?Q=[out:json];(nwr(around:50,66.2755088,16.4434677););out center;"
12352210,BD 88,Adolfström - Länsgränsen,656.044500551137,66.2837513,16.5471948,https://www.openstreetmap.org/?mlat=66.2837513&mlon=16.5471948#map=18/66.2837513/16.5471948,"https://overpass-turbo.eu/?Q=[out:json];(nwr(around:50,66.2837513,16.5471948););out center;"
12352209,BD 88,Adolfström - Länsgränsen,4529.31272787353,66.2259579,16.3846482,https://www.openstreetmap.org/?mlat=66.2259579&mlon=16.3846482#map=18/66.2259579/16.3846482,"https://overpass-turbo.eu/?Q=[out:json];(nwr(around:50,66.2259579,16.3846482););out center;"
12349704,BD 21,Abisko - Abiskojaure,5049.23373125664,68.339422,18.7648988,https://www.openstreetmap.org/?mlat=68.339422&mlon=18.7648988#map=18/68.339422/18.7648988,"https://overpass-turbo.eu/?Q=[out:json];(nwr(around:50,68.339422,18.7648988););out center;"
12350100,BD 21,Abisko - Abiskojaure,8806.18852675847,68.3092728,18.6771852,https://www.openstreetmap.org/?mlat=68.3092728&mlon=18.6771852#map=18/68.3092728/18.6771852,"https://overpass-turbo.eu/?Q=[out:json];(nwr(around:50,68.3092728,18.6771852););out center;"
12351854,BD 56,Änonjalme - Kutjaure,10906.1133141726,67.6081433,17.2587634,https://www.openstreetmap.org/?mlat=67.6081433&mlon=17.2587634#map=18/67.6081433/17.2587634,"https://overpass-turbo.eu/?Q=[out:json];(nwr(around:50,67.6081433,17.2587634););out center;"
12349972,BD 38,Sälka - Singi,6302.85398209748,67.9196457,18.3041748,https://www.openstreetmap.org/?mlat=67.9196457&mlon=18.3041748#map=18/67.9196457/18.3041748,"https://overpass-turbo.eu/?Q=[out:json];(nwr(around:50,67.9196457,18.3041748););out center;"
12350101,BD 38,Sälka - Singi,959.844638974706,67.8873436,18.3231947,https://www.openstreetmap.org/?mlat=67.8873436&mlon=18.3231947#map=18/67.8873436/18.3231947,"https://overpass-turbo.eu/?Q=[out:json];(nwr(around:50,67.8873436,18.3231947););out center;"
12349973,BD 38,Sälka - Singi,4044.57547560803,67.8695523,18.3112138,https://www.openstreetmap.org/?mlat=67.8695523&mlon=18.3112138#map=18/67.8695523/18.3112138,"https://overpass-turbo.eu/?Q=[out:json];(nwr(around:50,67.8695523,18.3112138););out center;"
12355908,BD 42,Nikkaluokta - Kaitum hpl,6473.02152950872,67.8311514,19.0694959,https://www.openstreetmap.org/?mlat=67.8311514&mlon=19.0694959#map=18/67.8311514/19.0694959,"https://overpass-turbo.eu/?Q=[out:json];(nwr(around:50,67.8311514,19.0694959););out center;"
12349974,BD 42,Nikkaluokta - Kaitum hpl,32216.7914851858,67.6153226,19.8148037,https://www.openstreetmap.org/?mlat=67.6153226&mlon=19.8148037#map=18/67.6153226/19.8148037,"https://overpass-turbo.eu/?Q=[out:json];(nwr(around:50,67.6153226,19.8148037););out center;"
12355991,BD 49,Kaitumjaure - Teusajaure,6274.36839958583,67.7223365,18.222422,https://www.openstreetmap.org/?mlat=67.7223365&mlon=18.222422#map=18/67.7223365/18.222422,"https://overpass-turbo.eu/?Q=[out:json];(nwr(around:50,67.7223365,18.222422););out center;"
12355990,BD 49,Kaitumjaure - Teusajaure,2802.13881705351,67.70683,18.1415694,https://www.openstreetmap.org/?mlat=67.70683&mlon=18.1415694#map=18/67.70683/18.1415694,"https://overpass-turbo.eu/?Q=[out:json];(nwr(around:50,67.70683,18.1415694););out center;"
12350314,BD 49,Kaitumjaure - Teusajaure,146.890355869744,67.7098396,18.1121722,https://www.openstreetmap.org/?mlat=67.7098396&mlon=18.1121722#map=18/67.7098396/18.1121722,"https://overpass-turbo.eu/?Q=[out:json];(nwr(around:50,67.7098396,18.1121722););out center;"
12350313,BD 49,Kaitumjaure - Teusajaure,2503.84022160188,67.705146,18.1157359,https://www.openstreetmap.org/?mlat=67.705146&mlon=18.1157359#map=18/67.705146/18.1157359,"https://overpass-turbo.eu/?Q=[out:json];(nwr(around:50,67.705146,18.1157359););out center;"
12352425,AC 26,Atostugan - Skalmodal,21437.4708882663,65.595747,14.601287,https://www.openstreetmap.org/?mlat=65.595747&mlon=14.601287#map=18/65.595747/14.601287,"https://overpass-turbo.eu/?Q=[out:json];(nwr(around:50,65.595747,14.601287););out center;"
12344790,AC 26,Atostugan - Skalmodal,16092.2672835276,65.504142,14.647217,https://www.openstreetmap.org/?mlat=65.504142&mlon=14.647217#map=18/65.504142/14.647217,"https://overpass-turbo.eu/?Q=[out:json];(nwr(around:50,65.504142,14.647217););out center;"
12344791,AC 26,Atostugan - Skalmodal,1855.07851890394,65.675942,14.590935,https://www.openstreetmap.org/?mlat=65.675942&mlon=14.590935#map=18/65.675942/14.590935,"https://overpass-turbo.eu/?Q=[out:json];(nwr(around:50,65.675942,14.590935););out center;"
12354633,BD 50,Teusajaure - Vakkotavare,13758.5012755978,67.6472297,18.1072887,https://www.openstreetmap.org/?mlat=67.6472297&mlon=18.1072887#map=18/67.6472297/18.1072887,"https://overpass-turbo.eu/?Q=[out:json];(nwr(around:50,67.6472297,18.1072887););out center;"
12355534,BD 51,Tjuonajåkk - Kirjaluokta,16700.5454492694,67.5579355,18.9569964,https://www.openstreetmap.org/?mlat=67.5579355&mlon=18.9569964#map=18/67.5579355/18.9569964,"https://overpass-turbo.eu/?Q=[out:json];(nwr(around:50,67.5579355,18.9569964););out center;"
12355911,BD 51,Tjuonajåkk - Kirjaluokta,3577.53480191163,67.4417515,18.8334945,https://www.openstreetmap.org/?mlat=67.4417515&mlon=18.8334945#map=18/67.4417515/18.8334945,"https://overpass-turbo.eu/?Q=[out:json];(nwr(around:50,67.4417515,18.8334945););out center;"
12355910,BD 51,Tjuonajåkk - Kirjaluokta,3941.6207699092,67.4147968,18.7978772,https://www.openstreetmap.org/?mlat=67.4147968&mlon=18.7978772#map=18/67.4147968/18.7978772,"https://overpass-turbo.eu/?Q=[out:json];(nwr(around:50,67.4147968,18.7978772););out center;"
12355909,BD 51,Tjuonajåkk - Kirjaluokta,5840.36289823893,67.4817423,18.8637796,https://www.openstreetmap.org/?mlat=67.4817423&mlon=18.8637796#map=18/67.4817423/18.8637796,"https://overpass-turbo.eu/?Q=[out:json];(nwr(around:50,67.4817423,18.8637796););out center;"
12355627,BD 52,Teusajaure - Satisjaure - Vietas,4787.64849228685,67.5015538,18.3964533,https://www.openstreetmap.org/?mlat=67.5015538&mlon=18.3964533#map=18/67.5015538/18.3964533,"https://overpass-turbo.eu/?Q=[out:json];(nwr(around:50,67.5015538,18.3964533););out center;"
12355626,BD 52,Teusajaure - Satisjaure - Vietas,4658.33864962971,67.5232141,18.4636421,https://www.openstreetmap.org/?mlat=67.5232141&mlon=18.4636421#map=18/67.5232141/18.4636421,"https://overpass-turbo.eu/?Q=[out:json];(nwr(around:50,67.5232141,18.4636421););out center;"
12356003,BD 52,Teusajaure - Satisjaure - Vietas,8472.71198502439,67.5651904,18.426893,https://www.openstreetmap.org/?mlat=67.5651904&mlon=18.426893#map=18/67.5651904/18.426893,"https://overpass-turbo.eu/?Q=[out:json];(nwr(around:50,67.5651904,18.426893););out center;"
12355988,BD 52,Teusajaure - Satisjaure - Vietas,9258.14247177868,67.6645597,18.2328785,https://www.openstreetmap.org/?mlat=67.6645597&mlon=18.2328785#map=18/67.6645597/18.2328785,"https://overpass-turbo.eu/?Q=[out:json];(nwr(around:50,67.6645597,18.2328785););out center;"
12355987,BD 52,Teusajaure - Satisjaure - Vietas,6554.55540190382,67.6257002,18.3511396,https://www.openstreetmap.org/?mlat=67.6257002&mlon=18.3511396#map=18/67.6257002/18.3511396,"https://overpass-turbo.eu/?Q=[out:json];(nwr(around:50,67.6257002,18.3511396););out center;"
12350364,BD 53,Satisjaure - Allavara,2969.76904274829,67.3405708,19.7943528,https://www.openstreetmap.org/?mlat=67.3405708&mlon=19.7943528#map=18/67.3405708/19.7943528,"https://overpass-turbo.eu/?Q=[out:json];(nwr(around:50,67.3405708,19.7943528););out center;"
12350363,BD 53,Satisjaure - Allavara,8135.00965673931,67.3095744,19.8287439,https://www.openstreetmap.org/?mlat=67.3095744&mlon=19.8287439#map=18/67.3095744/19.8287439,"https://overpass-turbo.eu/?Q=[out:json];(nwr(around:50,67.3095744,19.8287439););out center;"
12350362,BD 53,Satisjaure - Allavara,11533.2621486375,67.2596122,20.0092492,https://www.openstreetmap.org/?mlat=67.2596122&mlon=20.0092492#map=18/67.2596122/20.0092492,"https://overpass-turbo.eu/?Q=[out:json];(nwr(around:50,67.2596122,20.0092492););out center;"
12350317,BD 53,Satisjaure - Allavara,49699.5818319669,67.4226848,19.3430469,https://www.openstreetmap.org/?mlat=67.4226848&mlon=19.3430469#map=18/67.4226848/19.3430469,"https://overpass-turbo.eu/?Q=[out:json];(nwr(around:50,67.4226848,19.3430469););out center;"
12350316,BD 53,Satisjaure - Allavara,566.038611850716,67.2797538,19.8850105,https://www.openstreetmap.org/?mlat=67.2797538&mlon=19.8850105#map=18/67.2797538/19.8850105,"https://overpass-turbo.eu/?Q=[out:json];(nwr(around:50,67.2797538,19.8850105););out center;"
12350574,BD 40,Singi - Kebnekaise,296.924312583428,67.8499347,18.3192128,https://www.openstreetmap.org/?mlat=67.8499347&mlon=18.3192128#map=18/67.8499347/18.3192128,"https://overpass-turbo.eu/?Q=[out:json];(nwr(around:50,67.8499347,18.3192128););out center;"
12351911,BD 25,Abiskojaure - Unna Allakas,875.694017063504,68.2826741,18.5837054,https://www.openstreetmap.org/?mlat=68.2826741&mlon=18.5837054#map=18/68.2826741/18.5837054,"https://overpass-turbo.eu/?Q=[out:json];(nwr(around:50,68.2826741,18.5837054););out center;"
12345600,BD 25,Abiskojaure - Unna Allakas,1619.51363734457,68.2788509,18.5603416,https://www.openstreetmap.org/?mlat=68.2788509&mlon=18.5603416#map=18/68.2788509/18.5603416,"https://overpass-turbo.eu/?Q=[out:json];(nwr(around:50,68.2788509,18.5603416););out center;"
12349925,BD 38,Sälka - Singi,536.69830738601,67.8525453,18.3154187,https://www.openstreetmap.org/?mlat=67.8525453&mlon=18.3154187#map=18/67.8525453/18.3154187,"https://overpass-turbo.eu/?Q=[out:json];(nwr(around:50,67.8525453,18.3154187););out center;"
12350077,BD 49,Kaitumjaure - Teusajaure,1283.31493817397,67.6962626,18.1661997,https://www.openstreetmap.org/?mlat=67.6962626&mlon=18.1661997#map=18/67.6962626/18.1661997,"https://overpass-turbo.eu/?Q=[out:json];(nwr(around:50,67.6962626,18.1661997););out center;"
12351070,Z 18,Storfulvurn - Styggråkkojan - Lakavattnet samt Styggråkkojan - Storåbränna,479.146036707116,63.9726848,14.8950004,https://www.openstreetmap.org/?mlat=63.9726848&mlon=14.8950004#map=18/63.9726848/14.8950004,"https://overpass-turbo.eu/?Q=[out:json];(nwr(around:50,63.9726848,14.8950004););out center;"
12351067,Z 18,Storfulvurn - Styggråkkojan - Lakavattnet samt Styggråkkojan - Storåbränna,0.73158882577579,63.97308,14.8988344,https://www.openstreetmap.org/?mlat=63.97308&mlon=14.8988344#map=18/63.97308/14.8988344,"https://overpass-turbo.eu/?Q=[out:json];(nwr(around:50,63.97308,14.8988344););out center;"
12350917,Z 18,Storfulvurn - Styggråkkojan - Lakavattnet samt Styggråkkojan - Storåbränna,11302.0012914721,63.9985567,14.9038038,https://www.openstreetmap.org/?mlat=63.9985567&mlon=14.9038038#map=18/63.9985567/14.9038038,"https://overpass-turbo.eu/?Q=[out:json];(nwr(around:50,63.9985567,14.9038038););out center;"
12350912,Z 18,Storfulvurn - Styggråkkojan - Lakavattnet samt Styggråkkojan - Storåbränna,2329.50034681105,63.9536153,14.864047,https://www.openstreetmap.org/?mlat=63.9536153&mlon=14.864047#map=18/63.9536153/14.864047,"https://overpass-turbo.eu/?Q=[out:json];(nwr(around:50,63.9536153,14.864047););out center;"
12353012,Z 18,Storfulvurn - Styggråkkojan - Lakavattnet samt Styggråkkojan - Storåbränna,2407.79695952646,64.1083706,14.796681,https://www.openstreetmap.org/?mlat=64.1083706&mlon=14.796681#map=18/64.1083706/14.796681,"https://overpass-turbo.eu/?Q=[out:json];(nwr(around:50,64.1083706,14.796681););out center;"
12353011,Z 18,Storfulvurn - Styggråkkojan - Lakavattnet samt Styggråkkojan - Storåbränna,2046.3394409648,63.9685097,14.8732821,https://www.openstreetmap.org/?mlat=63.9685097&mlon=14.8732821#map=18/63.9685097/14.8732821,"https://overpass-turbo.eu/?Q=[out:json];(nwr(around:50,63.9685097,14.8732821););out center;"
12353010,Z 18,Storfulvurn - Styggråkkojan - Lakavattnet samt Styggråkkojan - Storåbränna,2817.05666402571,63.9609752,14.8348946,https://www.openstreetmap.org/?mlat=63.9609752&mlon=14.8348946#map=18/63.9609752/14.8348946,"https://overpass-turbo.eu/?Q=[out:json];(nwr(around:50,63.9609752,14.8348946););out center;"
12353009,Z 18,Storfulvurn - Styggråkkojan - Lakavattnet samt Styggråkkojan - Storåbränna,1262.72063438359,64.0944605,14.8103124,https://www.openstreetmap.org/?mlat=64.0944605&mlon=14.8103124#map=18/64.0944605/14.8103124,"https://overpass-turbo.eu/?Q=[out:json];(nwr(around:50,64.0944605,14.8103124););out center;"
12353341,Z 18,Storfulvurn - Styggråkkojan - Lakavattnet samt Styggråkkojan - Storåbränna,466.922081518212,64.0339418,14.8718356,https://www.openstreetmap.org/?mlat=64.0339418&mlon=14.8718356#map=18/64.0339418/14.8718356,"https://overpass-turbo.eu/?Q=[out:json];(nwr(around:50,64.0339418,14.8718356););out center;"
12353340,Z 18,Storfulvurn - Styggråkkojan - Lakavattnet samt Styggråkkojan - Storåbränna,4446.36727158728,63.9221442,14.9311077,https://www.openstreetmap.org/?mlat=63.9221442&mlon=14.9311077#map=18/63.9221442/14.9311077,"https://overpass-turbo.eu/?Q=[out:json];(nwr(around:50,63.9221442,14.9311077););out center;"
12353298,Z 18,Storfulvurn - Styggråkkojan - Lakavattnet samt Styggråkkojan - Storåbränna,1711.40365681077,64.0632521,14.8543841,https://www.openstreetmap.org/?mlat=64.0632521&mlon=14.8543841#map=18/64.0632521/14.8543841,"https://overpass-turbo.eu/?Q=[out:json];(nwr(around:50,64.0632521,14.8543841););out center;"
12353297,Z 18,Storfulvurn - Styggråkkojan - Lakavattnet samt Styggråkkojan - Storåbränna,1038.16649913844,63.9430625,14.9359165,https://www.openstreetmap.org/?mlat=63.9430625&mlon=14.9359165#map=18/63.9430625/14.9359165,"https://overpass-turbo.eu/?Q=[out:json];(nwr(around:50,63.9430625,14.9359165););out center;"
12353296,Z 18,Storfulvurn - Styggråkkojan - Lakavattnet samt Styggråkkojan - Storåbränna,1016.73938417014,64.0897686,14.8308874,https://www.openstreetmap.org/?mlat=64.0897686&mlon=14.8308874#map=18/64.0897686/14.8308874,"https://overpass-turbo.eu/?Q=[out:json];(nwr(around:50,64.0897686,14.8308874););out center;"
12353294,Z 18,Storfulvurn - Styggråkkojan - Lakavattnet samt Styggråkkojan - Storåbränna,620.301710211082,63.9731357,14.9051855,https://www.openstreetmap.org/?mlat=63.9731357&mlon=14.9051855#map=18/63.9731357/14.9051855,"https://overpass-turbo.eu/?Q=[out:json];(nwr(around:50,63.9731357,14.9051855););out center;"
12353293,Z 18,Storfulvurn - Styggråkkojan - Lakavattnet samt Styggråkkojan - Storåbränna,2070.85486248819,64.0488638,14.856939,https://www.openstreetmap.org/?mlat=64.0488638&mlon=14.856939#map=18/64.0488638/14.856939,"https://overpass-turbo.eu/?Q=[out:json];(nwr(around:50,64.0488638,14.856939););out center;"
12353292,Z 18,Storfulvurn - Styggråkkojan - Lakavattnet samt Styggråkkojan - Storåbränna,551.501388752583,64.0388704,14.8648381,https://www.openstreetmap.org/?mlat=64.0388704&mlon=14.8648381#map=18/64.0388704/14.8648381,"https://overpass-turbo.eu/?Q=[out:json];(nwr(around:50,64.0388704,14.8648381););out center;"
12353475,Z 18,Storfulvurn - Styggråkkojan - Lakavattnet samt Styggråkkojan - Storåbränna,452.326181289828,64.0903316,14.8443958,https://www.openstreetmap.org/?mlat=64.0903316&mlon=14.8443958#map=18/64.0903316/14.8443958,"https://overpass-turbo.eu/?Q=[out:json];(nwr(around:50,64.0903316,14.8443958););out center;"
12353474,Z 18,Storfulvurn - Styggråkkojan - Lakavattnet samt Styggråkkojan - Storåbränna,1.67417674178607,64.0897451,14.8404491,https://www.openstreetmap.org/?mlat=64.0897451&mlon=14.8404491#map=18/64.0897451/14.8404491,"https://overpass-turbo.eu/?Q=[out:json];(nwr(around:50,64.0897451,14.8404491););out center;"
12353473,Z 18,Storfulvurn - Styggråkkojan - Lakavattnet samt Styggråkkojan - Storåbränna,2208.91923400702,64.0817201,14.8539443,https://www.openstreetmap.org/?mlat=64.0817201&mlon=14.8539443#map=18/64.0817201/14.8539443,"https://overpass-turbo.eu/?Q=[out:json];(nwr(around:50,64.0817201,14.8539443););out center;"
12353471,Z 18,Storfulvurn - Styggråkkojan - Lakavattnet samt Styggråkkojan - Storåbränna,4557.93787650023,64.1327521,14.7788721,https://www.openstreetmap.org/?mlat=64.1327521&mlon=14.7788721#map=18/64.1327521/14.7788721,"https://overpass-turbo.eu/?Q=[out:json];(nwr(around:50,64.1327521,14.7788721););out center;"
12348321,AC 57,Hemavan-Atoklimpen,735.980878751323,65.7495011,14.6414611,https://www.openstreetmap.org/?mlat=65.7495011&mlon=14.6414611#map=18/65.7495011/14.6414611,"https://overpass-turbo.eu/?Q=[out:json];(nwr(around:50,65.7495011,14.6414611););out center;"
12348203,Z 58 A,Ljungans vindskydd - Ljungris (Kläppen),11757.7712019659,62.9499021,12.7074802,https://www.openstreetmap.org/?mlat=62.9499021&mlon=12.7074802#map=18/62.9499021/12.7074802,"https://overpass-turbo.eu/?Q=[out:json];(nwr(around:50,62.9499021,12.7074802););out center;"
12356007,AC 2,Tärnasjöstugorna - Syterstugorna (Kungsleden),10185.4870282888,65.9491874,15.4720493,https://www.openstreetmap.org/?mlat=65.9491874&mlon=15.4720493#map=18/65.9491874/15.4720493,"https://overpass-turbo.eu/?Q=[out:json];(nwr(around:50,65.9491874,15.4720493););out center;"
12348174,AC 2,Tärnasjöstugorna - Syterstugorna (Kungsleden),2863.96967469874,65.8950317,15.4244611,https://www.openstreetmap.org/?mlat=65.8950317&mlon=15.4244611#map=18/65.8950317/15.4244611,"https://overpass-turbo.eu/?Q=[out:json];(nwr(around:50,65.8950317,15.4244611););out center;"
12354421,AC 3,Syterstugorna - Viterskalstugan - Hemavan,5031.55080428484,65.8345588,15.1023991,https://www.openstreetmap.org/?mlat=65.8345588&mlon=15.1023991#map=18/65.8345588/15.1023991,"https://overpass-turbo.eu/?Q=[out:json];(nwr(around:50,65.8345588,15.1023991););out center;"
12354420,AC 3,Syterstugorna - Viterskalstugan - Hemavan,672.673213841571,65.8148049,15.1119882,https://www.openstreetmap.org/?mlat=65.8148049&mlon=15.1119882#map=18/65.8148049/15.1119882,"https://overpass-turbo.eu/?Q=[out:json];(nwr(around:50,65.8148049,15.1119882););out center;"
12356055,AC 17,Vuomejukke (led 16) - Lill och Stortjulträsket - Ammarnäs,1944.86408940976,65.9700895,15.8132124,https://www.openstreetmap.org/?mlat=65.9700895&mlon=15.8132124#map=18/65.9700895/15.8132124,"https://overpass-turbo.eu/?Q=[out:json];(nwr(around:50,65.9700895,15.8132124););out center;"
12348181,AC 19,Guongenjukke (led 16) - Slätvik - Biellojaure - Biellojukke,3463.3754832451,65.9145151,16.1609572,https://www.openstreetmap.org/?mlat=65.9145151&mlon=16.1609572#map=18/65.9145151/16.1609572,"https://overpass-turbo.eu/?Q=[out:json];(nwr(around:50,65.9145151,16.1609572););out center;"
12348180,AC 19,Guongenjukke (led 16) - Slätvik - Biellojaure - Biellojukke,14082.8032542536,65.7735349,15.8443743,https://www.openstreetmap.org/?mlat=65.7735349&mlon=15.8443743#map=18/65.7735349/15.8443743,"https://overpass-turbo.eu/?Q=[out:json];(nwr(around:50,65.7735349,15.8443743););out center;"
12352281,AC 38,Norska gränsen - Remdalen - Tjåkkolastugan,3307.00425114235,65.1725,14.5553161,https://www.openstreetmap.org/?mlat=65.1725&mlon=14.5553161#map=18/65.1725/14.5553161,"https://overpass-turbo.eu/?Q=[out:json];(nwr(around:50,65.1725,14.5553161););out center;"
12352282,AC 38,Norska gränsen - Remdalen - Tjåkkolastugan,1688.2288787418,65.1897504,14.5597353,https://www.openstreetmap.org/?mlat=65.1897504&mlon=14.5597353#map=18/65.1897504/14.5597353,"https://overpass-turbo.eu/?Q=[out:json];(nwr(around:50,65.1897504,14.5597353););out center;"
12349280,AC 41,Tjåkkolastugan - Stekenjokk,2173.12868861909,65.1760671,14.5743019,https://www.openstreetmap.org/?mlat=65.1760671&mlon=14.5743019#map=18/65.1760671/14.5743019,"https://overpass-turbo.eu/?Q=[out:json];(nwr(around:50,65.1760671,14.5743019););out center;"
12352371,AC 44,Grönfjäll - Kittelfjäll - Svartbäcken,2872.46691653499,65.2187703,15.5174432,https://www.openstreetmap.org/?mlat=65.2187703&mlon=15.5174432#map=18/65.2187703/15.5174432,"https://overpass-turbo.eu/?Q=[out:json];(nwr(around:50,65.2187703,15.5174432););out center;"
12352370,AC 44,Grönfjäll - Kittelfjäll - Svartbäcken,4620.38231329257,65.2461454,15.5262855,https://www.openstreetmap.org/?mlat=65.2461454&mlon=15.5262855#map=18/65.2461454/15.5262855,"https://overpass-turbo.eu/?Q=[out:json];(nwr(around:50,65.2461454,15.5262855););out center;"
12352369,AC 44,Grönfjäll - Kittelfjäll - Svartbäcken,1276.4641882234,65.2236527,15.5551596,https://www.openstreetmap.org/?mlat=65.2236527&mlon=15.5551596#map=18/65.2236527/15.5551596,"https://overpass-turbo.eu/?Q=[out:json];(nwr(around:50,65.2236527,15.5551596););out center;"
12351103,AC 44,Grönfjäll - Kittelfjäll - Svartbäcken,6269.58233002132,65.2335095,15.4945821,https://www.openstreetmap.org/?mlat=65.2335095&mlon=15.4945821#map=18/65.2335095/15.4945821,"https://overpass-turbo.eu/?Q=[out:json];(nwr(around:50,65.2335095,15.4945821););out center;"
12352278,AC 44,Grönfjäll - Kittelfjäll - Svartbäcken,10143.1673061798,65.2814003,15.5678851,https://www.openstreetmap.org/?mlat=65.2814003&mlon=15.5678851#map=18/65.2814003/15.5678851,"https://overpass-turbo.eu/?Q=[out:json];(nwr(around:50,65.2814003,15.5678851););out center;"
12345306,AC 60,Slipsiken-Borgafjäll,1356.52117284945,64.8456246,15.1092587,https://www.openstreetmap.org/?mlat=64.8456246&mlon=15.1092587#map=18/64.8456246/15.1092587,"https://overpass-turbo.eu/?Q=[out:json];(nwr(around:50,64.8456246,15.1092587););out center;"
12345305,AC 48,Saxnäs - Borga,7881.63679190902,64.9284154,15.3021799,https://www.openstreetmap.org/?mlat=64.9284154&mlon=15.3021799#map=18/64.9284154/15.3021799,"https://overpass-turbo.eu/?Q=[out:json];(nwr(around:50,64.9284154,15.3021799););out center;"
12345301,AC 48,Saxnäs - Borga,11311.130450202,64.8778004,15.1932016,https://www.openstreetmap.org/?mlat=64.8778004&mlon=15.1932016#map=18/64.8778004/15.1932016,"https://overpass-turbo.eu/?Q=[out:json];(nwr(around:50,64.8778004,15.1932016););out center;"
12352403,Z 12,Sielkentjakkstugan - Härbergsdalen,8806.81170891678,64.719296,14.6124205,https://www.openstreetmap.org/?mlat=64.719296&mlon=14.6124205#map=18/64.719296/14.6124205,"https://overpass-turbo.eu/?Q=[out:json];(nwr(around:50,64.719296,14.6124205););out center;"
12351517,BD 78,Västerfjäll - Jäckvik,59015.0674026558,66.5398076,17.2327123,https://www.openstreetmap.org/?mlat=66.5398076&mlon=17.2327123#map=18/66.5398076/17.2327123,"https://overpass-turbo.eu/?Q=[out:json];(nwr(around:50,66.5398076,17.2327123););out center;"
12352534,Z 58,Vålåstugorna - Helags,251.407705624925,63.0396356,12.7948051,https://www.openstreetmap.org/?mlat=63.0396356&mlon=12.7948051#map=18/63.0396356/12.7948051,"https://overpass-turbo.eu/?Q=[out:json];(nwr(around:50,63.0396356,12.7948051););out center;"
12352533,Z 58,Vålåstugorna - Helags,51.1181824202546,63.0412402,12.7950446,https://www.openstreetmap.org/?mlat=63.0412402&mlon=12.7950446#map=18/63.0412402/12.7950446,"https://overpass-turbo.eu/?Q=[out:json];(nwr(around:50,63.0412402,12.7950446););out center;"
12352532,Z 58,Vålåstugorna - Helags,74.7305941030125,63.0247458,12.7657727,https://www.openstreetmap.org/?mlat=63.0247458&mlon=12.7657727#map=18/63.0247458/12.7657727,"https://overpass-turbo.eu/?Q=[out:json];(nwr(around:50,63.0247458,12.7657727););out center;"
12352531,Z 58,Vålåstugorna - Helags,2178.45327826347,63.032883,12.779367,https://www.openstreetmap.org/?mlat=63.032883&mlon=12.779367#map=18/63.032883/12.779367,"https://overpass-turbo.eu/?Q=[out:json];(nwr(around:50,63.032883,12.779367););out center;"
12352481,Z 58,Vålåstugorna - Helags,338.992895032144,63.0428594,12.7952859,https://www.openstreetmap.org/?mlat=63.0428594&mlon=12.7952859#map=18/63.0428594/12.7952859,"https://overpass-turbo.eu/?Q=[out:json];(nwr(around:50,63.0428594,12.7952859););out center;"
12352480,Z 58,Vålåstugorna - Helags,318.98649004757,63.0403244,12.7971248,https://www.openstreetmap.org/?mlat=63.0403244&mlon=12.7971248#map=18/63.0403244/12.7971248,"https://overpass-turbo.eu/?Q=[out:json];(nwr(around:50,63.0403244,12.7971248););out center;"
12352479,Z 58,Vålåstugorna - Helags,2847.72916572123,63.012537,12.7546961,https://www.openstreetmap.org/?mlat=63.012537&mlon=12.7546961#map=18/63.012537/12.7546961,"https://overpass-turbo.eu/?Q=[out:json];(nwr(around:50,63.012537,12.7546961););out center;"
12356033,Z 68,Spjätten - Hosjöbottnarna samt Lill-Acksjön - Bredsjöhögen,347.028479793123,63.1353885,13.5953257,https://www.openstreetmap.org/?mlat=63.1353885&mlon=13.5953257#map=18/63.1353885/13.5953257,"https://overpass-turbo.eu/?Q=[out:json];(nwr(around:50,63.1353885,13.5953257););out center;"
12355514,Z 68,Spjätten - Hosjöbottnarna samt Lill-Acksjön - Bredsjöhögen,497.565996836531,63.1252215,13.5941731,https://www.openstreetmap.org/?mlat=63.1252215&mlon=13.5941731#map=18/63.1252215/13.5941731,"https://overpass-turbo.eu/?Q=[out:json];(nwr(around:50,63.1252215,13.5941731););out center;"
12355513,Z 68,Spjätten - Hosjöbottnarna samt Lill-Acksjön - Bredsjöhögen,180.126126453873,63.1372323,13.5997856,https://www.openstreetmap.org/?mlat=63.1372323&mlon=13.5997856#map=18/63.1372323/13.5997856,"https://overpass-turbo.eu/?Q=[out:json];(nwr(around:50,63.1372323,13.5997856););out center;"
12355512,Z 68,Spjätten - Hosjöbottnarna samt Lill-Acksjön - Bredsjöhögen,148.070992822041,63.1071761,13.5475928,https://www.openstreetmap.org/?mlat=63.1071761&mlon=13.5475928#map=18/63.1071761/13.5475928,"https://overpass-turbo.eu/?Q=[out:json];(nwr(around:50,63.1071761,13.5475928););out center;"
12355511,Z 68,Spjätten - Hosjöbottnarna samt Lill-Acksjön - Bredsjöhögen,122.576170042691,63.1174607,13.5806102,https://www.openstreetmap.org/?mlat=63.1174607&mlon=13.5806102#map=18/63.1174607/13.5806102,"https://overpass-turbo.eu/?Q=[out:json];(nwr(around:50,63.1174607,13.5806102););out center;"
12355510,Z 68,Spjätten - Hosjöbottnarna samt Lill-Acksjön - Bredsjöhögen,312.28467109426,63.1199069,13.5858146,https://www.openstreetmap.org/?mlat=63.1199069&mlon=13.5858146#map=18/63.1199069/13.5858146,"https://overpass-turbo.eu/?Q=[out:json];(nwr(around:50,63.1199069,13.5858146););out center;"
12355516,Z 68,Spjätten - Hosjöbottnarna samt Lill-Acksjön - Bredsjöhögen,16.1857634237623,63.1199069,13.5858146,https://www.openstreetmap.org/?mlat=63.1199069&mlon=13.5858146#map=18/63.1199069/13.5858146,"https://overpass-turbo.eu/?Q=[out:json];(nwr(around:50,63.1199069,13.5858146););out center;"
12355515,Z 68,Spjätten - Hosjöbottnarna samt Lill-Acksjön - Bredsjöhögen,1392.170858708,63.139268,13.6092011,https://www.openstreetmap.org/?mlat=63.139268&mlon=13.6092011#map=18/63.139268/13.6092011,"https://overpass-turbo.eu/?Q=[out:json];(nwr(around:50,63.139268,13.6092011););out center;"
12355509,Z 68,Spjätten - Hosjöbottnarna samt Lill-Acksjön - Bredsjöhögen,2149.34194230556,63.1516987,13.6289725,https://www.openstreetmap.org/?mlat=63.1516987&mlon=13.6289725#map=18/63.1516987/13.6289725,"https://overpass-turbo.eu/?Q=[out:json];(nwr(around:50,63.1516987,13.6289725););out center;"
12355504,Z 68,Spjätten - Hosjöbottnarna samt Lill-Acksjön - Bredsjöhögen,52.5835157215643,63.1221535,13.5895156,https://www.openstreetmap.org/?mlat=63.1221535&mlon=13.5895156#map=18/63.1221535/13.5895156,"https://overpass-turbo.eu/?Q=[out:json];(nwr(around:50,63.1221535,13.5895156););out center;"
12355503,Z 68,Spjätten - Hosjöbottnarna samt Lill-Acksjön - Bredsjöhögen,864.185030471793,63.1068062,13.5393548,https://www.openstreetmap.org/?mlat=63.1068062&mlon=13.5393548#map=18/63.1068062/13.5393548,"https://overpass-turbo.eu/?Q=[out:json];(nwr(around:50,63.1068062,13.5393548););out center;"
12355480,Z 68,Spjätten - Hosjöbottnarna samt Lill-Acksjön - Bredsjöhögen,1727.06172551335,63.1119685,13.5652561,https://www.openstreetmap.org/?mlat=63.1119685&mlon=13.5652561#map=18/63.1119685/13.5652561,"https://overpass-turbo.eu/?Q=[out:json];(nwr(around:50,63.1119685,13.5652561););out center;"
12355479,Z 68,Spjätten - Hosjöbottnarna samt Lill-Acksjön - Bredsjöhögen,222.216223540249,63.1468381,13.6209024,https://www.openstreetmap.org/?mlat=63.1468381&mlon=13.6209024#map=18/63.1468381/13.6209024,"https://overpass-turbo.eu/?Q=[out:json];(nwr(around:50,63.1468381,13.6209024););out center;"
12355478,Z 68,Spjätten - Hosjöbottnarna samt Lill-Acksjön - Bredsjöhögen,173.500911217924,63.1225319,13.5901385,https://www.openstreetmap.org/?mlat=63.1225319&mlon=13.5901385#map=18/63.1225319/13.5901385,"https://overpass-turbo.eu/?Q=[out:json];(nwr(around:50,63.1225319,13.5901385););out center;"
12352088,Z 68,Spjätten - Hosjöbottnarna samt Lill-Acksjön - Bredsjöhögen,212.492539585417,63.1076651,13.548813,https://www.openstreetmap.org/?mlat=63.1076651&mlon=13.548813#map=18/63.1076651/13.548813,"https://overpass-turbo.eu/?Q=[out:json];(nwr(around:50,63.1076651,13.548813););out center;"
12352087,Z 68,Spjätten - Hosjöbottnarna samt Lill-Acksjön - Bredsjöhögen,106.458629838872,63.1169075,13.5775357,https://www.openstreetmap.org/?mlat=63.1169075&mlon=13.5775357#map=18/63.1169075/13.5775357,"https://overpass-turbo.eu/?Q=[out:json];(nwr(around:50,63.1169075,13.5775357););out center;"
12352086,Z 68,Spjätten - Hosjöbottnarna samt Lill-Acksjön - Bredsjöhögen,86.9929371450924,63.1468753,13.613287,https://www.openstreetmap.org/?mlat=63.1468753&mlon=13.613287#map=18/63.1468753/13.613287,"https://overpass-turbo.eu/?Q=[out:json];(nwr(around:50,63.1468753,13.613287););out center;"
12352085,Z 68,Spjätten - Hosjöbottnarna samt Lill-Acksjön - Bredsjöhögen,301.758332823636,63.1197987,13.5856004,https://www.openstreetmap.org/?mlat=63.1197987&mlon=13.5856004#map=18/63.1197987/13.5856004,"https://overpass-turbo.eu/?Q=[out:json];(nwr(around:50,63.1197987,13.5856004););out center;"
12352084,Z 68,Spjätten - Hosjöbottnarna samt Lill-Acksjön - Bredsjöhögen,975.376555346192,63.1306486,13.5884509,https://www.openstreetmap.org/?mlat=63.1306486&mlon=13.5884509#map=18/63.1306486/13.5884509,"https://overpass-turbo.eu/?Q=[out:json];(nwr(around:50,63.1306486,13.5884509););out center;"
12352082,Z 68,Spjätten - Hosjöbottnarna samt Lill-Acksjön - Bredsjöhögen,113.799942408745,63.1473675,13.6154556,https://www.openstreetmap.org/?mlat=63.1473675&mlon=13.6154556#map=18/63.1473675/13.6154556,"https://overpass-turbo.eu/?Q=[out:json];(nwr(around:50,63.1473675,13.6154556););out center;"
12352081,Z 68,Spjätten - Hosjöbottnarna samt Lill-Acksjön - Bredsjöhögen,3054.8557273282,63.1664363,13.6382753,https://www.openstreetmap.org/?mlat=63.1664363&mlon=13.6382753#map=18/63.1664363/13.6382753,"https://overpass-turbo.eu/?Q=[out:json];(nwr(around:50,63.1664363,13.6382753););out center;"
12352588,Z 81,Övre Nedalsjön (V Ekorrpasset) (led 52) - Väketjakke (led 82),47.5115519490787,62.8672024,12.4275377,https://www.openstreetmap.org/?mlat=62.8672024&mlon=12.4275377#map=18/62.8672024/12.4275377,"https://overpass-turbo.eu/?Q=[out:json];(nwr(around:50,62.8672024,12.4275377););out center;"
12352587,Z 81,Övre Nedalsjön (V Ekorrpasset) (led 52) - Väketjakke (led 82),40.9887112912812,62.867172,12.4370229,https://www.openstreetmap.org/?mlat=62.867172&mlon=12.4370229#map=18/62.867172/12.4370229,"https://overpass-turbo.eu/?Q=[out:json];(nwr(around:50,62.867172,12.4370229););out center;"
12352586,Z 81,Övre Nedalsjön (V Ekorrpasset) (led 52) - Väketjakke (led 82),44.5189649531523,62.8676523,12.451478,https://www.openstreetmap.org/?mlat=62.8676523&mlon=12.451478#map=18/62.8676523/12.451478,"https://overpass-turbo.eu/?Q=[out:json];(nwr(around:50,62.8676523,12.451478););out center;"
12352585,Z 81,Övre Nedalsjön (V Ekorrpasset) (led 52) - Väketjakke (led 82),463.046602398001,62.8708785,12.3675866,https://www.openstreetmap.org/?mlat=62.8708785&mlon=12.3675866#map=18/62.8708785/12.3675866,"https://overpass-turbo.eu/?Q=[out:json];(nwr(around:50,62.8708785,12.3675866););out center;"
12352584,Z 81,Övre Nedalsjön (V Ekorrpasset) (led 52) - Väketjakke (led 82),124.679296930396,62.8728802,12.3709829,https://www.openstreetmap.org/?mlat=62.8728802&mlon=12.3709829#map=18/62.8728802/12.3709829,"https://overpass-turbo.eu/?Q=[out:json];(nwr(around:50,62.8728802,12.3709829););out center;"
12352583,Z 81,Övre Nedalsjön (V Ekorrpasset) (led 52) - Väketjakke (led 82),110.178356938288,62.8671822,12.4481635,https://www.openstreetmap.org/?mlat=62.8671822&mlon=12.4481635#map=18/62.8671822/12.4481635,"https://overpass-turbo.eu/?Q=[out:json];(nwr(around:50,62.8671822,12.4481635););out center;"
12352582,Z 81,Övre Nedalsjön (V Ekorrpasset) (led 52) - Väketjakke (led 82),437.909523815178,62.8670651,12.4438508,https://www.openstreetmap.org/?mlat=62.8670651&mlon=12.4438508#map=18/62.8670651/12.4438508,"https://overpass-turbo.eu/?Q=[out:json];(nwr(around:50,62.8670651,12.4438508););out center;"
12352581,Z 81,Övre Nedalsjön (V Ekorrpasset) (led 52) - Väketjakke (led 82),3.37646727364564,62.8675219,12.4505867,https://www.openstreetmap.org/?mlat=62.8675219&mlon=12.4505867#map=18/62.8675219/12.4505867,"https://overpass-turbo.eu/?Q=[out:json];(nwr(around:50,62.8675219,12.4505867););out center;"
12347425,Z 81,Övre Nedalsjön (V Ekorrpasset) (led 52) - Väketjakke (led 82),60.8281739715092,62.8723164,12.3728694,https://www.openstreetmap.org/?mlat=62.8723164&mlon=12.3728694#map=18/62.8723164/12.3728694,"https://overpass-turbo.eu/?Q=[out:json];(nwr(around:50,62.8723164,12.3728694););out center;"
12345530,Z 81,Övre Nedalsjön (V Ekorrpasset) (led 52) - Väketjakke (led 82),19.8653588578208,62.8674727,12.4502335,https://www.openstreetmap.org/?mlat=62.8674727&mlon=12.4502335#map=18/62.8674727/12.4502335,"https://overpass-turbo.eu/?Q=[out:json];(nwr(around:50,62.8674727,12.4502335););out center;"
12345594,Z 81,Övre Nedalsjön (V Ekorrpasset) (led 52) - Väketjakke (led 82),61.0014821599119,62.8671629,12.4375386,https://www.openstreetmap.org/?mlat=62.8671629&mlon=12.4375386#map=18/62.8671629/12.4375386,"https://overpass-turbo.eu/?Q=[out:json];(nwr(around:50,62.8671629,12.4375386););out center;"
12345593,Z 81,Övre Nedalsjön (V Ekorrpasset) (led 52) - Väketjakke (led 82),2428.75177387861,62.870892,12.4745757,https://www.openstreetmap.org/?mlat=62.870892&mlon=12.4745757#map=18/62.870892/12.4745757,"https://overpass-turbo.eu/?Q=[out:json];(nwr(around:50,62.870892,12.4745757););out center;"
12345592,Z 81,Övre Nedalsjön (V Ekorrpasset) (led 52) - Väketjakke (led 82),73.6004510812934,62.8671197,12.4396215,https://www.openstreetmap.org/?mlat=62.8671197&mlon=12.4396215#map=18/62.8671197/12.4396215,"https://overpass-turbo.eu/?Q=[out:json];(nwr(around:50,62.8671197,12.4396215););out center;"
12345591,Z 81,Övre Nedalsjön (V Ekorrpasset) (led 52) - Väketjakke (led 82),40.0640914984978,62.8728709,12.3700769,https://www.openstreetmap.org/?mlat=62.8728709&mlon=12.3700769#map=18/62.8728709/12.3700769,"https://overpass-turbo.eu/?Q=[out:json];(nwr(around:50,62.8728709,12.3700769););out center;"
12345590,Z 81,Övre Nedalsjön (V Ekorrpasset) (led 52) - Väketjakke (led 82),3309.95326086076,62.8681432,12.4043406,https://www.openstreetmap.org/?mlat=62.8681432&mlon=12.4043406#map=18/62.8681432/12.4043406,"https://overpass-turbo.eu/?Q=[out:json];(nwr(around:50,62.8681432,12.4043406););out center;"
12352764,Z 86,Gröndalen - Hyddsjön,25.6679543500253,62.7065968,12.1478897,https://www.openstreetmap.org/?mlat=62.7065968&mlon=12.1478897#map=18/62.7065968/12.1478897,"https://overpass-turbo.eu/?Q=[out:json];(nwr(around:50,62.7065968,12.1478897););out center;"
12352763,Z 86,Gröndalen - Hyddsjön,234.000569579132,62.7072536,12.1446217,https://www.openstreetmap.org/?mlat=62.7072536&mlon=12.1446217#map=18/62.7072536/12.1446217,"https://overpass-turbo.eu/?Q=[out:json];(nwr(around:50,62.7072536,12.1446217););out center;"
12352762,Z 86,Gröndalen - Hyddsjön,203.578161804674,62.7418269,12.1525546,https://www.openstreetmap.org/?mlat=62.7418269&mlon=12.1525546#map=18/62.7418269/12.1525546,"https://overpass-turbo.eu/?Q=[out:json];(nwr(around:50,62.7418269,12.1525546););out center;"
12352761,Z 86,Gröndalen - Hyddsjön,103.292393707605,62.7602618,12.1446351,https://www.openstreetmap.org/?mlat=62.7602618&mlon=12.1446351#map=18/62.7602618/12.1446351,"https://overpass-turbo.eu/?Q=[out:json];(nwr(around:50,62.7602618,12.1446351););out center;"
12352760,Z 86,Gröndalen - Hyddsjön,105.51696289426,62.7411271,12.1519035,https://www.openstreetmap.org/?mlat=62.7411271&mlon=12.1519035#map=18/62.7411271/12.1519035,"https://overpass-turbo.eu/?Q=[out:json];(nwr(around:50,62.7411271,12.1519035););out center;"
12352759,Z 86,Gröndalen - Hyddsjön,3790.50877002121,62.7236692,12.1514643,https://www.openstreetmap.org/?mlat=62.7236692&mlon=12.1514643#map=18/62.7236692/12.1514643,"https://overpass-turbo.eu/?Q=[out:json];(nwr(around:50,62.7236692,12.1514643););out center;"
12352758,Z 86,Gröndalen - Hyddsjön,384.085513508711,62.7057083,12.1555132,https://www.openstreetmap.org/?mlat=62.7057083&mlon=12.1555132#map=18/62.7057083/12.1555132,"https://overpass-turbo.eu/?Q=[out:json];(nwr(around:50,62.7057083,12.1555132););out center;"
12352757,Z 86,Gröndalen - Hyddsjön,172.168905457415,62.7610935,12.1431145,https://www.openstreetmap.org/?mlat=62.7610935&mlon=12.1431145#map=18/62.7610935/12.1431145,"https://overpass-turbo.eu/?Q=[out:json];(nwr(around:50,62.7610935,12.1431145););out center;"
12352592,Z 86,Gröndalen - Hyddsjön,29.4856838599684,62.7407029,12.1515445,https://www.openstreetmap.org/?mlat=62.7407029&mlon=12.1515445#map=18/62.7407029/12.1515445,"https://overpass-turbo.eu/?Q=[out:json];(nwr(around:50,62.7407029,12.1515445););out center;"
12352591,Z 86,Gröndalen - Hyddsjön,71.3687449914176,62.7057083,12.1555132,https://www.openstreetmap.org/?mlat=62.7057083&mlon=12.1555132#map=18/62.7057083/12.1555132,"https://overpass-turbo.eu/?Q=[out:json];(nwr(around:50,62.7057083,12.1555132););out center;"
12352590,Z 86,Gröndalen - Hyddsjön,0.638970625302916,62.7057137,12.1555087,https://www.openstreetmap.org/?mlat=62.7057137&mlon=12.1555087#map=18/62.7057137/12.1555087,"https://overpass-turbo.eu/?Q=[out:json];(nwr(around:50,62.7057137,12.1555087););out center;"
12352589,Z 86,Gröndalen - Hyddsjön,2003.1165224879,62.7528952,12.1542801,https://www.openstreetmap.org/?mlat=62.7528952&mlon=12.1542801#map=18/62.7528952/12.1542801,"https://overpass-turbo.eu/?Q=[out:json];(nwr(around:50,62.7528952,12.1542801););out center;"
12355491,Z 106,Skedbrostugan - Reva (Norska gränsen),104.998633673539,62.3873939,12.2875162,https://www.openstreetmap.org/?mlat=62.3873939&mlon=12.2875162#map=18/62.3873939/12.2875162,"https://overpass-turbo.eu/?Q=[out:json];(nwr(around:50,62.3873939,12.2875162););out center;"
12355464,Z 106,Skedbrostugan - Reva (Norska gränsen),80.7764045795984,62.3492945,12.2434514,https://www.openstreetmap.org/?mlat=62.3492945&mlon=12.2434514#map=18/62.3492945/12.2434514,"https://overpass-turbo.eu/?Q=[out:json];(nwr(around:50,62.3492945,12.2434514););out center;"
12352147,Z 106,Skedbrostugan - Reva (Norska gränsen),64.4757456005124,62.3803843,12.2683205,https://www.openstreetmap.org/?mlat=62.3803843&mlon=12.2683205#map=18/62.3803843/12.2683205,"https://overpass-turbo.eu/?Q=[out:json];(nwr(around:50,62.3803843,12.2683205););out center;"
12352093,Z 106,Skedbrostugan - Reva (Norska gränsen),180.427690605634,62.3872823,12.285832,https://www.openstreetmap.org/?mlat=62.3872823&mlon=12.285832#map=18/62.3872823/12.285832,"https://overpass-turbo.eu/?Q=[out:json];(nwr(around:50,62.3872823,12.285832););out center;"
12352092,Z 106,Skedbrostugan - Reva (Norska gränsen),1152.45880286369,62.3846955,12.2746916,https://www.openstreetmap.org/?mlat=62.3846955&mlon=12.2746916#map=18/62.3846955/12.2746916,"https://overpass-turbo.eu/?Q=[out:json];(nwr(around:50,62.3846955,12.2746916););out center;"
12352083,Z 106,Skedbrostugan - Reva (Norska gränsen),0.533540064100157,62.3494375,12.2437706,https://www.openstreetmap.org/?mlat=62.3494375&mlon=12.2437706#map=18/62.3494375/12.2437706,"https://overpass-turbo.eu/?Q=[out:json];(nwr(around:50,62.3494375,12.2437706););out center;"
12352080,Z 106,Skedbrostugan - Reva (Norska gränsen),3921.24080186726,62.3653947,12.2490933,https://www.openstreetmap.org/?mlat=62.3653947&mlon=12.2490933#map=18/62.3653947/12.2490933,"https://overpass-turbo.eu/?Q=[out:json];(nwr(around:50,62.3653947,12.2490933););out center;"
12355472,Z 107,Bustvålen (led 106) - Rogenstugan + vinterled Rödviken - Skedbrostugan,100.624616452437,62.3704601,12.3361141,https://www.openstreetmap.org/?mlat=62.3704601&mlon=12.3361141#map=18/62.3704601/12.3361141,"https://overpass-turbo.eu/?Q=[out:json];(nwr(around:50,62.3704601,12.3361141););out center;"
12355471,Z 107,Bustvålen (led 106) - Rogenstugan + vinterled Rödviken - Skedbrostugan,980.599099365972,62.3865653,12.2961123,https://www.openstreetmap.org/?mlat=62.3865653&mlon=12.2961123#map=18/62.3865653/12.2961123,"https://overpass-turbo.eu/?Q=[out:json];(nwr(around:50,62.3865653,12.2961123););out center;"
12355470,Z 107,Bustvålen (led 106) - Rogenstugan + vinterled Rödviken - Skedbrostugan,6690.18955511676,62.3381362,12.3914772,https://www.openstreetmap.org/?mlat=62.3381362&mlon=12.3914772#map=18/62.3381362/12.3914772,"https://overpass-turbo.eu/?Q=[out:json];(nwr(around:50,62.3381362,12.3914772););out center;"
12355469,Z 107,Bustvålen (led 106) - Rogenstugan + vinterled Rödviken - Skedbrostugan,2028.56292630347,62.3777785,12.317359,https://www.openstreetmap.org/?mlat=62.3777785&mlon=12.317359#map=18/62.3777785/12.317359,"https://overpass-turbo.eu/?Q=[out:json];(nwr(around:50,62.3777785,12.317359););out center;"
12355468,Z 107,Bustvålen (led 106) - Rogenstugan + vinterled Rödviken - Skedbrostugan,46.6862842000732,62.3692638,12.3373255,https://www.openstreetmap.org/?mlat=62.3692638&mlon=12.3373255#map=18/62.3692638/12.3373255,"https://overpass-turbo.eu/?Q=[out:json];(nwr(around:50,62.3692638,12.3373255););out center;"
12355467,Z 107,Bustvålen (led 106) - Rogenstugan + vinterled Rödviken - Skedbrostugan,598.982461776189,62.3560396,12.3430881,https://www.openstreetmap.org/?mlat=62.3560396&mlon=12.3430881#map=18/62.3560396/12.3430881,"https://overpass-turbo.eu/?Q=[out:json];(nwr(around:50,62.3560396,12.3430881););out center;"
12355466,Z 107,Bustvålen (led 106) - Rogenstugan + vinterled Rödviken - Skedbrostugan,1130.36562135469,62.3657379,12.340232,https://www.openstreetmap.org/?mlat=62.3657379&mlon=12.340232#map=18/62.3657379/12.340232,"https://overpass-turbo.eu/?Q=[out:json];(nwr(around:50,62.3657379,12.340232););out center;"
12355465,Z 107,Bustvålen (led 106) - Rogenstugan + vinterled Rödviken - Skedbrostugan,270.642447543393,62.3719003,12.3346556,https://www.openstreetmap.org/?mlat=62.3719003&mlon=12.3346556#map=18/62.3719003/12.3346556,"https://overpass-turbo.eu/?Q=[out:json];(nwr(around:50,62.3719003,12.3346556););out center;"
