OBJECTID,STATLIGLED,STATLIGLEDNAMN,SHAPE.LEN,metadata_json,longitude_wgs84,latitude_wgs84,geometry_type,length_m,area_m2,osm_link,osm_link_source,wikidata_id,wikidata_link,dataset
12348588,Z 59,Vålådalen - Vålåstugorna (justerad),985.5343687006,"{""OBJECTID"": 12348588, ""STATLIGLED"": ""Z 59"", ""STATLIGLEDNAMN"": ""Vålådalen - Vålåstugorna (justerad)"", ""SHAPE.LEN"": 985.5343687006}",12.815284538685654,63.076099878314736,LineString,985.5343686970543,0.0,https://www.openstreetmap.org/?mlat=63.0760999&mlon=12.8152845#map=18/63.0760999/12.8152845,coordinate_fallback,,,statliga_leder
12348587,Z 59,Vålådalen - Vålåstugorna (justerad),3766.9228843242,"{""OBJECTID"": 12348587, ""STATLIGLED"": ""Z 59"", ""STATLIGLEDNAMN"": ""Vålådalen - Vålåstugorna (justerad)"", ""SHAPE.LEN"": 3766.9228843242}",12.799666014744805,63.05748681177079,LineString,3766.922884323875,0.0,https://www.openstreetmap.org/?mlat=63.0574868&mlon=12.7996660#map=18/63.0574868/12.7996660,coordinate_fallback,,,statliga_leder
12348586,Z 59,Vålådalen - Vålåstugorna (justerad),2391.08898962359,"{""OBJECTID"": 12348586, ""STATLIGLED"": ""Z 59"", ""STATLIGLEDNAMN"": ""Vålådalen - Vålåstugorna (justerad)"", ""SHAPE.LEN"": 2391.08898962359}",12.90641693797899,63.14372226240105,LineString,2391.088989621324,0.0,https://www.openstreetmap.org/?mlat=63.1437223&mlon=12.9064169#map=18/63.1437223/12.9064169,coordinate_fallback,,,statliga_leder
12348585,Z 59,Vålådalen - Vålåstugorna (justerad),2523.90354420842,"{""OBJECTID"": 12348585, ""STATLIGLED"": ""Z 59"", ""STATLIGLEDNAMN"": ""Vålådalen - Vålåstugorna (justerad)"", ""SHAPE.LEN"": 2523.90354420842}",12.944144279104792,63.14737795913859,LineString,2523.9035442082645,0.0,https://www.openstreetmap.org/?mlat=63.1473780&mlon=12.9441443#map=18/63.1473780/12.9441443,coordinate_fallback,,,statliga_leder
12348553,Z 59,Vålådalen - Vålåstugorna (justerad),8137.13979601537,"{""OBJECTID"": 12348553, ""STATLIGLED"": ""Z 59"", ""STATLIGLEDNAMN"": ""Vålådalen - Vålåstugorna (justerad)"", ""SHAPE.LEN"": 8137.13979601537}",12.835620437807444,63.10861210124402,LineString,8137.139796019159,0.0,https://www.openstreetmap.org/?mlat=63.1086121&mlon=12.8356204#map=18/63.1086121/12.8356204,coordinate_fallback,,,statliga_leder
12348552,Z 59,Vålådalen - Vålåstugorna (justerad),192.041970521265,"{""OBJECTID"": 12348552, ""STATLIGLED"": ""Z 59"", ""STATLIGLEDNAMN"": ""Vålådalen - Vålåstugorna (justerad)"", ""SHAPE.LEN"": 192.041970521265}",12.81255732812375,63.071993964479965,LineString,192.04197052135743,0.0,https://www.openstreetmap.org/?mlat=63.0719940&mlon=12.8125573#map=18/63.0719940/12.8125573,coordinate_fallback,,,statliga_leder
12348551,Z 59,Vålådalen - Vålåstugorna (justerad),1300.29177373662,"{""OBJECTID"": 12348551, ""STATLIGLED"": ""Z 59"", ""STATLIGLEDNAMN"": ""Vålådalen - Vålåstugorna (justerad)"", ""SHAPE.LEN"": 1300.29177373662}",12.881880374884458,63.13339907603395,LineString,1300.2917737362884,0.0,https://www.openstreetmap.org/?mlat=63.1333991&mlon=12.8818804#map=18/63.1333991/12.8818804,coordinate_fallback,,,statliga_leder
12344819,Z 70,Spjätten - Grottärn,3.13001086260096,"{""OBJECTID"": 12344819, ""STATLIGLED"": ""Z 70"", ""STATLIGLEDNAMN"": ""Spjätten - Grottärn"", ""SHAPE.LEN"": 3.13001086260096}",13.687877162252994,63.13579124016539,LineString,3.1300108612770257,0.0,https://www.openstreetmap.org/?mlat=63.1357912&mlon=13.6878772#map=18/63.1357912/13.6878772,coordinate_fallback,,,statliga_leder
12344818,Z 70,Spjätten - Grottärn,350.629880667136,"{""OBJECTID"": 12344818, ""STATLIGLED"": ""Z 70"", ""STATLIGLEDNAMN"": ""Spjätten - Grottärn"", ""SHAPE.LEN"": 350.629880667136}",13.716482530622207,63.111568255148214,LineString,350.62988066538605,0.0,https://www.openstreetmap.org/?mlat=63.1115683&mlon=13.7164825#map=18/63.1115683/13.7164825,coordinate_fallback,,,statliga_leder
12344817,Z 70,Spjätten - Grottärn,18.0827410012973,"{""OBJECTID"": 12344817, ""STATLIGLED"": ""Z 70"", ""STATLIGLEDNAMN"": ""Spjätten - Grottärn"", ""SHAPE.LEN"": 18.0827410012973}",13.68767447722961,63.13602891837442,LineString,18.082741000254895,0.0,https://www.openstreetmap.org/?mlat=63.1360289&mlon=13.6876745#map=18/63.1360289/13.6876745,coordinate_fallback,,,statliga_leder
12344816,Z 70,Spjätten - Grottärn,7.58997416925776,"{""OBJECTID"": 12344816, ""STATLIGLED"": ""Z 70"", ""STATLIGLEDNAMN"": ""Spjätten - Grottärn"", ""SHAPE.LEN"": 7.58997416925776}",13.688274468132885,63.13535228887055,LineString,7.589974169229514,0.0,https://www.openstreetmap.org/?mlat=63.1353523&mlon=13.6882745#map=18/63.1353523/13.6882745,coordinate_fallback,,,statliga_leder
12344815,Z 70,Spjätten - Grottärn,0.492411311811579,"{""OBJECTID"": 12344815, ""STATLIGLED"": ""Z 70"", ""STATLIGLEDNAMN"": ""Spjätten - Grottärn"", ""SHAPE.LEN"": 0.492411311811579}",13.651728361053939,63.176608979779886,LineString,0.4924113119489764,0.0,https://www.openstreetmap.org/?mlat=63.1766090&mlon=13.6517284#map=18/63.1766090/13.6517284,coordinate_fallback,,,statliga_leder
12344814,Z 70,Spjätten - Grottärn,20.3725649087052,"{""OBJECTID"": 12344814, ""STATLIGLED"": ""Z 70"", ""STATLIGLEDNAMN"": ""Spjätten - Grottärn"", ""SHAPE.LEN"": 20.3725649087052}",13.688366192644583,63.13523359373141,LineString,20.372564909753674,0.0,https://www.openstreetmap.org/?mlat=63.1352336&mlon=13.6883662#map=18/63.1352336/13.6883662,coordinate_fallback,,,statliga_leder
12344813,Z 70,Spjätten - Grottärn,154.441739674286,"{""OBJECTID"": 12344813, ""STATLIGLED"": ""Z 70"", ""STATLIGLEDNAMN"": ""Spjätten - Grottärn"", ""SHAPE.LEN"": 154.441739674286}",13.712275443487629,63.1146134302042,LineString,154.44173967331338,0.0,https://www.openstreetmap.org/?mlat=63.1146134&mlon=13.7122754#map=18/63.1146134/13.7122754,coordinate_fallback,,,statliga_leder
12344812,Z 70,Spjätten - Grottärn,6.86775875231505,"{""OBJECTID"": 12344812, ""STATLIGLED"": ""Z 70"", ""STATLIGLEDNAMN"": ""Spjätten - Grottärn"", ""SHAPE.LEN"": 6.86775875231505}",13.651751369438076,63.176577631718324,LineString,6.867758753477993,0.0,https://www.openstreetmap.org/?mlat=63.1765776&mlon=13.6517514#map=18/63.1765776/13.6517514,coordinate_fallback,,,statliga_leder
12344811,Z 70,Spjätten - Grottärn,316.333599710418,"{""OBJECTID"": 12344811, ""STATLIGLED"": ""Z 70"", ""STATLIGLEDNAMN"": ""Spjätten - Grottärn"", ""SHAPE.LEN"": 316.333599710418}",13.689228210047697,63.1315370131601,LineString,316.33359970850836,0.0,https://www.openstreetmap.org/?mlat=63.1315370&mlon=13.6892282#map=18/63.1315370/13.6892282,coordinate_fallback,,,statliga_leder
12344810,Z 70,Spjätten - Grottärn,3718.04734765447,"{""OBJECTID"": 12344810, ""STATLIGLED"": ""Z 70"", ""STATLIGLEDNAMN"": ""Spjätten - Grottärn"", ""SHAPE.LEN"": 3718.04734765447}",13.66660227180151,63.16402261694024,LineString,3718.0473476552193,0.0,https://www.openstreetmap.org/?mlat=63.1640226&mlon=13.6666023#map=18/63.1640226/13.6666023,coordinate_fallback,,,statliga_leder
12344809,Z 70,Spjätten - Grottärn,70.5373176946785,"{""OBJECTID"": 12344809, ""STATLIGLED"": ""Z 70"", ""STATLIGLEDNAMN"": ""Spjätten - Grottärn"", ""SHAPE.LEN"": 70.5373176946785}",13.681937323117843,63.14985991402787,LineString,70.53731769408668,0.0,https://www.openstreetmap.org/?mlat=63.1498599&mlon=13.6819373#map=18/63.1498599/13.6819373,coordinate_fallback,,,statliga_leder
12344808,Z 70,Spjätten - Grottärn,269.033955452207,"{""OBJECTID"": 12344808, ""STATLIGLED"": ""Z 70"", ""STATLIGLEDNAMN"": ""Spjätten - Grottärn"", ""SHAPE.LEN"": 269.033955452207}",13.689073264844112,63.13397582460297,LineString,269.0339554533098,0.0,https://www.openstreetmap.org/?mlat=63.1339758&mlon=13.6890733#map=18/63.1339758/13.6890733,coordinate_fallback,,,statliga_leder
12344807,Z 70,Spjätten - Grottärn,182.428310520009,"{""OBJECTID"": 12344807, ""STATLIGLED"": ""Z 70"", ""STATLIGLEDNAMN"": ""Spjätten - Grottärn"", ""SHAPE.LEN"": 182.428310520009}",13.714818093654964,63.113861830222774,LineString,182.42831052023342,0.0,https://www.openstreetmap.org/?mlat=63.1138618&mlon=13.7148181#map=18/63.1138618/13.7148181,coordinate_fallback,,,statliga_leder
12344806,Z 70,Spjätten - Grottärn,97.4369657200222,"{""OBJECTID"": 12344806, ""STATLIGLED"": ""Z 70"", ""STATLIGLEDNAMN"": ""Spjätten - Grottärn"", ""SHAPE.LEN"": 97.4369657200222}",13.71767056089143,63.109649720879965,LineString,97.43696572041955,0.0,https://www.openstreetmap.org/?mlat=63.1096497&mlon=13.7176706#map=18/63.1096497/13.7176706,coordinate_fallback,,,statliga_leder
12344805,Z 70,Spjätten - Grottärn,47.5543815439044,"{""OBJECTID"": 12344805, ""STATLIGLED"": ""Z 70"", ""STATLIGLEDNAMN"": ""Spjätten - Grottärn"", ""SHAPE.LEN"": 47.5543815439044}",13.688073638009948,63.13558415205119,LineString,47.554381542830214,0.0,https://www.openstreetmap.org/?mlat=63.1355842&mlon=13.6880736#map=18/63.1355842/13.6880736,coordinate_fallback,,,statliga_leder
12344804,Z 70,Spjätten - Grottärn,17.7857722731369,"{""OBJECTID"": 12344804, ""STATLIGLED"": ""Z 70"", ""STATLIGLEDNAMN"": ""Spjätten - Grottärn"", ""SHAPE.LEN"": 17.7857722731369}",13.6877996976178,63.13587775048496,LineString,17.78577227233313,0.0,https://www.openstreetmap.org/?mlat=63.1358778&mlon=13.6877997#map=18/63.1358778/13.6877997,coordinate_fallback,,,statliga_leder
12344803,Z 70,Spjätten - Grottärn,1820.5791026811,"{""OBJECTID"": 12344803, ""STATLIGLED"": ""Z 70"", ""STATLIGLEDNAMN"": ""Spjätten - Grottärn"", ""SHAPE.LEN"": 1820.5791026811}",13.70228266873944,63.12070221898093,LineString,1820.579102678724,0.0,https://www.openstreetmap.org/?mlat=63.1207022&mlon=13.7022827#map=18/63.1207022/13.7022827,coordinate_fallback,,,statliga_leder
12344802,Z 70,Spjätten - Grottärn,474.416888457083,"{""OBJECTID"": 12344802, ""STATLIGLED"": ""Z 70"", ""STATLIGLEDNAMN"": ""Spjätten - Grottärn"", ""SHAPE.LEN"": 474.416888457083}",13.691228580544582,63.12837350193282,LineString,474.4168884574411,0.0,https://www.openstreetmap.org/?mlat=63.1283735&mlon=13.6912286#map=18/63.1283735/13.6912286,coordinate_fallback,,,statliga_leder
12344801,Z 70,Spjätten - Grottärn,1654.25688115502,"{""OBJECTID"": 12344801, ""STATLIGLED"": ""Z 70"", ""STATLIGLEDNAMN"": ""Spjätten - Grottärn"", ""SHAPE.LEN"": 1654.25688115502}",13.683363385930074,63.14252898484363,LineString,1654.2568811543765,0.0,https://www.openstreetmap.org/?mlat=63.1425290&mlon=13.6833634#map=18/63.1425290/13.6833634,coordinate_fallback,,,statliga_leder
12346916,Z 22,Ansätten - Ansättån (förbudsgränsen) mot Rörvattnet,7930.25755831471,"{""OBJECTID"": 12346916, ""STATLIGLED"": ""Z 22"", ""STATLIGLEDNAMN"": ""Ansätten - Ansättån (förbudsgränsen) mot Rörvattnet"", ""SHAPE.LEN"": 7930.25755831471}",13.923682029917547,63.86369100578058,LineString,7930.257558312651,0.0,https://www.openstreetmap.org/?mlat=63.8636910&mlon=13.9236820#map=18/63.8636910/13.9236820,coordinate_fallback,,,statliga_leder
12348822,Z 55,Gåsen - Helagsstugorna,14694.867467912,"{""OBJECTID"": 12348822, ""STATLIGLED"": ""Z 55"", ""STATLIGLEDNAMN"": ""Gåsen - Helagsstugorna"", ""SHAPE.LEN"": 14694.867467912}",12.495968636892817,62.99579015158017,LineString,14694.867467912874,0.0,https://www.openstreetmap.org/?mlat=62.9957902&mlon=12.4959686#map=18/62.9957902/12.4959686,coordinate_fallback,,,statliga_leder
12349074,BD 21,Abisko - Abiskojaure,9624.73555111374,"{""OBJECTID"": 12349074, ""STATLIGLED"": ""BD 21"", ""STATLIGLEDNAMN"": ""Abisko - Abiskojaure"", ""SHAPE.LEN"": 9624.73555111374}",18.67743250962198,68.30630142921308,LineString,9624.735551112353,0.0,https://www.openstreetmap.org/?mlat=68.3063014&mlon=18.6774325#map=18/68.3063014/18.6774325,coordinate_fallback,,,statliga_leder
12354577,BD 21,Abisko - Abiskojaure,3769.35814750211,"{""OBJECTID"": 12354577, ""STATLIGLED"": ""BD 21"", ""STATLIGLEDNAMN"": ""Abisko - Abiskojaure"", ""SHAPE.LEN"": 3769.35814750211}",18.7649915255132,68.34472848879304,LineString,3769.3581475054007,0.0,https://www.openstreetmap.org/?mlat=68.3447285&mlon=18.7649915#map=18/68.3447285/18.7649915,coordinate_fallback,,,statliga_leder
12344658,BD 21,Abisko - Abiskojaure,310.013346729994,"{""OBJECTID"": 12344658, ""STATLIGLED"": ""BD 21"", ""STATLIGLEDNAMN"": ""Abisko - Abiskojaure"", ""SHAPE.LEN"": 310.013346729994}",18.777817166905145,68.35894363911022,LineString,310.01334673380006,0.0,https://www.openstreetmap.org/?mlat=68.3589436&mlon=18.7778172#map=18/68.3589436/18.7778172,coordinate_fallback,,,statliga_leder
12344657,BD 21,Abisko - Abiskojaure,255.878483814825,"{""OBJECTID"": 12344657, ""STATLIGLED"": ""BD 21"", ""STATLIGLEDNAMN"": ""Abisko - Abiskojaure"", ""SHAPE.LEN"": 255.878483814825}",18.590174677225775,68.2849091719215,LineString,255.87848381138406,0.0,https://www.openstreetmap.org/?mlat=68.2849092&mlon=18.5901747#map=18/68.2849092/18.5901747,coordinate_fallback,,,statliga_leder
12351212,Z 60,Grönvallen - Lunndörrstugan,336.13682358331,"{""OBJECTID"": 12351212, ""STATLIGLED"": ""Z 60"", ""STATLIGLEDNAMN"": ""Grönvallen - Lunndörrstugan"", ""SHAPE.LEN"": 336.13682358331}",13.039922394410679,63.096548761223055,LineString,336.13682358446573,0.0,https://www.openstreetmap.org/?mlat=63.0965488&mlon=13.0399224#map=18/63.0965488/13.0399224,coordinate_fallback,,,statliga_leder
12351211,Z 60,Grönvallen - Lunndörrstugan,141.656438995091,"{""OBJECTID"": 12351211, ""STATLIGLED"": ""Z 60"", ""STATLIGLEDNAMN"": ""Grönvallen - Lunndörrstugan"", ""SHAPE.LEN"": 141.656438995091}",13.03530447765161,63.06423296807631,LineString,141.65643899534513,0.0,https://www.openstreetmap.org/?mlat=63.0642330&mlon=13.0353045#map=18/63.0642330/13.0353045,coordinate_fallback,,,statliga_leder
12351210,Z 60,Grönvallen - Lunndörrstugan,69.5372735963239,"{""OBJECTID"": 12351210, ""STATLIGLED"": ""Z 60"", ""STATLIGLEDNAMN"": ""Grönvallen - Lunndörrstugan"", ""SHAPE.LEN"": 69.5372735963239}",13.03043839788242,63.06545250186394,LineString,69.53727359646207,0.0,https://www.openstreetmap.org/?mlat=63.0654525&mlon=13.0304384#map=18/63.0654525/13.0304384,coordinate_fallback,,,statliga_leder
12351054,Z 60,Grönvallen - Lunndörrstugan,48.0210447184357,"{""OBJECTID"": 12351054, ""STATLIGLED"": ""Z 60"", ""STATLIGLEDNAMN"": ""Grönvallen - Lunndörrstugan"", ""SHAPE.LEN"": 48.0210447184357}",13.032385198063801,63.06426034222979,LineString,48.02104471973939,0.0,https://www.openstreetmap.org/?mlat=63.0642603&mlon=13.0323852#map=18/63.0642603/13.0323852,coordinate_fallback,,,statliga_leder
12351052,Z 60,Grönvallen - Lunndörrstugan,4110.03285071185,"{""OBJECTID"": 12351052, ""STATLIGLED"": ""Z 60"", ""STATLIGLEDNAMN"": ""Grönvallen - Lunndörrstugan"", ""SHAPE.LEN"": 4110.03285071185}",13.026407705972026,63.08179745206077,LineString,4110.032850710695,0.0,https://www.openstreetmap.org/?mlat=63.0817975&mlon=13.0264077#map=18/63.0817975/13.0264077,coordinate_fallback,,,statliga_leder
12352985,Z 60,Grönvallen - Lunndörrstugan,175.111156363663,"{""OBJECTID"": 12352985, ""STATLIGLED"": ""Z 60"", ""STATLIGLEDNAMN"": ""Grönvallen - Lunndörrstugan"", ""SHAPE.LEN"": 175.111156363663}",13.03806267134755,63.06432186166251,LineString,175.11115636226543,0.0,https://www.openstreetmap.org/?mlat=63.0643219&mlon=13.0380627#map=18/63.0643219/13.0380627,coordinate_fallback,,,statliga_leder
12352359,Z 60,Grönvallen - Lunndörrstugan,96.6092275553428,"{""OBJECTID"": 12352359, ""STATLIGLED"": ""Z 60"", ""STATLIGLEDNAMN"": ""Grönvallen - Lunndörrstugan"", ""SHAPE.LEN"": 96.6092275553428}",13.0378340446638,63.09517062839927,LineString,96.60922755521209,0.0,https://www.openstreetmap.org/?mlat=63.0951706&mlon=13.0378340#map=18/63.0951706/13.0378340,coordinate_fallback,,,statliga_leder
12352358,Z 60,Grönvallen - Lunndörrstugan,15.1431801765679,"{""OBJECTID"": 12352358, ""STATLIGLED"": ""Z 60"", ""STATLIGLEDNAMN"": ""Grönvallen - Lunndörrstugan"", ""SHAPE.LEN"": 15.1431801765679}",13.040920296273494,63.09801445707661,LineString,15.143180177470335,0.0,https://www.openstreetmap.org/?mlat=63.0980145&mlon=13.0409203#map=18/63.0980145/13.0409203,coordinate_fallback,,,statliga_leder
12352357,Z 60,Grönvallen - Lunndörrstugan,129.150868290828,"{""OBJECTID"": 12352357, ""STATLIGLED"": ""Z 60"", ""STATLIGLEDNAMN"": ""Grönvallen - Lunndörrstugan"", ""SHAPE.LEN"": 129.150868290828}",13.031553274815794,63.06491679767676,LineString,129.15086829064745,0.0,https://www.openstreetmap.org/?mlat=63.0649168&mlon=13.0315533#map=18/63.0649168/13.0315533,coordinate_fallback,,,statliga_leder
12354894,Z 60,Grönvallen - Lunndörrstugan,208.595871629239,"{""OBJECTID"": 12354894, ""STATLIGLED"": ""Z 60"", ""STATLIGLEDNAMN"": ""Grönvallen - Lunndörrstugan"", ""SHAPE.LEN"": 208.595871629239}",13.061030594661561,63.05830301951871,LineString,208.59587163125894,0.0,https://www.openstreetmap.org/?mlat=63.0583030&mlon=13.0610306#map=18/63.0583030/13.0610306,coordinate_fallback,,,statliga_leder
12355425,Z 60,Grönvallen - Lunndörrstugan,31.5116420906623,"{""OBJECTID"": 12355425, ""STATLIGLED"": ""Z 60"", ""STATLIGLEDNAMN"": ""Grönvallen - Lunndörrstugan"", ""SHAPE.LEN"": 31.5116420906623}",13.055241034904387,63.05767639436165,LineString,31.5116420912111,0.0,https://www.openstreetmap.org/?mlat=63.0576764&mlon=13.0552410#map=18/63.0576764/13.0552410,coordinate_fallback,,,statliga_leder
12355412,Z 60,Grönvallen - Lunndörrstugan,15.9144890360954,"{""OBJECTID"": 12355412, ""STATLIGLED"": ""Z 60"", ""STATLIGLEDNAMN"": ""Grönvallen - Lunndörrstugan"", ""SHAPE.LEN"": 15.9144890360954}",13.036861178284834,63.09492558885449,LineString,15.91448903638443,0.0,https://www.openstreetmap.org/?mlat=63.0949256&mlon=13.0368612#map=18/63.0949256/13.0368612,coordinate_fallback,,,statliga_leder
12355410,Z 60,Grönvallen - Lunndörrstugan,1101.80242505347,"{""OBJECTID"": 12355410, ""STATLIGLED"": ""Z 60"", ""STATLIGLEDNAMN"": ""Grönvallen - Lunndörrstugan"", ""SHAPE.LEN"": 1101.80242505347}",13.047277837736928,63.059140409330105,LineString,1101.802425053537,0.0,https://www.openstreetmap.org/?mlat=63.0591404&mlon=13.0472778#map=18/63.0591404/13.0472778,coordinate_fallback,,,statliga_leder
12355409,Z 60,Grönvallen - Lunndörrstugan,1834.73355275629,"{""OBJECTID"": 12355409, ""STATLIGLED"": ""Z 60"", ""STATLIGLEDNAMN"": ""Grönvallen - Lunndörrstugan"", ""SHAPE.LEN"": 1834.73355275629}",13.054985017928814,63.10299218054426,LineString,1834.7335527536761,0.0,https://www.openstreetmap.org/?mlat=63.1029922&mlon=13.0549850#map=18/63.1029922/13.0549850,coordinate_fallback,,,statliga_leder
12353869,Z 60,Grönvallen - Lunndörrstugan,146.225850922209,"{""OBJECTID"": 12353869, ""STATLIGLED"": ""Z 60"", ""STATLIGLEDNAMN"": ""Grönvallen - Lunndörrstugan"", ""SHAPE.LEN"": 146.225850922209}",13.056893192337931,63.05794813785548,LineString,146.22585092150914,0.0,https://www.openstreetmap.org/?mlat=63.0579481&mlon=13.0568932#map=18/63.0579481/13.0568932,coordinate_fallback,,,statliga_leder
12353868,Z 60,Grönvallen - Lunndörrstugan,64.8940985153474,"{""OBJECTID"": 12353868, ""STATLIGLED"": ""Z 60"", ""STATLIGLEDNAMN"": ""Grönvallen - Lunndörrstugan"", ""SHAPE.LEN"": 64.8940985153474}",13.033376796933016,63.064046993096376,LineString,64.89409851330325,0.0,https://www.openstreetmap.org/?mlat=63.0640470&mlon=13.0333768#map=18/63.0640470/13.0333768,coordinate_fallback,,,statliga_leder
12353859,Z 60,Grönvallen - Lunndörrstugan,40.8385950224784,"{""OBJECTID"": 12353859, ""STATLIGLED"": ""Z 60"", ""STATLIGLEDNAMN"": ""Grönvallen - Lunndörrstugan"", ""SHAPE.LEN"": 40.8385950224784}",13.058675678063898,63.058150167004676,LineString,40.83859502205221,0.0,https://www.openstreetmap.org/?mlat=63.0581502&mlon=13.0586757#map=18/63.0581502/13.0586757,coordinate_fallback,,,statliga_leder
12353324,Z 60,Grönvallen - Lunndörrstugan,383.904288680407,"{""OBJECTID"": 12353324, ""STATLIGLED"": ""Z 60"", ""STATLIGLEDNAMN"": ""Grönvallen - Lunndörrstugan"", ""SHAPE.LEN"": 383.904288680407}",12.978970048721877,63.09166770353229,LineString,383.904288681327,0.0,https://www.openstreetmap.org/?mlat=63.0916677&mlon=12.9789700#map=18/63.0916677/12.9789700,coordinate_fallback,,,statliga_leder
12353323,Z 60,Grönvallen - Lunndörrstugan,9.41615417219527,"{""OBJECTID"": 12353323, ""STATLIGLED"": ""Z 60"", ""STATLIGLEDNAMN"": ""Grönvallen - Lunndörrstugan"", ""SHAPE.LEN"": 9.41615417219527}",13.000021787898175,63.081722548425574,LineString,9.416154173084525,0.0,https://www.openstreetmap.org/?mlat=63.0817225&mlon=13.0000218#map=18/63.0817225/13.0000218,coordinate_fallback,,,statliga_leder
12353322,Z 60,Grönvallen - Lunndörrstugan,519.35853316381,"{""OBJECTID"": 12353322, ""STATLIGLED"": ""Z 60"", ""STATLIGLEDNAMN"": ""Grönvallen - Lunndörrstugan"", ""SHAPE.LEN"": 519.35853316381}",13.018774049829325,63.07935811788517,LineString,519.3585331632779,0.0,https://www.openstreetmap.org/?mlat=63.0793581&mlon=13.0187740#map=18/63.0793581/13.0187740,coordinate_fallback,,,statliga_leder
12353321,Z 60,Grönvallen - Lunndörrstugan,80.8442361537776,"{""OBJECTID"": 12353321, ""STATLIGLED"": ""Z 60"", ""STATLIGLEDNAMN"": ""Grönvallen - Lunndörrstugan"", ""SHAPE.LEN"": 80.8442361537776}",12.999314282315847,63.081606804368,LineString,80.84423615478842,0.0,https://www.openstreetmap.org/?mlat=63.0816068&mlon=12.9993143#map=18/63.0816068/12.9993143,coordinate_fallback,,,statliga_leder
12353320,Z 60,Grönvallen - Lunndörrstugan,932.789243211749,"{""OBJECTID"": 12353320, ""STATLIGLED"": ""Z 60"", ""STATLIGLEDNAMN"": ""Grönvallen - Lunndörrstugan"", ""SHAPE.LEN"": 932.789243211749}",13.007900437007963,63.07937125745133,LineString,932.7892432132671,0.0,https://www.openstreetmap.org/?mlat=63.0793713&mlon=13.0079004#map=18/63.0793713/13.0079004,coordinate_fallback,,,statliga_leder
12353319,Z 60,Grönvallen - Lunndörrstugan,579.404162392825,"{""OBJECTID"": 12353319, ""STATLIGLED"": ""Z 60"", ""STATLIGLEDNAMN"": ""Grönvallen - Lunndörrstugan"", ""SHAPE.LEN"": 579.404162392825}",12.993760385420774,63.085458915329625,LineString,579.404162393021,0.0,https://www.openstreetmap.org/?mlat=63.0854589&mlon=12.9937604#map=18/63.0854589/12.9937604,coordinate_fallback,,,statliga_leder
12353423,Z 60,Grönvallen - Lunndörrstugan,171.063586780767,"{""OBJECTID"": 12353423, ""STATLIGLED"": ""Z 60"", ""STATLIGLEDNAMN"": ""Grönvallen - Lunndörrstugan"", ""SHAPE.LEN"": 171.063586780767}",12.999371202777686,63.08250775261448,LineString,171.0635867814313,0.0,https://www.openstreetmap.org/?mlat=63.0825078&mlon=12.9993712#map=18/63.0825078/12.9993712,coordinate_fallback,,,statliga_leder
12353422,Z 60,Grönvallen - Lunndörrstugan,247.721658464977,"{""OBJECTID"": 12353422, ""STATLIGLED"": ""Z 60"", ""STATLIGLEDNAMN"": ""Grönvallen - Lunndörrstugan"", ""SHAPE.LEN"": 247.721658464977}",12.987279972590898,63.0882647024799,LineString,247.72165846513948,0.0,https://www.openstreetmap.org/?mlat=63.0882647&mlon=12.9872800#map=18/63.0882647/12.9872800,coordinate_fallback,,,statliga_leder
12353578,Z 60,Grönvallen - Lunndörrstugan,277.748714877549,"{""OBJECTID"": 12353578, ""STATLIGLED"": ""Z 60"", ""STATLIGLEDNAMN"": ""Grönvallen - Lunndörrstugan"", ""SHAPE.LEN"": 277.748714877549}",12.983198194390617,63.089705290475706,LineString,277.74871487816523,0.0,https://www.openstreetmap.org/?mlat=63.0897053&mlon=12.9831982#map=18/63.0897053/12.9831982,coordinate_fallback,,,statliga_leder
12353577,Z 60,Grönvallen - Lunndörrstugan,39.2195967425725,"{""OBJECTID"": 12353577, ""STATLIGLED"": ""Z 60"", ""STATLIGLEDNAMN"": ""Grönvallen - Lunndörrstugan"", ""SHAPE.LEN"": 39.2195967425725}",13.000444020857845,63.0816178829833,LineString,39.219596742631474,0.0,https://www.openstreetmap.org/?mlat=63.0816179&mlon=13.0004440#map=18/63.0816179/13.0004440,coordinate_fallback,,,statliga_leder
12353576,Z 60,Grönvallen - Lunndörrstugan,41.7853366876468,"{""OBJECTID"": 12353576, ""STATLIGLED"": ""Z 60"", ""STATLIGLEDNAMN"": ""Grönvallen - Lunndörrstugan"", ""SHAPE.LEN"": 41.7853366876468}",12.989592252712487,63.08750765664275,LineString,41.785336687323905,0.0,https://www.openstreetmap.org/?mlat=63.0875077&mlon=12.9895923#map=18/63.0875077/12.9895923,coordinate_fallback,,,statliga_leder
12353575,Z 60,Grönvallen - Lunndörrstugan,29.3569533032636,"{""OBJECTID"": 12353575, ""STATLIGLED"": ""Z 60"", ""STATLIGLEDNAMN"": ""Grönvallen - Lunndörrstugan"", ""SHAPE.LEN"": 29.3569533032636}",13.0152570638833,63.077987515748916,LineString,29.356953301899498,0.0,https://www.openstreetmap.org/?mlat=63.0779875&mlon=13.0152571#map=18/63.0779875/13.0152571,coordinate_fallback,,,statliga_leder
12353574,Z 60,Grönvallen - Lunndörrstugan,74.0560161500739,"{""OBJECTID"": 12353574, ""STATLIGLED"": ""Z 60"", ""STATLIGLEDNAMN"": ""Grönvallen - Lunndörrstugan"", ""SHAPE.LEN"": 74.0560161500739}",12.998121610194534,63.08335288000308,LineString,74.05601614805393,0.0,https://www.openstreetmap.org/?mlat=63.0833529&mlon=12.9981216#map=18/63.0833529/12.9981216,coordinate_fallback,,,statliga_leder
12353002,Z 54,Sylarnas fjällstation - Helags samt sommarled över Herrklumpen,14.1876614598742,"{""OBJECTID"": 12353002, ""STATLIGLED"": ""Z 54"", ""STATLIGLEDNAMN"": ""Sylarnas fjällstation - Helags samt sommarled över Herrklumpen"", ""SHAPE.LEN"": 14.1876614598742}",12.423299799693298,62.95553928316695,LineString,14.18766145981873,0.0,https://www.openstreetmap.org/?mlat=62.9555393&mlon=12.4232998#map=18/62.9555393/12.4232998,coordinate_fallback,,,statliga_leder
12353001,Z 54,Sylarnas fjällstation - Helags samt sommarled över Herrklumpen,86.9294851819565,"{""OBJECTID"": 12353001, ""STATLIGLED"": ""Z 54"", ""STATLIGLEDNAMN"": ""Sylarnas fjällstation - Helags samt sommarled över Herrklumpen"", ""SHAPE.LEN"": 86.9294851819565}",12.413996498860408,62.95741682272772,LineString,86.92948518232436,0.0,https://www.openstreetmap.org/?mlat=62.9574168&mlon=12.4139965#map=18/62.9574168/12.4139965,coordinate_fallback,,,statliga_leder
12353000,Z 54,Sylarnas fjällstation - Helags samt sommarled över Herrklumpen,119.306801738082,"{""OBJECTID"": 12353000, ""STATLIGLED"": ""Z 54"", ""STATLIGLEDNAMN"": ""Sylarnas fjällstation - Helags samt sommarled över Herrklumpen"", ""SHAPE.LEN"": 119.306801738082}",12.355899432711116,62.989194314617386,LineString,119.30680173812667,0.0,https://www.openstreetmap.org/?mlat=62.9891943&mlon=12.3558994#map=18/62.9891943/12.3558994,coordinate_fallback,,,statliga_leder
12352999,Z 54,Sylarnas fjällstation - Helags samt sommarled över Herrklumpen,16.6974784976654,"{""OBJECTID"": 12352999, ""STATLIGLED"": ""Z 54"", ""STATLIGLEDNAMN"": ""Sylarnas fjällstation - Helags samt sommarled över Herrklumpen"", ""SHAPE.LEN"": 16.6974784976654}",12.356028446999645,62.98727479147685,LineString,16.697478498629984,0.0,https://www.openstreetmap.org/?mlat=62.9872748&mlon=12.3560284#map=18/62.9872748/12.3560284,coordinate_fallback,,,statliga_leder
12352998,Z 54,Sylarnas fjällstation - Helags samt sommarled över Herrklumpen,35.5475014559523,"{""OBJECTID"": 12352998, ""STATLIGLED"": ""Z 54"", ""STATLIGLEDNAMN"": ""Sylarnas fjällstation - Helags samt sommarled över Herrklumpen"", ""SHAPE.LEN"": 35.5475014559523}",12.379546632805672,62.96556535199269,LineString,35.547501455871355,0.0,https://www.openstreetmap.org/?mlat=62.9655654&mlon=12.3795466#map=18/62.9655654/12.3795466,coordinate_fallback,,,statliga_leder
12352997,Z 54,Sylarnas fjällstation - Helags samt sommarled över Herrklumpen,13.3096203007828,"{""OBJECTID"": 12352997, ""STATLIGLED"": ""Z 54"", ""STATLIGLEDNAMN"": ""Sylarnas fjällstation - Helags samt sommarled över Herrklumpen"", ""SHAPE.LEN"": 13.3096203007828}",12.356096712916862,62.98674335597259,LineString,13.309620302901081,0.0,https://www.openstreetmap.org/?mlat=62.9867434&mlon=12.3560967#map=18/62.9867434/12.3560967,coordinate_fallback,,,statliga_leder
12352996,Z 54,Sylarnas fjällstation - Helags samt sommarled över Herrklumpen,44.0062890996276,"{""OBJECTID"": 12352996, ""STATLIGLED"": ""Z 54"", ""STATLIGLEDNAMN"": ""Sylarnas fjällstation - Helags samt sommarled över Herrklumpen"", ""SHAPE.LEN"": 44.0062890996276}",12.356061793028028,62.98700285665661,LineString,44.0062890969126,0.0,https://www.openstreetmap.org/?mlat=62.9870029&mlon=12.3560618#map=18/62.9870029/12.3560618,coordinate_fallback,,,statliga_leder
12352995,Z 54,Sylarnas fjällstation - Helags samt sommarled över Herrklumpen,466.326068809723,"{""OBJECTID"": 12352995, ""STATLIGLED"": ""Z 54"", ""STATLIGLEDNAMN"": ""Sylarnas fjällstation - Helags samt sommarled över Herrklumpen"", ""SHAPE.LEN"": 466.326068809723}",12.41896132065953,62.95636500954918,LineString,466.32606880961623,0.0,https://www.openstreetmap.org/?mlat=62.9563650&mlon=12.4189613#map=18/62.9563650/12.4189613,coordinate_fallback,,,statliga_leder
12352994,Z 54,Sylarnas fjällstation - Helags samt sommarled över Herrklumpen,1982.16442932293,"{""OBJECTID"": 12352994, ""STATLIGLED"": ""Z 54"", ""STATLIGLEDNAMN"": ""Sylarnas fjällstation - Helags samt sommarled över Herrklumpen"", ""SHAPE.LEN"": 1982.16442932293}",12.396434372502874,62.961578666765135,LineString,1982.1644293234199,0.0,https://www.openstreetmap.org/?mlat=62.9615787&mlon=12.3964344#map=18/62.9615787/12.3964344,coordinate_fallback,,,statliga_leder
12352993,Z 54,Sylarnas fjällstation - Helags samt sommarled över Herrklumpen,2746.28292428683,"{""OBJECTID"": 12352993, ""STATLIGLED"": ""Z 54"", ""STATLIGLEDNAMN"": ""Sylarnas fjällstation - Helags samt sommarled över Herrklumpen"", ""SHAPE.LEN"": 2746.28292428683}",12.367017238911144,62.97568956162264,LineString,2746.282924285381,0.0,https://www.openstreetmap.org/?mlat=62.9756896&mlon=12.3670172#map=18/62.9756896/12.3670172,coordinate_fallback,,,statliga_leder
12352992,Z 54,Sylarnas fjällstation - Helags samt sommarled över Herrklumpen,146.107386783603,"{""OBJECTID"": 12352992, ""STATLIGLED"": ""Z 54"", ""STATLIGLEDNAMN"": ""Sylarnas fjällstation - Helags samt sommarled över Herrklumpen"", ""SHAPE.LEN"": 146.107386783603}",12.355942582042552,62.98800353435208,LineString,146.10738678294348,0.0,https://www.openstreetmap.org/?mlat=62.9880035&mlon=12.3559426#map=18/62.9880035/12.3559426,coordinate_fallback,,,statliga_leder
12352991,Z 54,Sylarnas fjällstation - Helags samt sommarled över Herrklumpen,8724.42647588506,"{""OBJECTID"": 12352991, ""STATLIGLED"": ""Z 54"", ""STATLIGLEDNAMN"": ""Sylarnas fjällstation - Helags samt sommarled över Herrklumpen"", ""SHAPE.LEN"": 8724.42647588506}",12.30515399797185,63.01872075242671,LineString,8724.426475884633,0.0,https://www.openstreetmap.org/?mlat=63.0187208&mlon=12.3051540#map=18/63.0187208/12.3051540,coordinate_fallback,,,statliga_leder
12352990,Z 54,Sylarnas fjällstation - Helags samt sommarled över Herrklumpen,6278.83581999145,"{""OBJECTID"": 12352990, ""STATLIGLED"": ""Z 54"", ""STATLIGLEDNAMN"": ""Sylarnas fjällstation - Helags samt sommarled över Herrklumpen"", ""SHAPE.LEN"": 6278.83581999145}",12.466115452621425,62.938974299379225,LineString,6278.835819993021,0.0,https://www.openstreetmap.org/?mlat=62.9389743&mlon=12.4661155#map=18/62.9389743/12.4661155,coordinate_fallback,,,statliga_leder
12351532,BD 1,Gappohyttan - Pältsa,10235.9857779249,"{""OBJECTID"": 12351532, ""STATLIGLED"": ""BD 1"", ""STATLIGLEDNAMN"": ""Gappohyttan - Pältsa"", ""SHAPE.LEN"": 10235.9857779249}",20.310575473840007,69.00974720291131,LineString,10235.985777921862,0.0,https://www.openstreetmap.org/?mlat=69.0097472&mlon=20.3105755#map=18/69.0097472/20.3105755,coordinate_fallback,,,statliga_leder
12352687,Z 80,Helagsstugorna - Ljungdalen samt Torkilstöten - Helagsleden (80),169.532767946377,"{""OBJECTID"": 12352687, ""STATLIGLED"": ""Z 80"", ""STATLIGLEDNAMN"": ""Helagsstugorna - Ljungdalen samt Torkilstöten - Helagsleden (80)"", ""SHAPE.LEN"": 169.532767946377}",12.51274193514981,62.91584906845789,LineString,169.5327679460964,0.0,https://www.openstreetmap.org/?mlat=62.9158491&mlon=12.5127419#map=18/62.9158491/12.5127419,coordinate_fallback,,,statliga_leder
12352686,Z 80,Helagsstugorna - Ljungdalen samt Torkilstöten - Helagsleden (80),915.05807359884,"{""OBJECTID"": 12352686, ""STATLIGLED"": ""Z 80"", ""STATLIGLEDNAMN"": ""Helagsstugorna - Ljungdalen samt Torkilstöten - Helagsleden (80)"", ""SHAPE.LEN"": 915.05807359884}",12.663531382919842,62.9042440638094,LineString,915.0580735985793,0.0,https://www.openstreetmap.org/?mlat=62.9042441&mlon=12.6635314#map=18/62.9042441/12.6635314,coordinate_fallback,,,statliga_leder
12352685,Z 80,Helagsstugorna - Ljungdalen samt Torkilstöten - Helagsleden (80),196.507506111417,"{""OBJECTID"": 12352685, ""STATLIGLED"": ""Z 80"", ""STATLIGLEDNAMN"": ""Helagsstugorna - Ljungdalen samt Torkilstöten - Helagsleden (80)"", ""SHAPE.LEN"": 196.507506111417}",12.516266869794007,62.915368409071085,LineString,196.50750611265426,0.0,https://www.openstreetmap.org/?mlat=62.9153684&mlon=12.5162669#map=18/62.9153684/12.5162669,coordinate_fallback,,,statliga_leder
12352684,Z 80,Helagsstugorna - Ljungdalen samt Torkilstöten - Helagsleden (80),12.9295042604115,"{""OBJECTID"": 12352684, ""STATLIGLED"": ""Z 80"", ""STATLIGLEDNAMN"": ""Helagsstugorna - Ljungdalen samt Torkilstöten - Helagsleden (80)"", ""SHAPE.LEN"": 12.9295042604115}",12.764616962657886,62.86148894490654,LineString,12.929504263359398,0.0,https://www.openstreetmap.org/?mlat=62.8614889&mlon=12.7646170#map=18/62.8614889/12.7646170,coordinate_fallback,,,statliga_leder
12352683,Z 80,Helagsstugorna - Ljungdalen samt Torkilstöten - Helagsleden (80),19.245529293319,"{""OBJECTID"": 12352683, ""STATLIGLED"": ""Z 80"", ""STATLIGLEDNAMN"": ""Helagsstugorna - Ljungdalen samt Torkilstöten - Helagsleden (80)"", ""SHAPE.LEN"": 19.245529293319}",12.686790052803383,62.89925246311149,LineString,19.24552929436376,0.0,https://www.openstreetmap.org/?mlat=62.8992525&mlon=12.6867901#map=18/62.8992525/12.6867901,coordinate_fallback,,,statliga_leder
12352682,Z 80,Helagsstugorna - Ljungdalen samt Torkilstöten - Helagsleden (80),1297.71333891833,"{""OBJECTID"": 12352682, ""STATLIGLED"": ""Z 80"", ""STATLIGLEDNAMN"": ""Helagsstugorna - Ljungdalen samt Torkilstöten - Helagsleden (80)"", ""SHAPE.LEN"": 1297.71333891833}",12.69850994182314,62.898263399291636,LineString,1297.713338916425,0.0,https://www.openstreetmap.org/?mlat=62.8982634&mlon=12.6985099#map=18/62.8982634/12.6985099,coordinate_fallback,,,statliga_leder
12352681,Z 80,Helagsstugorna - Ljungdalen samt Torkilstöten - Helagsleden (80),52.7204001677454,"{""OBJECTID"": 12352681, ""STATLIGLED"": ""Z 80"", ""STATLIGLEDNAMN"": ""Helagsstugorna - Ljungdalen samt Torkilstöten - Helagsleden (80)"", ""SHAPE.LEN"": 52.7204001677454}",12.514853229057856,62.91558868563767,LineString,52.72040016796763,0.0,https://www.openstreetmap.org/?mlat=62.9155887&mlon=12.5148532#map=18/62.9155887/12.5148532,coordinate_fallback,,,statliga_leder
12352680,Z 80,Helagsstugorna - Ljungdalen samt Torkilstöten - Helagsleden (80),888.353880922188,"{""OBJECTID"": 12352680, ""STATLIGLED"": ""Z 80"", ""STATLIGLEDNAMN"": ""Helagsstugorna - Ljungdalen samt Torkilstöten - Helagsleden (80)"", ""SHAPE.LEN"": 888.353880922188}",12.678686553972113,62.900294284514835,LineString,888.3538809226895,0.0,https://www.openstreetmap.org/?mlat=62.9002943&mlon=12.6786866#map=18/62.9002943/12.6786866,coordinate_fallback,,,statliga_leder
12352679,Z 80,Helagsstugorna - Ljungdalen samt Torkilstöten - Helagsleden (80),4942.00237344098,"{""OBJECTID"": 12352679, ""STATLIGLED"": ""Z 80"", ""STATLIGLEDNAMN"": ""Helagsstugorna - Ljungdalen samt Torkilstöten - Helagsleden (80)"", ""SHAPE.LEN"": 4942.00237344098}",12.73583522281128,62.87673325468305,LineString,4942.00237344241,0.0,https://www.openstreetmap.org/?mlat=62.8767333&mlon=12.7358352#map=18/62.8767333/12.7358352,coordinate_fallback,,,statliga_leder
12352509,Z 80,Helagsstugorna - Ljungdalen samt Torkilstöten - Helagsleden (80),0.092161271692615,"{""OBJECTID"": 12352509, ""STATLIGLED"": ""Z 80"", ""STATLIGLEDNAMN"": ""Helagsstugorna - Ljungdalen samt Torkilstöten - Helagsleden (80)"", ""SHAPE.LEN"": 0.092161271692615}",12.514353640738461,62.91565093122047,LineString,0.09216127237261668,0.0,https://www.openstreetmap.org/?mlat=62.9156509&mlon=12.5143536#map=18/62.9156509/12.5143536,coordinate_fallback,,,statliga_leder
12352508,Z 80,Helagsstugorna - Ljungdalen samt Torkilstöten - Helagsleden (80),15.8065697078778,"{""OBJECTID"": 12352508, ""STATLIGLED"": ""Z 80"", ""STATLIGLEDNAMN"": ""Helagsstugorna - Ljungdalen samt Torkilstöten - Helagsleden (80)"", ""SHAPE.LEN"": 15.8065697078778}",12.511281938727596,62.91602976231302,LineString,15.806569708833115,0.0,https://www.openstreetmap.org/?mlat=62.9160298&mlon=12.5112819#map=18/62.9160298/12.5112819,coordinate_fallback,,,statliga_leder
12352507,Z 80,Helagsstugorna - Ljungdalen samt Torkilstöten - Helagsleden (80),140.812899855233,"{""OBJECTID"": 12352507, ""STATLIGLED"": ""Z 80"", ""STATLIGLEDNAMN"": ""Helagsstugorna - Ljungdalen samt Torkilstöten - Helagsleden (80)"", ""SHAPE.LEN"": 140.812899855233}",12.513016038886525,62.91581756714643,LineString,140.81289985449231,0.0,https://www.openstreetmap.org/?mlat=62.9158176&mlon=12.5130160#map=18/62.9158176/12.5130160,coordinate_fallback,,,statliga_leder
12352506,Z 80,Helagsstugorna - Ljungdalen samt Torkilstöten - Helagsleden (80),2857.36608426595,"{""OBJECTID"": 12352506, ""STATLIGLED"": ""Z 80"", ""STATLIGLEDNAMN"": ""Helagsstugorna - Ljungdalen samt Torkilstöten - Helagsleden (80)"", ""SHAPE.LEN"": 2857.36608426595}",12.636173744401619,62.91479639851377,LineString,2857.3660842653003,0.0,https://www.openstreetmap.org/?mlat=62.9147964&mlon=12.6361737#map=18/62.9147964/12.6361737,coordinate_fallback,,,statliga_leder
12352505,Z 80,Helagsstugorna - Ljungdalen samt Torkilstöten - Helagsleden (80),12.9179650274337,"{""OBJECTID"": 12352505, ""STATLIGLED"": ""Z 80"", ""STATLIGLEDNAMN"": ""Helagsstugorna - Ljungdalen samt Torkilstöten - Helagsleden (80)"", ""SHAPE.LEN"": 12.9179650274337}",12.511556042464314,62.91599826100156,LineString,12.917965026955137,0.0,https://www.openstreetmap.org/?mlat=62.9159983&mlon=12.5115560#map=18/62.9159983/12.5115560,coordinate_fallback,,,statliga_leder
12352504,Z 80,Helagsstugorna - Ljungdalen samt Torkilstöten - Helagsleden (80),174.728419740965,"{""OBJECTID"": 12352504, ""STATLIGLED"": ""Z 80"", ""STATLIGLEDNAMN"": ""Helagsstugorna - Ljungdalen samt Torkilstöten - Helagsleden (80)"", ""SHAPE.LEN"": 174.728419740965}",12.518748482734084,62.914898177300806,LineString,174.72841974084596,0.0,https://www.openstreetmap.org/?mlat=62.9148982&mlon=12.5187485#map=18/62.9148982/12.5187485,coordinate_fallback,,,statliga_leder
12352503,Z 80,Helagsstugorna - Ljungdalen samt Torkilstöten - Helagsleden (80),21.3548433934787,"{""OBJECTID"": 12352503, ""STATLIGLED"": ""Z 80"", ""STATLIGLEDNAMN"": ""Helagsstugorna - Ljungdalen samt Torkilstöten - Helagsleden (80)"", ""SHAPE.LEN"": 21.3548433934787}",12.582935375511298,62.91214571700822,LineString,21.354843394640323,0.0,https://www.openstreetmap.org/?mlat=62.9121457&mlon=12.5829354#map=18/62.9121457/12.5829354,coordinate_fallback,,,statliga_leder
12352502,Z 80,Helagsstugorna - Ljungdalen samt Torkilstöten - Helagsleden (80),37.5295453915978,"{""OBJECTID"": 12352502, ""STATLIGLED"": ""Z 80"", ""STATLIGLEDNAMN"": ""Helagsstugorna - Ljungdalen samt Torkilstöten - Helagsleden (80)"", ""SHAPE.LEN"": 37.5295453915978}",12.520667844985983,62.91452249106873,LineString,37.52954539067379,0.0,https://www.openstreetmap.org/?mlat=62.9145225&mlon=12.5206678#map=18/62.9145225/12.5206678,coordinate_fallback,,,statliga_leder
12352501,Z 80,Helagsstugorna - Ljungdalen samt Torkilstöten - Helagsleden (80),272.995796368703,"{""OBJECTID"": 12352501, ""STATLIGLED"": ""Z 80"", ""STATLIGLEDNAMN"": ""Helagsstugorna - Ljungdalen samt Torkilstöten - Helagsleden (80)"", ""SHAPE.LEN"": 272.995796368703}",12.517848769812627,62.91506957167294,LineString,272.99579636924904,0.0,https://www.openstreetmap.org/?mlat=62.9150696&mlon=12.5178488#map=18/62.9150696/12.5178488,coordinate_fallback,,,statliga_leder
12352500,Z 80,Helagsstugorna - Ljungdalen samt Torkilstöten - Helagsleden (80),218.098248517896,"{""OBJECTID"": 12352500, ""STATLIGLED"": ""Z 80"", ""STATLIGLEDNAMN"": ""Helagsstugorna - Ljungdalen samt Torkilstöten - Helagsleden (80)"", ""SHAPE.LEN"": 218.098248517896}",12.50937636042685,62.91625723552539,LineString,218.09824851714703,0.0,https://www.openstreetmap.org/?mlat=62.9162572&mlon=12.5093764#map=18/62.9162572/12.5093764,coordinate_fallback,,,statliga_leder
12352499,Z 80,Helagsstugorna - Ljungdalen samt Torkilstöten - Helagsleden (80),17.4714500974505,"{""OBJECTID"": 12352499, ""STATLIGLED"": ""Z 80"", ""STATLIGLEDNAMN"": ""Helagsstugorna - Ljungdalen samt Torkilstöten - Helagsleden (80)"", ""SHAPE.LEN"": 17.4714500974505}",12.612599237249848,62.917762792854106,LineString,17.471450096904153,0.0,https://www.openstreetmap.org/?mlat=62.9177628&mlon=12.6125992#map=18/62.9177628/12.6125992,coordinate_fallback,,,statliga_leder
12352498,Z 80,Helagsstugorna - Ljungdalen samt Torkilstöten - Helagsleden (80),3260.9776901511,"{""OBJECTID"": 12352498, ""STATLIGLED"": ""Z 80"", ""STATLIGLEDNAMN"": ""Helagsstugorna - Ljungdalen samt Torkilstöten - Helagsleden (80)"", ""SHAPE.LEN"": 3260.9776901511}",12.55189072082457,62.91134071953887,LineString,3260.9776901528803,0.0,https://www.openstreetmap.org/?mlat=62.9113407&mlon=12.5518907#map=18/62.9113407/12.5518907,coordinate_fallback,,,statliga_leder
12352497,Z 80,Helagsstugorna - Ljungdalen samt Torkilstöten - Helagsleden (80),90.0925725822278,"{""OBJECTID"": 12352497, ""STATLIGLED"": ""Z 80"", ""STATLIGLEDNAMN"": ""Helagsstugorna - Ljungdalen samt Torkilstöten - Helagsleden (80)"", ""SHAPE.LEN"": 90.0925725822278}",12.50816014770967,62.9163978537607,LineString,90.0925725808392,0.0,https://www.openstreetmap.org/?mlat=62.9163979&mlon=12.5081601#map=18/62.9163979/12.5081601,coordinate_fallback,,,statliga_leder
12352496,Z 80,Helagsstugorna - Ljungdalen samt Torkilstöten - Helagsleden (80),1637.62338475854,"{""OBJECTID"": 12352496, ""STATLIGLED"": ""Z 80"", ""STATLIGLEDNAMN"": ""Helagsstugorna - Ljungdalen samt Torkilstöten - Helagsleden (80)"", ""SHAPE.LEN"": 1637.62338475854}",12.597657481182944,62.91562050699114,LineString,1637.623384758125,0.0,https://www.openstreetmap.org/?mlat=62.9156205&mlon=12.5976575#map=18/62.9156205/12.5976575,coordinate_fallback,,,statliga_leder
12352495,Z 80,Helagsstugorna - Ljungdalen samt Torkilstöten - Helagsleden (80),112.19910622779,"{""OBJECTID"": 12352495, ""STATLIGLED"": ""Z 80"", ""STATLIGLEDNAMN"": ""Helagsstugorna - Ljungdalen samt Torkilstöten - Helagsleden (80)"", ""SHAPE.LEN"": 112.19910622779}",12.510066028589511,62.91617850789954,LineString,112.19910622747472,0.0,https://www.openstreetmap.org/?mlat=62.9161785&mlon=12.5100660#map=18/62.9161785/12.5100660,coordinate_fallback,,,statliga_leder
12352494,Z 80,Helagsstugorna - Ljungdalen samt Torkilstöten - Helagsleden (80),1943.06843450668,"{""OBJECTID"": 12352494, ""STATLIGLED"": ""Z 80"", ""STATLIGLEDNAMN"": ""Helagsstugorna - Ljungdalen samt Torkilstöten - Helagsleden (80)"", ""SHAPE.LEN"": 1943.06843450668}",12.77659221689476,62.85479455055639,LineString,1943.0684345061513,0.0,https://www.openstreetmap.org/?mlat=62.8547946&mlon=12.7765922#map=18/62.8547946/12.7765922,coordinate_fallback,,,statliga_leder
12353117,Z 80,Helagsstugorna - Ljungdalen samt Torkilstöten - Helagsleden (80),3985.41432724896,"{""OBJECTID"": 12353117, ""STATLIGLED"": ""Z 80"", ""STATLIGLEDNAMN"": ""Helagsstugorna - Ljungdalen samt Torkilstöten - Helagsleden (80)"", ""SHAPE.LEN"": 3985.41432724896}",12.541223011027782,62.91190839010453,LineString,3985.4143272444517,0.0,https://www.openstreetmap.org/?mlat=62.9119084&mlon=12.5412230#map=18/62.9119084/12.5412230,coordinate_fallback,,,statliga_leder
12347406,Z 80,Helagsstugorna - Ljungdalen samt Torkilstöten - Helagsleden (80),16790.8505702063,"{""OBJECTID"": 12347406, ""STATLIGLED"": ""Z 80"", ""STATLIGLEDNAMN"": ""Helagsstugorna - Ljungdalen samt Torkilstöten - Helagsleden (80)"", ""SHAPE.LEN"": 16790.8505702063}",12.64409406461816,62.89858180447997,LineString,16790.85057019881,0.0,https://www.openstreetmap.org/?mlat=62.8985818&mlon=12.6440941#map=18/62.8985818/12.6440941,coordinate_fallback,,,statliga_leder
12349307,Z 54,Sylarnas fjällstation - Helags samt sommarled över Herrklumpen,17416.7444512055,"{""OBJECTID"": 12349307, ""STATLIGLED"": ""Z 54"", ""STATLIGLEDNAMN"": ""Sylarnas fjällstation - Helags samt sommarled över Herrklumpen"", ""SHAPE.LEN"": 17416.7444512055}",12.395071904390623,62.96895571842779,LineString,17416.744451193474,0.0,https://www.openstreetmap.org/?mlat=62.9689557&mlon=12.3950719#map=18/62.9689557/12.3950719,coordinate_fallback,,,statliga_leder
12349296,Z 54,Sylarnas fjällstation - Helags samt sommarled över Herrklumpen,2185.81807929462,"{""OBJECTID"": 12349296, ""STATLIGLED"": ""Z 54"", ""STATLIGLEDNAMN"": ""Sylarnas fjällstation - Helags samt sommarled över Herrklumpen"", ""SHAPE.LEN"": 2185.81807929462}",12.284252286584797,63.03590505566894,LineString,2185.8180792950325,0.0,https://www.openstreetmap.org/?mlat=63.0359051&mlon=12.2842523#map=18/63.0359051/12.2842523,coordinate_fallback,,,statliga_leder
12353003,Z 54,Sylarnas fjällstation - Helags samt sommarled över Herrklumpen,1520.56669433989,"{""OBJECTID"": 12353003, ""STATLIGLED"": ""Z 54"", ""STATLIGLEDNAMN"": ""Sylarnas fjällstation - Helags samt sommarled över Herrklumpen"", ""SHAPE.LEN"": 1520.56669433989}",12.277122069617375,63.027789930587865,LineString,1520.5666943452943,0.0,https://www.openstreetmap.org/?mlat=63.0277899&mlon=12.2771221#map=18/63.0277899/12.2771221,coordinate_fallback,,,statliga_leder
12352909,Z 54,Sylarnas fjällstation - Helags samt sommarled över Herrklumpen,1807.40548511187,"{""OBJECTID"": 12352909, ""STATLIGLED"": ""Z 54"", ""STATLIGLEDNAMN"": ""Sylarnas fjällstation - Helags samt sommarled över Herrklumpen"", ""SHAPE.LEN"": 1807.40548511187}",12.266685150768794,63.03547880407201,LineString,1807.4054851104615,0.0,https://www.openstreetmap.org/?mlat=63.0354788&mlon=12.2666852#map=18/63.0354788/12.2666852,coordinate_fallback,,,statliga_leder
12348821,Z 55,Gåsen - Helagsstugorna,8793.74477433021,"{""OBJECTID"": 12348821, ""STATLIGLED"": ""Z 55"", ""STATLIGLEDNAMN"": ""Gåsen - Helagsstugorna"", ""SHAPE.LEN"": 8793.74477433021}",12.47902516917103,62.95039401000437,LineString,8793.744774332048,0.0,https://www.openstreetmap.org/?mlat=62.9503940&mlon=12.4790252#map=18/62.9503940/12.4790252,coordinate_fallback,,,statliga_leder
12348820,Z 55,Gåsen - Helagsstugorna,343.59348587908,"{""OBJECTID"": 12348820, ""STATLIGLED"": ""Z 55"", ""STATLIGLEDNAMN"": ""Gåsen - Helagsstugorna"", ""SHAPE.LEN"": 343.59348587908}",12.473145183640106,62.98754568952915,LineString,343.5934858787806,0.0,https://www.openstreetmap.org/?mlat=62.9875457&mlon=12.4731452#map=18/62.9875457/12.4731452,coordinate_fallback,,,statliga_leder
12348819,Z 55,Gåsen - Helagsstugorna,8206.4357482348,"{""OBJECTID"": 12348819, ""STATLIGLED"": ""Z 55"", ""STATLIGLEDNAMN"": ""Gåsen - Helagsstugorna"", ""SHAPE.LEN"": 8206.4357482348}",12.504393187281398,63.02061432890509,LineString,8206.43574822922,0.0,https://www.openstreetmap.org/?mlat=63.0206143&mlon=12.5043932#map=18/63.0206143/12.5043932,coordinate_fallback,,,statliga_leder
12352380,Z 52,Sylarnas fjällstation - Ekorrdörren - Norska gränsen,9890.57902594443,"{""OBJECTID"": 12352380, ""STATLIGLED"": ""Z 52"", ""STATLIGLEDNAMN"": ""Sylarnas fjällstation - Ekorrdörren - Norska gränsen"", ""SHAPE.LEN"": 9890.57902594443}",12.24763634560923,62.991576854525746,LineString,9890.579025945563,0.0,https://www.openstreetmap.org/?mlat=62.9915769&mlon=12.2476363#map=18/62.9915769/12.2476363,coordinate_fallback,,,statliga_leder
12353024,Z 72,Hosjöbottnarna - Visjön,10695.1220570585,"{""OBJECTID"": 12353024, ""STATLIGLED"": ""Z 72"", ""STATLIGLEDNAMN"": ""Hosjöbottnarna - Visjön"", ""SHAPE.LEN"": 10695.1220570585}",13.609267994216033,63.0522218463936,LineString,10695.122057068986,0.0,https://www.openstreetmap.org/?mlat=63.0522218&mlon=13.6092680#map=18/63.0522218/13.6092680,coordinate_fallback,,,statliga_leder
12346576,Z 41,Storulvån - Spåjme - Sylarna,15890.1467677433,"{""OBJECTID"": 12346576, ""STATLIGLED"": ""Z 41"", ""STATLIGLEDNAMN"": ""Storulvån - Spåjme - Sylarna"", ""SHAPE.LEN"": 15890.1467677433}",12.317622868561445,63.10701933180988,LineString,15890.146767744785,0.0,https://www.openstreetmap.org/?mlat=63.1070193&mlon=12.3176229#map=18/63.1070193/12.3176229,coordinate_fallback,,,statliga_leder
12347894,Z 35,Rundhögen - Getryggen (led 36),10361.8890577434,"{""OBJECTID"": 12347894, ""STATLIGLED"": ""Z 35"", ""STATLIGLEDNAMN"": ""Rundhögen - Getryggen (led 36)"", ""SHAPE.LEN"": 10361.8890577434}",12.235358367634419,63.22230229971939,LineString,10361.88905774467,0.0,https://www.openstreetmap.org/?mlat=63.2223023&mlon=12.2353584#map=18/63.2223023/12.2353584,coordinate_fallback,,,statliga_leder
12353421,Z 34,Storlien - Sevedholm (led 37),5391.26233989913,"{""OBJECTID"": 12353421, ""STATLIGLED"": ""Z 34"", ""STATLIGLEDNAMN"": ""Storlien - Sevedholm (led 37)"", ""SHAPE.LEN"": 5391.26233989913}",12.134875553288127,63.24906594830975,LineString,5391.2623398968235,0.0,https://www.openstreetmap.org/?mlat=63.2490659&mlon=12.1348756#map=18/63.2490659/12.1348756,coordinate_fallback,,,statliga_leder
12350919,Z 50,Stensdalsstugorna - Gåsen,14496.6559938005,"{""OBJECTID"": 12350919, ""STATLIGLED"": ""Z 50"", ""STATLIGLEDNAMN"": ""Stensdalsstugorna - Gåsen"", ""SHAPE.LEN"": 14496.6559938005}",12.638949204709553,63.09857482927483,LineString,14496.655993813352,0.0,https://www.openstreetmap.org/?mlat=63.0985748&mlon=12.6389492#map=18/63.0985748/12.6389492,coordinate_fallback,,,statliga_leder
12345899,Z 39,Blåhammarens fjällstation - Endalen - Norska gränsen,7745.40718702612,"{""OBJECTID"": 12345899, ""STATLIGLED"": ""Z 39"", ""STATLIGLEDNAMN"": ""Blåhammarens fjällstation - Endalen - Norska gränsen"", ""SHAPE.LEN"": 7745.40718702612}",12.140812566244334,63.15358140963806,LineString,7745.407187030994,0.0,https://www.openstreetmap.org/?mlat=63.1535814&mlon=12.1408126#map=18/63.1535814/12.1408126,coordinate_fallback,,,statliga_leder
12352947,Z 38,Blåhammarens fjällstation - Ulvåtjärnstugan,5694.27787261733,"{""OBJECTID"": 12352947, ""STATLIGLED"": ""Z 38"", ""STATLIGLEDNAMN"": ""Blåhammarens fjällstation - Ulvåtjärnstugan"", ""SHAPE.LEN"": 5694.27787261733}",12.221401890229167,63.17592482150865,LineString,5694.277872628996,0.0,https://www.openstreetmap.org/?mlat=63.1759248&mlon=12.2214019#map=18/63.1759248/12.2214019,coordinate_fallback,,,statliga_leder
12352260,Z 40,Ulvåtjärnstugan - Storulvån,5744.16056351597,"{""OBJECTID"": 12352260, ""STATLIGLED"": ""Z 40"", ""STATLIGLEDNAMN"": ""Ulvåtjärnstugan - Storulvån"", ""SHAPE.LEN"": 5744.16056351597}",12.31376422317801,63.159429820971894,LineString,5744.160563520571,0.0,https://www.openstreetmap.org/?mlat=63.1594298&mlon=12.3137642#map=18/63.1594298/12.3137642,coordinate_fallback,,,statliga_leder
12355077,Z 64,Vallbo - Lunndörrsstugorna (justerad),12894.9031199376,"{""OBJECTID"": 12355077, ""STATLIGLED"": ""Z 64"", ""STATLIGLEDNAMN"": ""Vallbo - Lunndörrsstugorna (justerad)"", ""SHAPE.LEN"": 12894.9031199376}",13.076537164484861,63.104581693862706,LineString,12894.903119938532,0.0,https://www.openstreetmap.org/?mlat=63.1045817&mlon=13.0765372#map=18/63.1045817/13.0765372,coordinate_fallback,,,statliga_leder
12352350,Z 65,Staloviellekåtan - (led 64) (Lunndörrstugorna),5063.15341948678,"{""OBJECTID"": 12352350, ""STATLIGLED"": ""Z 65"", ""STATLIGLEDNAMN"": ""Staloviellekåtan - (led 64) (Lunndörrstugorna)"", ""SHAPE.LEN"": 5063.15341948678}",13.171086789440288,63.10268107880988,LineString,5063.1534194913875,0.0,https://www.openstreetmap.org/?mlat=63.1026811&mlon=13.1710868#map=18/63.1026811/13.1710868,coordinate_fallback,,,statliga_leder
12347986,Z 65,Staloviellekåtan - (led 64) (Lunndörrstugorna),641.699757063717,"{""OBJECTID"": 12347986, ""STATLIGLED"": ""Z 65"", ""STATLIGLEDNAMN"": ""Staloviellekåtan - (led 64) (Lunndörrstugorna)"", ""SHAPE.LEN"": 641.699757063717}",13.104214669210931,63.084764980321395,LineString,641.6997570628401,0.0,https://www.openstreetmap.org/?mlat=63.0847650&mlon=13.1042147#map=18/63.0847650/13.1042147,coordinate_fallback,,,statliga_leder
12347891,Z 65,Staloviellekåtan - (led 64) (Lunndörrstugorna),1932.74706435872,"{""OBJECTID"": 12347891, ""STATLIGLED"": ""Z 65"", ""STATLIGLEDNAMN"": ""Staloviellekåtan - (led 64) (Lunndörrstugorna)"", ""SHAPE.LEN"": 1932.74706435872}",13.125585316800722,63.08730365706551,LineString,1932.7470643586882,0.0,https://www.openstreetmap.org/?mlat=63.0873037&mlon=13.1255853#map=18/63.0873037/13.1255853,coordinate_fallback,,,statliga_leder
12354111,Z 66,Anarisstugan - Gröndalen (led65),12016.4900462909,"{""OBJECTID"": 12354111, ""STATLIGLED"": ""Z 66"", ""STATLIGLEDNAMN"": ""Anarisstugan - Gröndalen (led65)"", ""SHAPE.LEN"": 12016.4900462909}",13.24176563579609,63.0792414222196,LineString,12016.49004626578,0.0,https://www.openstreetmap.org/?mlat=63.0792414&mlon=13.2417656#map=18/63.0792414/13.2417656,coordinate_fallback,,,statliga_leder
12346881,Z 67,Anarisstugan - Hosjöbottnarna,13244.8934454377,"{""OBJECTID"": 12346881, ""STATLIGLED"": ""Z 67"", ""STATLIGLEDNAMN"": ""Anarisstugan - Hosjöbottnarna"", ""SHAPE.LEN"": 13244.8934454377}",13.431850111958015,63.09775858148804,LineString,13244.893445443915,0.0,https://www.openstreetmap.org/?mlat=63.0977586&mlon=13.4318501#map=18/63.0977586/13.4318501,coordinate_fallback,,,statliga_leder
12353188,Z 71,Hosjöbottnarna - Höglekardalen,13774.1706286059,"{""OBJECTID"": 12353188, ""STATLIGLED"": ""Z 71"", ""STATLIGLEDNAMN"": ""Hosjöbottnarna - Höglekardalen"", ""SHAPE.LEN"": 13774.1706286059}",13.633115602777517,63.07457600871049,LineString,13774.170628606998,0.0,https://www.openstreetmap.org/?mlat=63.0745760&mlon=13.6331156#map=18/63.0745760/13.6331156,coordinate_fallback,,,statliga_leder
12351244,Z 73,Höglekardalen - Väster Arådalen (Glen),16170.3151405157,"{""OBJECTID"": 12351244, ""STATLIGLED"": ""Z 73"", ""STATLIGLEDNAMN"": ""Höglekardalen - Väster Arådalen (Glen)"", ""SHAPE.LEN"": 16170.3151405157}",13.650182357434801,63.004767314051996,LineString,16170.315140519662,0.0,https://www.openstreetmap.org/?mlat=63.0047673&mlon=13.6501824#map=18/63.0047673/13.6501824,coordinate_fallback,,,statliga_leder
12353070,Z 75,Väster Arådalen - Tossåsen samt separat skoterled vid Arådalen + skoterled Buhösten,24736.267805353,"{""OBJECTID"": 12353070, ""STATLIGLED"": ""Z 75"", ""STATLIGLEDNAMN"": ""Väster Arådalen - Tossåsen samt separat skoterled vid Arådalen + skoterled Buhösten"", ""SHAPE.LEN"": 24736.267805353}",13.456905551868335,62.948583591794836,LineString,24736.26780535545,0.0,https://www.openstreetmap.org/?mlat=62.9485836&mlon=13.4569056#map=18/62.9485836/13.4569056,coordinate_fallback,,,statliga_leder
12353164,Z 76,Lunndörrsstugorna - Tossåsen via Dörrsjön,3338.27293571234,"{""OBJECTID"": 12353164, ""STATLIGLED"": ""Z 76"", ""STATLIGLEDNAMN"": ""Lunndörrsstugorna - Tossåsen via Dörrsjön"", ""SHAPE.LEN"": 3338.27293571234}",13.234948069997923,62.94522721733371,LineString,3338.272935717217,0.0,https://www.openstreetmap.org/?mlat=62.9452272&mlon=13.2349481#map=18/62.9452272/13.2349481,coordinate_fallback,,,statliga_leder
12347416,Z 77,Lunndörrsstugorna - Lunndörrspasset - Tossåsen,21582.2246687471,"{""OBJECTID"": 12347416, ""STATLIGLED"": ""Z 77"", ""STATLIGLEDNAMN"": ""Lunndörrsstugorna - Lunndörrspasset - Tossåsen"", ""SHAPE.LEN"": 21582.2246687471}",13.129135328629355,62.98165400923513,LineString,21582.224668748975,0.0,https://www.openstreetmap.org/?mlat=62.9816540&mlon=13.1291353#map=18/62.9816540/13.1291353,coordinate_fallback,,,statliga_leder
12353022,Z 81,Övre Nedalsjön (V Ekorrpasset) (led 52) - Väketjakke (led 82),20129.2616864214,"{""OBJECTID"": 12353022, ""STATLIGLED"": ""Z 81"", ""STATLIGLEDNAMN"": ""Övre Nedalsjön (V Ekorrpasset) (led 52) - Väketjakke (led 82)"", ""SHAPE.LEN"": 20129.2616864214}",12.337631198938745,62.89180748047879,LineString,20129.26168641946,0.0,https://www.openstreetmap.org/?mlat=62.8918075&mlon=12.3376312#map=18/62.8918075/12.3376312,coordinate_fallback,,,statliga_leder
12353021,Z 81,Övre Nedalsjön (V Ekorrpasset) (led 52) - Väketjakke (led 82),4903.86041831397,"{""OBJECTID"": 12353021, ""STATLIGLED"": ""Z 81"", ""STATLIGLEDNAMN"": ""Övre Nedalsjön (V Ekorrpasset) (led 52) - Väketjakke (led 82)"", ""SHAPE.LEN"": 4903.86041831397}",12.213781091903988,62.965181470819054,LineString,4903.860418309349,0.0,https://www.openstreetmap.org/?mlat=62.9651815&mlon=12.2137811#map=18/62.9651815/12.2137811,coordinate_fallback,,,statliga_leder
12353023,Z 81,Övre Nedalsjön (V Ekorrpasset) (led 52) - Väketjakke (led 82),3656.4189845097,"{""OBJECTID"": 12353023, ""STATLIGLED"": ""Z 81"", ""STATLIGLEDNAMN"": ""Övre Nedalsjön (V Ekorrpasset) (led 52) - Väketjakke (led 82)"", ""SHAPE.LEN"": 3656.4189845097}",12.162997137595717,62.94045159977504,LineString,3656.4189845135293,0.0,https://www.openstreetmap.org/?mlat=62.9404516&mlon=12.1629971#map=18/62.9404516/12.1629971,coordinate_fallback,,,statliga_leder
12352689,Z 17,Brattli - Jougdaberg - Flyberg,12638.3599390469,"{""OBJECTID"": 12352689, ""STATLIGLED"": ""Z 17"", ""STATLIGLEDNAMN"": ""Brattli - Jougdaberg - Flyberg"", ""SHAPE.LEN"": 12638.3599390469}",14.884076026450044,64.50458217726474,LineString,12638.359939047274,0.0,https://www.openstreetmap.org/?mlat=64.5045822&mlon=14.8840760#map=18/64.5045822/14.8840760,coordinate_fallback,,,statliga_leder
12353115,Z 17,Brattli - Jougdaberg - Flyberg,21527.70298797,"{""OBJECTID"": 12353115, ""STATLIGLED"": ""Z 17"", ""STATLIGLEDNAMN"": ""Brattli - Jougdaberg - Flyberg"", ""SHAPE.LEN"": 21527.70298797}",14.422188379297284,64.52764273688432,LineString,21527.702987964374,0.0,https://www.openstreetmap.org/?mlat=64.5276427&mlon=14.4221884#map=18/64.5276427/14.4221884,coordinate_fallback,,,statliga_leder
12348196,Z 51,Gamla Sylarna - Gåsån (led 42),10723.1066429066,"{""OBJECTID"": 12348196, ""STATLIGLED"": ""Z 51"", ""STATLIGLEDNAMN"": ""Gamla Sylarna - Gåsån (led 42)"", ""SHAPE.LEN"": 10723.1066429066}",12.372734092446459,63.06546103412305,LineString,10723.106642903893,0.0,https://www.openstreetmap.org/?mlat=63.0654610&mlon=12.3727341#map=18/63.0654610/12.3727341,coordinate_fallback,,,statliga_leder
12348726,Z 53,Norska gränsen (Fiskåhöjden) - Sylarnas fjällstation + sommarled Nedalen,4869.71844359008,"{""OBJECTID"": 12348726, ""STATLIGLED"": ""Z 53"", ""STATLIGLEDNAMN"": ""Norska gränsen (Fiskåhöjden) - Sylarnas fjällstation + sommarled Nedalen"", ""SHAPE.LEN"": 4869.71844359008}",12.192938247114562,63.069516354539495,LineString,4869.718443587028,0.0,https://www.openstreetmap.org/?mlat=63.0695164&mlon=12.1929382#map=18/63.0695164/12.1929382,coordinate_fallback,,,statliga_leder
12348310,Z 53,Norska gränsen (Fiskåhöjden) - Sylarnas fjällstation + sommarled Nedalen,3077.64139460108,"{""OBJECTID"": 12348310, ""STATLIGLED"": ""Z 53"", ""STATLIGLEDNAMN"": ""Norska gränsen (Fiskåhöjden) - Sylarnas fjällstation + sommarled Nedalen"", ""SHAPE.LEN"": 3077.64139460108}",12.255230137393907,63.05271698780936,LineString,3077.641394595833,0.0,https://www.openstreetmap.org/?mlat=63.0527170&mlon=12.2552301#map=18/63.0527170/12.2552301,coordinate_fallback,,,statliga_leder
12346880,Z 53,Norska gränsen (Fiskåhöjden) - Sylarnas fjällstation + sommarled Nedalen,3516.50293858735,"{""OBJECTID"": 12346880, ""STATLIGLED"": ""Z 53"", ""STATLIGLEDNAMN"": ""Norska gränsen (Fiskåhöjden) - Sylarnas fjällstation + sommarled Nedalen"", ""SHAPE.LEN"": 3516.50293858735}",12.20423581333279,63.057136500092966,LineString,3516.502938589622,0.0,https://www.openstreetmap.org/?mlat=63.0571365&mlon=12.2042358#map=18/63.0571365/12.2042358,coordinate_fallback,,,statliga_leder
12348198,Z 56,Gåsen - Vålåstugorna,7559.57359548959,"{""OBJECTID"": 12348198, ""STATLIGLED"": ""Z 56"", ""STATLIGLEDNAMN"": ""Gåsen - Vålåstugorna"", ""SHAPE.LEN"": 7559.57359548959}",12.612587238356136,63.0453532447642,LineString,7559.5735955010105,0.0,https://www.openstreetmap.org/?mlat=63.0453532&mlon=12.6125872#map=18/63.0453532/12.6125872,coordinate_fallback,,,statliga_leder
12348197,Z 56,Gåsen - Vålåstugorna,3776.76659648895,"{""OBJECTID"": 12348197, ""STATLIGLED"": ""Z 56"", ""STATLIGLEDNAMN"": ""Gåsen - Vålåstugorna"", ""SHAPE.LEN"": 3776.76659648895}",12.766500826632617,63.03574631178048,LineString,3776.7665964920475,0.0,https://www.openstreetmap.org/?mlat=63.0357463&mlon=12.7665008#map=18/63.0357463/12.7665008,coordinate_fallback,,,statliga_leder
12353271,Z 56,Gåsen - Vålåstugorna,2857.37483460329,"{""OBJECTID"": 12353271, ""STATLIGLED"": ""Z 56"", ""STATLIGLEDNAMN"": ""Gåsen - Vålåstugorna"", ""SHAPE.LEN"": 2857.37483460329}",12.706549654216126,63.03466790073599,LineString,2857.374834610138,0.0,https://www.openstreetmap.org/?mlat=63.0346679&mlon=12.7065497#map=18/63.0346679/12.7065497,coordinate_fallback,,,statliga_leder
12344842,Z 57,Stensdalen - Skaftet (led 59),6547.20115428853,"{""OBJECTID"": 12344842, ""STATLIGLED"": ""Z 57"", ""STATLIGLEDNAMN"": ""Stensdalen - Skaftet (led 59)"", ""SHAPE.LEN"": 6547.20115428853}",12.775576125863996,63.11261144569765,LineString,6547.201154276587,0.0,https://www.openstreetmap.org/?mlat=63.1126114&mlon=12.7755761#map=18/63.1126114/12.7755761,coordinate_fallback,,,statliga_leder
12350956,Z 59,Vålådalen - Vålåstugorna (justerad),18750.1478868274,"{""OBJECTID"": 12350956, ""STATLIGLED"": ""Z 59"", ""STATLIGLEDNAMN"": ""Vålådalen - Vålåstugorna (justerad)"", ""SHAPE.LEN"": 18750.1478868274}",12.86108914460368,63.111886336958726,LineString,18750.14788682644,0.0,https://www.openstreetmap.org/?mlat=63.1118863&mlon=12.8610891#map=18/63.1118863/12.8610891,coordinate_fallback,,,statliga_leder
12353163,Z 36,Enafors - Ulvåtjärnstugan - Enkälen (led 37),12764.0694013869,"{""OBJECTID"": 12353163, ""STATLIGLED"": ""Z 36"", ""STATLIGLEDNAMN"": ""Enafors - Ulvåtjärnstugan - Enkälen (led 37)"", ""SHAPE.LEN"": 12764.0694013869}",12.276520541355827,63.17170070777817,LineString,12764.069401378996,0.0,https://www.openstreetmap.org/?mlat=63.1717007&mlon=12.2765205#map=18/63.1717007/12.2765205,coordinate_fallback,,,statliga_leder
12345934,Z 37,Rundhögen - Blåhammarens fjällstation - Enkälen - Sylarnas fjällstation,26995.3974532315,"{""OBJECTID"": 12345934, ""STATLIGLED"": ""Z 37"", ""STATLIGLEDNAMN"": ""Rundhögen - Blåhammarens fjällstation - Enkälen - Sylarnas fjällstation"", ""SHAPE.LEN"": 26995.3974532315}",12.216131501796307,63.15130525070502,LineString,26995.397453230034,0.0,https://www.openstreetmap.org/?mlat=63.1513053&mlon=12.2161315#map=18/63.1513053/12.2161315,coordinate_fallback,,,statliga_leder
12353004,Z 61,Vålåstugorna - Lunndörrstugorna,15618.7217700988,"{""OBJECTID"": 12353004, ""STATLIGLED"": ""Z 61"", ""STATLIGLEDNAMN"": ""Vålåstugorna - Lunndörrstugorna"", ""SHAPE.LEN"": 15618.7217700988}",12.929348974400039,63.04836472595189,LineString,15618.721770097762,0.0,https://www.openstreetmap.org/?mlat=63.0483647&mlon=12.9293490#map=18/63.0483647/12.9293490,coordinate_fallback,,,statliga_leder
12353019,Z 62,Vålådalen - Lunndörrstugorna,12327.1427179652,"{""OBJECTID"": 12353019, ""STATLIGLED"": ""Z 62"", ""STATLIGLEDNAMN"": ""Vålådalen - Lunndörrstugorna"", ""SHAPE.LEN"": 12327.1427179652}",13.016406948567937,63.10883373557491,LineString,12327.142717952182,0.0,https://www.openstreetmap.org/?mlat=63.1088337&mlon=13.0164069#map=18/63.1088337/13.0164069,coordinate_fallback,,,statliga_leder
12347421,Z 63,Vålådalen - Vallbo - Anarisstugan + skoterled Vallbo - Ottsjön,26085.7239259366,"{""OBJECTID"": 12347421, ""STATLIGLED"": ""Z 63"", ""STATLIGLEDNAMN"": ""Vålådalen - Vallbo - Anarisstugan + skoterled Vallbo - Ottsjön"", ""SHAPE.LEN"": 26085.7239259366}",13.149157962600995,63.13000356970878,LineString,26085.723925946717,0.0,https://www.openstreetmap.org/?mlat=63.1300036&mlon=13.1491580#map=18/63.1300036/13.1491580,coordinate_fallback,,,statliga_leder
12353346,Z 107,Bustvålen (led 106) - Rogenstugan + vinterled Rödviken - Skedbrostugan,12765.4307608762,"{""OBJECTID"": 12353346, ""STATLIGLED"": ""Z 107"", ""STATLIGLEDNAMN"": ""Bustvålen (led 106) - Rogenstugan + vinterled Rödviken - Skedbrostugan"", ""SHAPE.LEN"": 12765.4307608762}",12.35542272302068,62.34724513716234,LineString,12765.430760875048,0.0,https://www.openstreetmap.org/?mlat=62.3472451&mlon=12.3554227#map=18/62.3472451/12.3554227,coordinate_fallback,,,statliga_leder
12348202,Z 109,Rogenstugan - Tandsjövålen - Länsgränsen öster Rogsstöten + vinterled Rogenstugan - Länsgränsen sjös,12012.3024463429,"{""OBJECTID"": 12348202, ""STATLIGLED"": ""Z 109"", ""STATLIGLEDNAMN"": ""Rogenstugan - Tandsjövålen - Länsgränsen öster Rogsstöten + vinterled Rogenstugan - Länsgränsen sjös"", ""SHAPE.LEN"": 12012.3024463429}",12.502238643657131,62.27986639522683,LineString,12012.302446343498,0.0,https://www.openstreetmap.org/?mlat=62.2798664&mlon=12.5022386#map=18/62.2798664/12.5022386,coordinate_fallback,,,statliga_leder
12347971,Z 58,Vålåstugorna - Helags,8079.99814163314,"{""OBJECTID"": 12347971, ""STATLIGLED"": ""Z 58"", ""STATLIGLEDNAMN"": ""Vålåstugorna - Helags"", ""SHAPE.LEN"": 8079.99814163314}",12.567964918498541,62.9331825070442,LineString,8079.998141625792,0.0,https://www.openstreetmap.org/?mlat=62.9331825&mlon=12.5679649#map=18/62.9331825/12.5679649,coordinate_fallback,,,statliga_leder
12347964,Z 58,Vålåstugorna - Helags,15242.174132881,"{""OBJECTID"": 12347964, ""STATLIGLED"": ""Z 58"", ""STATLIGLEDNAMN"": ""Vålåstugorna - Helags"", ""SHAPE.LEN"": 15242.174132881}",12.716779264340394,62.998827568923225,LineString,15242.174132871789,0.0,https://www.openstreetmap.org/?mlat=62.9988276&mlon=12.7167793#map=18/62.9988276/12.7167793,coordinate_fallback,,,statliga_leder
12347963,Z 58,Vålåstugorna - Helags,10.5578389384381,"{""OBJECTID"": 12347963, ""STATLIGLED"": ""Z 58"", ""STATLIGLEDNAMN"": ""Vålåstugorna - Helags"", ""SHAPE.LEN"": 10.5578389384381}",12.630131755645472,62.950327490780246,LineString,10.557838939236426,0.0,https://www.openstreetmap.org/?mlat=62.9503275&mlon=12.6301318#map=18/62.9503275/12.6301318,coordinate_fallback,,,statliga_leder
12346909,Z 80,Helagsstugorna - Ljungdalen samt Torkilstöten - Helagsleden (80),9231.51966952936,"{""OBJECTID"": 12346909, ""STATLIGLED"": ""Z 80"", ""STATLIGLEDNAMN"": ""Helagsstugorna - Ljungdalen samt Torkilstöten - Helagsleden (80)"", ""SHAPE.LEN"": 9231.51966952936}",12.645414692182344,62.89327524347416,LineString,9231.5196695367,0.0,https://www.openstreetmap.org/?mlat=62.8932752&mlon=12.6454147#map=18/62.8932752/12.6454147,coordinate_fallback,,,statliga_leder
12354110,Z 79,Ljungris - Ljungdalen via Dunsjön,8661.11689781661,"{""OBJECTID"": 12354110, ""STATLIGLED"": ""Z 79"", ""STATLIGLEDNAMN"": ""Ljungris - Ljungdalen via Dunsjön"", ""SHAPE.LEN"": 8661.11689781661}",12.799699883460237,62.88409232249686,LineString,8661.116897827647,0.0,https://www.openstreetmap.org/?mlat=62.8840923&mlon=12.7996999#map=18/62.8840923/12.7996999,coordinate_fallback,,,statliga_leder
12353042,Z 1,Stekenjokkvägen (Hamptjärn) - Raukaselet,21524.9426660144,"{""OBJECTID"": 12353042, ""STATLIGLED"": ""Z 1"", ""STATLIGLEDNAMN"": ""Stekenjokkvägen (Hamptjärn) - Raukaselet"", ""SHAPE.LEN"": 21524.9426660144}",14.4614210533758,64.95886936719789,LineString,21524.942666018043,0.0,https://www.openstreetmap.org/?mlat=64.9588694&mlon=14.4614211#map=18/64.9588694/14.4614211,coordinate_fallback,,,statliga_leder
12353426,Z 3,Slipsiken (länsgränsen) - Raukasjö,8274.30227751643,"{""OBJECTID"": 12353426, ""STATLIGLED"": ""Z 3"", ""STATLIGLEDNAMN"": ""Slipsiken (länsgränsen) - Raukasjö"", ""SHAPE.LEN"": 8274.30227751643}",14.617757530935542,64.94305290079026,LineString,8274.30227751295,0.0,https://www.openstreetmap.org/?mlat=64.9430529&mlon=14.6177575#map=18/64.9430529/14.6177575,coordinate_fallback,,,statliga_leder
12353425,Z 3,Slipsiken (länsgränsen) - Raukasjö,1974.13762714786,"{""OBJECTID"": 12353425, ""STATLIGLED"": ""Z 3"", ""STATLIGLEDNAMN"": ""Slipsiken (länsgränsen) - Raukasjö"", ""SHAPE.LEN"": 1974.13762714786}",14.693687316266685,64.97125323501862,LineString,1974.1376271517506,0.0,https://www.openstreetmap.org/?mlat=64.9712532&mlon=14.6936873#map=18/64.9712532/14.6936873,coordinate_fallback,,,statliga_leder
12353424,Z 4,Storjola - Raukaselet,10602.2002626618,"{""OBJECTID"": 12353424, ""STATLIGLED"": ""Z 4"", ""STATLIGLEDNAMN"": ""Storjola - Raukaselet"", ""SHAPE.LEN"": 10602.2002626618}",14.705628122309422,64.89215465770602,LineString,10602.200262666265,0.0,https://www.openstreetmap.org/?mlat=64.8921547&mlon=14.7056281#map=18/64.8921547/14.7056281,coordinate_fallback,,,statliga_leder
12353484,Z 14,Sipmesjaure - Gransjön - Blomhöjden (justerad),26839.356394008,"{""OBJECTID"": 12353484, ""STATLIGLED"": ""Z 14"", ""STATLIGLEDNAMN"": ""Sipmesjaure - Gransjön - Blomhöjden (justerad)"", ""SHAPE.LEN"": 26839.356394008}",14.541760459181152,64.66947762876713,LineString,26839.356394011662,0.0,https://www.openstreetmap.org/?mlat=64.6694776&mlon=14.5417605#map=18/64.6694776/14.5417605,coordinate_fallback,,,statliga_leder
12351104,W 1,Länsgränsen - Grövelsjön,1344.2686763988,"{""OBJECTID"": 12351104, ""STATLIGLED"": ""W 1"", ""STATLIGLEDNAMN"": ""Länsgränsen - Grövelsjön"", ""SHAPE.LEN"": 1344.2686763988}",12.351985495192167,62.11246245404027,LineString,1344.2686763986603,0.0,https://www.openstreetmap.org/?mlat=62.1124625&mlon=12.3519855#map=18/62.1124625/12.3519855,coordinate_fallback,,,statliga_leder
12344510,W 1,Länsgränsen - Grövelsjön,8158.11582603532,"{""OBJECTID"": 12344510, ""STATLIGLED"": ""W 1"", ""STATLIGLEDNAMN"": ""Länsgränsen - Grövelsjön"", ""SHAPE.LEN"": 8158.11582603532}",12.371649046995675,62.15186947356185,LineString,8158.115826035347,0.0,https://www.openstreetmap.org/?mlat=62.1518695&mlon=12.3716490#map=18/62.1518695/12.3716490,coordinate_fallback,,,statliga_leder
12344692,W 1,Länsgränsen - Grövelsjön,551.626240549927,"{""OBJECTID"": 12344692, ""STATLIGLED"": ""W 1"", ""STATLIGLEDNAMN"": ""Länsgränsen - Grövelsjön"", ""SHAPE.LEN"": 551.626240549927}",12.330990364249072,62.099021301275464,LineString,551.6262405503945,0.0,https://www.openstreetmap.org/?mlat=62.0990213&mlon=12.3309904#map=18/62.0990213/12.3309904,coordinate_fallback,,,statliga_leder
12344691,W 1,Länsgränsen - Grövelsjön,1121.05306962355,"{""OBJECTID"": 12344691, ""STATLIGLED"": ""W 1"", ""STATLIGLEDNAMN"": ""Länsgränsen - Grövelsjön"", ""SHAPE.LEN"": 1121.05306962355}",12.343305347826357,62.10406607640217,LineString,1121.0530696226933,0.0,https://www.openstreetmap.org/?mlat=62.1040661&mlon=12.3433053#map=18/62.1040661/12.3433053,coordinate_fallback,,,statliga_leder
12344642,W 1,Länsgränsen - Grövelsjön,1764.97131192538,"{""OBJECTID"": 12344642, ""STATLIGLED"": ""W 1"", ""STATLIGLEDNAMN"": ""Länsgränsen - Grövelsjön"", ""SHAPE.LEN"": 1764.97131192538}",12.315918896390357,62.09282021209447,LineString,1764.971311924382,0.0,https://www.openstreetmap.org/?mlat=62.0928202&mlon=12.3159189#map=18/62.0928202/12.3159189,coordinate_fallback,,,statliga_leder
12349096,W 1,Länsgränsen - Grövelsjön,981.033566457525,"{""OBJECTID"": 12349096, ""STATLIGLED"": ""W 1"", ""STATLIGLEDNAMN"": ""Länsgränsen - Grövelsjön"", ""SHAPE.LEN"": 981.033566457525}",12.321530814224854,62.09909035276922,LineString,981.0335664587574,0.0,https://www.openstreetmap.org/?mlat=62.0990904&mlon=12.3215308#map=18/62.0990904/12.3215308,coordinate_fallback,,,statliga_leder
12344510,W 1,Länsgränsen - Grövelsjön,8158.11582603532,"{""OBJECTID"": 12344510, ""STATLIGLED"": ""W 1"", ""STATLIGLEDNAMN"": ""Länsgränsen - Grövelsjön"", ""SHAPE.LEN"": 8158.11582603532}",12.371649046995675,62.15186947356185,LineString,8158.115826035347,0.0,https://www.openstreetmap.org/?mlat=62.1518695&mlon=12.3716490#map=18/62.1518695/12.3716490,coordinate_fallback,,,statliga_leder
12344509,W 1,Länsgränsen - Grövelsjön,1275.27315090471,"{""OBJECTID"": 12344509, ""STATLIGLED"": ""W 1"", ""STATLIGLEDNAMN"": ""Länsgränsen - Grövelsjön"", ""SHAPE.LEN"": 1275.27315090471}",12.403549375513908,62.18542483145555,LineString,1275.2731509066405,0.0,https://www.openstreetmap.org/?mlat=62.1854248&mlon=12.4035494#map=18/62.1854248/12.4035494,coordinate_fallback,,,statliga_leder
12344508,W 1,Länsgränsen - Grövelsjön,1585.84535518133,"{""OBJECTID"": 12344508, ""STATLIGLED"": ""W 1"", ""STATLIGLEDNAMN"": ""Länsgränsen - Grövelsjön"", ""SHAPE.LEN"": 1585.84535518133}",12.334255043968351,62.10772171090198,LineString,1585.845355181611,0.0,https://www.openstreetmap.org/?mlat=62.1077217&mlon=12.3342550#map=18/62.1077217/12.3342550,coordinate_fallback,,,statliga_leder
12350701,W 1,Länsgränsen - Grövelsjön,5855.48693177176,"{""OBJECTID"": 12350701, ""STATLIGLED"": ""W 1"", ""STATLIGLEDNAMN"": ""Länsgränsen - Grövelsjön"", ""SHAPE.LEN"": 5855.48693177176}",12.459819299551596,62.20802679278556,LineString,5855.486931770923,0.0,https://www.openstreetmap.org/?mlat=62.2080268&mlon=12.4598193#map=18/62.2080268/12.4598193,coordinate_fallback,,,statliga_leder
12353847,W 1,Länsgränsen - Grövelsjön,434.067457325136,"{""OBJECTID"": 12353847, ""STATLIGLED"": ""W 1"", ""STATLIGLEDNAMN"": ""Länsgränsen - Grövelsjön"", ""SHAPE.LEN"": 434.067457325136}",12.501865205189985,62.23007022452819,LineString,434.0674573246068,0.0,https://www.openstreetmap.org/?mlat=62.2300702&mlon=12.5018652#map=18/62.2300702/12.5018652,coordinate_fallback,,,statliga_leder
12353846,W 1,Länsgränsen - Grövelsjön,624.059934465589,"{""OBJECTID"": 12353846, ""STATLIGLED"": ""W 1"", ""STATLIGLEDNAMN"": ""Länsgränsen - Grövelsjön"", ""SHAPE.LEN"": 624.059934465589}",12.34381511556999,62.11600730175044,LineString,624.0599344649254,0.0,https://www.openstreetmap.org/?mlat=62.1160073&mlon=12.3438151#map=18/62.1160073/12.3438151,coordinate_fallback,,,statliga_leder
12353700,W 1,Länsgränsen - Grövelsjön,1451.32896446283,"{""OBJECTID"": 12353700, ""STATLIGLED"": ""W 1"", ""STATLIGLEDNAMN"": ""Länsgränsen - Grövelsjön"", ""SHAPE.LEN"": 1451.32896446283}",12.502058140669032,62.22245495436101,LineString,1451.3289644621261,0.0,https://www.openstreetmap.org/?mlat=62.2224550&mlon=12.5020581#map=18/62.2224550/12.5020581,coordinate_fallback,,,statliga_leder
12349572,W 1,Länsgränsen - Grövelsjön,1078.67510592433,"{""OBJECTID"": 12349572, ""STATLIGLED"": ""W 1"", ""STATLIGLEDNAMN"": ""Länsgränsen - Grövelsjön"", ""SHAPE.LEN"": 1078.67510592433}",12.423720093291358,62.18754628255675,LineString,1078.6751059290957,0.0,https://www.openstreetmap.org/?mlat=62.1875463&mlon=12.4237201#map=18/62.1875463/12.4237201,coordinate_fallback,,,statliga_leder
12348727,Z 96,Skenörsfjället (led 94) - Hamrafjället,6309.91563998611,"{""OBJECTID"": 12348727, ""STATLIGLED"": ""Z 96"", ""STATLIGLEDNAMN"": ""Skenörsfjället (led 94) - Hamrafjället"", ""SHAPE.LEN"": 6309.91563998611}",12.24791390613632,62.59193907713439,LineString,6309.915639984704,0.0,https://www.openstreetmap.org/?mlat=62.5919391&mlon=12.2479139#map=18/62.5919391/12.2479139,coordinate_fallback,,,statliga_leder
12352969,Z 97,Andersborg - (led 92) - Funäsdalen,2380.85630098886,"{""OBJECTID"": 12352969, ""STATLIGLED"": ""Z 97"", ""STATLIGLEDNAMN"": ""Andersborg - (led 92) - Funäsdalen"", ""SHAPE.LEN"": 2380.85630098886}",12.347616458139465,62.56374738777856,LineString,2380.8563009897903,0.0,https://www.openstreetmap.org/?mlat=62.5637474&mlon=12.3476165#map=18/62.5637474/12.3476165,coordinate_fallback,,,statliga_leder
12352968,Z 97,Andersborg - (led 92) - Funäsdalen,10924.8872924728,"{""OBJECTID"": 12352968, ""STATLIGLED"": ""Z 97"", ""STATLIGLEDNAMN"": ""Andersborg - (led 92) - Funäsdalen"", ""SHAPE.LEN"": 10924.8872924728}",12.449549510539155,62.537917186612766,LineString,10924.887292467698,0.0,https://www.openstreetmap.org/?mlat=62.5379172&mlon=12.4495495#map=18/62.5379172/12.4495495,coordinate_fallback,,,statliga_leder
12354888,Z 42,Storulvån - Tjallingen - Gåsen,25.1563578556197,"{""OBJECTID"": 12354888, ""STATLIGLED"": ""Z 42"", ""STATLIGLEDNAMN"": ""Storulvån - Tjallingen - Gåsen"", ""SHAPE.LEN"": 25.1563578556197}",12.542751948720287,63.04927228618779,LineString,25.156357856587483,0.0,https://www.openstreetmap.org/?mlat=63.0492723&mlon=12.5427519#map=18/63.0492723/12.5427519,coordinate_fallback,,,statliga_leder
12354887,Z 42,Storulvån - Tjallingen - Gåsen,4392.14874267132,"{""OBJECTID"": 12354887, ""STATLIGLED"": ""Z 42"", ""STATLIGLEDNAMN"": ""Storulvån - Tjallingen - Gåsen"", ""SHAPE.LEN"": 4392.14874267132}",12.504063155761676,63.05366470602873,LineString,4392.148742659345,0.0,https://www.openstreetmap.org/?mlat=63.0536647&mlon=12.5040632#map=18/63.0536647/12.5040632,coordinate_fallback,,,statliga_leder
12354886,Z 42,Storulvån - Tjallingen - Gåsen,88.3638845406453,"{""OBJECTID"": 12354886, ""STATLIGLED"": ""Z 42"", ""STATLIGLEDNAMN"": ""Storulvån - Tjallingen - Gåsen"", ""SHAPE.LEN"": 88.3638845406453}",12.543769786206706,63.04949499244585,LineString,88.36388453989845,0.0,https://www.openstreetmap.org/?mlat=63.0494950&mlon=12.5437698#map=18/63.0494950/12.5437698,coordinate_fallback,,,statliga_leder
12348704,Z 48,Sörbotten - Ottfjället - Vålådalen (justerad),15305.986105857,"{""OBJECTID"": 12348704, ""STATLIGLED"": ""Z 48"", ""STATLIGLEDNAMN"": ""Sörbotten - Ottfjället - Vålådalen (justerad)"", ""SHAPE.LEN"": 15305.986105857}",12.927686948310848,63.200254012175336,LineString,15305.986105863192,0.0,https://www.openstreetmap.org/?mlat=63.2002540&mlon=12.9276869#map=18/63.2002540/12.9276869,coordinate_fallback,,,statliga_leder
12348199,Z 49,Vålådalen - Stensdalsstugorna,8256.37306960727,"{""OBJECTID"": 12348199, ""STATLIGLED"": ""Z 49"", ""STATLIGLEDNAMN"": ""Vålådalen - Stensdalsstugorna"", ""SHAPE.LEN"": 8256.37306960727}",12.811157676373659,63.13482985113554,LineString,8256.373069620586,0.0,https://www.openstreetmap.org/?mlat=63.1348299&mlon=12.8111577#map=18/63.1348299/12.8111577,coordinate_fallback,,,statliga_leder
12354187,W 1,Länsgränsen - Grövelsjön,7175.64145017877,"{""OBJECTID"": 12354187, ""STATLIGLED"": ""W 1"", ""STATLIGLEDNAMN"": ""Länsgränsen - Grövelsjön"", ""SHAPE.LEN"": 7175.64145017877}",12.361047472359148,62.15193349651209,LineString,7175.641450179349,0.0,https://www.openstreetmap.org/?mlat=62.1519335&mlon=12.3610475#map=18/62.1519335/12.3610475,coordinate_fallback,,,statliga_leder
12354091,W 1,Länsgränsen - Grövelsjön,120.406932866946,"{""OBJECTID"": 12354091, ""STATLIGLED"": ""W 1"", ""STATLIGLEDNAMN"": ""Länsgränsen - Grövelsjön"", ""SHAPE.LEN"": 120.406932866946}",12.322782880818352,62.09750753278274,LineString,120.4069328668334,0.0,https://www.openstreetmap.org/?mlat=62.0975075&mlon=12.3227829#map=18/62.0975075/12.3227829,coordinate_fallback,,,statliga_leder
12344501,W 1,Länsgränsen - Grövelsjön,1585.84535518133,"{""OBJECTID"": 12344501, ""STATLIGLED"": ""W 1"", ""STATLIGLEDNAMN"": ""Länsgränsen - Grövelsjön"", ""SHAPE.LEN"": 1585.84535518133}",12.334255043968351,62.10772171090198,LineString,1585.845355181611,0.0,https://www.openstreetmap.org/?mlat=62.1077217&mlon=12.3342550#map=18/62.1077217/12.3342550,coordinate_fallback,,,statliga_leder
12344500,W 1,Länsgränsen - Grövelsjön,1059.12523203699,"{""OBJECTID"": 12344500, ""STATLIGLED"": ""W 1"", ""STATLIGLEDNAMN"": ""Länsgränsen - Grövelsjön"", ""SHAPE.LEN"": 1059.12523203699}",12.342281249409503,62.11834074243501,LineString,1059.1252320366284,0.0,https://www.openstreetmap.org/?mlat=62.1183407&mlon=12.3422812#map=18/62.1183407/12.3422812,coordinate_fallback,,,statliga_leder
12344499,W 1,Länsgränsen - Grövelsjön,2104.07789778675,"{""OBJECTID"": 12344499, ""STATLIGLED"": ""W 1"", ""STATLIGLEDNAMN"": ""Länsgränsen - Grövelsjön"", ""SHAPE.LEN"": 2104.07789778675}",12.403764454863298,62.18199212723792,LineString,2104.077897786796,0.0,https://www.openstreetmap.org/?mlat=62.1819921&mlon=12.4037645#map=18/62.1819921/12.4037645,coordinate_fallback,,,statliga_leder
12344497,W 1,Länsgränsen - Grövelsjön,1292.81218070076,"{""OBJECTID"": 12344497, ""STATLIGLED"": ""W 1"", ""STATLIGLEDNAMN"": ""Länsgränsen - Grövelsjön"", ""SHAPE.LEN"": 1292.81218070076}",12.497025263722422,62.22392066537792,LineString,1292.8121806999754,0.0,https://www.openstreetmap.org/?mlat=62.2239207&mlon=12.4970253#map=18/62.2239207/12.4970253,coordinate_fallback,,,statliga_leder
12350701,W 1,Länsgränsen - Grövelsjön,5855.48693177176,"{""OBJECTID"": 12350701, ""STATLIGLED"": ""W 1"", ""STATLIGLEDNAMN"": ""Länsgränsen - Grövelsjön"", ""SHAPE.LEN"": 5855.48693177176}",12.459819299551596,62.20802679278556,LineString,5855.486931770923,0.0,https://www.openstreetmap.org/?mlat=62.2080268&mlon=12.4598193#map=18/62.2080268/12.4598193,coordinate_fallback,,,statliga_leder
12353847,W 1,Länsgränsen - Grövelsjön,434.067457325136,"{""OBJECTID"": 12353847, ""STATLIGLED"": ""W 1"", ""STATLIGLEDNAMN"": ""Länsgränsen - Grövelsjön"", ""SHAPE.LEN"": 434.067457325136}",12.501865205189985,62.23007022452819,LineString,434.0674573246068,0.0,https://www.openstreetmap.org/?mlat=62.2300702&mlon=12.5018652#map=18/62.2300702/12.5018652,coordinate_fallback,,,statliga_leder
12353825,W 1,Länsgränsen - Grövelsjön,564.894399413561,"{""OBJECTID"": 12353825, ""STATLIGLED"": ""W 1"", ""STATLIGLEDNAMN"": ""Länsgränsen - Grövelsjön"", ""SHAPE.LEN"": 564.894399413561}",12.389692262041692,62.18234459641957,LineString,564.8943994146273,0.0,https://www.openstreetmap.org/?mlat=62.1823446&mlon=12.3896923#map=18/62.1823446/12.3896923,coordinate_fallback,,,statliga_leder
12349572,W 1,Länsgränsen - Grövelsjön,1078.67510592433,"{""OBJECTID"": 12349572, ""STATLIGLED"": ""W 1"", ""STATLIGLEDNAMN"": ""Länsgränsen - Grövelsjön"", ""SHAPE.LEN"": 1078.67510592433}",12.423720093291358,62.18754628255675,LineString,1078.6751059290957,0.0,https://www.openstreetmap.org/?mlat=62.1875463&mlon=12.4237201#map=18/62.1875463/12.4237201,coordinate_fallback,,,statliga_leder
12349444,W 1,Länsgränsen - Grövelsjön,599.188694590858,"{""OBJECTID"": 12349444, ""STATLIGLED"": ""W 1"", ""STATLIGLEDNAMN"": ""Länsgränsen - Grövelsjön"", ""SHAPE.LEN"": 599.188694590858}",12.32419196836524,62.1009998595122,LineString,599.188694591778,0.0,https://www.openstreetmap.org/?mlat=62.1009999&mlon=12.3241920#map=18/62.1009999/12.3241920,coordinate_fallback,,,statliga_leder
12349443,W 1,Länsgränsen - Grövelsjön,331.838276659107,"{""OBJECTID"": 12349443, ""STATLIGLED"": ""W 1"", ""STATLIGLEDNAMN"": ""Länsgränsen - Grövelsjön"", ""SHAPE.LEN"": 331.838276659107}",12.316143616048533,62.10004920003233,LineString,331.83827665782167,0.0,https://www.openstreetmap.org/?mlat=62.1000492&mlon=12.3161436#map=18/62.1000492/12.3161436,coordinate_fallback,,,statliga_leder
12349442,W 1,Länsgränsen - Grövelsjön,509.191799419201,"{""OBJECTID"": 12349442, ""STATLIGLED"": ""W 1"", ""STATLIGLEDNAMN"": ""Länsgränsen - Grövelsjön"", ""SHAPE.LEN"": 509.191799419201}",12.326975116890415,62.099012557203906,LineString,509.1917994173161,0.0,https://www.openstreetmap.org/?mlat=62.0990126&mlon=12.3269751#map=18/62.0990126/12.3269751,coordinate_fallback,,,statliga_leder
12349181,W 16,STF Grövelsjön - Valosen (ny),2165.06538940785,"{""OBJECTID"": 12349181, ""STATLIGLED"": ""W 16"", ""STATLIGLEDNAMN"": ""STF Grövelsjön - Valosen (ny)"", ""SHAPE.LEN"": 2165.06538940785}",12.281565326880255,61.985211533339864,LineString,2165.0653894068146,0.0,https://www.openstreetmap.org/?mlat=61.9852115&mlon=12.2815653#map=18/61.9852115/12.2815653,coordinate_fallback,,,statliga_leder
12349180,W 16,STF Grövelsjön - Valosen (ny),7721.80117852317,"{""OBJECTID"": 12349180, ""STATLIGLED"": ""W 16"", ""STATLIGLEDNAMN"": ""STF Grövelsjön - Valosen (ny)"", ""SHAPE.LEN"": 7721.80117852317}",12.263816757858917,62.01854869861981,LineString,7721.801178523758,0.0,https://www.openstreetmap.org/?mlat=62.0185487&mlon=12.2638168#map=18/62.0185487/12.2638168,coordinate_fallback,,,statliga_leder
12353828,W 16,STF Grövelsjön - Valosen (ny),389.314546532699,"{""OBJECTID"": 12353828, ""STATLIGLED"": ""W 16"", ""STATLIGLEDNAMN"": ""STF Grövelsjön - Valosen (ny)"", ""SHAPE.LEN"": 389.314546532699}",12.28806390455656,62.105231846962965,LineString,389.31454653408724,0.0,https://www.openstreetmap.org/?mlat=62.1052318&mlon=12.2880639#map=18/62.1052318/12.2880639,coordinate_fallback,,,statliga_leder
12353827,W 16,STF Grövelsjön - Valosen (ny),323.195016608926,"{""OBJECTID"": 12353827, ""STATLIGLED"": ""W 16"", ""STATLIGLEDNAMN"": ""STF Grövelsjön - Valosen (ny)"", ""SHAPE.LEN"": 323.195016608926}",12.294455822785102,62.10583962083027,LineString,323.1950166095223,0.0,https://www.openstreetmap.org/?mlat=62.1058396&mlon=12.2944558#map=18/62.1058396/12.2944558,coordinate_fallback,,,statliga_leder
12353826,W 16,STF Grövelsjön - Valosen (ny),1914.9247162709,"{""OBJECTID"": 12353826, ""STATLIGLED"": ""W 16"", ""STATLIGLEDNAMN"": ""STF Grövelsjön - Valosen (ny)"", ""SHAPE.LEN"": 1914.9247162709}",12.272968120604624,62.10045092683411,LineString,1914.9247162703682,0.0,https://www.openstreetmap.org/?mlat=62.1004509&mlon=12.2729681#map=18/62.1004509/12.2729681,coordinate_fallback,,,statliga_leder
12353824,W 16,STF Grövelsjön - Valosen (ny),1323.62783322546,"{""OBJECTID"": 12353824, ""STATLIGLED"": ""W 16"", ""STATLIGLEDNAMN"": ""STF Grövelsjön - Valosen (ny)"", ""SHAPE.LEN"": 1323.62783322546}",12.305372702912546,62.103172325095116,LineString,1323.6278332244906,0.0,https://www.openstreetmap.org/?mlat=62.1031723&mlon=12.3053727#map=18/62.1031723/12.3053727,coordinate_fallback,,,statliga_leder
12353620,W 16,STF Grövelsjön - Valosen (ny),2341.98336547037,"{""OBJECTID"": 12353620, ""STATLIGLED"": ""W 16"", ""STATLIGLEDNAMN"": ""STF Grövelsjön - Valosen (ny)"", ""SHAPE.LEN"": 2341.98336547037}",12.257267502701598,62.07192441736802,LineString,2341.983365469176,0.0,https://www.openstreetmap.org/?mlat=62.0719244&mlon=12.2572675#map=18/62.0719244/12.2572675,coordinate_fallback,,,statliga_leder
12353618,W 16,STF Grövelsjön - Valosen (ny),677.413757901318,"{""OBJECTID"": 12353618, ""STATLIGLED"": ""W 16"", ""STATLIGLEDNAMN"": ""STF Grövelsjön - Valosen (ny)"", ""SHAPE.LEN"": 677.413757901318}",12.272075824453488,62.08195371591276,LineString,677.4137578998427,0.0,https://www.openstreetmap.org/?mlat=62.0819537&mlon=12.2720758#map=18/62.0819537/12.2720758,coordinate_fallback,,,statliga_leder
12353617,W 16,STF Grövelsjön - Valosen (ny),2051.17182492933,"{""OBJECTID"": 12353617, ""STATLIGLED"": ""W 16"", ""STATLIGLEDNAMN"": ""STF Grövelsjön - Valosen (ny)"", ""SHAPE.LEN"": 2051.17182492933}",12.242448999294167,62.056027103473944,LineString,2051.171824929446,0.0,https://www.openstreetmap.org/?mlat=62.0560271&mlon=12.2424490#map=18/62.0560271/12.2424490,coordinate_fallback,,,statliga_leder
12353616,W 16,STF Grövelsjön - Valosen (ny),1232.98651469394,"{""OBJECTID"": 12353616, ""STATLIGLED"": ""W 16"", ""STATLIGLEDNAMN"": ""STF Grövelsjön - Valosen (ny)"", ""SHAPE.LEN"": 1232.98651469394}",12.271974216485074,62.0893298066952,LineString,1232.9865146938696,0.0,https://www.openstreetmap.org/?mlat=62.0893298&mlon=12.2719742#map=18/62.0893298/12.2719742,coordinate_fallback,,,statliga_leder
12354515,W 6,Rösjöstugorna - Storbron,10127.8716296947,"{""OBJECTID"": 12354515, ""STATLIGLED"": ""W 6"", ""STATLIGLEDNAMN"": ""Rösjöstugorna - Storbron"", ""SHAPE.LEN"": 10127.8716296947}",12.789603366790933,61.516943109612896,LineString,10127.871629690944,0.0,https://www.openstreetmap.org/?mlat=61.5169431&mlon=12.7896034#map=18/61.5169431/12.7896034,coordinate_fallback,,,statliga_leder
12354447,W 6,Rösjöstugorna - Storbron,5066.82216744254,"{""OBJECTID"": 12354447, ""STATLIGLED"": ""W 6"", ""STATLIGLEDNAMN"": ""Rösjöstugorna - Storbron"", ""SHAPE.LEN"": 5066.82216744254}",12.704679609218719,61.608611089230365,LineString,5066.822167442213,0.0,https://www.openstreetmap.org/?mlat=61.6086111&mlon=12.7046796#map=18/61.6086111/12.7046796,coordinate_fallback,,,statliga_leder
12355287,W 6,Rösjöstugorna - Storbron,4300.2323926156,"{""OBJECTID"": 12355287, ""STATLIGLED"": ""W 6"", ""STATLIGLEDNAMN"": ""Rösjöstugorna - Storbron"", ""SHAPE.LEN"": 4300.2323926156}",12.735632295274279,61.57211547124471,LineString,4300.2323926141835,0.0,https://www.openstreetmap.org/?mlat=61.5721155&mlon=12.7356323#map=18/61.5721155/12.7356323,coordinate_fallback,,,statliga_leder
12353630,W 6,Rösjöstugorna - Storbron,2951.73052422238,"{""OBJECTID"": 12353630, ""STATLIGLED"": ""W 6"", ""STATLIGLEDNAMN"": ""Rösjöstugorna - Storbron"", ""SHAPE.LEN"": 2951.73052422238}",12.845269304706026,61.400362374898734,LineString,2951.7305242231914,0.0,https://www.openstreetmap.org/?mlat=61.4003624&mlon=12.8452693#map=18/61.4003624/12.8452693,coordinate_fallback,,,statliga_leder
12353629,W 6,Rösjöstugorna - Storbron,9764.8402773023,"{""OBJECTID"": 12353629, ""STATLIGLED"": ""W 6"", ""STATLIGLEDNAMN"": ""Rösjöstugorna - Storbron"", ""SHAPE.LEN"": 9764.8402773023}",12.857891508715094,61.44589940149768,LineString,9764.84027730457,0.0,https://www.openstreetmap.org/?mlat=61.4458994&mlon=12.8578915#map=18/61.4458994/12.8578915,coordinate_fallback,,,statliga_leder
12349181,W 13,Lövåsen - Sågliden - Guttudalskojan (ny),2165.06538940785,"{""OBJECTID"": 12349181, ""STATLIGLED"": ""W 13"", ""STATLIGLEDNAMN"": ""Lövåsen - Sågliden - Guttudalskojan (ny)"", ""SHAPE.LEN"": 2165.06538940785}",12.281565326880255,61.985211533339864,LineString,2165.0653894068146,0.0,https://www.openstreetmap.org/?mlat=61.9852115&mlon=12.2815653#map=18/61.9852115/12.2815653,coordinate_fallback,,,statliga_leder
12347912,W 13,Lövåsen - Sågliden - Guttudalskojan (ny),13583.4482364791,"{""OBJECTID"": 12347912, ""STATLIGLED"": ""W 13"", ""STATLIGLEDNAMN"": ""Lövåsen - Sågliden - Guttudalskojan (ny)"", ""SHAPE.LEN"": 13583.4482364791}",12.365016166655709,62.02302135657787,LineString,13583.448236481563,0.0,https://www.openstreetmap.org/?mlat=62.0230214&mlon=12.3650162#map=18/62.0230214/12.3650162,coordinate_fallback,,,statliga_leder
12351998,W 13,Lövåsen - Sågliden - Guttudalskojan (ny),1867.88974785265,"{""OBJECTID"": 12351998, ""STATLIGLED"": ""W 13"", ""STATLIGLEDNAMN"": ""Lövåsen - Sågliden - Guttudalskojan (ny)"", ""SHAPE.LEN"": 1867.88974785265}",12.424508330474294,62.03529120141158,LineString,1867.889747854631,0.0,https://www.openstreetmap.org/?mlat=62.0352912&mlon=12.4245083#map=18/62.0352912/12.4245083,coordinate_fallback,,,statliga_leder
12349007,W 15,Flötningen - IdPerssätern (ny),280.599577942038,"{""OBJECTID"": 12349007, ""STATLIGLED"": ""W 15"", ""STATLIGLEDNAMN"": ""Flötningen - IdPerssätern (ny)"", ""SHAPE.LEN"": 280.599577942038}",12.21311555534819,61.85294407379141,LineString,280.599577944475,0.0,https://www.openstreetmap.org/?mlat=61.8529441&mlon=12.2131156#map=18/61.8529441/12.2131156,coordinate_fallback,,,statliga_leder
12349006,W 15,Flötningen - IdPerssätern (ny),5415.68455967044,"{""OBJECTID"": 12349006, ""STATLIGLED"": ""W 15"", ""STATLIGLEDNAMN"": ""Flötningen - IdPerssätern (ny)"", ""SHAPE.LEN"": 5415.68455967044}",12.315147948707681,61.69895022920259,LineString,5415.684559673944,0.0,https://www.openstreetmap.org/?mlat=61.6989502&mlon=12.3151479#map=18/61.6989502/12.3151479,coordinate_fallback,,,statliga_leder
12349348,W 15,Flötningen - IdPerssätern (ny),5367.88488617103,"{""OBJECTID"": 12349348, ""STATLIGLED"": ""W 15"", ""STATLIGLEDNAMN"": ""Flötningen - IdPerssätern (ny)"", ""SHAPE.LEN"": 5367.88488617103}",12.176737234861942,61.71293837586614,LineString,5367.884886170628,0.0,https://www.openstreetmap.org/?mlat=61.7129384&mlon=12.1767372#map=18/61.7129384/12.1767372,coordinate_fallback,,,statliga_leder
12349347,W 15,Flötningen - IdPerssätern (ny),398.491430476271,"{""OBJECTID"": 12349347, ""STATLIGLED"": ""W 15"", ""STATLIGLEDNAMN"": ""Flötningen - IdPerssätern (ny)"", ""SHAPE.LEN"": 398.491430476271}",12.181002231861735,61.766661015262784,LineString,398.4914304760617,0.0,https://www.openstreetmap.org/?mlat=61.7666610&mlon=12.1810022#map=18/61.7666610/12.1810022,coordinate_fallback,,,statliga_leder
12349346,W 15,Flötningen - IdPerssätern (ny),4605.20088973112,"{""OBJECTID"": 12349346, ""STATLIGLED"": ""W 15"", ""STATLIGLEDNAMN"": ""Flötningen - IdPerssätern (ny)"", ""SHAPE.LEN"": 4605.20088973112}",12.237832684260498,61.70585862491149,LineString,4605.2008897364085,0.0,https://www.openstreetmap.org/?mlat=61.7058586&mlon=12.2378327#map=18/61.7058586/12.2378327,coordinate_fallback,,,statliga_leder
12349399,W 15,Flötningen - IdPerssätern (ny),3736.30352024443,"{""OBJECTID"": 12349399, ""STATLIGLED"": ""W 15"", ""STATLIGLEDNAMN"": ""Flötningen - IdPerssätern (ny)"", ""SHAPE.LEN"": 3736.30352024443}",12.18408772833184,61.750409360120756,LineString,3736.303520244914,0.0,https://www.openstreetmap.org/?mlat=61.7504094&mlon=12.1840877#map=18/61.7504094/12.1840877,coordinate_fallback,,,statliga_leder
12349398,W 15,Flötningen - IdPerssätern (ny),10277.197407095,"{""OBJECTID"": 12349398, ""STATLIGLED"": ""W 15"", ""STATLIGLEDNAMN"": ""Flötningen - IdPerssätern (ny)"", ""SHAPE.LEN"": 10277.197407095}",12.203153351832459,61.80842739806698,LineString,10277.197407092273,0.0,https://www.openstreetmap.org/?mlat=61.8084274&mlon=12.2031534#map=18/61.8084274/12.2031534,coordinate_fallback,,,statliga_leder
12349314,W 4,Drevdagen - Gördalen,364.623939009256,"{""OBJECTID"": 12349314, ""STATLIGLED"": ""W 4"", ""STATLIGLEDNAMN"": ""Drevdagen - Gördalen"", ""SHAPE.LEN"": 364.623939009256}",12.46899218956585,61.587971641697386,LineString,364.6239390081211,0.0,https://www.openstreetmap.org/?mlat=61.5879716&mlon=12.4689922#map=18/61.5879716/12.4689922,coordinate_fallback,,,statliga_leder
12354583,W 4,Drevdagen - Gördalen,2808.77936573232,"{""OBJECTID"": 12354583, ""STATLIGLED"": ""W 4"", ""STATLIGLEDNAMN"": ""Drevdagen - Gördalen"", ""SHAPE.LEN"": 2808.77936573232}",12.36080601915758,61.677067670782854,LineString,2808.779365732834,0.0,https://www.openstreetmap.org/?mlat=61.6770677&mlon=12.3608060#map=18/61.6770677/12.3608060,coordinate_fallback,,,statliga_leder
12354581,W 4,Drevdagen - Gördalen,1175.87081187257,"{""OBJECTID"": 12354581, ""STATLIGLED"": ""W 4"", ""STATLIGLEDNAMN"": ""Drevdagen - Gördalen"", ""SHAPE.LEN"": 1175.87081187257}",12.421706889451904,61.75695881616147,LineString,1175.8708118742525,0.0,https://www.openstreetmap.org/?mlat=61.7569588&mlon=12.4217069#map=18/61.7569588/12.4217069,coordinate_fallback,,,statliga_leder
12354580,W 4,Drevdagen - Gördalen,11823.6860776195,"{""OBJECTID"": 12354580, ""STATLIGLED"": ""W 4"", ""STATLIGLEDNAMN"": ""Drevdagen - Gördalen"", ""SHAPE.LEN"": 11823.6860776195}",12.41278695660899,61.71163435439752,LineString,11823.686077622035,0.0,https://www.openstreetmap.org/?mlat=61.7116344&mlon=12.4127870#map=18/61.7116344/12.4127870,coordinate_fallback,,,statliga_leder
12354246,W 4,Drevdagen - Gördalen,1466.38021044338,"{""OBJECTID"": 12354246, ""STATLIGLED"": ""W 4"", ""STATLIGLEDNAMN"": ""Drevdagen - Gördalen"", ""SHAPE.LEN"": 1466.38021044338}",12.48596450435624,61.593086433467484,LineString,1466.380210441292,0.0,https://www.openstreetmap.org/?mlat=61.5930864&mlon=12.4859645#map=18/61.5930864/12.4859645,coordinate_fallback,,,statliga_leder
12354245,W 4,Drevdagen - Gördalen,334.302750502848,"{""OBJECTID"": 12354245, ""STATLIGLED"": ""W 4"", ""STATLIGLEDNAMN"": ""Drevdagen - Gördalen"", ""SHAPE.LEN"": 334.302750502848}",12.473988792964077,61.58855122949038,LineString,334.3027505031321,0.0,https://www.openstreetmap.org/?mlat=61.5885512&mlon=12.4739888#map=18/61.5885512/12.4739888,coordinate_fallback,,,statliga_leder
12344538,W 4,Drevdagen - Gördalen,6057.45549069891,"{""OBJECTID"": 12344538, ""STATLIGLED"": ""W 4"", ""STATLIGLEDNAMN"": ""Drevdagen - Gördalen"", ""SHAPE.LEN"": 6057.45549069891}",12.368822039154303,61.638777246255565,LineString,6057.455490697035,0.0,https://www.openstreetmap.org/?mlat=61.6387772&mlon=12.3688220#map=18/61.6387772/12.3688220,coordinate_fallback,,,statliga_leder
12344539,W 4,Drevdagen - Gördalen,6119.69154344306,"{""OBJECTID"": 12344539, ""STATLIGLED"": ""W 4"", ""STATLIGLEDNAMN"": ""Drevdagen - Gördalen"", ""SHAPE.LEN"": 6119.69154344306}",12.426338675664168,61.60078223489911,LineString,6119.691543447292,0.0,https://www.openstreetmap.org/?mlat=61.6007822&mlon=12.4263387#map=18/61.6007822/12.4263387,coordinate_fallback,,,statliga_leder
12351349,Z 91,Långbrottsjön - Bruksvallarna,9616.91270039227,"{""OBJECTID"": 12351349, ""STATLIGLED"": ""Z 91"", ""STATLIGLEDNAMN"": ""Långbrottsjön - Bruksvallarna"", ""SHAPE.LEN"": 9616.91270039227}",12.334726945617994,62.657245615979555,LineString,9616.912700390672,0.0,https://www.openstreetmap.org/?mlat=62.6572456&mlon=12.3347269#map=18/62.6572456/12.3347269,coordinate_fallback,,,statliga_leder
12348875,Z 92,Ramundberget - Ösjöstugan - Svalåtjärn - Tänndalen,2225.58037164494,"{""OBJECTID"": 12348875, ""STATLIGLED"": ""Z 92"", ""STATLIGLEDNAMN"": ""Ramundberget - Ösjöstugan - Svalåtjärn - Tänndalen"", ""SHAPE.LEN"": 2225.58037164494}",12.383485316253532,62.69831696337251,LineString,2225.580371650143,0.0,https://www.openstreetmap.org/?mlat=62.6983170&mlon=12.3834853#map=18/62.6983170/12.3834853,coordinate_fallback,,,statliga_leder
12348874,Z 92,Ramundberget - Ösjöstugan - Svalåtjärn - Tänndalen,19319.6106584935,"{""OBJECTID"": 12348874, ""STATLIGLED"": ""Z 92"", ""STATLIGLEDNAMN"": ""Ramundberget - Ösjöstugan - Svalåtjärn - Tänndalen"", ""SHAPE.LEN"": 19319.6106584935}",12.33832004254639,62.631299985999796,LineString,19319.61065849536,0.0,https://www.openstreetmap.org/?mlat=62.6313000&mlon=12.3383200#map=18/62.6313000/12.3383200,coordinate_fallback,,,statliga_leder
12348873,Z 92,Ramundberget - Ösjöstugan - Svalåtjärn - Tänndalen,19.7397316344473,"{""OBJECTID"": 12348873, ""STATLIGLED"": ""Z 92"", ""STATLIGLEDNAMN"": ""Ramundberget - Ösjöstugan - Svalåtjärn - Tänndalen"", ""SHAPE.LEN"": 19.7397316344473}",12.372896093602986,62.692431135932296,LineString,19.739731634410273,0.0,https://www.openstreetmap.org/?mlat=62.6924311&mlon=12.3728961#map=18/62.6924311/12.3728961,coordinate_fallback,,,statliga_leder
12351726,Z 93,Ösjöstugan - Klasberget (led 89),33.4266428828861,"{""OBJECTID"": 12351726, ""STATLIGLED"": ""Z 93"", ""STATLIGLEDNAMN"": ""Ösjöstugan - Klasberget (led 89)"", ""SHAPE.LEN"": 33.4266428828861}",12.293828180107464,62.70914636375288,LineString,33.42664288084343,0.0,https://www.openstreetmap.org/?mlat=62.7091464&mlon=12.2938282#map=18/62.7091464/12.2938282,coordinate_fallback,,,statliga_leder
12352348,Z 93,Ösjöstugan - Klasberget (led 89),3706.89590601839,"{""OBJECTID"": 12352348, ""STATLIGLED"": ""Z 93"", ""STATLIGLEDNAMN"": ""Ösjöstugan - Klasberget (led 89)"", ""SHAPE.LEN"": 3706.89590601839}",12.312354676588345,62.69805665880463,LineString,3706.8959060195257,0.0,https://www.openstreetmap.org/?mlat=62.6980567&mlon=12.3123547#map=18/62.6980567/12.3123547,coordinate_fallback,,,statliga_leder
12352347,Z 93,Ösjöstugan - Klasberget (led 89),1822.77297541731,"{""OBJECTID"": 12352347, ""STATLIGLED"": ""Z 93"", ""STATLIGLEDNAMN"": ""Ösjöstugan - Klasberget (led 89)"", ""SHAPE.LEN"": 1822.77297541731}",12.29729075335598,62.71550948042375,LineString,1822.77297541891,0.0,https://www.openstreetmap.org/?mlat=62.7155095&mlon=12.2972908#map=18/62.7155095/12.2972908,coordinate_fallback,,,statliga_leder
12347420,Z 94,Bruksvallarna - Fjällnäs,15323.0709948093,"{""OBJECTID"": 12347420, ""STATLIGLED"": ""Z 94"", ""STATLIGLEDNAMN"": ""Bruksvallarna - Fjällnäs"", ""SHAPE.LEN"": 15323.0709948093}",12.301156925404232,62.615686581933325,LineString,15323.070994816015,0.0,https://www.openstreetmap.org/?mlat=62.6156866&mlon=12.3011569#map=18/62.6156866/12.3011569,coordinate_fallback,,,statliga_leder
12347147,Z 98,Svansjökläppen - Rödfjället (led 99),13492.1590751654,"{""OBJECTID"": 12347147, ""STATLIGLED"": ""Z 98"", ""STATLIGLEDNAMN"": ""Svansjökläppen - Rödfjället (led 99)"", ""SHAPE.LEN"": 13492.1590751654}",12.210421766560554,62.53462019170052,LineString,13492.159075165728,0.0,https://www.openstreetmap.org/?mlat=62.5346202&mlon=12.2104218#map=18/62.5346202/12.2104218,coordinate_fallback,,,statliga_leder
12353130,Z 103,Käringsjövallen - Rogenstugan,9037.27200064893,"{""OBJECTID"": 12353130, ""STATLIGLED"": ""Z 103"", ""STATLIGLEDNAMN"": ""Käringsjövallen - Rogenstugan"", ""SHAPE.LEN"": 9037.27200064893}",12.511656908212782,62.33459484975021,LineString,9037.272000652227,0.0,https://www.openstreetmap.org/?mlat=62.3345948&mlon=12.5116569#map=18/62.3345948/12.5116569,coordinate_fallback,,,statliga_leder
12353129,Z 104,Käringsjön (led 102) - Rödviken (led 107),4752.48872279467,"{""OBJECTID"": 12353129, ""STATLIGLED"": ""Z 104"", ""STATLIGLEDNAMN"": ""Käringsjön (led 102) - Rödviken (led 107)"", ""SHAPE.LEN"": 4752.48872279467}",12.433562113642903,62.34642389406015,LineString,4752.488722792862,0.0,https://www.openstreetmap.org/?mlat=62.3464239&mlon=12.4335621#map=18/62.3464239/12.4335621,coordinate_fallback,,,statliga_leder
12347122,Z 105,Skedbrostugan - Norska gränsen vid Skedbrofjället,4825.48784135111,"{""OBJECTID"": 12347122, ""STATLIGLED"": ""Z 105"", ""STATLIGLEDNAMN"": ""Skedbrostugan - Norska gränsen vid Skedbrofjället"", ""SHAPE.LEN"": 4825.48784135111}",12.24841897357371,62.38980211065655,LineString,4825.487841354531,0.0,https://www.openstreetmap.org/?mlat=62.3898021&mlon=12.2484190#map=18/62.3898021/12.2484190,coordinate_fallback,,,statliga_leder
12348728,Z 106,Skedbrostugan - Reva (Norska gränsen),5474.01137417342,"{""OBJECTID"": 12348728, ""STATLIGLED"": ""Z 106"", ""STATLIGLEDNAMN"": ""Skedbrostugan - Reva (Norska gränsen)"", ""SHAPE.LEN"": 5474.01137417342}",12.261184177281498,62.371609571346625,LineString,5474.011374175709,0.0,https://www.openstreetmap.org/?mlat=62.3716096&mlon=12.2611842#map=18/62.3716096/12.2611842,coordinate_fallback,,,statliga_leder
12349259,W 15,Flötningen - IdPerssätern (ny),1764.3676830303,"{""OBJECTID"": 12349259, ""STATLIGLED"": ""W 15"", ""STATLIGLEDNAMN"": ""Flötningen - IdPerssätern (ny)"", ""SHAPE.LEN"": 1764.3676830303}",12.174979610288375,61.73209243977379,LineString,1764.3676830299514,0.0,https://www.openstreetmap.org/?mlat=61.7320924&mlon=12.1749796#map=18/61.7320924/12.1749796,coordinate_fallback,,,statliga_leder
12346659,W 15,Flötningen - IdPerssätern (ny),2863.39517738101,"{""OBJECTID"": 12346659, ""STATLIGLED"": ""W 15"", ""STATLIGLEDNAMN"": ""Flötningen - IdPerssätern (ny)"", ""SHAPE.LEN"": 2863.39517738101}",12.17675917658024,61.75200723692772,LineString,2863.3951773795766,0.0,https://www.openstreetmap.org/?mlat=61.7520072&mlon=12.1767592#map=18/61.7520072/12.1767592,coordinate_fallback,,,statliga_leder
12346658,W 15,Flötningen - IdPerssätern (ny),429.109649157297,"{""OBJECTID"": 12346658, ""STATLIGLED"": ""W 15"", ""STATLIGLEDNAMN"": ""Flötningen - IdPerssätern (ny)"", ""SHAPE.LEN"": 429.109649157297}",12.180462889452643,61.76611842858037,LineString,429.1096491599001,0.0,https://www.openstreetmap.org/?mlat=61.7661184&mlon=12.1804629#map=18/61.7661184/12.1804629,coordinate_fallback,,,statliga_leder
12346655,W 15,Flötningen - IdPerssätern (ny),8058.32071500463,"{""OBJECTID"": 12346655, ""STATLIGLED"": ""W 15"", ""STATLIGLEDNAMN"": ""Flötningen - IdPerssätern (ny)"", ""SHAPE.LEN"": 8058.32071500463}",12.19196890801963,61.799181871946814,LineString,8058.320715007297,0.0,https://www.openstreetmap.org/?mlat=61.7991819&mlon=12.1919689#map=18/61.7991819/12.1919689,coordinate_fallback,,,statliga_leder
12353632,W 15,Flötningen - IdPerssätern (ny),4473.71014322026,"{""OBJECTID"": 12353632, ""STATLIGLED"": ""W 15"", ""STATLIGLEDNAMN"": ""Flötningen - IdPerssätern (ny)"", ""SHAPE.LEN"": 4473.71014322026}",12.324754080249345,61.69195329861333,LineString,4473.710143222737,0.0,https://www.openstreetmap.org/?mlat=61.6919533&mlon=12.3247541#map=18/61.6919533/12.3247541,coordinate_fallback,,,statliga_leder
12353631,W 15,Flötningen - IdPerssätern (ny),1490.40734704818,"{""OBJECTID"": 12353631, ""STATLIGLED"": ""W 15"", ""STATLIGLEDNAMN"": ""Flötningen - IdPerssätern (ny)"", ""SHAPE.LEN"": 1490.40734704818}",12.288978949428023,61.70779779693883,LineString,1490.4073470505152,0.0,https://www.openstreetmap.org/?mlat=61.7077978&mlon=12.2889789#map=18/61.7077978/12.2889789,coordinate_fallback,,,statliga_leder
12349474,W 15,Flötningen - IdPerssätern (ny),1281.78770523016,"{""OBJECTID"": 12349474, ""STATLIGLED"": ""W 15"", ""STATLIGLEDNAMN"": ""Flötningen - IdPerssätern (ny)"", ""SHAPE.LEN"": 1281.78770523016}",12.206941726416439,61.84993768980353,LineString,1281.7877052299455,0.0,https://www.openstreetmap.org/?mlat=61.8499377&mlon=12.2069417#map=18/61.8499377/12.2069417,coordinate_fallback,,,statliga_leder
12349473,W 15,Flötningen - IdPerssätern (ny),1933.60960010983,"{""OBJECTID"": 12349473, ""STATLIGLED"": ""W 15"", ""STATLIGLEDNAMN"": ""Flötningen - IdPerssätern (ny)"", ""SHAPE.LEN"": 1933.60960010983}",12.196540097905103,61.84020629352153,LineString,1933.6096001071533,0.0,https://www.openstreetmap.org/?mlat=61.8402063&mlon=12.1965401#map=18/61.8402063/12.1965401,coordinate_fallback,,,statliga_leder
12349454,W 15,Flötningen - IdPerssätern (ny),6233.9981483917,"{""OBJECTID"": 12349454, ""STATLIGLED"": ""W 15"", ""STATLIGLEDNAMN"": ""Flötningen - IdPerssätern (ny)"", ""SHAPE.LEN"": 6233.9981483917}",12.224952511716907,61.715460122024645,LineString,6233.998148387955,0.0,https://www.openstreetmap.org/?mlat=61.7154601&mlon=12.2249525#map=18/61.7154601/12.2249525,coordinate_fallback,,,statliga_leder
12347098,W 18,Flötningen - Drevdagen (ny),561.752046448595,"{""OBJECTID"": 12347098, ""STATLIGLED"": ""W 18"", ""STATLIGLEDNAMN"": ""Flötningen - Drevdagen (ny)"", ""SHAPE.LEN"": 561.752046448595}",12.396103975173574,61.771612973526004,LineString,561.7520464488983,0.0,https://www.openstreetmap.org/?mlat=61.7716130&mlon=12.3961040#map=18/61.7716130/12.3961040,coordinate_fallback,,,statliga_leder
12347031,W 18,Flötningen - Drevdagen (ny),225.790126823015,"{""OBJECTID"": 12347031, ""STATLIGLED"": ""W 18"", ""STATLIGLEDNAMN"": ""Flötningen - Drevdagen (ny)"", ""SHAPE.LEN"": 225.790126823015}",12.314906482308187,61.78610371682089,LineString,225.79012682663634,0.0,https://www.openstreetmap.org/?mlat=61.7861037&mlon=12.3149065#map=18/61.7861037/12.3149065,coordinate_fallback,,,statliga_leder
12347028,W 18,Flötningen - Drevdagen (ny),91.4978629745325,"{""OBJECTID"": 12347028, ""STATLIGLED"": ""W 18"", ""STATLIGLEDNAMN"": ""Flötningen - Drevdagen (ny)"", ""SHAPE.LEN"": 91.4978629745325}",12.401740618235802,61.77148130306526,LineString,91.49786297572217,0.0,https://www.openstreetmap.org/?mlat=61.7714813&mlon=12.4017406#map=18/61.7714813/12.4017406,coordinate_fallback,,,statliga_leder
12347027,W 18,Flötningen - Drevdagen (ny),3160.01906109361,"{""OBJECTID"": 12347027, ""STATLIGLED"": ""W 18"", ""STATLIGLEDNAMN"": ""Flötningen - Drevdagen (ny)"", ""SHAPE.LEN"": 3160.01906109361}",12.355515639433873,61.7702500836797,LineString,3160.0190610962036,0.0,https://www.openstreetmap.org/?mlat=61.7702501&mlon=12.3555156#map=18/61.7702501/12.3555156,coordinate_fallback,,,statliga_leder
12347026,W 18,Flötningen - Drevdagen (ny),24.3674342820179,"{""OBJECTID"": 12347026, ""STATLIGLED"": ""W 18"", ""STATLIGLEDNAMN"": ""Flötningen - Drevdagen (ny)"", ""SHAPE.LEN"": 24.3674342820179}",12.386442881895675,61.76975156882946,LineString,24.367434281270093,0.0,https://www.openstreetmap.org/?mlat=61.7697516&mlon=12.3864429#map=18/61.7697516/12.3864429,coordinate_fallback,,,statliga_leder
12346965,W 18,Flötningen - Drevdagen (ny),168.709121799535,"{""OBJECTID"": 12346965, ""STATLIGLED"": ""W 18"", ""STATLIGLEDNAMN"": ""Flötningen - Drevdagen (ny)"", ""SHAPE.LEN"": 168.709121799535}",12.389609581036787,61.771089855598696,LineString,168.70912179857808,0.0,https://www.openstreetmap.org/?mlat=61.7710899&mlon=12.3896096#map=18/61.7710899/12.3896096,coordinate_fallback,,,statliga_leder
12346964,W 18,Flötningen - Drevdagen (ny),704.064380077047,"{""OBJECTID"": 12346964, ""STATLIGLED"": ""W 18"", ""STATLIGLEDNAMN"": ""Flötningen - Drevdagen (ny)"", ""SHAPE.LEN"": 704.064380077047}",12.309400595488837,61.792887382769486,LineString,704.0643800776908,0.0,https://www.openstreetmap.org/?mlat=61.7928874&mlon=12.3094006#map=18/61.7928874/12.3094006,coordinate_fallback,,,statliga_leder
12346963,W 18,Flötningen - Drevdagen (ny),443.686305939104,"{""OBJECTID"": 12346963, ""STATLIGLED"": ""W 18"", ""STATLIGLEDNAMN"": ""Flötningen - Drevdagen (ny)"", ""SHAPE.LEN"": 443.686305939104}",12.312135886521967,61.788122422040395,LineString,443.6863059362208,0.0,https://www.openstreetmap.org/?mlat=61.7881224&mlon=12.3121359#map=18/61.7881224/12.3121359,coordinate_fallback,,,statliga_leder
12346962,W 18,Flötningen - Drevdagen (ny),185.910046072441,"{""OBJECTID"": 12346962, ""STATLIGLED"": ""W 18"", ""STATLIGLEDNAMN"": ""Flötningen - Drevdagen (ny)"", ""SHAPE.LEN"": 185.910046072441}",12.384806935055401,61.769351729403624,LineString,185.910046072477,0.0,https://www.openstreetmap.org/?mlat=61.7693517&mlon=12.3848069#map=18/61.7693517/12.3848069,coordinate_fallback,,,statliga_leder
12346961,W 18,Flötningen - Drevdagen (ny),1993.75703694559,"{""OBJECTID"": 12346961, ""STATLIGLED"": ""W 18"", ""STATLIGLEDNAMN"": ""Flötningen - Drevdagen (ny)"", ""SHAPE.LEN"": 1993.75703694559}",12.320247105191763,61.77701535696979,LineString,1993.7570369469772,0.0,https://www.openstreetmap.org/?mlat=61.7770154&mlon=12.3202471#map=18/61.7770154/12.3202471,coordinate_fallback,,,statliga_leder
12346960,W 18,Flötningen - Drevdagen (ny),8227.99219016275,"{""OBJECTID"": 12346960, ""STATLIGLED"": ""W 18"", ""STATLIGLEDNAMN"": ""Flötningen - Drevdagen (ny)"", ""SHAPE.LEN"": 8227.99219016275}",12.254026319711965,61.8157112663332,LineString,8227.992190164008,0.0,https://www.openstreetmap.org/?mlat=61.8157113&mlon=12.2540263#map=18/61.8157113/12.2540263,coordinate_fallback,,,statliga_leder
12347071,W 18,Flötningen - Drevdagen (ny),140.619236679406,"{""OBJECTID"": 12347071, ""STATLIGLED"": ""W 18"", ""STATLIGLEDNAMN"": ""Flötningen - Drevdagen (ny)"", ""SHAPE.LEN"": 140.619236679406}",12.387383650372199,61.770355356798305,LineString,140.61923668182447,0.0,https://www.openstreetmap.org/?mlat=61.7703554&mlon=12.3873837#map=18/61.7703554/12.3873837,coordinate_fallback,,,statliga_leder
12349206,W 4,Drevdagen - Gördalen,2884.19804510562,"{""OBJECTID"": 12349206, ""STATLIGLED"": ""W 4"", ""STATLIGLEDNAMN"": ""Drevdagen - Gördalen"", ""SHAPE.LEN"": 2884.19804510562}",12.360847269313178,61.67686207140222,LineString,2884.198045105227,0.0,https://www.openstreetmap.org/?mlat=61.6768621&mlon=12.3608473#map=18/61.6768621/12.3608473,coordinate_fallback,,,statliga_leder
12349205,W 4,Drevdagen - Gördalen,503.109708998462,"{""OBJECTID"": 12349205, ""STATLIGLED"": ""W 4"", ""STATLIGLEDNAMN"": ""Drevdagen - Gördalen"", ""SHAPE.LEN"": 503.109708998462}",12.414416600891567,61.75800154509543,LineString,503.1097089978709,0.0,https://www.openstreetmap.org/?mlat=61.7580015&mlon=12.4144166#map=18/61.7580015/12.4144166,coordinate_fallback,,,statliga_leder
12349204,W 4,Drevdagen - Gördalen,3794.46197236083,"{""OBJECTID"": 12349204, ""STATLIGLED"": ""W 4"", ""STATLIGLEDNAMN"": ""Drevdagen - Gördalen"", ""SHAPE.LEN"": 3794.46197236083}",12.386729792409849,61.6916676636165,LineString,3794.4619723628075,0.0,https://www.openstreetmap.org/?mlat=61.6916677&mlon=12.3867298#map=18/61.6916677/12.3867298,coordinate_fallback,,,statliga_leder
12349203,W 4,Drevdagen - Gördalen,7126.82332494278,"{""OBJECTID"": 12349203, ""STATLIGLED"": ""W 4"", ""STATLIGLEDNAMN"": ""Drevdagen - Gördalen"", ""SHAPE.LEN"": 7126.82332494278}",12.41033526947306,61.72861976887799,LineString,7126.823324945466,0.0,https://www.openstreetmap.org/?mlat=61.7286198&mlon=12.4103353#map=18/61.7286198/12.4103353,coordinate_fallback,,,statliga_leder
12349314,W 4,Drevdagen - Gördalen,364.623939009256,"{""OBJECTID"": 12349314, ""STATLIGLED"": ""W 4"", ""STATLIGLEDNAMN"": ""Drevdagen - Gördalen"", ""SHAPE.LEN"": 364.623939009256}",12.46899218956585,61.587971641697386,LineString,364.6239390081211,0.0,https://www.openstreetmap.org/?mlat=61.5879716&mlon=12.4689922#map=18/61.5879716/12.4689922,coordinate_fallback,,,statliga_leder
12354246,W 4,Drevdagen - Gördalen,1466.38021044338,"{""OBJECTID"": 12354246, ""STATLIGLED"": ""W 4"", ""STATLIGLEDNAMN"": ""Drevdagen - Gördalen"", ""SHAPE.LEN"": 1466.38021044338}",12.48596450435624,61.593086433467484,LineString,1466.380210441292,0.0,https://www.openstreetmap.org/?mlat=61.5930864&mlon=12.4859645#map=18/61.5930864/12.4859645,coordinate_fallback,,,statliga_leder
12354245,W 4,Drevdagen - Gördalen,334.302750502848,"{""OBJECTID"": 12354245, ""STATLIGLED"": ""W 4"", ""STATLIGLEDNAMN"": ""Drevdagen - Gördalen"", ""SHAPE.LEN"": 334.302750502848}",12.473988792964077,61.58855122949038,LineString,334.3027505031321,0.0,https://www.openstreetmap.org/?mlat=61.5885512&mlon=12.4739888#map=18/61.5885512/12.4739888,coordinate_fallback,,,statliga_leder
12344538,W 4,Drevdagen - Gördalen,6057.45549069891,"{""OBJECTID"": 12344538, ""STATLIGLED"": ""W 4"", ""STATLIGLEDNAMN"": ""Drevdagen - Gördalen"", ""SHAPE.LEN"": 6057.45549069891}",12.368822039154303,61.638777246255565,LineString,6057.455490697035,0.0,https://www.openstreetmap.org/?mlat=61.6387772&mlon=12.3688220#map=18/61.6387772/12.3688220,coordinate_fallback,,,statliga_leder
12344539,W 4,Drevdagen - Gördalen,6119.69154344306,"{""OBJECTID"": 12344539, ""STATLIGLED"": ""W 4"", ""STATLIGLEDNAMN"": ""Drevdagen - Gördalen"", ""SHAPE.LEN"": 6119.69154344306}",12.426338675664168,61.60078223489911,LineString,6119.691543447292,0.0,https://www.openstreetmap.org/?mlat=61.6007822&mlon=12.4263387#map=18/61.6007822/12.4263387,coordinate_fallback,,,statliga_leder
12354175,W 5,Gördalen - Brottbäcksstugan,3239.36946571843,"{""OBJECTID"": 12354175, ""STATLIGLED"": ""W 5"", ""STATLIGLEDNAMN"": ""Gördalen - Brottbäcksstugan"", ""SHAPE.LEN"": 3239.36946571843}",12.65308413263454,61.61792690343145,LineString,3239.369465715639,0.0,https://www.openstreetmap.org/?mlat=61.6179269&mlon=12.6530841#map=18/61.6179269/12.6530841,coordinate_fallback,,,statliga_leder
12347146,W 5,Gördalen - Brottbäcksstugan,612.270498657238,"{""OBJECTID"": 12347146, ""STATLIGLED"": ""W 5"", ""STATLIGLEDNAMN"": ""Gördalen - Brottbäcksstugan"", ""SHAPE.LEN"": 612.270498657238}",12.501703150572189,61.59615464508503,LineString,612.270498656957,0.0,https://www.openstreetmap.org/?mlat=61.5961546&mlon=12.5017032#map=18/61.5961546/12.5017032,coordinate_fallback,,,statliga_leder
12347626,W 5,Gördalen - Brottbäcksstugan,7462.75604800585,"{""OBJECTID"": 12347626, ""STATLIGLED"": ""W 5"", ""STATLIGLEDNAMN"": ""Gördalen - Brottbäcksstugan"", ""SHAPE.LEN"": 7462.75604800585}",12.569023365085508,61.60047273853637,LineString,7462.756048005806,0.0,https://www.openstreetmap.org/?mlat=61.6004727&mlon=12.5690234#map=18/61.6004727/12.5690234,coordinate_fallback,,,statliga_leder
12346338,W 5,Gördalen - Brottbäcksstugan,266.687707528351,"{""OBJECTID"": 12346338, ""STATLIGLED"": ""W 5"", ""STATLIGLEDNAMN"": ""Gördalen - Brottbäcksstugan"", ""SHAPE.LEN"": 266.687707528351}",12.67661715323017,61.62379130827927,LineString,266.6877075292815,0.0,https://www.openstreetmap.org/?mlat=61.6237913&mlon=12.6766172#map=18/61.6237913/12.6766172,coordinate_fallback,,,statliga_leder
12346506,W 10,Norra Sälenringen,11078.9577787746,"{""OBJECTID"": 12346506, ""STATLIGLED"": ""W 10"", ""STATLIGLEDNAMN"": ""Norra Sälenringen"", ""SHAPE.LEN"": 11078.9577787746}",13.024591209711353,61.229304373690205,LineString,11078.957778772514,0.0,https://www.openstreetmap.org/?mlat=61.2293044&mlon=13.0245912#map=18/61.2293044/13.0245912,coordinate_fallback,,,statliga_leder
12346503,W 10,Norra Sälenringen,9165.54599354233,"{""OBJECTID"": 12346503, ""STATLIGLED"": ""W 10"", ""STATLIGLEDNAMN"": ""Norra Sälenringen"", ""SHAPE.LEN"": 9165.54599354233}",13.115808759342267,61.18937086018233,LineString,9165.545993549016,0.0,https://www.openstreetmap.org/?mlat=61.1893709&mlon=13.1158088#map=18/61.1893709/13.1158088,coordinate_fallback,,,statliga_leder
12355523,W 10,Norra Sälenringen,5107.68025535653,"{""OBJECTID"": 12355523, ""STATLIGLED"": ""W 10"", ""STATLIGLEDNAMN"": ""Norra Sälenringen"", ""SHAPE.LEN"": 5107.68025535653}",12.927880800702724,61.21695622063818,LineString,5107.680255359659,0.0,https://www.openstreetmap.org/?mlat=61.2169562&mlon=12.9278808#map=18/61.2169562/12.9278808,coordinate_fallback,,,statliga_leder
12356086,W 10,Norra Sälenringen,3216.37935788216,"{""OBJECTID"": 12356086, ""STATLIGLED"": ""W 10"", ""STATLIGLEDNAMN"": ""Norra Sälenringen"", ""SHAPE.LEN"": 3216.37935788216}",12.900837167020715,61.18862536554987,LineString,3216.3793578827544,0.0,https://www.openstreetmap.org/?mlat=61.1886254&mlon=12.9008372#map=18/61.1886254/12.9008372,coordinate_fallback,,,statliga_leder
12346951,W 8,Storbron - Görälven,11808.4589201011,"{""OBJECTID"": 12346951, ""STATLIGLED"": ""W 8"", ""STATLIGLEDNAMN"": ""Storbron - Görälven"", ""SHAPE.LEN"": 11808.4589201011}",12.90117471761595,61.349760653215164,LineString,11808.458920101297,0.0,https://www.openstreetmap.org/?mlat=61.3497607&mlon=12.9011747#map=18/61.3497607/12.9011747,coordinate_fallback,,,statliga_leder
12344686,W 2,Länsgränsen (via Våndsjön) - Hävlingestugorna,3077.31065280953,"{""OBJECTID"": 12344686, ""STATLIGLED"": ""W 2"", ""STATLIGLEDNAMN"": ""Länsgränsen (via Våndsjön) - Hävlingestugorna"", ""SHAPE.LEN"": 3077.31065280953}",12.349214698083918,62.24314604629804,LineString,3077.3106528061044,0.0,https://www.openstreetmap.org/?mlat=62.2431460&mlon=12.3492147#map=18/62.2431460/12.3492147,coordinate_fallback,,,statliga_leder
12344685,W 2,Länsgränsen (via Våndsjön) - Hävlingestugorna,5540.30661782657,"{""OBJECTID"": 12344685, ""STATLIGLED"": ""W 2"", ""STATLIGLEDNAMN"": ""Länsgränsen (via Våndsjön) - Hävlingestugorna"", ""SHAPE.LEN"": 5540.30661782657}",12.368644866408458,62.20876070632111,LineString,5540.306617825332,0.0,https://www.openstreetmap.org/?mlat=62.2087607&mlon=12.3686449#map=18/62.2087607/12.3686449,coordinate_fallback,,,statliga_leder
12347121,Z 101,Tännäs - Lillvålvallen (led 100),5687.20511109719,"{""OBJECTID"": 12347121, ""STATLIGLED"": ""Z 101"", ""STATLIGLEDNAMN"": ""Tännäs - Lillvålvallen (led 100)"", ""SHAPE.LEN"": 5687.20511109719}",12.617755345135983,62.425269760951615,LineString,5687.205111098391,0.0,https://www.openstreetmap.org/?mlat=62.4252698&mlon=12.6177553#map=18/62.4252698/12.6177553,coordinate_fallback,,,statliga_leder
12348876,Z 99,Tänndalen - Skedbrostugan,19897.5815162418,"{""OBJECTID"": 12348876, ""STATLIGLED"": ""Z 99"", ""STATLIGLEDNAMN"": ""Tänndalen - Skedbrostugan"", ""SHAPE.LEN"": 19897.5815162418}",12.287791057203965,62.461060896544325,LineString,19897.58151624368,0.0,https://www.openstreetmap.org/?mlat=62.4610609&mlon=12.2877911#map=18/62.4610609/12.2877911,coordinate_fallback,,,statliga_leder
12353071,Z 82,Helagsstugorna - Fältjägarstugan samt skoterledsanslutning till led 80,12218.1883371795,"{""OBJECTID"": 12353071, ""STATLIGLED"": ""Z 82"", ""STATLIGLEDNAMN"": ""Helagsstugorna - Fältjägarstugan samt skoterledsanslutning till led 80"", ""SHAPE.LEN"": 12218.1883371795}",12.487685143472207,62.86552229209331,LineString,12218.188337181076,0.0,https://www.openstreetmap.org/?mlat=62.8655223&mlon=12.4876851#map=18/62.8655223/12.4876851,coordinate_fallback,,,statliga_leder
12347417,Z 84,Rastskyddet (Svaletjakke) - Ramundberget,8229.10565972006,"{""OBJECTID"": 12347417, ""STATLIGLED"": ""Z 84"", ""STATLIGLEDNAMN"": ""Rastskyddet (Svaletjakke) - Ramundberget"", ""SHAPE.LEN"": 8229.10565972006}",12.380455052931215,62.73581511926181,LineString,8229.105659712823,0.0,https://www.openstreetmap.org/?mlat=62.7358151&mlon=12.3804551#map=18/62.7358151/12.3804551,coordinate_fallback,,,statliga_leder
12347418,Z 85,Fältjägarstugan - Klinken + separat skoterled N Girtibaune - Ljusnan,13899.6305384791,"{""OBJECTID"": 12347418, ""STATLIGLED"": ""Z 85"", ""STATLIGLEDNAMN"": ""Fältjägarstugan - Klinken + separat skoterled N Girtibaune - Ljusnan"", ""SHAPE.LEN"": 13899.6305384791}",12.36820195122663,62.773697810735186,LineString,13899.630538471063,0.0,https://www.openstreetmap.org/?mlat=62.7736978&mlon=12.3682020#map=18/62.7736978/12.3682020,coordinate_fallback,,,statliga_leder
12347419,Z 88,Klinken - Gröndalen - Fjällnäs,21968.9844116812,"{""OBJECTID"": 12347419, ""STATLIGLED"": ""Z 88"", ""STATLIGLEDNAMN"": ""Klinken - Gröndalen - Fjällnäs"", ""SHAPE.LEN"": 21968.9844116812}",12.211248804882315,62.6787384621437,LineString,21968.984411677553,0.0,https://www.openstreetmap.org/?mlat=62.6787385&mlon=12.2112488#map=18/62.6787385/12.2112488,coordinate_fallback,,,statliga_leder
12348712,Z 89,Klinken - Långbrottsjön - Fjällnäs,17203.171055963,"{""OBJECTID"": 12348712, ""STATLIGLED"": ""Z 89"", ""STATLIGLEDNAMN"": ""Klinken - Långbrottsjön - Fjällnäs"", ""SHAPE.LEN"": 17203.171055963}",12.245602365766246,62.6557148901728,LineString,17203.171055960993,0.0,https://www.openstreetmap.org/?mlat=62.6557149&mlon=12.2456024#map=18/62.6557149/12.2456024,coordinate_fallback,,,statliga_leder
12346445,Z 91,Långbrottsjön - Bruksvallarna,9462.56675743603,"{""OBJECTID"": 12346445, ""STATLIGLED"": ""Z 91"", ""STATLIGLEDNAMN"": ""Långbrottsjön - Bruksvallarna"", ""SHAPE.LEN"": 9462.56675743603}",12.334440576731923,62.65727346264421,LineString,9462.566757435836,0.0,https://www.openstreetmap.org/?mlat=62.6572735&mlon=12.3344406#map=18/62.6572735/12.3344406,coordinate_fallback,,,statliga_leder
12353043,Z 6,Tjärnbäcken - Ankarvattnet,3790.47838690661,"{""OBJECTID"": 12353043, ""STATLIGLED"": ""Z 6"", ""STATLIGLEDNAMN"": ""Tjärnbäcken - Ankarvattnet"", ""SHAPE.LEN"": 3790.47838690661}",14.363034252480624,64.87870178641549,LineString,3790.4783869055314,0.0,https://www.openstreetmap.org/?mlat=64.8787018&mlon=14.3630343#map=18/64.8787018/14.3630343,coordinate_fallback,,,statliga_leder
12347101,Z 6,Tjärnbäcken - Ankarvattnet,4640.84191497347,"{""OBJECTID"": 12347101, ""STATLIGLED"": ""Z 6"", ""STATLIGLEDNAMN"": ""Tjärnbäcken - Ankarvattnet"", ""SHAPE.LEN"": 4640.84191497347}",14.278634586431133,64.87582276704646,LineString,4640.841914976041,0.0,https://www.openstreetmap.org/?mlat=64.8758228&mlon=14.2786346#map=18/64.8758228/14.2786346,coordinate_fallback,,,statliga_leder
12353626,BD 41,Kebnekaise - Nikkaluokta,17434.4330278873,"{""OBJECTID"": 12353626, ""STATLIGLED"": ""BD 41"", ""STATLIGLEDNAMN"": ""Kebnekaise - Nikkaluokta"", ""SHAPE.LEN"": 17434.4330278873}",18.83136216969637,67.85209540009018,LineString,17434.43302788334,0.0,https://www.openstreetmap.org/?mlat=67.8520954&mlon=18.8313622#map=18/67.8520954/18.8313622,coordinate_fallback,,,statliga_leder
12353625,BD 41,Kebnekaise - Nikkaluokta,1461.38241784044,"{""OBJECTID"": 12353625, ""STATLIGLED"": ""BD 41"", ""STATLIGLEDNAMN"": ""Kebnekaise - Nikkaluokta"", ""SHAPE.LEN"": 1461.38241784044}",18.635777109130224,67.86836618461496,LineString,1461.3824178425793,0.0,https://www.openstreetmap.org/?mlat=67.8683662&mlon=18.6357771#map=18/67.8683662/18.6357771,coordinate_fallback,,,statliga_leder
12353195,Z 6,Tjärnbäcken - Ankarvattnet,4640.84191497347,"{""OBJECTID"": 12353195, ""STATLIGLED"": ""Z 6"", ""STATLIGLEDNAMN"": ""Tjärnbäcken - Ankarvattnet"", ""SHAPE.LEN"": 4640.84191497347}",14.278634586431133,64.87582276704646,LineString,4640.841914976041,0.0,https://www.openstreetmap.org/?mlat=64.8758228&mlon=14.2786346#map=18/64.8758228/14.2786346,coordinate_fallback,,,statliga_leder
12353239,Z 6,Tjärnbäcken - Ankarvattnet,3790.47838690661,"{""OBJECTID"": 12353239, ""STATLIGLED"": ""Z 6"", ""STATLIGLEDNAMN"": ""Tjärnbäcken - Ankarvattnet"", ""SHAPE.LEN"": 3790.47838690661}",14.363034252480624,64.87870178641549,LineString,3790.4783869055314,0.0,https://www.openstreetmap.org/?mlat=64.8787018&mlon=14.3630343#map=18/64.8787018/14.3630343,coordinate_fallback,,,statliga_leder
12352692,Z 36,Enafors - Ulvåtjärnstugan - Enkälen (led 37),112.323771336703,"{""OBJECTID"": 12352692, ""STATLIGLED"": ""Z 36"", ""STATLIGLEDNAMN"": ""Enafors - Ulvåtjärnstugan - Enkälen (led 37)"", ""SHAPE.LEN"": 112.323771336703}",12.302997645266549,63.207125708561584,LineString,112.32377133830636,0.0,https://www.openstreetmap.org/?mlat=63.2071257&mlon=12.3029976#map=18/63.2071257/12.3029976,coordinate_fallback,,,statliga_leder
12352691,Z 36,Enafors - Ulvåtjärnstugan - Enkälen (led 37),10077.5507555665,"{""OBJECTID"": 12352691, ""STATLIGLED"": ""Z 36"", ""STATLIGLEDNAMN"": ""Enafors - Ulvåtjärnstugan - Enkälen (led 37)"", ""SHAPE.LEN"": 10077.5507555665}",12.26993682512303,63.165132794699225,LineString,10077.55075556707,0.0,https://www.openstreetmap.org/?mlat=63.1651328&mlon=12.2699368#map=18/63.1651328/12.2699368,coordinate_fallback,,,statliga_leder
12352690,Z 36,Enafors - Ulvåtjärnstugan - Enkälen (led 37),247.27181792582,"{""OBJECTID"": 12352690, ""STATLIGLED"": ""Z 36"", ""STATLIGLEDNAMN"": ""Enafors - Ulvåtjärnstugan - Enkälen (led 37)"", ""SHAPE.LEN"": 247.27181792582}",12.301966770552024,63.205582470731926,LineString,247.27181792417653,0.0,https://www.openstreetmap.org/?mlat=63.2055825&mlon=12.3019668#map=18/63.2055825/12.3019668,coordinate_fallback,,,statliga_leder
12348681,Z 37,Rundhögen - Blåhammarens fjällstation - Enkälen - Sylarnas fjällstation,44.1723120975119,"{""OBJECTID"": 12348681, ""STATLIGLED"": ""Z 37"", ""STATLIGLEDNAMN"": ""Rundhögen - Blåhammarens fjällstation - Enkälen - Sylarnas fjällstation"", ""SHAPE.LEN"": 44.1723120975119}",12.252185531221903,63.113343326752464,LineString,44.17231209717304,0.0,https://www.openstreetmap.org/?mlat=63.1133433&mlon=12.2521855#map=18/63.1133433/12.2521855,coordinate_fallback,,,statliga_leder
12348680,Z 37,Rundhögen - Blåhammarens fjällstation - Enkälen - Sylarnas fjällstation,67.2533566511089,"{""OBJECTID"": 12348680, ""STATLIGLED"": ""Z 37"", ""STATLIGLEDNAMN"": ""Rundhögen - Blåhammarens fjällstation - Enkälen - Sylarnas fjällstation"", ""SHAPE.LEN"": 67.2533566511089}",12.178289071648758,63.18134514729416,LineString,67.25335665118756,0.0,https://www.openstreetmap.org/?mlat=63.1813451&mlon=12.1782891#map=18/63.1813451/12.1782891,coordinate_fallback,,,statliga_leder
12348679,Z 37,Rundhögen - Blåhammarens fjällstation - Enkälen - Sylarnas fjällstation,52.0403538519008,"{""OBJECTID"": 12348679, ""STATLIGLED"": ""Z 37"", ""STATLIGLEDNAMN"": ""Rundhögen - Blåhammarens fjällstation - Enkälen - Sylarnas fjällstation"", ""SHAPE.LEN"": 52.0403538519008}",12.266569285437582,63.098150363531715,LineString,52.04035385182611,0.0,https://www.openstreetmap.org/?mlat=63.0981504&mlon=12.2665693#map=18/63.0981504/12.2665693,coordinate_fallback,,,statliga_leder
12351146,Z 37,Rundhögen - Blåhammarens fjällstation - Enkälen - Sylarnas fjällstation,6584.10445558354,"{""OBJECTID"": 12351146, ""STATLIGLED"": ""Z 37"", ""STATLIGLEDNAMN"": ""Rundhögen - Blåhammarens fjällstation - Enkälen - Sylarnas fjällstation"", ""SHAPE.LEN"": 6584.10445558354}",12.276377179055077,63.0705229447506,LineString,6584.104455584683,0.0,https://www.openstreetmap.org/?mlat=63.0705229&mlon=12.2763772#map=18/63.0705229/12.2763772,coordinate_fallback,,,statliga_leder
12347897,Z 37,Rundhögen - Blåhammarens fjällstation - Enkälen - Sylarnas fjällstation,1414.12047324607,"{""OBJECTID"": 12347897, ""STATLIGLED"": ""Z 37"", ""STATLIGLEDNAMN"": ""Rundhögen - Blåhammarens fjällstation - Enkälen - Sylarnas fjällstation"", ""SHAPE.LEN"": 1414.12047324607}",12.17818142533577,63.24833799657961,LineString,1414.1204732432589,0.0,https://www.openstreetmap.org/?mlat=63.2483380&mlon=12.1781814#map=18/63.2483380/12.1781814,coordinate_fallback,,,statliga_leder
12347002,Z 37,Rundhögen - Blåhammarens fjällstation - Enkälen - Sylarnas fjällstation,1852.57970705812,"{""OBJECTID"": 12347002, ""STATLIGLED"": ""Z 37"", ""STATLIGLEDNAMN"": ""Rundhögen - Blåhammarens fjällstation - Enkälen - Sylarnas fjällstation"", ""SHAPE.LEN"": 1852.57970705812}",12.259556788395926,63.10538186638135,LineString,1852.579707060745,0.0,https://www.openstreetmap.org/?mlat=63.1053819&mlon=12.2595568#map=18/63.1053819/12.2595568,coordinate_fallback,,,statliga_leder
12355238,Z 37,Rundhögen - Blåhammarens fjällstation - Enkälen - Sylarnas fjällstation,8568.20883395128,"{""OBJECTID"": 12355238, ""STATLIGLED"": ""Z 37"", ""STATLIGLEDNAMN"": ""Rundhögen - Blåhammarens fjällstation - Enkälen - Sylarnas fjällstation"", ""SHAPE.LEN"": 8568.20883395128}",12.213195019818079,63.14615921050185,LineString,8568.208833948876,0.0,https://www.openstreetmap.org/?mlat=63.1461592&mlon=12.2131950#map=18/63.1461592/12.2131950,coordinate_fallback,,,statliga_leder
12355237,Z 37,Rundhögen - Blåhammarens fjällstation - Enkälen - Sylarnas fjällstation,7670.55971351751,"{""OBJECTID"": 12355237, ""STATLIGLED"": ""Z 37"", ""STATLIGLEDNAMN"": ""Rundhögen - Blåhammarens fjällstation - Enkälen - Sylarnas fjällstation"", ""SHAPE.LEN"": 7670.55971351751}",12.167345656769962,63.21459429355445,LineString,7670.55971351969,0.0,https://www.openstreetmap.org/?mlat=63.2145943&mlon=12.1673457#map=18/63.2145943/12.1673457,coordinate_fallback,,,statliga_leder
12347827,Z 38,Blåhammarens fjällstation - Ulvåtjärnstugan,50.5502594899373,"{""OBJECTID"": 12347827, ""STATLIGLED"": ""Z 38"", ""STATLIGLEDNAMN"": ""Blåhammarens fjällstation - Ulvåtjärnstugan"", ""SHAPE.LEN"": 50.5502594899373}",12.18910587055446,63.18258551888169,LineString,50.55025949038839,0.0,https://www.openstreetmap.org/?mlat=63.1825855&mlon=12.1891059#map=18/63.1825855/12.1891059,coordinate_fallback,,,statliga_leder
12347869,Z 38,Blåhammarens fjällstation - Ulvåtjärnstugan,21.4041318188517,"{""OBJECTID"": 12347869, ""STATLIGLED"": ""Z 38"", ""STATLIGLEDNAMN"": ""Blåhammarens fjällstation - Ulvåtjärnstugan"", ""SHAPE.LEN"": 21.4041318188517}",12.218692376137152,63.1766848400219,LineString,21.404131817607837,0.0,https://www.openstreetmap.org/?mlat=63.1766848&mlon=12.2186924#map=18/63.1766848/12.2186924,coordinate_fallback,,,statliga_leder
12347868,Z 38,Blåhammarens fjällstation - Ulvåtjärnstugan,45.6769945156785,"{""OBJECTID"": 12347868, ""STATLIGLED"": ""Z 38"", ""STATLIGLEDNAMN"": ""Blåhammarens fjällstation - Ulvåtjärnstugan"", ""SHAPE.LEN"": 45.6769945156785}",12.219654149648179,63.17699043093518,LineString,45.67699451555526,0.0,https://www.openstreetmap.org/?mlat=63.1769904&mlon=12.2196541#map=18/63.1769904/12.2196541,coordinate_fallback,,,statliga_leder
12347867,Z 38,Blåhammarens fjällstation - Ulvåtjärnstugan,72.3508425436325,"{""OBJECTID"": 12347867, ""STATLIGLED"": ""Z 38"", ""STATLIGLEDNAMN"": ""Blåhammarens fjällstation - Ulvåtjärnstugan"", ""SHAPE.LEN"": 72.3508425436325}",12.195411714327914,63.18056201129583,LineString,72.3508425440123,0.0,https://www.openstreetmap.org/?mlat=63.1805620&mlon=12.1954117#map=18/63.1805620/12.1954117,coordinate_fallback,,,statliga_leder
12353483,Z 38,Blåhammarens fjällstation - Ulvåtjärnstugan,1244.89623271054,"{""OBJECTID"": 12353483, ""STATLIGLED"": ""Z 38"", ""STATLIGLEDNAMN"": ""Blåhammarens fjällstation - Ulvåtjärnstugan"", ""SHAPE.LEN"": 1244.89623271054}",12.20729070276154,63.17834132374006,LineString,1244.8962327136462,0.0,https://www.openstreetmap.org/?mlat=63.1783413&mlon=12.2072907#map=18/63.1783413/12.2072907,coordinate_fallback,,,statliga_leder
12353482,Z 38,Blåhammarens fjällstation - Ulvåtjärnstugan,332.481391282498,"{""OBJECTID"": 12353482, ""STATLIGLED"": ""Z 38"", ""STATLIGLEDNAMN"": ""Blåhammarens fjällstation - Ulvåtjärnstugan"", ""SHAPE.LEN"": 332.481391282498}",12.192141694991635,63.18149171919136,LineString,332.4813912809354,0.0,https://www.openstreetmap.org/?mlat=63.1814917&mlon=12.1921417#map=18/63.1814917/12.1921417,coordinate_fallback,,,statliga_leder
12353481,Z 38,Blåhammarens fjällstation - Ulvåtjärnstugan,809.29757252305,"{""OBJECTID"": 12353481, ""STATLIGLED"": ""Z 38"", ""STATLIGLEDNAMN"": ""Blåhammarens fjällstation - Ulvåtjärnstugan"", ""SHAPE.LEN"": 809.29757252305}",12.181973058073957,63.18432567480912,LineString,809.2975725219403,0.0,https://www.openstreetmap.org/?mlat=63.1843257&mlon=12.1819731#map=18/63.1843257/12.1819731,coordinate_fallback,,,statliga_leder
12353480,Z 38,Blåhammarens fjällstation - Ulvåtjärnstugan,2944.71103013228,"{""OBJECTID"": 12353480, ""STATLIGLED"": ""Z 38"", ""STATLIGLEDNAMN"": ""Blåhammarens fjällstation - Ulvåtjärnstugan"", ""SHAPE.LEN"": 2944.71103013228}",12.243363821601909,63.17267393938411,LineString,2944.7110301316243,0.0,https://www.openstreetmap.org/?mlat=63.1726739&mlon=12.2433638#map=18/63.1726739/12.2433638,coordinate_fallback,,,statliga_leder
12353459,Z 38,Blåhammarens fjällstation - Ulvåtjärnstugan,27.2340770166031,"{""OBJECTID"": 12353459, ""STATLIGLED"": ""Z 38"", ""STATLIGLEDNAMN"": ""Blåhammarens fjällstation - Ulvåtjärnstugan"", ""SHAPE.LEN"": 27.2340770166031}",12.219034948783047,63.176838552331766,LineString,27.2340770167825,0.0,https://www.openstreetmap.org/?mlat=63.1768386&mlon=12.2190349#map=18/63.1768386/12.2190349,coordinate_fallback,,,statliga_leder
12352377,Z 39,Blåhammarens fjällstation - Endalen - Norska gränsen,7696.58712631508,"{""OBJECTID"": 12352377, ""STATLIGLED"": ""Z 39"", ""STATLIGLEDNAMN"": ""Blåhammarens fjällstation - Endalen - Norska gränsen"", ""SHAPE.LEN"": 7696.58712631508}",12.140771706688065,63.15359889933754,LineString,7696.587126314711,0.0,https://www.openstreetmap.org/?mlat=63.1535989&mlon=12.1407717#map=18/63.1535989/12.1407717,coordinate_fallback,,,statliga_leder
12353769,Z 40,Ulvåtjärnstugan - Storulvån,5604.03435070522,"{""OBJECTID"": 12353769, ""STATLIGLED"": ""Z 40"", ""STATLIGLEDNAMN"": ""Ulvåtjärnstugan - Storulvån"", ""SHAPE.LEN"": 5604.03435070522}",12.312316892551772,63.160239079312944,LineString,5604.034350706421,0.0,https://www.openstreetmap.org/?mlat=63.1602391&mlon=12.3123169#map=18/63.1602391/12.3123169,coordinate_fallback,,,statliga_leder
12352735,Z 41,Storulvån - Spåjme - Sylarna,43.3585553737207,"{""OBJECTID"": 12352735, ""STATLIGLED"": ""Z 41"", ""STATLIGLEDNAMN"": ""Storulvån - Spåjme - Sylarna"", ""SHAPE.LEN"": 43.3585553737207}",12.325361615769525,63.10955322332535,LineString,43.35855537385568,0.0,https://www.openstreetmap.org/?mlat=63.1095532&mlon=12.3253616#map=18/63.1095532/12.3253616,coordinate_fallback,,,statliga_leder
12352734,Z 41,Storulvån - Spåjme - Sylarna,102.515680889497,"{""OBJECTID"": 12352734, ""STATLIGLED"": ""Z 41"", ""STATLIGLEDNAMN"": ""Storulvån - Spåjme - Sylarna"", ""SHAPE.LEN"": 102.515680889497}",12.307111370044248,63.08619148161743,LineString,102.51568089245279,0.0,https://www.openstreetmap.org/?mlat=63.0861915&mlon=12.3071114#map=18/63.0861915/12.3071114,coordinate_fallback,,,statliga_leder
12352733,Z 41,Storulvån - Spåjme - Sylarna,108.009922848749,"{""OBJECTID"": 12352733, ""STATLIGLED"": ""Z 41"", ""STATLIGLEDNAMN"": ""Storulvån - Spåjme - Sylarna"", ""SHAPE.LEN"": 108.009922848749}",12.325812918218272,63.11127855646116,LineString,108.00992284720358,0.0,https://www.openstreetmap.org/?mlat=63.1112786&mlon=12.3258129#map=18/63.1112786/12.3258129,coordinate_fallback,,,statliga_leder
12352732,Z 41,Storulvån - Spåjme - Sylarna,43.7562756706193,"{""OBJECTID"": 12352732, ""STATLIGLED"": ""Z 41"", ""STATLIGLEDNAMN"": ""Storulvån - Spåjme - Sylarna"", ""SHAPE.LEN"": 43.7562756706193}",12.350813448170566,63.14849274748319,LineString,43.7562756692179,0.0,https://www.openstreetmap.org/?mlat=63.1484927&mlon=12.3508134#map=18/63.1484927/12.3508134,coordinate_fallback,,,statliga_leder
12352731,Z 41,Storulvån - Spåjme - Sylarna,76.4066996749737,"{""OBJECTID"": 12352731, ""STATLIGLED"": ""Z 41"", ""STATLIGLEDNAMN"": ""Storulvån - Spåjme - Sylarna"", ""SHAPE.LEN"": 76.4066996749737}",12.321866948487884,63.1065743706679,LineString,76.40669967361181,0.0,https://www.openstreetmap.org/?mlat=63.1065744&mlon=12.3218669#map=18/63.1065744/12.3218669,coordinate_fallback,,,statliga_leder
12352730,Z 41,Storulvån - Spåjme - Sylarna,95.132409956334,"{""OBJECTID"": 12352730, ""STATLIGLED"": ""Z 41"", ""STATLIGLEDNAMN"": ""Storulvån - Spåjme - Sylarna"", ""SHAPE.LEN"": 95.132409956334}",12.308425675996379,63.09080902838752,LineString,95.13240995714416,0.0,https://www.openstreetmap.org/?mlat=63.0908090&mlon=12.3084257#map=18/63.0908090/12.3084257,coordinate_fallback,,,statliga_leder
12354741,Z 41,Storulvån - Spåjme - Sylarna,2465.94107879605,"{""OBJECTID"": 12354741, ""STATLIGLED"": ""Z 41"", ""STATLIGLEDNAMN"": ""Storulvån - Spåjme - Sylarna"", ""SHAPE.LEN"": 2465.94107879605}",12.355313365619889,63.159971599403264,LineString,2465.941078796827,0.0,https://www.openstreetmap.org/?mlat=63.1599716&mlon=12.3553134#map=18/63.1599716/12.3553134,coordinate_fallback,,,statliga_leder
12354740,Z 41,Storulvån - Spåjme - Sylarna,1817.5107775288,"{""OBJECTID"": 12354740, ""STATLIGLED"": ""Z 41"", ""STATLIGLEDNAMN"": ""Storulvån - Spåjme - Sylarna"", ""SHAPE.LEN"": 1817.5107775288}",12.315345206153399,63.09857596711704,LineString,1817.5107775295537,0.0,https://www.openstreetmap.org/?mlat=63.0985760&mlon=12.3153452#map=18/63.0985760/12.3153452,coordinate_fallback,,,statliga_leder
12354739,Z 41,Storulvån - Spåjme - Sylarna,424.383803409915,"{""OBJECTID"": 12354739, ""STATLIGLED"": ""Z 41"", ""STATLIGLEDNAMN"": ""Storulvån - Spåjme - Sylarna"", ""SHAPE.LEN"": 424.383803409915}",12.307474970064652,63.08856768666731,LineString,424.38380340798767,0.0,https://www.openstreetmap.org/?mlat=63.0885677&mlon=12.3074750#map=18/63.0885677/12.3074750,coordinate_fallback,,,statliga_leder
12354738,Z 41,Storulvån - Spåjme - Sylarna,117.832760505255,"{""OBJECTID"": 12354738, ""STATLIGLED"": ""Z 41"", ""STATLIGLEDNAMN"": ""Storulvån - Spåjme - Sylarna"", ""SHAPE.LEN"": 117.832760505255}",12.325402834127086,63.11029269436893,LineString,117.8327605080585,0.0,https://www.openstreetmap.org/?mlat=63.1102927&mlon=12.3254028#map=18/63.1102927/12.3254028,coordinate_fallback,,,statliga_leder
12354737,Z 41,Storulvån - Spåjme - Sylarna,5467.92690317146,"{""OBJECTID"": 12354737, ""STATLIGLED"": ""Z 41"", ""STATLIGLEDNAMN"": ""Storulvån - Spåjme - Sylarna"", ""SHAPE.LEN"": 5467.92690317146}",12.28679937034415,63.066515884019395,LineString,5467.926903174409,0.0,https://www.openstreetmap.org/?mlat=63.0665159&mlon=12.2867994#map=18/63.0665159/12.2867994,coordinate_fallback,,,statliga_leder
12354736,Z 41,Storulvån - Spåjme - Sylarna,321.827253555852,"{""OBJECTID"": 12354736, ""STATLIGLED"": ""Z 41"", ""STATLIGLEDNAMN"": ""Storulvån - Spåjme - Sylarna"", ""SHAPE.LEN"": 321.827253555852}",12.323707398181247,63.108198101578346,LineString,321.8272535555864,0.0,https://www.openstreetmap.org/?mlat=63.1081981&mlon=12.3237074#map=18/63.1081981/12.3237074,coordinate_fallback,,,statliga_leder
12354734,Z 41,Storulvån - Spåjme - Sylarna,4296.26752471085,"{""OBJECTID"": 12354734, ""STATLIGLED"": ""Z 41"", ""STATLIGLEDNAMN"": ""Storulvån - Spåjme - Sylarna"", ""SHAPE.LEN"": 4296.26752471085}",12.337343629087314,63.130451857831154,LineString,4296.26752471094,0.0,https://www.openstreetmap.org/?mlat=63.1304519&mlon=12.3373436#map=18/63.1304519/12.3373436,coordinate_fallback,,,statliga_leder
12348318,Z 49,Vålådalen - Stensdalsstugorna,7360.37791196758,"{""OBJECTID"": 12348318, ""STATLIGLED"": ""Z 49"", ""STATLIGLEDNAMN"": ""Vålådalen - Stensdalsstugorna"", ""SHAPE.LEN"": 7360.37791196758}",12.801701051303375,63.13019120915091,LineString,7360.377911967798,0.0,https://www.openstreetmap.org/?mlat=63.1301912&mlon=12.8017011#map=18/63.1301912/12.8017011,coordinate_fallback,,,statliga_leder
12349210,BD 66,Pårte - Kvikkjokk,16400.4904571216,"{""OBJECTID"": 12349210, ""STATLIGLED"": ""BD 66"", ""STATLIGLEDNAMN"": ""Pårte - Kvikkjokk"", ""SHAPE.LEN"": 16400.4904571216}",17.823732418695798,67.00535106347407,LineString,16400.490457133586,0.0,https://www.openstreetmap.org/?mlat=67.0053511&mlon=17.8237324#map=18/67.0053511/17.8237324,coordinate_fallback,,,statliga_leder
12348383,Z 58,Vålåstugorna - Helags,74.7305941030125,"{""OBJECTID"": 12348383, ""STATLIGLED"": ""Z 58"", ""STATLIGLEDNAMN"": ""Vålåstugorna - Helags"", ""SHAPE.LEN"": 74.7305941030125}",12.765574591457803,63.024425545839215,LineString,74.73059410304052,0.0,https://www.openstreetmap.org/?mlat=63.0244255&mlon=12.7655746#map=18/63.0244255/12.7655746,coordinate_fallback,,,statliga_leder
12348382,Z 58,Vålåstugorna - Helags,14.1376905058782,"{""OBJECTID"": 12348382, ""STATLIGLED"": ""Z 58"", ""STATLIGLEDNAMN"": ""Vålåstugorna - Helags"", ""SHAPE.LEN"": 14.1376905058782}",12.611032670141707,62.919191217572575,LineString,14.137690503918524,0.0,https://www.openstreetmap.org/?mlat=62.9191912&mlon=12.6110327#map=18/62.9191912/12.6110327,coordinate_fallback,,,statliga_leder
12348381,Z 58,Vålåstugorna - Helags,23.2467738538764,"{""OBJECTID"": 12348381, ""STATLIGLED"": ""Z 58"", ""STATLIGLEDNAMN"": ""Vålåstugorna - Helags"", ""SHAPE.LEN"": 23.2467738538764}",12.656058130483954,62.97453229330905,LineString,23.24677385118942,0.0,https://www.openstreetmap.org/?mlat=62.9745323&mlon=12.6560581#map=18/62.9745323/12.6560581,coordinate_fallback,,,statliga_leder
12348497,Z 58,Vålåstugorna - Helags,51.1181824202546,"{""OBJECTID"": 12348497, ""STATLIGLED"": ""Z 58"", ""STATLIGLEDNAMN"": ""Vålåstugorna - Helags"", ""SHAPE.LEN"": 51.1181824202546}",12.7950156809884,63.04101886871639,LineString,51.118182421861995,0.0,https://www.openstreetmap.org/?mlat=63.0410189&mlon=12.7950157#map=18/63.0410189/12.7950157,coordinate_fallback,,,statliga_leder
12348496,Z 58,Vålåstugorna - Helags,56.5987413937801,"{""OBJECTID"": 12348496, ""STATLIGLED"": ""Z 58"", ""STATLIGLEDNAMN"": ""Vålåstugorna - Helags"", ""SHAPE.LEN"": 56.5987413937801}",12.63485800726486,62.930177471128324,LineString,56.59874139397023,0.0,https://www.openstreetmap.org/?mlat=62.9301775&mlon=12.6348580#map=18/62.9301775/12.6348580,coordinate_fallback,,,statliga_leder
12347828,Z 58,Vålåstugorna - Helags,1787.32876574063,"{""OBJECTID"": 12347828, ""STATLIGLED"": ""Z 58"", ""STATLIGLEDNAMN"": ""Vålåstugorna - Helags"", ""SHAPE.LEN"": 1787.32876574063}",12.6230336356582,62.92473980388197,LineString,1787.3287657417598,0.0,https://www.openstreetmap.org/?mlat=62.9247398&mlon=12.6230336#map=18/62.9247398/12.6230336,coordinate_fallback,,,statliga_leder
12347792,Z 58,Vålåstugorna - Helags,318.98649004757,"{""OBJECTID"": 12347792, ""STATLIGLED"": ""Z 58"", ""STATLIGLEDNAMN"": ""Vålåstugorna - Helags"", ""SHAPE.LEN"": 318.98649004757}",12.796541253943781,63.03979249434852,LineString,318.98649004701554,0.0,https://www.openstreetmap.org/?mlat=63.0397925&mlon=12.7965413#map=18/63.0397925/12.7965413,coordinate_fallback,,,statliga_leder
12347791,Z 58,Vålåstugorna - Helags,251.407705624925,"{""OBJECTID"": 12347791, ""STATLIGLED"": ""Z 58"", ""STATLIGLEDNAMN"": ""Vålåstugorna - Helags"", ""SHAPE.LEN"": 251.407705624925}",12.794809251040551,63.039669185778884,LineString,251.40770562154478,0.0,https://www.openstreetmap.org/?mlat=63.0396692&mlon=12.7948093#map=18/63.0396692/12.7948093,coordinate_fallback,,,statliga_leder
12347790,Z 58,Vålåstugorna - Helags,338.992895032144,"{""OBJECTID"": 12347790, ""STATLIGLED"": ""Z 58"", ""STATLIGLEDNAMN"": ""Vålåstugorna - Helags"", ""SHAPE.LEN"": 338.992895032144}",12.795269215293178,63.042771417583126,LineString,338.9928950325013,0.0,https://www.openstreetmap.org/?mlat=63.0427714&mlon=12.7952692#map=18/63.0427714/12.7952692,coordinate_fallback,,,statliga_leder
12347789,Z 58,Vålåstugorna - Helags,5231.54986190987,"{""OBJECTID"": 12347789, ""STATLIGLED"": ""Z 58"", ""STATLIGLEDNAMN"": ""Vålåstugorna - Helags"", ""SHAPE.LEN"": 5231.54986190987}",12.644388277570405,62.95197685216231,LineString,5231.549861912693,0.0,https://www.openstreetmap.org/?mlat=62.9519769&mlon=12.6443883#map=18/62.9519769/12.6443883,coordinate_fallback,,,statliga_leder
12347967,Z 58,Vålåstugorna - Helags,182.79816334835,"{""OBJECTID"": 12347967, ""STATLIGLED"": ""Z 58"", ""STATLIGLEDNAMN"": ""Vålåstugorna - Helags"", ""SHAPE.LEN"": 182.79816334835}",12.609966168926523,62.91845338395248,LineString,182.79816335064487,0.0,https://www.openstreetmap.org/?mlat=62.9184534&mlon=12.6099662#map=18/62.9184534/12.6099662,coordinate_fallback,,,statliga_leder
12347966,Z 58,Vålåstugorna - Helags,2178.45327826347,"{""OBJECTID"": 12347966, ""STATLIGLED"": ""Z 58"", ""STATLIGLEDNAMN"": ""Vålåstugorna - Helags"", ""SHAPE.LEN"": 2178.45327826347}",12.779719924055875,63.03239265026787,LineString,2178.4532782646065,0.0,https://www.openstreetmap.org/?mlat=63.0323927&mlon=12.7797199#map=18/63.0323927/12.7797199,coordinate_fallback,,,statliga_leder
12347965,Z 58,Vålåstugorna - Helags,8335.13632674647,"{""OBJECTID"": 12347965, ""STATLIGLED"": ""Z 58"", ""STATLIGLEDNAMN"": ""Vålåstugorna - Helags"", ""SHAPE.LEN"": 8335.13632674647}",12.713664860720076,62.99561991869607,LineString,8335.136326748207,0.0,https://www.openstreetmap.org/?mlat=62.9956199&mlon=12.7136649#map=18/62.9956199/12.7136649,coordinate_fallback,,,statliga_leder
12347301,Z 1,Stekenjokkvägen (Hamptjärn) - Raukaselet,21524.9426660144,"{""OBJECTID"": 12347301, ""STATLIGLED"": ""Z 1"", ""STATLIGLEDNAMN"": ""Stekenjokkvägen (Hamptjärn) - Raukaselet"", ""SHAPE.LEN"": 21524.9426660144}",14.4614210533758,64.95886936719789,LineString,21524.942666018043,0.0,https://www.openstreetmap.org/?mlat=64.9588694&mlon=14.4614211#map=18/64.9588694/14.4614211,coordinate_fallback,,,statliga_leder
12349269,Z 2,Stekenjokkvägen (Karitjärn) - Raukaselet (justerad),1763.91828219413,"{""OBJECTID"": 12349269, ""STATLIGLED"": ""Z 2"", ""STATLIGLEDNAMN"": ""Stekenjokkvägen (Karitjärn) - Raukaselet (justerad)"", ""SHAPE.LEN"": 1763.91828219413}",14.401015040052798,64.97877949741053,LineString,1763.918282195301,0.0,https://www.openstreetmap.org/?mlat=64.9787795&mlon=14.4010150#map=18/64.9787795/14.4010150,coordinate_fallback,,,statliga_leder
12352882,Z 2,Stekenjokkvägen (Karitjärn) - Raukaselet (justerad),2560.64182403262,"{""OBJECTID"": 12352882, ""STATLIGLED"": ""Z 2"", ""STATLIGLEDNAMN"": ""Stekenjokkvägen (Karitjärn) - Raukaselet (justerad)"", ""SHAPE.LEN"": 2560.64182403262}",14.23806241505998,64.98456533828725,LineString,2560.641824032211,0.0,https://www.openstreetmap.org/?mlat=64.9845653&mlon=14.2380624#map=18/64.9845653/14.2380624,coordinate_fallback,,,statliga_leder
12352881,Z 2,Stekenjokkvägen (Karitjärn) - Raukaselet (justerad),2540.9791685917,"{""OBJECTID"": 12352881, ""STATLIGLED"": ""Z 2"", ""STATLIGLEDNAMN"": ""Stekenjokkvägen (Karitjärn) - Raukaselet (justerad)"", ""SHAPE.LEN"": 2540.9791685917}",14.298238375775295,64.99012613572546,LineString,2540.979168591468,0.0,https://www.openstreetmap.org/?mlat=64.9901261&mlon=14.2982384#map=18/64.9901261/14.2982384,coordinate_fallback,,,statliga_leder
12352880,Z 2,Stekenjokkvägen (Karitjärn) - Raukaselet (justerad),689.328577476326,"{""OBJECTID"": 12352880, ""STATLIGLED"": ""Z 2"", ""STATLIGLEDNAMN"": ""Stekenjokkvägen (Karitjärn) - Raukaselet (justerad)"", ""SHAPE.LEN"": 689.328577476326}",14.486288080742744,64.9344746664087,LineString,689.3285774778747,0.0,https://www.openstreetmap.org/?mlat=64.9344747&mlon=14.4862881#map=18/64.9344747/14.4862881,coordinate_fallback,,,statliga_leder
12352879,Z 2,Stekenjokkvägen (Karitjärn) - Raukaselet (justerad),5346.26907796115,"{""OBJECTID"": 12352879, ""STATLIGLED"": ""Z 2"", ""STATLIGLEDNAMN"": ""Stekenjokkvägen (Karitjärn) - Raukaselet (justerad)"", ""SHAPE.LEN"": 5346.26907796115}",14.449525753539277,64.95517092313571,LineString,5346.269077960171,0.0,https://www.openstreetmap.org/?mlat=64.9551709&mlon=14.4495258#map=18/64.9551709/14.4495258,coordinate_fallback,,,statliga_leder
12352878,Z 2,Stekenjokkvägen (Karitjärn) - Raukaselet (justerad),487.325482833959,"{""OBJECTID"": 12352878, ""STATLIGLED"": ""Z 2"", ""STATLIGLEDNAMN"": ""Stekenjokkvägen (Karitjärn) - Raukaselet (justerad)"", ""SHAPE.LEN"": 487.325482833959}",14.599314434694044,64.89454895755637,LineString,487.3254828342666,0.0,https://www.openstreetmap.org/?mlat=64.8945490&mlon=14.5993144#map=18/64.8945490/14.5993144,coordinate_fallback,,,statliga_leder
12352877,Z 2,Stekenjokkvägen (Karitjärn) - Raukaselet (justerad),726.488294784527,"{""OBJECTID"": 12352877, ""STATLIGLED"": ""Z 2"", ""STATLIGLEDNAMN"": ""Stekenjokkvägen (Karitjärn) - Raukaselet (justerad)"", ""SHAPE.LEN"": 726.488294784527}",14.555740076535823,64.91788296798907,LineString,726.4882947851595,0.0,https://www.openstreetmap.org/?mlat=64.9178830&mlon=14.5557401#map=18/64.9178830/14.5557401,coordinate_fallback,,,statliga_leder
12352876,Z 2,Stekenjokkvägen (Karitjärn) - Raukaselet (justerad),4064.48632642997,"{""OBJECTID"": 12352876, ""STATLIGLED"": ""Z 2"", ""STATLIGLEDNAMN"": ""Stekenjokkvägen (Karitjärn) - Raukaselet (justerad)"", ""SHAPE.LEN"": 4064.48632642997}",14.356343246324087,64.99565403421732,LineString,4064.4863264307514,0.0,https://www.openstreetmap.org/?mlat=64.9956540&mlon=14.3563432#map=18/64.9956540/14.3563432,coordinate_fallback,,,statliga_leder
12354351,Z 2,Stekenjokkvägen (Karitjärn) - Raukaselet (justerad),36.617266168981,"{""OBJECTID"": 12354351, ""STATLIGLED"": ""Z 2"", ""STATLIGLEDNAMN"": ""Stekenjokkvägen (Karitjärn) - Raukaselet (justerad)"", ""SHAPE.LEN"": 36.617266168981}",14.415363937724461,64.97404641186586,LineString,36.61726616836066,0.0,https://www.openstreetmap.org/?mlat=64.9740464&mlon=14.4153639#map=18/64.9740464/14.4153639,coordinate_fallback,,,statliga_leder
12354006,Z 2,Stekenjokkvägen (Karitjärn) - Raukaselet (justerad),2290.88065527807,"{""OBJECTID"": 12354006, ""STATLIGLED"": ""Z 2"", ""STATLIGLEDNAMN"": ""Stekenjokkvägen (Karitjärn) - Raukaselet (justerad)"", ""SHAPE.LEN"": 2290.88065527807}",14.5686047387628,64.90569534803365,LineString,2290.8806552807473,0.0,https://www.openstreetmap.org/?mlat=64.9056953&mlon=14.5686047#map=18/64.9056953/14.5686047,coordinate_fallback,,,statliga_leder
12354005,Z 2,Stekenjokkvägen (Karitjärn) - Raukaselet (justerad),4.21261328037597,"{""OBJECTID"": 12354005, ""STATLIGLED"": ""Z 2"", ""STATLIGLEDNAMN"": ""Stekenjokkvägen (Karitjärn) - Raukaselet (justerad)"", ""SHAPE.LEN"": 4.21261328037597}",14.558602301549765,64.91489967376688,LineString,4.212613278403488,0.0,https://www.openstreetmap.org/?mlat=64.9148997&mlon=14.5586023#map=18/64.9148997/14.5586023,coordinate_fallback,,,statliga_leder
12354004,Z 2,Stekenjokkvägen (Karitjärn) - Raukaselet (justerad),567.184351324964,"{""OBJECTID"": 12354004, ""STATLIGLED"": ""Z 2"", ""STATLIGLEDNAMN"": ""Stekenjokkvägen (Karitjärn) - Raukaselet (justerad)"", ""SHAPE.LEN"": 567.184351324964}",14.584787526893505,64.89598283192672,LineString,567.1843513241379,0.0,https://www.openstreetmap.org/?mlat=64.8959828&mlon=14.5847875#map=18/64.8959828/14.5847875,coordinate_fallback,,,statliga_leder
12354003,Z 2,Stekenjokkvägen (Karitjärn) - Raukaselet (justerad),489.604455861199,"{""OBJECTID"": 12354003, ""STATLIGLED"": ""Z 2"", ""STATLIGLEDNAMN"": ""Stekenjokkvägen (Karitjärn) - Raukaselet (justerad)"", ""SHAPE.LEN"": 489.604455861199}",14.269513363165515,64.98853362716665,LineString,489.6044558611984,0.0,https://www.openstreetmap.org/?mlat=64.9885336&mlon=14.2695134#map=18/64.9885336/14.2695134,coordinate_fallback,,,statliga_leder
12354002,Z 2,Stekenjokkvägen (Karitjärn) - Raukaselet (justerad),667.783621441295,"{""OBJECTID"": 12354002, ""STATLIGLED"": ""Z 2"", ""STATLIGLEDNAMN"": ""Stekenjokkvägen (Karitjärn) - Raukaselet (justerad)"", ""SHAPE.LEN"": 667.783621441295}",14.588808857001165,64.89666561864976,LineString,667.7836214396758,0.0,https://www.openstreetmap.org/?mlat=64.8966656&mlon=14.5888089#map=18/64.8966656/14.5888089,coordinate_fallback,,,statliga_leder
12353996,Z 2,Stekenjokkvägen (Karitjärn) - Raukaselet (justerad),100.850224816854,"{""OBJECTID"": 12353996, ""STATLIGLED"": ""Z 2"", ""STATLIGLEDNAMN"": ""Stekenjokkvägen (Karitjärn) - Raukaselet (justerad)"", ""SHAPE.LEN"": 100.850224816854}",14.263411266614415,64.98812496561017,LineString,100.85022481750597,0.0,https://www.openstreetmap.org/?mlat=64.9881250&mlon=14.2634113#map=18/64.9881250/14.2634113,coordinate_fallback,,,statliga_leder
12350930,Z 3,Slipsiken (länsgränsen) - Raukasjö,23.5933828343881,"{""OBJECTID"": 12350930, ""STATLIGLED"": ""Z 3"", ""STATLIGLEDNAMN"": ""Slipsiken (länsgränsen) - Raukasjö"", ""SHAPE.LEN"": 23.5933828343881}",14.683521918443564,64.9635358399174,LineString,23.593382833993296,0.0,https://www.openstreetmap.org/?mlat=64.9635358&mlon=14.6835219#map=18/64.9635358/14.6835219,coordinate_fallback,,,statliga_leder
12347309,Z 3,Slipsiken (länsgränsen) - Raukasjö,1969.36687289271,"{""OBJECTID"": 12347309, ""STATLIGLED"": ""Z 3"", ""STATLIGLEDNAMN"": ""Slipsiken (länsgränsen) - Raukasjö"", ""SHAPE.LEN"": 1969.36687289271}",14.693605108051619,64.97124785837028,LineString,1969.3668728939492,0.0,https://www.openstreetmap.org/?mlat=64.9712479&mlon=14.6936051#map=18/64.9712479/14.6936051,coordinate_fallback,,,statliga_leder
12346765,Z 3,Slipsiken (länsgränsen) - Raukasjö,8229.16637397304,"{""OBJECTID"": 12346765, ""STATLIGLED"": ""Z 3"", ""STATLIGLEDNAMN"": ""Slipsiken (länsgränsen) - Raukasjö"", ""SHAPE.LEN"": 8229.16637397304}",14.617738800326935,64.94297884280812,LineString,8229.166373970671,0.0,https://www.openstreetmap.org/?mlat=64.9429788&mlon=14.6177388#map=18/64.9429788/14.6177388,coordinate_fallback,,,statliga_leder
12348656,Z 3,Slipsiken (länsgränsen) - Raukasjö,1969.36687289271,"{""OBJECTID"": 12348656, ""STATLIGLED"": ""Z 3"", ""STATLIGLEDNAMN"": ""Slipsiken (länsgränsen) - Raukasjö"", ""SHAPE.LEN"": 1969.36687289271}",14.693605108051619,64.97124785837028,LineString,1969.3668728939492,0.0,https://www.openstreetmap.org/?mlat=64.9712479&mlon=14.6936051#map=18/64.9712479/14.6936051,coordinate_fallback,,,statliga_leder
12352255,Z 3,Slipsiken (länsgränsen) - Raukasjö,23.5933828343881,"{""OBJECTID"": 12352255, ""STATLIGLED"": ""Z 3"", ""STATLIGLEDNAMN"": ""Slipsiken (länsgränsen) - Raukasjö"", ""SHAPE.LEN"": 23.5933828343881}",14.683521918443564,64.9635358399174,LineString,23.593382833993296,0.0,https://www.openstreetmap.org/?mlat=64.9635358&mlon=14.6835219#map=18/64.9635358/14.6835219,coordinate_fallback,,,statliga_leder
12354318,Z 3,Slipsiken (länsgränsen) - Raukasjö,8229.16637397304,"{""OBJECTID"": 12354318, ""STATLIGLED"": ""Z 3"", ""STATLIGLEDNAMN"": ""Slipsiken (länsgränsen) - Raukasjö"", ""SHAPE.LEN"": 8229.16637397304}",14.617738800326935,64.94297884280812,LineString,8229.166373970671,0.0,https://www.openstreetmap.org/?mlat=64.9429788&mlon=14.6177388#map=18/64.9429788/14.6177388,coordinate_fallback,,,statliga_leder
12354078,Z 4,Storjola - Raukaselet,3550.69826139739,"{""OBJECTID"": 12354078, ""STATLIGLED"": ""Z 4"", ""STATLIGLEDNAMN"": ""Storjola - Raukaselet"", ""SHAPE.LEN"": 3550.69826139739}",14.715881392520192,64.88996411746805,LineString,3550.698261397761,0.0,https://www.openstreetmap.org/?mlat=64.8899641&mlon=14.7158814#map=18/64.8899641/14.7158814,coordinate_fallback,,,statliga_leder
12354077,Z 4,Storjola - Raukaselet,350.27998684381,"{""OBJECTID"": 12354077, ""STATLIGLED"": ""Z 4"", ""STATLIGLEDNAMN"": ""Storjola - Raukaselet"", ""SHAPE.LEN"": 350.27998684381}",14.75474125151511,64.8859186151484,LineString,350.27998684391474,0.0,https://www.openstreetmap.org/?mlat=64.8859186&mlon=14.7547413#map=18/64.8859186/14.7547413,coordinate_fallback,,,statliga_leder
12354037,Z 4,Storjola - Raukaselet,537.122142607575,"{""OBJECTID"": 12354037, ""STATLIGLED"": ""Z 4"", ""STATLIGLEDNAMN"": ""Storjola - Raukaselet"", ""SHAPE.LEN"": 537.122142607575}",14.75712718571847,64.88670427863536,LineString,537.1221426076909,0.0,https://www.openstreetmap.org/?mlat=64.8867043&mlon=14.7571272#map=18/64.8867043/14.7571272,coordinate_fallback,,,statliga_leder
12354036,Z 4,Storjola - Raukaselet,4116.63560891116,"{""OBJECTID"": 12354036, ""STATLIGLED"": ""Z 4"", ""STATLIGLEDNAMN"": ""Storjola - Raukaselet"", ""SHAPE.LEN"": 4116.63560891116}",14.642714480403923,64.89819197583395,LineString,4116.635608909331,0.0,https://www.openstreetmap.org/?mlat=64.8981920&mlon=14.6427145#map=18/64.8981920/14.6427145,coordinate_fallback,,,statliga_leder
12354035,Z 4,Storjola - Raukaselet,2338.87160796223,"{""OBJECTID"": 12354035, ""STATLIGLED"": ""Z 4"", ""STATLIGLEDNAMN"": ""Storjola - Raukaselet"", ""SHAPE.LEN"": 2338.87160796223}",14.77270965909064,64.8789428636378,LineString,2338.871607961551,0.0,https://www.openstreetmap.org/?mlat=64.8789429&mlon=14.7727097#map=18/64.8789429/14.7727097,coordinate_fallback,,,statliga_leder
12352373,Z 4,Storjola - Raukaselet,537.122142607575,"{""OBJECTID"": 12352373, ""STATLIGLED"": ""Z 4"", ""STATLIGLEDNAMN"": ""Storjola - Raukaselet"", ""SHAPE.LEN"": 537.122142607575}",14.75712718571847,64.88670427863536,LineString,537.1221426076909,0.0,https://www.openstreetmap.org/?mlat=64.8867043&mlon=14.7571272#map=18/64.8867043/14.7571272,coordinate_fallback,,,statliga_leder
12352372,Z 4,Storjola - Raukaselet,3550.69826139739,"{""OBJECTID"": 12352372, ""STATLIGLED"": ""Z 4"", ""STATLIGLEDNAMN"": ""Storjola - Raukaselet"", ""SHAPE.LEN"": 3550.69826139739}",14.715881392520192,64.88996411746805,LineString,3550.698261397761,0.0,https://www.openstreetmap.org/?mlat=64.8899641&mlon=14.7158814#map=18/64.8899641/14.7158814,coordinate_fallback,,,statliga_leder
12355483,Z 4,Storjola - Raukaselet,4116.63560891116,"{""OBJECTID"": 12355483, ""STATLIGLED"": ""Z 4"", ""STATLIGLEDNAMN"": ""Storjola - Raukaselet"", ""SHAPE.LEN"": 4116.63560891116}",14.642714480403923,64.89819197583395,LineString,4116.635608909331,0.0,https://www.openstreetmap.org/?mlat=64.8981920&mlon=14.6427145#map=18/64.8981920/14.6427145,coordinate_fallback,,,statliga_leder
12346679,Z 7,Raptejaure (led 5) - Lejaren - Ankarvattsliden (justerad),16.5211736247762,"{""OBJECTID"": 12346679, ""STATLIGLED"": ""Z 7"", ""STATLIGLEDNAMN"": ""Raptejaure (led 5) - Lejaren - Ankarvattsliden (justerad)"", ""SHAPE.LEN"": 16.5211736247762}",14.43687090009407,64.86431551573703,LineString,16.52117362568319,0.0,https://www.openstreetmap.org/?mlat=64.8643155&mlon=14.4368709#map=18/64.8643155/14.4368709,coordinate_fallback,,,statliga_leder
12346678,Z 7,Raptejaure (led 5) - Lejaren - Ankarvattsliden (justerad),239.176920912219,"{""OBJECTID"": 12346678, ""STATLIGLED"": ""Z 7"", ""STATLIGLEDNAMN"": ""Raptejaure (led 5) - Lejaren - Ankarvattsliden (justerad)"", ""SHAPE.LEN"": 239.176920912219}",14.432487840152731,64.85606594253962,LineString,239.1769209111531,0.0,https://www.openstreetmap.org/?mlat=64.8560659&mlon=14.4324878#map=18/64.8560659/14.4324878,coordinate_fallback,,,statliga_leder
12346682,Z 7,Raptejaure (led 5) - Lejaren - Ankarvattsliden (justerad),132.451877956411,"{""OBJECTID"": 12346682, ""STATLIGLED"": ""Z 7"", ""STATLIGLEDNAMN"": ""Raptejaure (led 5) - Lejaren - Ankarvattsliden (justerad)"", ""SHAPE.LEN"": 132.451877956411}",14.446707232584421,64.86597132776113,LineString,132.45187795754597,0.0,https://www.openstreetmap.org/?mlat=64.8659713&mlon=14.4467072#map=18/64.8659713/14.4467072,coordinate_fallback,,,statliga_leder
12346681,Z 7,Raptejaure (led 5) - Lejaren - Ankarvattsliden (justerad),2.45988576360773,"{""OBJECTID"": 12346681, ""STATLIGLED"": ""Z 7"", ""STATLIGLEDNAMN"": ""Raptejaure (led 5) - Lejaren - Ankarvattsliden (justerad)"", ""SHAPE.LEN"": 2.45988576360773}",14.451125164000317,64.86651826779843,LineString,2.4598857638043063,0.0,https://www.openstreetmap.org/?mlat=64.8665183&mlon=14.4511252#map=18/64.8665183/14.4511252,coordinate_fallback,,,statliga_leder
12346680,Z 7,Raptejaure (led 5) - Lejaren - Ankarvattsliden (justerad),488.389259265518,"{""OBJECTID"": 12346680, ""STATLIGLED"": ""Z 7"", ""STATLIGLEDNAMN"": ""Raptejaure (led 5) - Lejaren - Ankarvattsliden (justerad)"", ""SHAPE.LEN"": 488.389259265518}",14.42470616892642,64.85359259162782,LineString,488.3892592660311,0.0,https://www.openstreetmap.org/?mlat=64.8535926&mlon=14.4247062#map=18/64.8535926/14.4247062,coordinate_fallback,,,statliga_leder
12346677,Z 7,Raptejaure (led 5) - Lejaren - Ankarvattsliden (justerad),26.9017291572494,"{""OBJECTID"": 12346677, ""STATLIGLED"": ""Z 7"", ""STATLIGLEDNAMN"": ""Raptejaure (led 5) - Lejaren - Ankarvattsliden (justerad)"", ""SHAPE.LEN"": 26.9017291572494}",14.453542259000542,64.86658036733762,LineString,26.901729156988814,0.0,https://www.openstreetmap.org/?mlat=64.8665804&mlon=14.4535423#map=18/64.8665804/14.4535423,coordinate_fallback,,,statliga_leder
12346676,Z 7,Raptejaure (led 5) - Lejaren - Ankarvattsliden (justerad),1027.56656711476,"{""OBJECTID"": 12346676, ""STATLIGLED"": ""Z 7"", ""STATLIGLEDNAMN"": ""Raptejaure (led 5) - Lejaren - Ankarvattsliden (justerad)"", ""SHAPE.LEN"": 1027.56656711476}",14.439996922215903,64.85595601012321,LineString,1027.5665671150648,0.0,https://www.openstreetmap.org/?mlat=64.8559560&mlon=14.4399969#map=18/64.8559560/14.4399969,coordinate_fallback,,,statliga_leder
12346675,Z 7,Raptejaure (led 5) - Lejaren - Ankarvattsliden (justerad),1496.11710602522,"{""OBJECTID"": 12346675, ""STATLIGLED"": ""Z 7"", ""STATLIGLEDNAMN"": ""Raptejaure (led 5) - Lejaren - Ankarvattsliden (justerad)"", ""SHAPE.LEN"": 1496.11710602522}",14.36312176710536,64.84815617292699,LineString,1496.1171060254285,0.0,https://www.openstreetmap.org/?mlat=64.8481562&mlon=14.3631218#map=18/64.8481562/14.3631218,coordinate_fallback,,,statliga_leder
12346674,Z 7,Raptejaure (led 5) - Lejaren - Ankarvattsliden (justerad),33.897853971787,"{""OBJECTID"": 12346674, ""STATLIGLED"": ""Z 7"", ""STATLIGLEDNAMN"": ""Raptejaure (led 5) - Lejaren - Ankarvattsliden (justerad)"", ""SHAPE.LEN"": 33.897853971787}",14.401353323944775,64.85576397720142,LineString,33.89785397175089,0.0,https://www.openstreetmap.org/?mlat=64.8557640&mlon=14.4013533#map=18/64.8557640/14.4013533,coordinate_fallback,,,statliga_leder
12346673,Z 7,Raptejaure (led 5) - Lejaren - Ankarvattsliden (justerad),83.3409482771225,"{""OBJECTID"": 12346673, ""STATLIGLED"": ""Z 7"", ""STATLIGLEDNAMN"": ""Raptejaure (led 5) - Lejaren - Ankarvattsliden (justerad)"", ""SHAPE.LEN"": 83.3409482771225}",14.461359205407353,64.86733891004776,LineString,83.34094827573249,0.0,https://www.openstreetmap.org/?mlat=64.8673389&mlon=14.4613592#map=18/64.8673389/14.4613592,coordinate_fallback,,,statliga_leder
12353644,Z 7,Raptejaure (led 5) - Lejaren - Ankarvattsliden (justerad),153.704136284817,"{""OBJECTID"": 12353644, ""STATLIGLED"": ""Z 7"", ""STATLIGLEDNAMN"": ""Raptejaure (led 5) - Lejaren - Ankarvattsliden (justerad)"", ""SHAPE.LEN"": 153.704136284817}",14.44953800490164,64.86642331218626,LineString,153.70413628352577,0.0,https://www.openstreetmap.org/?mlat=64.8664233&mlon=14.4495380#map=18/64.8664233/14.4495380,coordinate_fallback,,,statliga_leder
12353643,Z 7,Raptejaure (led 5) - Lejaren - Ankarvattsliden (justerad),1301.75368777261,"{""OBJECTID"": 12353643, ""STATLIGLED"": ""Z 7"", ""STATLIGLEDNAMN"": ""Raptejaure (led 5) - Lejaren - Ankarvattsliden (justerad)"", ""SHAPE.LEN"": 1301.75368777261}",14.429552024519372,64.86169656552316,LineString,1301.753687773144,0.0,https://www.openstreetmap.org/?mlat=64.8616966&mlon=14.4295520#map=18/64.8616966/14.4295520,coordinate_fallback,,,statliga_leder
12353708,Z 7,Raptejaure (led 5) - Lejaren - Ankarvattsliden (justerad),1356.13666547902,"{""OBJECTID"": 12353708, ""STATLIGLED"": ""Z 7"", ""STATLIGLEDNAMN"": ""Raptejaure (led 5) - Lejaren - Ankarvattsliden (justerad)"", ""SHAPE.LEN"": 1356.13666547902}",14.388432959231258,64.85445327347415,LineString,1356.1366654799988,0.0,https://www.openstreetmap.org/?mlat=64.8544533&mlon=14.3884330#map=18/64.8544533/14.3884330,coordinate_fallback,,,statliga_leder
12353707,Z 7,Raptejaure (led 5) - Lejaren - Ankarvattsliden (justerad),918.454600005207,"{""OBJECTID"": 12353707, ""STATLIGLED"": ""Z 7"", ""STATLIGLEDNAMN"": ""Raptejaure (led 5) - Lejaren - Ankarvattsliden (justerad)"", ""SHAPE.LEN"": 918.454600005207}",14.410695017741517,64.85411887189083,LineString,918.4546000070693,0.0,https://www.openstreetmap.org/?mlat=64.8541189&mlon=14.4106950#map=18/64.8541189/14.4106950,coordinate_fallback,,,statliga_leder
12353706,Z 7,Raptejaure (led 5) - Lejaren - Ankarvattsliden (justerad),100.079463808166,"{""OBJECTID"": 12353706, ""STATLIGLED"": ""Z 7"", ""STATLIGLEDNAMN"": ""Raptejaure (led 5) - Lejaren - Ankarvattsliden (justerad)"", ""SHAPE.LEN"": 100.079463808166}",14.452205011866031,64.86654601191655,LineString,100.07946380802933,0.0,https://www.openstreetmap.org/?mlat=64.8665460&mlon=14.4522050#map=18/64.8665460/14.4522050,coordinate_fallback,,,statliga_leder
12353705,Z 7,Raptejaure (led 5) - Lejaren - Ankarvattsliden (justerad),174.584473790967,"{""OBJECTID"": 12353705, ""STATLIGLED"": ""Z 7"", ""STATLIGLEDNAMN"": ""Raptejaure (led 5) - Lejaren - Ankarvattsliden (justerad)"", ""SHAPE.LEN"": 174.584473790967}",14.259148417547754,64.85824245942347,LineString,174.5844737914936,0.0,https://www.openstreetmap.org/?mlat=64.8582425&mlon=14.2591484#map=18/64.8582425/14.2591484,coordinate_fallback,,,statliga_leder
12353704,Z 7,Raptejaure (led 5) - Lejaren - Ankarvattsliden (justerad),120.264748594091,"{""OBJECTID"": 12353704, ""STATLIGLED"": ""Z 7"", ""STATLIGLEDNAMN"": ""Raptejaure (led 5) - Lejaren - Ankarvattsliden (justerad)"", ""SHAPE.LEN"": 120.264748594091}",14.430415605719883,64.85472260936771,LineString,120.26474859346591,0.0,https://www.openstreetmap.org/?mlat=64.8547226&mlon=14.4304156#map=18/64.8547226/14.4304156,coordinate_fallback,,,statliga_leder
12353703,Z 7,Raptejaure (led 5) - Lejaren - Ankarvattsliden (justerad),426.964269850742,"{""OBJECTID"": 12353703, ""STATLIGLED"": ""Z 7"", ""STATLIGLEDNAMN"": ""Raptejaure (led 5) - Lejaren - Ankarvattsliden (justerad)"", ""SHAPE.LEN"": 426.964269850742}",14.441230378964255,64.86503223806841,LineString,426.9642698497668,0.0,https://www.openstreetmap.org/?mlat=64.8650322&mlon=14.4412304#map=18/64.8650322/14.4412304,coordinate_fallback,,,statliga_leder
12353702,Z 7,Raptejaure (led 5) - Lejaren - Ankarvattsliden (justerad),4491.77455009791,"{""OBJECTID"": 12353702, ""STATLIGLED"": ""Z 7"", ""STATLIGLEDNAMN"": ""Raptejaure (led 5) - Lejaren - Ankarvattsliden (justerad)"", ""SHAPE.LEN"": 4491.77455009791}",14.501207598198489,64.87532362759826,LineString,4491.774550099384,0.0,https://www.openstreetmap.org/?mlat=64.8753236&mlon=14.5012076#map=18/64.8753236/14.5012076,coordinate_fallback,,,statliga_leder
12353694,Z 7,Raptejaure (led 5) - Lejaren - Ankarvattsliden (justerad),328.811546916755,"{""OBJECTID"": 12353694, ""STATLIGLED"": ""Z 7"", ""STATLIGLEDNAMN"": ""Raptejaure (led 5) - Lejaren - Ankarvattsliden (justerad)"", ""SHAPE.LEN"": 328.811546916755}",14.457189082603671,64.8667915848283,LineString,328.81154691793745,0.0,https://www.openstreetmap.org/?mlat=64.8667916&mlon=14.4571891#map=18/64.8667916/14.4571891,coordinate_fallback,,,statliga_leder
12353693,Z 7,Raptejaure (led 5) - Lejaren - Ankarvattsliden (justerad),5982.68766597525,"{""OBJECTID"": 12353693, ""STATLIGLED"": ""Z 7"", ""STATLIGLEDNAMN"": ""Raptejaure (led 5) - Lejaren - Ankarvattsliden (justerad)"", ""SHAPE.LEN"": 5982.68766597525}",14.307879520437435,64.85708138776423,LineString,5982.687665974753,0.0,https://www.openstreetmap.org/?mlat=64.8570814&mlon=14.3078795#map=18/64.8570814/14.3078795,coordinate_fallback,,,statliga_leder
12348837,Z 8,Ankarede (Ullersjön) - Sielkentjakkstugan (via Saljaren - Friningen) (justerad),142.710662347072,"{""OBJECTID"": 12348837, ""STATLIGLED"": ""Z 8"", ""STATLIGLEDNAMN"": ""Ankarede (Ullersjön) - Sielkentjakkstugan (via Saljaren - Friningen) (justerad)"", ""SHAPE.LEN"": 142.710662347072}",14.364687676582424,64.78276660593099,LineString,142.71066234718992,0.0,https://www.openstreetmap.org/?mlat=64.7827666&mlon=14.3646877#map=18/64.7827666/14.3646877,coordinate_fallback,,,statliga_leder
12348658,Z 8,Ankarede (Ullersjön) - Sielkentjakkstugan (via Saljaren - Friningen) (justerad),23.4508486040484,"{""OBJECTID"": 12348658, ""STATLIGLED"": ""Z 8"", ""STATLIGLEDNAMN"": ""Ankarede (Ullersjön) - Sielkentjakkstugan (via Saljaren - Friningen) (justerad)"", ""SHAPE.LEN"": 23.4508486040484}",14.478181531316654,64.76628009508092,LineString,23.45084860379669,0.0,https://www.openstreetmap.org/?mlat=64.7662801&mlon=14.4781815#map=18/64.7662801/14.4781815,coordinate_fallback,,,statliga_leder
12348809,Z 8,Ankarede (Ullersjön) - Sielkentjakkstugan (via Saljaren - Friningen) (justerad),147.185630864735,"{""OBJECTID"": 12348809, ""STATLIGLED"": ""Z 8"", ""STATLIGLEDNAMN"": ""Ankarede (Ullersjön) - Sielkentjakkstugan (via Saljaren - Friningen) (justerad)"", ""SHAPE.LEN"": 147.185630864735}",14.428061372220867,64.77477407929709,LineString,147.18563086533192,0.0,https://www.openstreetmap.org/?mlat=64.7747741&mlon=14.4280614#map=18/64.7747741/14.4280614,coordinate_fallback,,,statliga_leder
12348223,Z 8,Ankarede (Ullersjön) - Sielkentjakkstugan (via Saljaren - Friningen) (justerad),2435.59458940603,"{""OBJECTID"": 12348223, ""STATLIGLED"": ""Z 8"", ""STATLIGLEDNAMN"": ""Ankarede (Ullersjön) - Sielkentjakkstugan (via Saljaren - Friningen) (justerad)"", ""SHAPE.LEN"": 2435.59458940603}",14.452049823293637,64.77219424219679,LineString,2435.5945894050305,0.0,https://www.openstreetmap.org/?mlat=64.7721942&mlon=14.4520498#map=18/64.7721942/14.4520498,coordinate_fallback,,,statliga_leder
12348307,Z 8,Ankarede (Ullersjön) - Sielkentjakkstugan (via Saljaren - Friningen) (justerad),96.6236145195366,"{""OBJECTID"": 12348307, ""STATLIGLED"": ""Z 8"", ""STATLIGLEDNAMN"": ""Ankarede (Ullersjön) - Sielkentjakkstugan (via Saljaren - Friningen) (justerad)"", ""SHAPE.LEN"": 96.6236145195366}",14.391763132428114,64.77936702212497,LineString,96.6236145208558,0.0,https://www.openstreetmap.org/?mlat=64.7793670&mlon=14.3917631#map=18/64.7793670/14.3917631,coordinate_fallback,,,statliga_leder
12348306,Z 8,Ankarede (Ullersjön) - Sielkentjakkstugan (via Saljaren - Friningen) (justerad),787.584844614828,"{""OBJECTID"": 12348306, ""STATLIGLED"": ""Z 8"", ""STATLIGLEDNAMN"": ""Ankarede (Ullersjön) - Sielkentjakkstugan (via Saljaren - Friningen) (justerad)"", ""SHAPE.LEN"": 787.584844614828}",14.375564263110618,64.7817752973709,LineString,787.5848446140428,0.0,https://www.openstreetmap.org/?mlat=64.7817753&mlon=14.3755643#map=18/64.7817753/14.3755643,coordinate_fallback,,,statliga_leder
12348305,Z 8,Ankarede (Ullersjön) - Sielkentjakkstugan (via Saljaren - Friningen) (justerad),159.134367004563,"{""OBJECTID"": 12348305, ""STATLIGLED"": ""Z 8"", ""STATLIGLEDNAMN"": ""Ankarede (Ullersjön) - Sielkentjakkstugan (via Saljaren - Friningen) (justerad)"", ""SHAPE.LEN"": 159.134367004563}",14.476125575490329,64.76701396911787,LineString,159.13436700357968,0.0,https://www.openstreetmap.org/?mlat=64.7670140&mlon=14.4761256#map=18/64.7670140/14.4761256,coordinate_fallback,,,statliga_leder
12348304,Z 8,Ankarede (Ullersjön) - Sielkentjakkstugan (via Saljaren - Friningen) (justerad),311.355706766375,"{""OBJECTID"": 12348304, ""STATLIGLED"": ""Z 8"", ""STATLIGLEDNAMN"": ""Ankarede (Ullersjön) - Sielkentjakkstugan (via Saljaren - Friningen) (justerad)"", ""SHAPE.LEN"": 311.355706766375}",14.387029501822058,64.7801435439904,LineString,311.35570676635075,0.0,https://www.openstreetmap.org/?mlat=64.7801435&mlon=14.3870295#map=18/64.7801435/14.3870295,coordinate_fallback,,,statliga_leder
12348303,Z 8,Ankarede (Ullersjön) - Sielkentjakkstugan (via Saljaren - Friningen) (justerad),576.611200822747,"{""OBJECTID"": 12348303, ""STATLIGLED"": ""Z 8"", ""STATLIGLEDNAMN"": ""Ankarede (Ullersjön) - Sielkentjakkstugan (via Saljaren - Friningen) (justerad)"", ""SHAPE.LEN"": 576.611200822747}",14.535348983690746,64.73435205738187,LineString,576.6112008222574,0.0,https://www.openstreetmap.org/?mlat=64.7343521&mlon=14.5353490#map=18/64.7343521/14.5353490,coordinate_fallback,,,statliga_leder
12348302,Z 8,Ankarede (Ullersjön) - Sielkentjakkstugan (via Saljaren - Friningen) (justerad),71.5264581535629,"{""OBJECTID"": 12348302, ""STATLIGLED"": ""Z 8"", ""STATLIGLEDNAMN"": ""Ankarede (Ullersjön) - Sielkentjakkstugan (via Saljaren - Friningen) (justerad)"", ""SHAPE.LEN"": 71.5264581535629}",14.366899852203515,64.7825830773504,LineString,71.52645815373236,0.0,https://www.openstreetmap.org/?mlat=64.7825831&mlon=14.3668999#map=18/64.7825831/14.3668999,coordinate_fallback,,,statliga_leder
12348301,Z 8,Ankarede (Ullersjön) - Sielkentjakkstugan (via Saljaren - Friningen) (justerad),448.511644300625,"{""OBJECTID"": 12348301, ""STATLIGLED"": ""Z 8"", ""STATLIGLEDNAMN"": ""Ankarede (Ullersjön) - Sielkentjakkstugan (via Saljaren - Friningen) (justerad)"", ""SHAPE.LEN"": 448.511644300625}",14.48443286556631,64.76511477199136,LineString,448.5116443013228,0.0,https://www.openstreetmap.org/?mlat=64.7651148&mlon=14.4844329#map=18/64.7651148/14.4844329,coordinate_fallback,,,statliga_leder
12348300,Z 8,Ankarede (Ullersjön) - Sielkentjakkstugan (via Saljaren - Friningen) (justerad),36.1069302800723,"{""OBJECTID"": 12348300, ""STATLIGLED"": ""Z 8"", ""STATLIGLEDNAMN"": ""Ankarede (Ullersjön) - Sielkentjakkstugan (via Saljaren - Friningen) (justerad)"", ""SHAPE.LEN"": 36.1069302800723}",14.477716965377589,64.76645920284221,LineString,36.10693028104169,0.0,https://www.openstreetmap.org/?mlat=64.7664592&mlon=14.4777170#map=18/64.7664592/14.4777170,coordinate_fallback,,,statliga_leder
12348299,Z 8,Ankarede (Ullersjön) - Sielkentjakkstugan (via Saljaren - Friningen) (justerad),199.15909935583,"{""OBJECTID"": 12348299, ""STATLIGLED"": ""Z 8"", ""STATLIGLEDNAMN"": ""Ankarede (Ullersjön) - Sielkentjakkstugan (via Saljaren - Friningen) (justerad)"", ""SHAPE.LEN"": 199.15909935583}",14.428590893102681,64.77569528109493,LineString,199.15909935360912,0.0,https://www.openstreetmap.org/?mlat=64.7756953&mlon=14.4285909#map=18/64.7756953/14.4285909,coordinate_fallback,,,statliga_leder
12348298,Z 8,Ankarede (Ullersjön) - Sielkentjakkstugan (via Saljaren - Friningen) (justerad),259.784301544807,"{""OBJECTID"": 12348298, ""STATLIGLED"": ""Z 8"", ""STATLIGLEDNAMN"": ""Ankarede (Ullersjön) - Sielkentjakkstugan (via Saljaren - Friningen) (justerad)"", ""SHAPE.LEN"": 259.784301544807}",14.53290224522206,64.7468517914335,LineString,259.7843015436428,0.0,https://www.openstreetmap.org/?mlat=64.7468518&mlon=14.5329022#map=18/64.7468518/14.5329022,coordinate_fallback,,,statliga_leder
12348297,Z 8,Ankarede (Ullersjön) - Sielkentjakkstugan (via Saljaren - Friningen) (justerad),39.4563450423376,"{""OBJECTID"": 12348297, ""STATLIGLED"": ""Z 8"", ""STATLIGLEDNAMN"": ""Ankarede (Ullersjön) - Sielkentjakkstugan (via Saljaren - Friningen) (justerad)"", ""SHAPE.LEN"": 39.4563450423376}",14.478672215465124,64.76609091275999,LineString,39.45634504200752,0.0,https://www.openstreetmap.org/?mlat=64.7660909&mlon=14.4786722#map=18/64.7660909/14.4786722,coordinate_fallback,,,statliga_leder
12348296,Z 8,Ankarede (Ullersjön) - Sielkentjakkstugan (via Saljaren - Friningen) (justerad),28.5118797993047,"{""OBJECTID"": 12348296, ""STATLIGLED"": ""Z 8"", ""STATLIGLEDNAMN"": ""Ankarede (Ullersjön) - Sielkentjakkstugan (via Saljaren - Friningen) (justerad)"", ""SHAPE.LEN"": 28.5118797993047}",14.38371391828158,64.78071965359896,LineString,28.511879798917544,0.0,https://www.openstreetmap.org/?mlat=64.7807197&mlon=14.3837139#map=18/64.7807197/14.3837139,coordinate_fallback,,,statliga_leder
12348295,Z 8,Ankarede (Ullersjön) - Sielkentjakkstugan (via Saljaren - Friningen) (justerad),2865.20371517163,"{""OBJECTID"": 12348295, ""STATLIGLED"": ""Z 8"", ""STATLIGLEDNAMN"": ""Ankarede (Ullersjön) - Sielkentjakkstugan (via Saljaren - Friningen) (justerad)"", ""SHAPE.LEN"": 2865.20371517163}",14.340131792270045,64.78970721880023,LineString,2865.2037151720065,0.0,https://www.openstreetmap.org/?mlat=64.7897072&mlon=14.3401318#map=18/64.7897072/14.3401318,coordinate_fallback,,,statliga_leder
12348294,Z 8,Ankarede (Ullersjön) - Sielkentjakkstugan (via Saljaren - Friningen) (justerad),33.4753811367399,"{""OBJECTID"": 12348294, ""STATLIGLED"": ""Z 8"", ""STATLIGLEDNAMN"": ""Ankarede (Ullersjön) - Sielkentjakkstugan (via Saljaren - Friningen) (justerad)"", ""SHAPE.LEN"": 33.4753811367399}",14.479614282226493,64.76572769021314,LineString,33.475381135157235,0.0,https://www.openstreetmap.org/?mlat=64.7657277&mlon=14.4796143#map=18/64.7657277/14.4796143,coordinate_fallback,,,statliga_leder
12348293,Z 8,Ankarede (Ullersjön) - Sielkentjakkstugan (via Saljaren - Friningen) (justerad),23.9231311102874,"{""OBJECTID"": 12348293, ""STATLIGLED"": ""Z 8"", ""STATLIGLEDNAMN"": ""Ankarede (Ullersjön) - Sielkentjakkstugan (via Saljaren - Friningen) (justerad)"", ""SHAPE.LEN"": 23.9231311102874}",14.47916657872671,64.76590030911039,LineString,23.923131111307615,0.0,https://www.openstreetmap.org/?mlat=64.7659003&mlon=14.4791666#map=18/64.7659003/14.4791666,coordinate_fallback,,,statliga_leder
12348292,Z 8,Ankarede (Ullersjön) - Sielkentjakkstugan (via Saljaren - Friningen) (justerad),4699.58210712191,"{""OBJECTID"": 12348292, ""STATLIGLED"": ""Z 8"", ""STATLIGLEDNAMN"": ""Ankarede (Ullersjön) - Sielkentjakkstugan (via Saljaren - Friningen) (justerad)"", ""SHAPE.LEN"": 4699.58210712191}",14.278454998623543,64.8096907953265,LineString,4699.582107127561,0.0,https://www.openstreetmap.org/?mlat=64.8096908&mlon=14.2784550#map=18/64.8096908/14.2784550,coordinate_fallback,,,statliga_leder
12348291,Z 8,Ankarede (Ullersjön) - Sielkentjakkstugan (via Saljaren - Friningen) (justerad),774.407713753639,"{""OBJECTID"": 12348291, ""STATLIGLED"": ""Z 8"", ""STATLIGLEDNAMN"": ""Ankarede (Ullersjön) - Sielkentjakkstugan (via Saljaren - Friningen) (justerad)"", ""SHAPE.LEN"": 774.407713753639}",14.536702487808238,64.74016028556086,LineString,774.4077137547026,0.0,https://www.openstreetmap.org/?mlat=64.7401603&mlon=14.5367025#map=18/64.7401603/14.5367025,coordinate_fallback,,,statliga_leder
12348290,Z 8,Ankarede (Ullersjön) - Sielkentjakkstugan (via Saljaren - Friningen) (justerad),37.5133473426459,"{""OBJECTID"": 12348290, ""STATLIGLED"": ""Z 8"", ""STATLIGLEDNAMN"": ""Ankarede (Ullersjön) - Sielkentjakkstugan (via Saljaren - Friningen) (justerad)"", ""SHAPE.LEN"": 37.5133473426459}",14.390446256417261,64.77958273851755,LineString,37.513347342071704,0.0,https://www.openstreetmap.org/?mlat=64.7795827&mlon=14.3904463#map=18/64.7795827/14.3904463,coordinate_fallback,,,statliga_leder
12348289,Z 8,Ankarede (Ullersjön) - Sielkentjakkstugan (via Saljaren - Friningen) (justerad),264.117067475109,"{""OBJECTID"": 12348289, ""STATLIGLED"": ""Z 8"", ""STATLIGLEDNAMN"": ""Ankarede (Ullersjön) - Sielkentjakkstugan (via Saljaren - Friningen) (justerad)"", ""SHAPE.LEN"": 264.117067475109}",14.534672641257226,64.74470864663535,LineString,264.117067475829,0.0,https://www.openstreetmap.org/?mlat=64.7447086&mlon=14.5346726#map=18/64.7447086/14.5346726,coordinate_fallback,,,statliga_leder
12348288,Z 8,Ankarede (Ullersjön) - Sielkentjakkstugan (via Saljaren - Friningen) (justerad),1733.75646716545,"{""OBJECTID"": 12348288, ""STATLIGLED"": ""Z 8"", ""STATLIGLEDNAMN"": ""Ankarede (Ullersjön) - Sielkentjakkstugan (via Saljaren - Friningen) (justerad)"", ""SHAPE.LEN"": 1733.75646716545}",14.409565716189404,64.77610184672808,LineString,1733.7564671633993,0.0,https://www.openstreetmap.org/?mlat=64.7761018&mlon=14.4095657#map=18/64.7761018/14.4095657,coordinate_fallback,,,statliga_leder
12348287,Z 8,Ankarede (Ullersjön) - Sielkentjakkstugan (via Saljaren - Friningen) (justerad),25.1018238395954,"{""OBJECTID"": 12348287, ""STATLIGLED"": ""Z 8"", ""STATLIGLEDNAMN"": ""Ankarede (Ullersjön) - Sielkentjakkstugan (via Saljaren - Friningen) (justerad)"", ""SHAPE.LEN"": 25.1018238395954}",14.474601793932486,64.76752401572593,LineString,25.1018238405163,0.0,https://www.openstreetmap.org/?mlat=64.7675240&mlon=14.4746018#map=18/64.7675240/14.4746018,coordinate_fallback,,,statliga_leder
12347097,Z 9,Storjola - Ö Värjaren - Härbergsdalen,1174.8069438686,"{""OBJECTID"": 12347097, ""STATLIGLED"": ""Z 9"", ""STATLIGLEDNAMN"": ""Storjola - Ö Värjaren - Härbergsdalen"", ""SHAPE.LEN"": 1174.8069438686}",14.74714806548722,64.7325237844215,LineString,1174.8069438693642,0.0,https://www.openstreetmap.org/?mlat=64.7325238&mlon=14.7471481#map=18/64.7325238/14.7471481,coordinate_fallback,,,statliga_leder
12347123,Z 9,Storjola - Ö Värjaren - Härbergsdalen,21976.476770766,"{""OBJECTID"": 12347123, ""STATLIGLED"": ""Z 9"", ""STATLIGLEDNAMN"": ""Storjola - Ö Värjaren - Härbergsdalen"", ""SHAPE.LEN"": 21976.476770766}",14.71974537094426,64.8077625333934,LineString,21976.476770759764,0.0,https://www.openstreetmap.org/?mlat=64.8077625&mlon=14.7197454#map=18/64.8077625/14.7197454,coordinate_fallback,,,statliga_leder
12347061,Z 9,Storjola - Ö Värjaren - Härbergsdalen,3022.49682189826,"{""OBJECTID"": 12347061, ""STATLIGLED"": ""Z 9"", ""STATLIGLEDNAMN"": ""Storjola - Ö Värjaren - Härbergsdalen"", ""SHAPE.LEN"": 3022.49682189826}",14.70265455072756,64.71700469202442,LineString,3022.496821902088,0.0,https://www.openstreetmap.org/?mlat=64.7170047&mlon=14.7026546#map=18/64.7170047/14.7026546,coordinate_fallback,,,statliga_leder
12347060,Z 9,Storjola - Ö Värjaren - Härbergsdalen,1671.14743905168,"{""OBJECTID"": 12347060, ""STATLIGLED"": ""Z 9"", ""STATLIGLEDNAMN"": ""Storjola - Ö Värjaren - Härbergsdalen"", ""SHAPE.LEN"": 1671.14743905168}",14.728391919411676,64.72464191991614,LineString,1671.1474390525852,0.0,https://www.openstreetmap.org/?mlat=64.7246419&mlon=14.7283919#map=18/64.7246419/14.7283919,coordinate_fallback,,,statliga_leder
12352261,Z 9,Storjola - Ö Värjaren - Härbergsdalen,1671.14743905168,"{""OBJECTID"": 12352261, ""STATLIGLED"": ""Z 9"", ""STATLIGLEDNAMN"": ""Storjola - Ö Värjaren - Härbergsdalen"", ""SHAPE.LEN"": 1671.14743905168}",14.728391919411676,64.72464191991614,LineString,1671.1474390525852,0.0,https://www.openstreetmap.org/?mlat=64.7246419&mlon=14.7283919#map=18/64.7246419/14.7283919,coordinate_fallback,,,statliga_leder
12352984,Z 9,Storjola - Ö Värjaren - Härbergsdalen,1174.8069438686,"{""OBJECTID"": 12352984, ""STATLIGLED"": ""Z 9"", ""STATLIGLEDNAMN"": ""Storjola - Ö Värjaren - Härbergsdalen"", ""SHAPE.LEN"": 1174.8069438686}",14.74714806548722,64.7325237844215,LineString,1174.8069438693642,0.0,https://www.openstreetmap.org/?mlat=64.7325238&mlon=14.7471481#map=18/64.7325238/14.7471481,coordinate_fallback,,,statliga_leder
12352935,Z 9,Storjola - Ö Värjaren - Härbergsdalen,809.800858272829,"{""OBJECTID"": 12352935, ""STATLIGLED"": ""Z 9"", ""STATLIGLEDNAMN"": ""Storjola - Ö Värjaren - Härbergsdalen"", ""SHAPE.LEN"": 809.800858272829}",14.689061553739617,64.78718777984909,LineString,809.8008582740915,0.0,https://www.openstreetmap.org/?mlat=64.7871878&mlon=14.6890616#map=18/64.7871878/14.6890616,coordinate_fallback,,,statliga_leder
12352934,Z 9,Storjola - Ö Värjaren - Härbergsdalen,3022.49682189826,"{""OBJECTID"": 12352934, ""STATLIGLED"": ""Z 9"", ""STATLIGLEDNAMN"": ""Storjola - Ö Värjaren - Härbergsdalen"", ""SHAPE.LEN"": 3022.49682189826}",14.70265455072756,64.71700469202442,LineString,3022.496821902088,0.0,https://www.openstreetmap.org/?mlat=64.7170047&mlon=14.7026546#map=18/64.7170047/14.7026546,coordinate_fallback,,,statliga_leder
12352262,Z 9,Storjola - Ö Värjaren - Härbergsdalen,7466.90980714059,"{""OBJECTID"": 12352262, ""STATLIGLED"": ""Z 9"", ""STATLIGLEDNAMN"": ""Storjola - Ö Värjaren - Härbergsdalen"", ""SHAPE.LEN"": 7466.90980714059}",14.732459539630886,64.76171560755544,LineString,7466.909807139472,0.0,https://www.openstreetmap.org/?mlat=64.7617156&mlon=14.7324595#map=18/64.7617156/14.7324595,coordinate_fallback,,,statliga_leder
12348419,Z 10,Övre Daimasjön (led 9) -Daima - Saxån (länsgränsen) - Borgadammen,1677.69165899367,"{""OBJECTID"": 12348419, ""STATLIGLED"": ""Z 10"", ""STATLIGLEDNAMN"": ""Övre Daimasjön (led 9) -Daima - Saxån (länsgränsen) - Borgadammen"", ""SHAPE.LEN"": 1677.69165899367}",14.792662501609984,64.7714729965036,LineString,1677.6916589936475,0.0,https://www.openstreetmap.org/?mlat=64.7714730&mlon=14.7926625#map=18/64.7714730/14.7926625,coordinate_fallback,,,statliga_leder
12353143,Z 10,Övre Daimasjön (led 9) -Daima - Saxån (länsgränsen) - Borgadammen,638.486004010057,"{""OBJECTID"": 12353143, ""STATLIGLED"": ""Z 10"", ""STATLIGLEDNAMN"": ""Övre Daimasjön (led 9) -Daima - Saxån (länsgränsen) - Borgadammen"", ""SHAPE.LEN"": 638.486004010057}",14.722176065000106,64.7759277601977,LineString,638.4860040104305,0.0,https://www.openstreetmap.org/?mlat=64.7759278&mlon=14.7221761#map=18/64.7759278/14.7221761,coordinate_fallback,,,statliga_leder
12353142,Z 10,Övre Daimasjön (led 9) -Daima - Saxån (länsgränsen) - Borgadammen,965.224066649439,"{""OBJECTID"": 12353142, ""STATLIGLED"": ""Z 10"", ""STATLIGLEDNAMN"": ""Övre Daimasjön (led 9) -Daima - Saxån (länsgränsen) - Borgadammen"", ""SHAPE.LEN"": 965.224066649439}",14.763691790631668,64.77153381082623,LineString,965.2240666491225,0.0,https://www.openstreetmap.org/?mlat=64.7715338&mlon=14.7636918#map=18/64.7715338/14.7636918,coordinate_fallback,,,statliga_leder
12354007,Z 10,Övre Daimasjön (led 9) -Daima - Saxån (länsgränsen) - Borgadammen,40.9352459673812,"{""OBJECTID"": 12354007, ""STATLIGLED"": ""Z 10"", ""STATLIGLEDNAMN"": ""Övre Daimasjön (led 9) -Daima - Saxån (länsgränsen) - Borgadammen"", ""SHAPE.LEN"": 40.9352459673812}",14.77598503578158,64.77181152025904,LineString,40.93524596770235,0.0,https://www.openstreetmap.org/?mlat=64.7718115&mlon=14.7759850#map=18/64.7718115/14.7759850,coordinate_fallback,,,statliga_leder
12348187,Z 10,Övre Daimasjön (led 9) -Daima - Saxån (länsgränsen) - Borgadammen,41.3729597264027,"{""OBJECTID"": 12348187, ""STATLIGLED"": ""Z 10"", ""STATLIGLEDNAMN"": ""Övre Daimasjön (led 9) -Daima - Saxån (länsgränsen) - Borgadammen"", ""SHAPE.LEN"": 41.3729597264027}",14.728917912104318,64.7749189891716,LineString,41.37295972580627,0.0,https://www.openstreetmap.org/?mlat=64.7749190&mlon=14.7289179#map=18/64.7749190/14.7289179,coordinate_fallback,,,statliga_leder
12348186,Z 10,Övre Daimasjön (led 9) -Daima - Saxån (länsgränsen) - Borgadammen,34.5408816886196,"{""OBJECTID"": 12348186, ""STATLIGLED"": ""Z 10"", ""STATLIGLEDNAMN"": ""Övre Daimasjön (led 9) -Daima - Saxån (länsgränsen) - Borgadammen"", ""SHAPE.LEN"": 34.5408816886196}",14.753397699839102,64.77203937793401,LineString,34.540881688550314,0.0,https://www.openstreetmap.org/?mlat=64.7720394&mlon=14.7533977#map=18/64.7720394/14.7533977,coordinate_fallback,,,statliga_leder
12348185,Z 10,Övre Daimasjön (led 9) -Daima - Saxån (länsgränsen) - Borgadammen,251.094238306233,"{""OBJECTID"": 12348185, ""STATLIGLED"": ""Z 10"", ""STATLIGLEDNAMN"": ""Övre Daimasjön (led 9) -Daima - Saxån (länsgränsen) - Borgadammen"", ""SHAPE.LEN"": 251.094238306233}",14.810914057474028,64.76951249446469,LineString,251.09423830504304,0.0,https://www.openstreetmap.org/?mlat=64.7695125&mlon=14.8109141#map=18/64.7695125/14.8109141,coordinate_fallback,,,statliga_leder
12348184,Z 10,Övre Daimasjön (led 9) -Daima - Saxån (länsgränsen) - Borgadammen,150.527880723042,"{""OBJECTID"": 12348184, ""STATLIGLED"": ""Z 10"", ""STATLIGLEDNAMN"": ""Övre Daimasjön (led 9) -Daima - Saxån (länsgränsen) - Borgadammen"", ""SHAPE.LEN"": 150.527880723042}",14.714491004064264,64.77663650016572,LineString,150.52788072181346,0.0,https://www.openstreetmap.org/?mlat=64.7766365&mlon=14.7144910#map=18/64.7766365/14.7144910,coordinate_fallback,,,statliga_leder
12353469,Z 10,Övre Daimasjön (led 9) -Daima - Saxån (länsgränsen) - Borgadammen,1706.68757875212,"{""OBJECTID"": 12353469, ""STATLIGLED"": ""Z 10"", ""STATLIGLEDNAMN"": ""Övre Daimasjön (led 9) -Daima - Saxån (länsgränsen) - Borgadammen"", ""SHAPE.LEN"": 1706.68757875212}",14.830628432071707,64.7668695652287,LineString,1706.6875787520644,0.0,https://www.openstreetmap.org/?mlat=64.7668696&mlon=14.8306284#map=18/64.7668696/14.8306284,coordinate_fallback,,,statliga_leder
12353468,Z 10,Övre Daimasjön (led 9) -Daima - Saxån (länsgränsen) - Borgadammen,15745.3146356167,"{""OBJECTID"": 12353468, ""STATLIGLED"": ""Z 10"", ""STATLIGLEDNAMN"": ""Övre Daimasjön (led 9) -Daima - Saxån (länsgränsen) - Borgadammen"", ""SHAPE.LEN"": 15745.3146356167}",14.983911751536544,64.76204814924388,LineString,15745.314635618579,0.0,https://www.openstreetmap.org/?mlat=64.7620481&mlon=14.9839118#map=18/64.7620481/14.9839118,coordinate_fallback,,,statliga_leder
12353467,Z 10,Övre Daimasjön (led 9) -Daima - Saxån (länsgränsen) - Borgadammen,1169.64595726934,"{""OBJECTID"": 12353467, ""STATLIGLED"": ""Z 10"", ""STATLIGLEDNAMN"": ""Övre Daimasjön (led 9) -Daima - Saxån (länsgränsen) - Borgadammen"", ""SHAPE.LEN"": 1169.64595726934}",14.741184976513146,64.77346046121986,LineString,1169.6459572697051,0.0,https://www.openstreetmap.org/?mlat=64.7734605&mlon=14.7411850#map=18/64.7734605/14.7411850,coordinate_fallback,,,statliga_leder
12353466,Z 10,Övre Daimasjön (led 9) -Daima - Saxån (länsgränsen) - Borgadammen,92.8016723108772,"{""OBJECTID"": 12353466, ""STATLIGLED"": ""Z 10"", ""STATLIGLEDNAMN"": ""Övre Daimasjön (led 9) -Daima - Saxån (länsgränsen) - Borgadammen"", ""SHAPE.LEN"": 92.8016723108772}",14.774590924766887,64.7718873630489,LineString,92.80167231150057,0.0,https://www.openstreetmap.org/?mlat=64.7718874&mlon=14.7745909#map=18/64.7718874/14.7745909,coordinate_fallback,,,statliga_leder
12353465,Z 10,Övre Daimasjön (led 9) -Daima - Saxån (länsgränsen) - Borgadammen,17.0899249471496,"{""OBJECTID"": 12353465, ""STATLIGLED"": ""Z 10"", ""STATLIGLEDNAMN"": ""Övre Daimasjön (led 9) -Daima - Saxån (länsgränsen) - Borgadammen"", ""SHAPE.LEN"": 17.0899249471496}",14.81175894187582,64.76918045729148,LineString,17.089924948488004,0.0,https://www.openstreetmap.org/?mlat=64.7691805&mlon=14.8117589#map=18/64.7691805/14.8117589,coordinate_fallback,,,statliga_leder
12353464,Z 10,Övre Daimasjön (led 9) -Daima - Saxån (länsgränsen) - Borgadammen,21.1399265874478,"{""OBJECTID"": 12353464, ""STATLIGLED"": ""Z 10"", ""STATLIGLEDNAMN"": ""Övre Daimasjön (led 9) -Daima - Saxån (länsgränsen) - Borgadammen"", ""SHAPE.LEN"": 21.1399265874478}",14.813291680453316,64.76893263007588,LineString,21.139926587841877,0.0,https://www.openstreetmap.org/?mlat=64.7689326&mlon=14.8132917#map=18/64.7689326/14.8132917,coordinate_fallback,,,statliga_leder
12344687,Z 10,Övre Daimasjön (led 9) -Daima - Saxån (länsgränsen) - Borgadammen,20366.4244347957,"{""OBJECTID"": 12344687, ""STATLIGLED"": ""Z 10"", ""STATLIGLEDNAMN"": ""Övre Daimasjön (led 9) -Daima - Saxån (länsgränsen) - Borgadammen"", ""SHAPE.LEN"": 20366.4244347957}",14.888449112849827,64.7723618388174,LineString,20366.42443479217,0.0,https://www.openstreetmap.org/?mlat=64.7723618&mlon=14.8884491#map=18/64.7723618/14.8884491,coordinate_fallback,,,statliga_leder
12348756,Z 11,Lilla Blåsjön - Sielkentakkstugan,1956.02692097038,"{""OBJECTID"": 12348756, ""STATLIGLED"": ""Z 11"", ""STATLIGLEDNAMN"": ""Lilla Blåsjön - Sielkentakkstugan"", ""SHAPE.LEN"": 1956.02692097038}",14.513332005036567,64.73218095671011,LineString,1956.0269209676617,0.0,https://www.openstreetmap.org/?mlat=64.7321810&mlon=14.5133320#map=18/64.7321810/14.5133320,coordinate_fallback,,,statliga_leder
12353145,Z 11,Lilla Blåsjön - Sielkentakkstugan,3024.68008022931,"{""OBJECTID"": 12353145, ""STATLIGLED"": ""Z 11"", ""STATLIGLEDNAMN"": ""Lilla Blåsjön - Sielkentakkstugan"", ""SHAPE.LEN"": 3024.68008022931}",14.21602611795134,64.73775706261297,LineString,3024.6800802310636,0.0,https://www.openstreetmap.org/?mlat=64.7377571&mlon=14.2160261#map=18/64.7377571/14.2160261,coordinate_fallback,,,statliga_leder
12353144,Z 11,Lilla Blåsjön - Sielkentakkstugan,3263.68072917666,"{""OBJECTID"": 12353144, ""STATLIGLED"": ""Z 11"", ""STATLIGLEDNAMN"": ""Lilla Blåsjön - Sielkentakkstugan"", ""SHAPE.LEN"": 3263.68072917666}",14.380062578742765,64.74896715894003,LineString,3263.680729175558,0.0,https://www.openstreetmap.org/?mlat=64.7489672&mlon=14.3800626#map=18/64.7489672/14.3800626,coordinate_fallback,,,statliga_leder
12355698,Z 11,Lilla Blåsjön - Sielkentakkstugan,5711.89465616829,"{""OBJECTID"": 12355698, ""STATLIGLED"": ""Z 11"", ""STATLIGLEDNAMN"": ""Lilla Blåsjön - Sielkentakkstugan"", ""SHAPE.LEN"": 5711.89465616829}",14.29450881173335,64.74665617388827,LineString,5711.894656167761,0.0,https://www.openstreetmap.org/?mlat=64.7466562&mlon=14.2945088#map=18/64.7466562/14.2945088,coordinate_fallback,,,statliga_leder
12355697,Z 11,Lilla Blåsjön - Sielkentakkstugan,4899.39620501271,"{""OBJECTID"": 12355697, ""STATLIGLED"": ""Z 11"", ""STATLIGLEDNAMN"": ""Lilla Blåsjön - Sielkentakkstugan"", ""SHAPE.LEN"": 4899.39620501271}",14.451809541644355,64.7356543892526,LineString,4899.396205011792,0.0,https://www.openstreetmap.org/?mlat=64.7356544&mlon=14.4518095#map=18/64.7356544/14.4518095,coordinate_fallback,,,statliga_leder
12348842,Z 11,Lilla Blåsjön - Sielkentakkstugan,497.032867860024,"{""OBJECTID"": 12348842, ""STATLIGLED"": ""Z 11"", ""STATLIGLEDNAMN"": ""Lilla Blåsjön - Sielkentakkstugan"", ""SHAPE.LEN"": 497.032867860024}",14.412275132301207,64.7438520752786,LineString,497.03286786144645,0.0,https://www.openstreetmap.org/?mlat=64.7438521&mlon=14.4122751#map=18/64.7438521/14.4122751,coordinate_fallback,,,statliga_leder
12348841,Z 11,Lilla Blåsjön - Sielkentakkstugan,407.787045330128,"{""OBJECTID"": 12348841, ""STATLIGLED"": ""Z 11"", ""STATLIGLEDNAMN"": ""Lilla Blåsjön - Sielkentakkstugan"", ""SHAPE.LEN"": 407.787045330128}",14.489479555698885,64.72733630184024,LineString,407.78704532932227,0.0,https://www.openstreetmap.org/?mlat=64.7273363&mlon=14.4894796#map=18/64.7273363/14.4894796,coordinate_fallback,,,statliga_leder
12348840,Z 11,Lilla Blåsjön - Sielkentakkstugan,3024.68008022931,"{""OBJECTID"": 12348840, ""STATLIGLED"": ""Z 11"", ""STATLIGLEDNAMN"": ""Lilla Blåsjön - Sielkentakkstugan"", ""SHAPE.LEN"": 3024.68008022931}",14.21602611795134,64.73775706261297,LineString,3024.6800802310636,0.0,https://www.openstreetmap.org/?mlat=64.7377571&mlon=14.2160261#map=18/64.7377571/14.2160261,coordinate_fallback,,,statliga_leder
12348839,Z 11,Lilla Blåsjön - Sielkentakkstugan,16.5234484209562,"{""OBJECTID"": 12348839, ""STATLIGLED"": ""Z 11"", ""STATLIGLEDNAMN"": ""Lilla Blåsjön - Sielkentakkstugan"", ""SHAPE.LEN"": 16.5234484209562}",14.350666187447706,64.7481996902363,LineString,16.523448420288886,0.0,https://www.openstreetmap.org/?mlat=64.7481997&mlon=14.3506662#map=18/64.7481997/14.3506662,coordinate_fallback,,,statliga_leder
12348838,Z 11,Lilla Blåsjön - Sielkentakkstugan,2080.48175951698,"{""OBJECTID"": 12348838, ""STATLIGLED"": ""Z 11"", ""STATLIGLEDNAMN"": ""Lilla Blåsjön - Sielkentakkstugan"", ""SHAPE.LEN"": 2080.48175951698}",14.512493160258218,64.73202772399375,LineString,2080.4817595150166,0.0,https://www.openstreetmap.org/?mlat=64.7320277&mlon=14.5124932#map=18/64.7320277/14.5124932,coordinate_fallback,,,statliga_leder
12348836,Z 11,Lilla Blåsjön - Sielkentakkstugan,66.5701195985106,"{""OBJECTID"": 12348836, ""STATLIGLED"": ""Z 11"", ""STATLIGLEDNAMN"": ""Lilla Blåsjön - Sielkentakkstugan"", ""SHAPE.LEN"": 66.5701195985106}",14.238968132093582,64.74434580869574,LineString,66.57011960078599,0.0,https://www.openstreetmap.org/?mlat=64.7443458&mlon=14.2389681#map=18/64.7443458/14.2389681,coordinate_fallback,,,statliga_leder
12348835,Z 11,Lilla Blåsjön - Sielkentakkstugan,5711.89465616829,"{""OBJECTID"": 12348835, ""STATLIGLED"": ""Z 11"", ""STATLIGLEDNAMN"": ""Lilla Blåsjön - Sielkentakkstugan"", ""SHAPE.LEN"": 5711.89465616829}",14.29450881173335,64.74665617388827,LineString,5711.894656167761,0.0,https://www.openstreetmap.org/?mlat=64.7466562&mlon=14.2945088#map=18/64.7466562/14.2945088,coordinate_fallback,,,statliga_leder
12344776,Z 11,Lilla Blåsjön - Sielkentakkstugan,3323.81216026222,"{""OBJECTID"": 12344776, ""STATLIGLED"": ""Z 11"", ""STATLIGLEDNAMN"": ""Lilla Blåsjön - Sielkentakkstugan"", ""SHAPE.LEN"": 3323.81216026222}",14.380373214797865,64.74893722559374,LineString,3323.8121602625956,0.0,https://www.openstreetmap.org/?mlat=64.7489372&mlon=14.3803732#map=18/64.7489372/14.3803732,coordinate_fallback,,,statliga_leder
12353723,BD 37,Kebnekaise fjällstation - Toppstugan,694.579641515964,"{""OBJECTID"": 12353723, ""STATLIGLED"": ""BD 37"", ""STATLIGLEDNAMN"": ""Kebnekaise fjällstation - Toppstugan"", ""SHAPE.LEN"": 694.579641515964}",18.61234683747376,67.86785837279749,LineString,694.5796415158304,0.0,https://www.openstreetmap.org/?mlat=67.8678584&mlon=18.6123468#map=18/67.8678584/18.6123468,coordinate_fallback,,,statliga_leder
12349556,BD 37,Kebnekaise fjällstation - Toppstugan,8328.15514177023,"{""OBJECTID"": 12349556, ""STATLIGLED"": ""BD 37"", ""STATLIGLEDNAMN"": ""Kebnekaise fjällstation - Toppstugan"", ""SHAPE.LEN"": 8328.15514177023}",18.537993639308784,67.87897461516373,LineString,8328.155141771198,0.0,https://www.openstreetmap.org/?mlat=67.8789746&mlon=18.5379936#map=18/67.8789746/18.5379936,coordinate_fallback,,,statliga_leder
12352775,Z 82,Helagsstugorna - Fältjägarstugan samt skoterledsanslutning till led 80,0.162925811337553,"{""OBJECTID"": 12352775, ""STATLIGLED"": ""Z 82"", ""STATLIGLEDNAMN"": ""Helagsstugorna - Fältjägarstugan samt skoterledsanslutning till led 80"", ""SHAPE.LEN"": 0.162925811337553}",12.498714871364763,62.87208145537983,LineString,0.16292581240637283,0.0,https://www.openstreetmap.org/?mlat=62.8720815&mlon=12.4987149#map=18/62.8720815/12.4987149,coordinate_fallback,,,statliga_leder
12352774,Z 82,Helagsstugorna - Fältjägarstugan samt skoterledsanslutning till led 80,446.026450070763,"{""OBJECTID"": 12352774, ""STATLIGLED"": ""Z 82"", ""STATLIGLEDNAMN"": ""Helagsstugorna - Fältjägarstugan samt skoterledsanslutning till led 80"", ""SHAPE.LEN"": 446.026450070763}",12.47043270622345,62.84080536997375,LineString,446.0264500710835,0.0,https://www.openstreetmap.org/?mlat=62.8408054&mlon=12.4704327#map=18/62.8408054/12.4704327,coordinate_fallback,,,statliga_leder
12352773,Z 82,Helagsstugorna - Fältjägarstugan samt skoterledsanslutning till led 80,31.8332204612222,"{""OBJECTID"": 12352773, ""STATLIGLED"": ""Z 82"", ""STATLIGLEDNAMN"": ""Helagsstugorna - Fältjägarstugan samt skoterledsanslutning till led 80"", ""SHAPE.LEN"": 31.8332204612222}",12.468137068955974,62.838932771074084,LineString,31.833220460128945,0.0,https://www.openstreetmap.org/?mlat=62.8389328&mlon=12.4681371#map=18/62.8389328/12.4681371,coordinate_fallback,,,statliga_leder
12352459,Z 82,Helagsstugorna - Fältjägarstugan samt skoterledsanslutning till led 80,26.7477333559313,"{""OBJECTID"": 12352459, ""STATLIGLED"": ""Z 82"", ""STATLIGLEDNAMN"": ""Helagsstugorna - Fältjägarstugan samt skoterledsanslutning till led 80"", ""SHAPE.LEN"": 26.7477333559313}",12.522481787440022,62.90551241779501,LineString,26.74773335497371,0.0,https://www.openstreetmap.org/?mlat=62.9055124&mlon=12.5224818#map=18/62.9055124/12.5224818,coordinate_fallback,,,statliga_leder
12352458,Z 82,Helagsstugorna - Fältjägarstugan samt skoterledsanslutning till led 80,135.214690232797,"{""OBJECTID"": 12352458, ""STATLIGLED"": ""Z 82"", ""STATLIGLEDNAMN"": ""Helagsstugorna - Fältjägarstugan samt skoterledsanslutning till led 80"", ""SHAPE.LEN"": 135.214690232797}",12.484651664484417,62.85663119093932,LineString,135.21469023008183,0.0,https://www.openstreetmap.org/?mlat=62.8566312&mlon=12.4846517#map=18/62.8566312/12.4846517,coordinate_fallback,,,statliga_leder
12352457,Z 82,Helagsstugorna - Fältjägarstugan samt skoterledsanslutning till led 80,0.732616009684925,"{""OBJECTID"": 12352457, ""STATLIGLED"": ""Z 82"", ""STATLIGLEDNAMN"": ""Helagsstugorna - Fältjägarstugan samt skoterledsanslutning till led 80"", ""SHAPE.LEN"": 0.732616009684925}",12.52258509071467,62.90562636018935,LineString,0.7326160099776443,0.0,https://www.openstreetmap.org/?mlat=62.9056264&mlon=12.5225851#map=18/62.9056264/12.5225851,coordinate_fallback,,,statliga_leder
12352456,Z 82,Helagsstugorna - Fältjägarstugan samt skoterledsanslutning till led 80,37.1574103709862,"{""OBJECTID"": 12352456, ""STATLIGLED"": ""Z 82"", ""STATLIGLEDNAMN"": ""Helagsstugorna - Fältjägarstugan samt skoterledsanslutning till led 80"", ""SHAPE.LEN"": 37.1574103709862}",12.473459736834672,62.84326844411737,LineString,37.157410372494276,0.0,https://www.openstreetmap.org/?mlat=62.8432684&mlon=12.4734597#map=18/62.8432684/12.4734597,coordinate_fallback,,,statliga_leder
12352455,Z 82,Helagsstugorna - Fältjägarstugan samt skoterledsanslutning till led 80,3874.13460379051,"{""OBJECTID"": 12352455, ""STATLIGLED"": ""Z 82"", ""STATLIGLEDNAMN"": ""Helagsstugorna - Fältjägarstugan samt skoterledsanslutning till led 80"", ""SHAPE.LEN"": 3874.13460379051}",12.510288038786312,62.88926900607795,LineString,3874.1346037940752,0.0,https://www.openstreetmap.org/?mlat=62.8892690&mlon=12.5102880#map=18/62.8892690/12.5102880,coordinate_fallback,,,statliga_leder
12352645,Z 82,Helagsstugorna - Fältjägarstugan samt skoterledsanslutning till led 80,860.33502503565,"{""OBJECTID"": 12352645, ""STATLIGLED"": ""Z 82"", ""STATLIGLEDNAMN"": ""Helagsstugorna - Fältjägarstugan samt skoterledsanslutning till led 80"", ""SHAPE.LEN"": 860.33502503565}",12.525730421801912,62.90920653700252,LineString,860.3350250349338,0.0,https://www.openstreetmap.org/?mlat=62.9092065&mlon=12.5257304#map=18/62.9092065/12.5257304,coordinate_fallback,,,statliga_leder
12352644,Z 82,Helagsstugorna - Fältjägarstugan samt skoterledsanslutning till led 80,1578.39829386079,"{""OBJECTID"": 12352644, ""STATLIGLED"": ""Z 82"", ""STATLIGLEDNAMN"": ""Helagsstugorna - Fältjägarstugan samt skoterledsanslutning till led 80"", ""SHAPE.LEN"": 1578.39829386079}",12.490836666734703,62.863897081817925,LineString,1578.3982938625286,0.0,https://www.openstreetmap.org/?mlat=62.8638971&mlon=12.4908367#map=18/62.8638971/12.4908367,coordinate_fallback,,,statliga_leder
12352830,Z 82,Helagsstugorna - Fältjägarstugan samt skoterledsanslutning till led 80,28.1016061435997,"{""OBJECTID"": 12352830, ""STATLIGLED"": ""Z 82"", ""STATLIGLEDNAMN"": ""Helagsstugorna - Fältjägarstugan samt skoterledsanslutning till led 80"", ""SHAPE.LEN"": 28.1016061435997}",12.47270830957141,62.84265755873041,LineString,28.10160614364639,0.0,https://www.openstreetmap.org/?mlat=62.8426576&mlon=12.4727083#map=18/62.8426576/12.4727083,coordinate_fallback,,,statliga_leder
12352829,Z 82,Helagsstugorna - Fältjägarstugan samt skoterledsanslutning till led 80,46.4287045676662,"{""OBJECTID"": 12352829, ""STATLIGLED"": ""Z 82"", ""STATLIGLEDNAMN"": ""Helagsstugorna - Fältjägarstugan samt skoterledsanslutning till led 80"", ""SHAPE.LEN"": 46.4287045676662}",12.473061189760452,62.84293967167928,LineString,46.42870457037379,0.0,https://www.openstreetmap.org/?mlat=62.8429397&mlon=12.4730612#map=18/62.8429397/12.4730612,coordinate_fallback,,,statliga_leder
12352828,Z 82,Helagsstugorna - Fältjägarstugan samt skoterledsanslutning till led 80,67.5799701840193,"{""OBJECTID"": 12352828, ""STATLIGLED"": ""Z 82"", ""STATLIGLEDNAMN"": ""Helagsstugorna - Fältjägarstugan samt skoterledsanslutning till led 80"", ""SHAPE.LEN"": 67.5799701840193}",12.497163154260406,62.87055881421441,LineString,67.57997018671688,0.0,https://www.openstreetmap.org/?mlat=62.8705588&mlon=12.4971632#map=18/62.8705588/12.4971632,coordinate_fallback,,,statliga_leder
12352827,Z 82,Helagsstugorna - Fältjägarstugan samt skoterledsanslutning till led 80,51.654599437487,"{""OBJECTID"": 12352827, ""STATLIGLED"": ""Z 82"", ""STATLIGLEDNAMN"": ""Helagsstugorna - Fältjägarstugan samt skoterledsanslutning till led 80"", ""SHAPE.LEN"": 51.654599437487}",12.498930142363989,62.87229392138211,LineString,51.654599434736525,0.0,https://www.openstreetmap.org/?mlat=62.8722939&mlon=12.4989301#map=18/62.8722939/12.4989301,coordinate_fallback,,,statliga_leder
12352826,Z 82,Helagsstugorna - Fältjägarstugan samt skoterledsanslutning till led 80,1511.66680661624,"{""OBJECTID"": 12352826, ""STATLIGLED"": ""Z 82"", ""STATLIGLEDNAMN"": ""Helagsstugorna - Fältjägarstugan samt skoterledsanslutning till led 80"", ""SHAPE.LEN"": 1511.66680661624}",12.479007718850015,62.849629748782384,LineString,1511.666806618015,0.0,https://www.openstreetmap.org/?mlat=62.8496297&mlon=12.4790077#map=18/62.8496297/12.4790077,coordinate_fallback,,,statliga_leder
12352777,Z 82,Helagsstugorna - Fältjägarstugan samt skoterledsanslutning till led 80,153.467957588215,"{""OBJECTID"": 12352777, ""STATLIGLED"": ""Z 82"", ""STATLIGLEDNAMN"": ""Helagsstugorna - Fältjägarstugan samt skoterledsanslutning till led 80"", ""SHAPE.LEN"": 153.467957588215}",12.498081258772256,62.8714582992083,LineString,153.4679575885543,0.0,https://www.openstreetmap.org/?mlat=62.8714583&mlon=12.4980813#map=18/62.8714583/12.4980813,coordinate_fallback,,,statliga_leder
12352776,Z 82,Helagsstugorna - Fältjägarstugan samt skoterledsanslutning till led 80,2569.74265325032,"{""OBJECTID"": 12352776, ""STATLIGLED"": ""Z 82"", ""STATLIGLEDNAMN"": ""Helagsstugorna - Fältjägarstugan samt skoterledsanslutning till led 80"", ""SHAPE.LEN"": 2569.74265325032}",12.456341407750822,62.82862406480001,LineString,2569.742653251832,0.0,https://www.openstreetmap.org/?mlat=62.8286241&mlon=12.4563414#map=18/62.8286241/12.4563414,coordinate_fallback,,,statliga_leder
12352665,Z 83,Ljungdalen - Falkvålen - Västsätern - Storsjö (justerad),25.0831496041119,"{""OBJECTID"": 12352665, ""STATLIGLED"": ""Z 83"", ""STATLIGLEDNAMN"": ""Ljungdalen - Falkvålen - Västsätern - Storsjö (justerad)"", ""SHAPE.LEN"": 25.0831496041119}",12.948203634840445,62.89634678252182,LineString,25.083149602965577,0.0,https://www.openstreetmap.org/?mlat=62.8963468&mlon=12.9482036#map=18/62.8963468/12.9482036,coordinate_fallback,,,statliga_leder
12352664,Z 83,Ljungdalen - Falkvålen - Västsätern - Storsjö (justerad),11.6442363996099,"{""OBJECTID"": 12352664, ""STATLIGLED"": ""Z 83"", ""STATLIGLEDNAMN"": ""Ljungdalen - Falkvålen - Västsätern - Storsjö (justerad)"", ""SHAPE.LEN"": 11.6442363996099}",12.947133103765081,62.89710041424573,LineString,11.644236397370193,0.0,https://www.openstreetmap.org/?mlat=62.8971004&mlon=12.9471331#map=18/62.8971004/12.9471331,coordinate_fallback,,,statliga_leder
12352873,Z 83,Ljungdalen - Falkvålen - Västsätern - Storsjö (justerad),72.5857636257965,"{""OBJECTID"": 12352873, ""STATLIGLED"": ""Z 83"", ""STATLIGLEDNAMN"": ""Ljungdalen - Falkvålen - Västsätern - Storsjö (justerad)"", ""SHAPE.LEN"": 72.5857636257965}",12.944743111764387,62.897719717481465,LineString,72.58576362599857,0.0,https://www.openstreetmap.org/?mlat=62.8977197&mlon=12.9447431#map=18/62.8977197/12.9447431,coordinate_fallback,,,statliga_leder
12352872,Z 83,Ljungdalen - Falkvålen - Västsätern - Storsjö (justerad),68.2588418627946,"{""OBJECTID"": 12352872, ""STATLIGLED"": ""Z 83"", ""STATLIGLEDNAMN"": ""Ljungdalen - Falkvålen - Västsätern - Storsjö (justerad)"", ""SHAPE.LEN"": 68.2588418627946}",12.950047168594997,62.894986009232596,LineString,68.25884186152145,0.0,https://www.openstreetmap.org/?mlat=62.8949860&mlon=12.9500472#map=18/62.8949860/12.9500472,coordinate_fallback,,,statliga_leder
12352871,Z 83,Ljungdalen - Falkvålen - Västsätern - Storsjö (justerad),17.018942136925,"{""OBJECTID"": 12352871, ""STATLIGLED"": ""Z 83"", ""STATLIGLEDNAMN"": ""Ljungdalen - Falkvålen - Västsätern - Storsjö (justerad)"", ""SHAPE.LEN"": 17.018942136925}",12.898650395156597,62.87519534038627,LineString,17.0189421376329,0.0,https://www.openstreetmap.org/?mlat=62.8751953&mlon=12.8986504#map=18/62.8751953/12.8986504,coordinate_fallback,,,statliga_leder
12352870,Z 83,Ljungdalen - Falkvålen - Västsätern - Storsjö (justerad),50.5540085359213,"{""OBJECTID"": 12352870, ""STATLIGLED"": ""Z 83"", ""STATLIGLEDNAMN"": ""Ljungdalen - Falkvålen - Västsätern - Storsjö (justerad)"", ""SHAPE.LEN"": 50.5540085359213}",12.947797787074146,62.8966278277111,LineString,50.55400853683793,0.0,https://www.openstreetmap.org/?mlat=62.8966278&mlon=12.9477978#map=18/62.8966278/12.9477978,coordinate_fallback,,,statliga_leder
12352869,Z 83,Ljungdalen - Falkvålen - Västsätern - Storsjö (justerad),31.4824066421045,"{""OBJECTID"": 12352869, ""STATLIGLED"": ""Z 83"", ""STATLIGLEDNAMN"": ""Ljungdalen - Falkvålen - Västsätern - Storsjö (justerad)"", ""SHAPE.LEN"": 31.4824066421045}",12.947357881180931,62.896935250080034,LineString,31.4824066426118,0.0,https://www.openstreetmap.org/?mlat=62.8969353&mlon=12.9473579#map=18/62.8969353/12.9473579,coordinate_fallback,,,statliga_leder
12352868,Z 83,Ljungdalen - Falkvålen - Västsätern - Storsjö (justerad),69.1976497286075,"{""OBJECTID"": 12352868, ""STATLIGLED"": ""Z 83"", ""STATLIGLEDNAMN"": ""Ljungdalen - Falkvålen - Västsätern - Storsjö (justerad)"", ""SHAPE.LEN"": 69.1976497286075}",12.949327866468623,62.895507864440816,LineString,69.19764972986019,0.0,https://www.openstreetmap.org/?mlat=62.8955079&mlon=12.9493279#map=18/62.8955079/12.9493279,coordinate_fallback,,,statliga_leder
12352867,Z 83,Ljungdalen - Falkvålen - Västsätern - Storsjö (justerad),289.736907443601,"{""OBJECTID"": 12352867, ""STATLIGLED"": ""Z 83"", ""STATLIGLEDNAMN"": ""Ljungdalen - Falkvålen - Västsätern - Storsjö (justerad)"", ""SHAPE.LEN"": 289.736907443601}",12.899712174102957,62.876484531497184,LineString,289.73690744351376,0.0,https://www.openstreetmap.org/?mlat=62.8764845&mlon=12.8997122#map=18/62.8764845/12.8997122,coordinate_fallback,,,statliga_leder
12352866,Z 83,Ljungdalen - Falkvålen - Västsätern - Storsjö (justerad),11448.5565313124,"{""OBJECTID"": 12352866, ""STATLIGLED"": ""Z 83"", ""STATLIGLEDNAMN"": ""Ljungdalen - Falkvålen - Västsätern - Storsjö (justerad)"", ""SHAPE.LEN"": 11448.5565313124}",12.981603014394267,62.850260737156674,LineString,11448.556531314782,0.0,https://www.openstreetmap.org/?mlat=62.8502607&mlon=12.9816030#map=18/62.8502607/12.9816030,coordinate_fallback,,,statliga_leder
12352865,Z 83,Ljungdalen - Falkvålen - Västsätern - Storsjö (justerad),62.1632024854737,"{""OBJECTID"": 12352865, ""STATLIGLED"": ""Z 83"", ""STATLIGLEDNAMN"": ""Ljungdalen - Falkvålen - Västsätern - Storsjö (justerad)"", ""SHAPE.LEN"": 62.1632024854737}",12.948649193041067,62.89600921316459,LineString,62.16320248585224,0.0,https://www.openstreetmap.org/?mlat=62.8960092&mlon=12.9486492#map=18/62.8960092/12.9486492,coordinate_fallback,,,statliga_leder
12352864,Z 83,Ljungdalen - Falkvålen - Västsätern - Storsjö (justerad),143.946321764756,"{""OBJECTID"": 12352864, ""STATLIGLED"": ""Z 83"", ""STATLIGLEDNAMN"": ""Ljungdalen - Falkvålen - Västsätern - Storsjö (justerad)"", ""SHAPE.LEN"": 143.946321764756}",12.946248489081864,62.89767474847397,LineString,143.9463217662321,0.0,https://www.openstreetmap.org/?mlat=62.8976747&mlon=12.9462485#map=18/62.8976747/12.9462485,coordinate_fallback,,,statliga_leder
12352863,Z 83,Ljungdalen - Falkvålen - Västsätern - Storsjö (justerad),1716.22590764028,"{""OBJECTID"": 12352863, ""STATLIGLED"": ""Z 83"", ""STATLIGLEDNAMN"": ""Ljungdalen - Falkvålen - Västsätern - Storsjö (justerad)"", ""SHAPE.LEN"": 1716.22590764028}",12.912354748342649,62.88356706391242,LineString,1716.2259076403498,0.0,https://www.openstreetmap.org/?mlat=62.8835671&mlon=12.9123547#map=18/62.8835671/12.9123547,coordinate_fallback,,,statliga_leder
12352862,Z 83,Ljungdalen - Falkvålen - Västsätern - Storsjö (justerad),1394.64276026404,"{""OBJECTID"": 12352862, ""STATLIGLED"": ""Z 83"", ""STATLIGLEDNAMN"": ""Ljungdalen - Falkvålen - Västsätern - Storsjö (justerad)"", ""SHAPE.LEN"": 1394.64276026404}",12.934265898255079,62.89322176783793,LineString,1394.6427602651015,0.0,https://www.openstreetmap.org/?mlat=62.8932218&mlon=12.9342659#map=18/62.8932218/12.9342659,coordinate_fallback,,,statliga_leder
12352861,Z 83,Ljungdalen - Falkvålen - Västsätern - Storsjö (justerad),6036.92200072531,"{""OBJECTID"": 12352861, ""STATLIGLED"": ""Z 83"", ""STATLIGLEDNAMN"": ""Ljungdalen - Falkvålen - Västsätern - Storsjö (justerad)"", ""SHAPE.LEN"": 6036.92200072531}",12.85807609696814,62.86147365307967,LineString,6036.922000733238,0.0,https://www.openstreetmap.org/?mlat=62.8614737&mlon=12.8580761#map=18/62.8614737/12.8580761,coordinate_fallback,,,statliga_leder
12347235,Z 83,Ljungdalen - Falkvålen - Västsätern - Storsjö (justerad),18.3220774722737,"{""OBJECTID"": 12347235, ""STATLIGLED"": ""Z 83"", ""STATLIGLEDNAMN"": ""Ljungdalen - Falkvålen - Västsätern - Storsjö (justerad)"", ""SHAPE.LEN"": 18.3220774722737}",12.900778914152289,62.877776339980684,LineString,18.322077470680117,0.0,https://www.openstreetmap.org/?mlat=62.8777763&mlon=12.9007789#map=18/62.8777763/12.9007789,coordinate_fallback,,,statliga_leder
12352424,Z 84,Rastskyddet (Svaletjakke) - Ramundberget,7878.63686416868,"{""OBJECTID"": 12352424, ""STATLIGLED"": ""Z 84"", ""STATLIGLEDNAMN"": ""Rastskyddet (Svaletjakke) - Ramundberget"", ""SHAPE.LEN"": 7878.63686416868}",12.379444574771615,62.736471137887726,LineString,7878.636864174318,0.0,https://www.openstreetmap.org/?mlat=62.7364711&mlon=12.3794446#map=18/62.7364711/12.3794446,coordinate_fallback,,,statliga_leder
12352279,Z 85,Fältjägarstugan - Klinken + separat skoterled N Girtibaune - Ljusnan,6494.6326242207,"{""OBJECTID"": 12352279, ""STATLIGLED"": ""Z 85"", ""STATLIGLEDNAMN"": ""Fältjägarstugan - Klinken + separat skoterled N Girtibaune - Ljusnan"", ""SHAPE.LEN"": 6494.6326242207}",12.328763071728927,62.7468993352098,LineString,6494.632624215669,0.0,https://www.openstreetmap.org/?mlat=62.7468993&mlon=12.3287631#map=18/62.7468993/12.3287631,coordinate_fallback,,,statliga_leder
12352280,Z 85,Fältjägarstugan - Klinken + separat skoterled N Girtibaune - Ljusnan,6791.8578244083,"{""OBJECTID"": 12352280, ""STATLIGLED"": ""Z 85"", ""STATLIGLEDNAMN"": ""Fältjägarstugan - Klinken + separat skoterled N Girtibaune - Ljusnan"", ""SHAPE.LEN"": 6791.8578244083}",12.40153129081434,62.79624597490672,LineString,6791.857824409156,0.0,https://www.openstreetmap.org/?mlat=62.7962460&mlon=12.4015313#map=18/62.7962460/12.4015313,coordinate_fallback,,,statliga_leder
12346888,Z 99,Tänndalen - Skedbrostugan,540.160348142892,"{""OBJECTID"": 12346888, ""STATLIGLED"": ""Z 99"", ""STATLIGLEDNAMN"": ""Tänndalen - Skedbrostugan"", ""SHAPE.LEN"": 540.160348142892}",12.283663381574472,62.42001603025706,LineString,540.1603481459158,0.0,https://www.openstreetmap.org/?mlat=62.4200160&mlon=12.2836634#map=18/62.4200160/12.2836634,coordinate_fallback,,,statliga_leder
12346887,Z 99,Tänndalen - Skedbrostugan,308.93215046898,"{""OBJECTID"": 12346887, ""STATLIGLED"": ""Z 99"", ""STATLIGLEDNAMN"": ""Tänndalen - Skedbrostugan"", ""SHAPE.LEN"": 308.93215046898}",12.27863816129478,62.41355749778573,LineString,308.9321504670904,0.0,https://www.openstreetmap.org/?mlat=62.4135575&mlon=12.2786382#map=18/62.4135575/12.2786382,coordinate_fallback,,,statliga_leder
12346886,Z 99,Tänndalen - Skedbrostugan,50.3078131864268,"{""OBJECTID"": 12346886, ""STATLIGLED"": ""Z 99"", ""STATLIGLEDNAMN"": ""Tänndalen - Skedbrostugan"", ""SHAPE.LEN"": 50.3078131864268}",12.287644753049475,62.42109784597707,LineString,50.30781318621888,0.0,https://www.openstreetmap.org/?mlat=62.4210978&mlon=12.2876448#map=18/62.4210978/12.2876448,coordinate_fallback,,,statliga_leder
12346885,Z 99,Tänndalen - Skedbrostugan,47.3721943745484,"{""OBJECTID"": 12346885, ""STATLIGLED"": ""Z 99"", ""STATLIGLEDNAMN"": ""Tänndalen - Skedbrostugan"", ""SHAPE.LEN"": 47.3721943745484}",12.281330088173199,62.41761043019795,LineString,47.372194372931716,0.0,https://www.openstreetmap.org/?mlat=62.4176104&mlon=12.2813301#map=18/62.4176104/12.2813301,coordinate_fallback,,,statliga_leder
12346884,Z 99,Tänndalen - Skedbrostugan,305.572335785326,"{""OBJECTID"": 12346884, ""STATLIGLED"": ""Z 99"", ""STATLIGLEDNAMN"": ""Tänndalen - Skedbrostugan"", ""SHAPE.LEN"": 305.572335785326}",12.280069292147308,62.416148058764115,LineString,305.57233578589575,0.0,https://www.openstreetmap.org/?mlat=62.4161481&mlon=12.2800693#map=18/62.4161481/12.2800693,coordinate_fallback,,,statliga_leder
12346883,Z 99,Tänndalen - Skedbrostugan,1785.62247749729,"{""OBJECTID"": 12346883, ""STATLIGLED"": ""Z 99"", ""STATLIGLEDNAMN"": ""Tänndalen - Skedbrostugan"", ""SHAPE.LEN"": 1785.62247749729}",12.293802310593653,62.42936960330979,LineString,1785.6224774950158,0.0,https://www.openstreetmap.org/?mlat=62.4293696&mlon=12.2938023#map=18/62.4293696/12.2938023,coordinate_fallback,,,statliga_leder
12346842,Z 99,Tänndalen - Skedbrostugan,138.798069742475,"{""OBJECTID"": 12346842, ""STATLIGLED"": ""Z 99"", ""STATLIGLEDNAMN"": ""Tänndalen - Skedbrostugan"", ""SHAPE.LEN"": 138.798069742475}",12.288621054818337,62.421742621731845,LineString,138.79806974391718,0.0,https://www.openstreetmap.org/?mlat=62.4217426&mlon=12.2886211#map=18/62.4217426/12.2886211,coordinate_fallback,,,statliga_leder
12346841,Z 99,Tänndalen - Skedbrostugan,350.430491995424,"{""OBJECTID"": 12346841, ""STATLIGLED"": ""Z 99"", ""STATLIGLEDNAMN"": ""Tänndalen - Skedbrostugan"", ""SHAPE.LEN"": 350.430491995424}",12.291088069977668,62.438537683756536,LineString,350.4304919954242,0.0,https://www.openstreetmap.org/?mlat=62.4385377&mlon=12.2910881#map=18/62.4385377/12.2910881,coordinate_fallback,,,statliga_leder
12346840,Z 99,Tänndalen - Skedbrostugan,13374.1954464214,"{""OBJECTID"": 12346840, ""STATLIGLED"": ""Z 99"", ""STATLIGLEDNAMN"": ""Tänndalen - Skedbrostugan"", ""SHAPE.LEN"": 13374.1954464214}",12.286781850299565,62.49162860500919,LineString,13374.195446425201,0.0,https://www.openstreetmap.org/?mlat=62.4916286&mlon=12.2867819#map=18/62.4916286/12.2867819,coordinate_fallback,,,statliga_leder
12346837,Z 99,Tänndalen - Skedbrostugan,338.12546533151,"{""OBJECTID"": 12346837, ""STATLIGLED"": ""Z 99"", ""STATLIGLEDNAMN"": ""Tänndalen - Skedbrostugan"", ""SHAPE.LEN"": 338.12546533151}",12.329452905170143,62.54306513365201,LineString,338.1254653312845,0.0,https://www.openstreetmap.org/?mlat=62.5430651&mlon=12.3294529#map=18/62.5430651/12.3294529,coordinate_fallback,,,statliga_leder
12346836,Z 99,Tänndalen - Skedbrostugan,190.645550514847,"{""OBJECTID"": 12346836, ""STATLIGLED"": ""Z 99"", ""STATLIGLEDNAMN"": ""Tänndalen - Skedbrostugan"", ""SHAPE.LEN"": 190.645550514847}",12.2775259934684,62.41149402439368,LineString,190.645550515751,0.0,https://www.openstreetmap.org/?mlat=62.4114940&mlon=12.2775260#map=18/62.4114940/12.2775260,coordinate_fallback,,,statliga_leder
12346835,Z 99,Tänndalen - Skedbrostugan,63.5963254183721,"{""OBJECTID"": 12346835, ""STATLIGLED"": ""Z 99"", ""STATLIGLEDNAMN"": ""Tänndalen - Skedbrostugan"", ""SHAPE.LEN"": 63.5963254183721}",12.287374089021492,62.387898294802305,LineString,63.59632541808798,0.0,https://www.openstreetmap.org/?mlat=62.3878983&mlon=12.2873741#map=18/62.3878983/12.2873741,coordinate_fallback,,,statliga_leder
12346834,Z 99,Tänndalen - Skedbrostugan,784.811877776329,"{""OBJECTID"": 12346834, ""STATLIGLED"": ""Z 99"", ""STATLIGLEDNAMN"": ""Tänndalen - Skedbrostugan"", ""SHAPE.LEN"": 784.811877776329}",12.284034772535277,62.39118830579215,LineString,784.8118777771683,0.0,https://www.openstreetmap.org/?mlat=62.3911883&mlon=12.2840348#map=18/62.3911883/12.2840348,coordinate_fallback,,,statliga_leder
12346830,Z 99,Tänndalen - Skedbrostugan,265.412288848294,"{""OBJECTID"": 12346830, ""STATLIGLED"": ""Z 99"", ""STATLIGLEDNAMN"": ""Tänndalen - Skedbrostugan"", ""SHAPE.LEN"": 265.412288848294}",12.324321182243974,62.54175424835543,LineString,265.41228884862153,0.0,https://www.openstreetmap.org/?mlat=62.5417542&mlon=12.3243212#map=18/62.5417542/12.3243212,coordinate_fallback,,,statliga_leder
12346829,Z 99,Tänndalen - Skedbrostugan,2026.06792677118,"{""OBJECTID"": 12346829, ""STATLIGLED"": ""Z 99"", ""STATLIGLEDNAMN"": ""Tänndalen - Skedbrostugan"", ""SHAPE.LEN"": 2026.06792677118}",12.276573679679966,62.402554804501804,LineString,2026.0679267708024,0.0,https://www.openstreetmap.org/?mlat=62.4025548&mlon=12.2765737#map=18/62.4025548/12.2765737,coordinate_fallback,,,statliga_leder
12352978,Z 103,Käringsjövallen - Rogenstugan,458.74180314919,"{""OBJECTID"": 12352978, ""STATLIGLED"": ""Z 103"", ""STATLIGLEDNAMN"": ""Käringsjövallen - Rogenstugan"", ""SHAPE.LEN"": 458.74180314919}",12.539117578377718,62.34272200843558,LineString,458.74180314937905,0.0,https://www.openstreetmap.org/?mlat=62.3427220&mlon=12.5391176#map=18/62.3427220/12.5391176,coordinate_fallback,,,statliga_leder
12352977,Z 103,Käringsjövallen - Rogenstugan,4935.41776270654,"{""OBJECTID"": 12352977, ""STATLIGLED"": ""Z 103"", ""STATLIGLEDNAMN"": ""Käringsjövallen - Rogenstugan"", ""SHAPE.LEN"": 4935.41776270654}",12.487390948149027,62.33840473917535,LineString,4935.417762703856,0.0,https://www.openstreetmap.org/?mlat=62.3384047&mlon=12.4873909#map=18/62.3384047/12.4873909,coordinate_fallback,,,statliga_leder
12352976,Z 103,Käringsjövallen - Rogenstugan,535.414242089854,"{""OBJECTID"": 12352976, ""STATLIGLED"": ""Z 103"", ""STATLIGLEDNAMN"": ""Käringsjövallen - Rogenstugan"", ""SHAPE.LEN"": 535.414242089854}",12.529769022875135,62.342982865215795,LineString,535.414242090712,0.0,https://www.openstreetmap.org/?mlat=62.3429829&mlon=12.5297690#map=18/62.3429829/12.5297690,coordinate_fallback,,,statliga_leder
12352975,Z 103,Käringsjövallen - Rogenstugan,782.992590972503,"{""OBJECTID"": 12352975, ""STATLIGLED"": ""Z 103"", ""STATLIGLEDNAMN"": ""Käringsjövallen - Rogenstugan"", ""SHAPE.LEN"": 782.992590972503}",12.573890105357913,62.34535185041743,LineString,782.9925909722278,0.0,https://www.openstreetmap.org/?mlat=62.3453519&mlon=12.5738901#map=18/62.3453519/12.5738901,coordinate_fallback,,,statliga_leder
12352974,Z 103,Käringsjövallen - Rogenstugan,810.139089194719,"{""OBJECTID"": 12352974, ""STATLIGLED"": ""Z 103"", ""STATLIGLEDNAMN"": ""Käringsjövallen - Rogenstugan"", ""SHAPE.LEN"": 810.139089194719}",12.563608802864968,62.34132563667122,LineString,810.1390891950908,0.0,https://www.openstreetmap.org/?mlat=62.3413256&mlon=12.5636088#map=18/62.3413256/12.5636088,coordinate_fallback,,,statliga_leder
12352973,Z 103,Käringsjövallen - Rogenstugan,982.77977401256,"{""OBJECTID"": 12352973, ""STATLIGLED"": ""Z 103"", ""STATLIGLEDNAMN"": ""Käringsjövallen - Rogenstugan"", ""SHAPE.LEN"": 982.77977401256}",12.45014220729582,62.32050829911976,LineString,982.7797740103352,0.0,https://www.openstreetmap.org/?mlat=62.3205083&mlon=12.4501422#map=18/62.3205083/12.4501422,coordinate_fallback,,,statliga_leder
12352972,Z 103,Käringsjövallen - Rogenstugan,721.684022114028,"{""OBJECTID"": 12352972, ""STATLIGLED"": ""Z 103"", ""STATLIGLEDNAMN"": ""Käringsjövallen - Rogenstugan"", ""SHAPE.LEN"": 721.684022114028}",12.550105483852002,62.3429206295473,LineString,721.6840221141938,0.0,https://www.openstreetmap.org/?mlat=62.3429206&mlon=12.5501055#map=18/62.3429206/12.5501055,coordinate_fallback,,,statliga_leder
12352971,Z 103,Käringsjövallen - Rogenstugan,47.3303928989608,"{""OBJECTID"": 12352971, ""STATLIGLED"": ""Z 103"", ""STATLIGLEDNAMN"": ""Käringsjövallen - Rogenstugan"", ""SHAPE.LEN"": 47.3303928989608}",12.557190869864176,62.3418919634007,LineString,47.33039289861022,0.0,https://www.openstreetmap.org/?mlat=62.3418920&mlon=12.5571909#map=18/62.3418920/12.5571909,coordinate_fallback,,,statliga_leder
12352079,Z 103,Käringsjövallen - Rogenstugan,2302.13648072969,"{""OBJECTID"": 12352079, ""STATLIGLED"": ""Z 103"", ""STATLIGLEDNAMN"": ""Käringsjövallen - Rogenstugan"", ""SHAPE.LEN"": 2302.13648072969}",12.4633674914715,62.344207861892755,LineString,2302.1364807276764,0.0,https://www.openstreetmap.org/?mlat=62.3442079&mlon=12.4633675#map=18/62.3442079/12.4633675,coordinate_fallback,,,statliga_leder
12352983,Z 108,Rogenstugan - Länsgränsen vid Läsjön,1091.08427866578,"{""OBJECTID"": 12352983, ""STATLIGLED"": ""Z 108"", ""STATLIGLEDNAMN"": ""Rogenstugan - Länsgränsen vid Läsjön"", ""SHAPE.LEN"": 1091.08427866578}",12.359010117396629,62.25881325069385,LineString,1091.0842786650915,0.0,https://www.openstreetmap.org/?mlat=62.2588133&mlon=12.3590101#map=18/62.2588133/12.3590101,coordinate_fallback,,,statliga_leder
12352982,Z 108,Rogenstugan - Länsgränsen vid Läsjön,3207.06104909193,"{""OBJECTID"": 12352982, ""STATLIGLED"": ""Z 108"", ""STATLIGLEDNAMN"": ""Rogenstugan - Länsgränsen vid Läsjön"", ""SHAPE.LEN"": 3207.06104909193}",12.435314410211955,62.30420274874946,LineString,3207.061049092741,0.0,https://www.openstreetmap.org/?mlat=62.3042027&mlon=12.4353144#map=18/62.3042027/12.4353144,coordinate_fallback,,,statliga_leder
12352981,Z 108,Rogenstugan - Länsgränsen vid Läsjön,1865.96527964039,"{""OBJECTID"": 12352981, ""STATLIGLED"": ""Z 108"", ""STATLIGLEDNAMN"": ""Rogenstugan - Länsgränsen vid Läsjön"", ""SHAPE.LEN"": 1865.96527964039}",12.389813335495708,62.27307439612688,LineString,1865.965279640583,0.0,https://www.openstreetmap.org/?mlat=62.2730744&mlon=12.3898133#map=18/62.2730744/12.3898133,coordinate_fallback,,,statliga_leder
12352980,Z 108,Rogenstugan - Länsgränsen vid Läsjön,1117.66508341236,"{""OBJECTID"": 12352980, ""STATLIGLED"": ""Z 108"", ""STATLIGLEDNAMN"": ""Rogenstugan - Länsgränsen vid Läsjön"", ""SHAPE.LEN"": 1117.66508341236}",12.376081722377966,62.261124586828274,LineString,1117.665083413476,0.0,https://www.openstreetmap.org/?mlat=62.2611246&mlon=12.3760817#map=18/62.2611246/12.3760817,coordinate_fallback,,,statliga_leder
12352979,Z 108,Rogenstugan - Länsgränsen vid Läsjön,2281.97647156082,"{""OBJECTID"": 12352979, ""STATLIGLED"": ""Z 108"", ""STATLIGLEDNAMN"": ""Rogenstugan - Länsgränsen vid Läsjön"", ""SHAPE.LEN"": 2281.97647156082}",12.407945270256276,62.289016280196236,LineString,2281.976471559821,0.0,https://www.openstreetmap.org/?mlat=62.2890163&mlon=12.4079453#map=18/62.2890163/12.4079453,coordinate_fallback,,,statliga_leder
12344716,Z 109,Rogenstugan - Tandsjövålen - Länsgränsen öster Rogsstöten + vinterled Rogenstugan - Länsgränsen sjös,876.352048656271,"{""OBJECTID"": 12344716, ""STATLIGLED"": ""Z 109"", ""STATLIGLEDNAMN"": ""Rogenstugan - Tandsjövålen - Länsgränsen öster Rogsstöten + vinterled Rogenstugan - Länsgränsen sjös"", ""SHAPE.LEN"": 876.352048656271}",12.502762519567888,62.23574581408773,LineString,876.3520486581767,0.0,https://www.openstreetmap.org/?mlat=62.2357458&mlon=12.5027625#map=18/62.2357458/12.5027625,coordinate_fallback,,,statliga_leder
12344715,Z 109,Rogenstugan - Tandsjövålen - Länsgränsen öster Rogsstöten + vinterled Rogenstugan - Länsgränsen sjös,47.3986976280994,"{""OBJECTID"": 12344715, ""STATLIGLED"": ""Z 109"", ""STATLIGLEDNAMN"": ""Rogenstugan - Tandsjövålen - Länsgränsen öster Rogsstöten + vinterled Rogenstugan - Länsgränsen sjös"", ""SHAPE.LEN"": 47.3986976280994}",12.503119500052588,62.239575025019356,LineString,47.39869762771704,0.0,https://www.openstreetmap.org/?mlat=62.2395750&mlon=12.5031195#map=18/62.2395750/12.5031195,coordinate_fallback,,,statliga_leder
12344714,Z 109,Rogenstugan - Tandsjövålen - Länsgränsen öster Rogsstöten + vinterled Rogenstugan - Länsgränsen sjös,2322.18425882523,"{""OBJECTID"": 12344714, ""STATLIGLED"": ""Z 109"", ""STATLIGLEDNAMN"": ""Rogenstugan - Tandsjövålen - Länsgränsen öster Rogsstöten + vinterled Rogenstugan - Länsgränsen sjös"", ""SHAPE.LEN"": 2322.18425882523}",12.501445942256796,62.24974255343355,LineString,2322.184258822588,0.0,https://www.openstreetmap.org/?mlat=62.2497426&mlon=12.5014459#map=18/62.2497426/12.5014459,coordinate_fallback,,,statliga_leder
12344713,Z 109,Rogenstugan - Tandsjövålen - Länsgränsen öster Rogsstöten + vinterled Rogenstugan - Länsgränsen sjös,7436.87404184452,"{""OBJECTID"": 12344713, ""STATLIGLED"": ""Z 109"", ""STATLIGLEDNAMN"": ""Rogenstugan - Tandsjövålen - Länsgränsen öster Rogsstöten + vinterled Rogenstugan - Länsgränsen sjös"", ""SHAPE.LEN"": 7436.87404184452}",12.472386890397848,62.288863693095124,LineString,7436.87404184741,0.0,https://www.openstreetmap.org/?mlat=62.2888637&mlon=12.4723869#map=18/62.2888637/12.4723869,coordinate_fallback,,,statliga_leder
12347557,Z 115,Storsjö - Tåssåsen (ny),1834.63376297271,"{""OBJECTID"": 12347557, ""STATLIGLED"": ""Z 115"", ""STATLIGLEDNAMN"": ""Storsjö - Tåssåsen (ny)"", ""SHAPE.LEN"": 1834.63376297271}",13.224834613331732,62.92476902850557,LineString,1834.6337629706072,0.0,https://www.openstreetmap.org/?mlat=62.9247690&mlon=13.2248346#map=18/62.9247690/13.2248346,coordinate_fallback,,,statliga_leder
12347555,Z 115,Storsjö - Tåssåsen (ny),4362.17408152528,"{""OBJECTID"": 12347555, ""STATLIGLED"": ""Z 115"", ""STATLIGLEDNAMN"": ""Storsjö - Tåssåsen (ny)"", ""SHAPE.LEN"": 4362.17408152528}",13.062301752988594,62.88428376769559,LineString,4362.174081526038,0.0,https://www.openstreetmap.org/?mlat=62.8842838&mlon=13.0623018#map=18/62.8842838/13.0623018,coordinate_fallback,,,statliga_leder
12344840,Z 115,Storsjö - Tåssåsen (ny),122.716712694195,"{""OBJECTID"": 12344840, ""STATLIGLED"": ""Z 115"", ""STATLIGLEDNAMN"": ""Storsjö - Tåssåsen (ny)"", ""SHAPE.LEN"": 122.716712694195}",13.25589315405803,62.93585219563525,LineString,122.71671269209388,0.0,https://www.openstreetmap.org/?mlat=62.9358522&mlon=13.2558932#map=18/62.9358522/13.2558932,coordinate_fallback,,,statliga_leder
12345860,Z 115,Storsjö - Tåssåsen (ny),9407.05008451919,"{""OBJECTID"": 12345860, ""STATLIGLED"": ""Z 115"", ""STATLIGLEDNAMN"": ""Storsjö - Tåssåsen (ny)"", ""SHAPE.LEN"": 9407.05008451919}",13.155302071401104,62.899614909347186,LineString,9407.050084524422,0.0,https://www.openstreetmap.org/?mlat=62.8996149&mlon=13.1553021#map=18/62.8996149/13.1553021,coordinate_fallback,,,statliga_leder
12344839,Z 115,Storsjö - Tåssåsen (ny),1404.5228570975,"{""OBJECTID"": 12344839, ""STATLIGLED"": ""Z 115"", ""STATLIGLEDNAMN"": ""Storsjö - Tåssåsen (ny)"", ""SHAPE.LEN"": 1404.5228570975}",13.242402933730043,62.93344014338882,LineString,1404.5228570975119,0.0,https://www.openstreetmap.org/?mlat=62.9334401&mlon=13.2424029#map=18/62.9334401/13.2424029,coordinate_fallback,,,statliga_leder
12344838,Z 115,Storsjö - Tåssåsen (ny),9516.01595332182,"{""OBJECTID"": 12344838, ""STATLIGLED"": ""Z 115"", ""STATLIGLEDNAMN"": ""Storsjö - Tåssåsen (ny)"", ""SHAPE.LEN"": 9516.01595332182}",13.055271791223118,62.83624436084731,LineString,9516.015953316535,0.0,https://www.openstreetmap.org/?mlat=62.8362444&mlon=13.0552718#map=18/62.8362444/13.0552718,coordinate_fallback,,,statliga_leder
12348830,Z 112,Blomhöjden - Trångmon - Härbergsdalen (ny),3488.73136972472,"{""OBJECTID"": 12348830, ""STATLIGLED"": ""Z 112"", ""STATLIGLEDNAMN"": ""Blomhöjden - Trångmon - Härbergsdalen (ny)"", ""SHAPE.LEN"": 3488.73136972472}",14.754265071858466,64.60976661291502,LineString,3488.7313697314244,0.0,https://www.openstreetmap.org/?mlat=64.6097666&mlon=14.7542651#map=18/64.6097666/14.7542651,coordinate_fallback,,,statliga_leder
12348462,Z 112,Blomhöjden - Trångmon - Härbergsdalen (ny),7557.83355857586,"{""OBJECTID"": 12348462, ""STATLIGLED"": ""Z 112"", ""STATLIGLEDNAMN"": ""Blomhöjden - Trångmon - Härbergsdalen (ny)"", ""SHAPE.LEN"": 7557.83355857586}",14.848339428478575,64.60679760969688,LineString,7557.833558574804,0.0,https://www.openstreetmap.org/?mlat=64.6067976&mlon=14.8483394#map=18/64.6067976/14.8483394,coordinate_fallback,,,statliga_leder
12351030,Z 112,Blomhöjden - Trångmon - Härbergsdalen (ny),5.32213365732656,"{""OBJECTID"": 12351030, ""STATLIGLED"": ""Z 112"", ""STATLIGLEDNAMN"": ""Blomhöjden - Trångmon - Härbergsdalen (ny)"", ""SHAPE.LEN"": 5.32213365732656}",14.870148483702677,64.62915187081364,LineString,5.322133658561552,0.0,https://www.openstreetmap.org/?mlat=64.6291519&mlon=14.8701485#map=18/64.6291519/14.8701485,coordinate_fallback,,,statliga_leder
12351029,Z 112,Blomhöjden - Trångmon - Härbergsdalen (ny),12058.9638414487,"{""OBJECTID"": 12351029, ""STATLIGLED"": ""Z 112"", ""STATLIGLEDNAMN"": ""Blomhöjden - Trångmon - Härbergsdalen (ny)"", ""SHAPE.LEN"": 12058.9638414487}",14.80365764761344,64.6718579364243,LineString,12058.963841447521,0.0,https://www.openstreetmap.org/?mlat=64.6718579&mlon=14.8036576#map=18/64.6718579/14.8036576,coordinate_fallback,,,statliga_leder
12351028,Z 112,Blomhöjden - Trångmon - Härbergsdalen (ny),21.9368370372759,"{""OBJECTID"": 12351028, ""STATLIGLED"": ""Z 112"", ""STATLIGLEDNAMN"": ""Blomhöjden - Trångmon - Härbergsdalen (ny)"", ""SHAPE.LEN"": 21.9368370372759}",14.688179770438916,64.70526553728018,LineString,21.93683703692181,0.0,https://www.openstreetmap.org/?mlat=64.7052655&mlon=14.6881798#map=18/64.7052655/14.6881798,coordinate_fallback,,,statliga_leder
12352613,Z 112,Blomhöjden - Trångmon - Härbergsdalen (ny),1052.27377848726,"{""OBJECTID"": 12352613, ""STATLIGLED"": ""Z 112"", ""STATLIGLEDNAMN"": ""Blomhöjden - Trångmon - Härbergsdalen (ny)"", ""SHAPE.LEN"": 1052.27377848726}",14.792588660762894,64.60745279009762,LineString,1052.2737784862902,0.0,https://www.openstreetmap.org/?mlat=64.6074528&mlon=14.7925887#map=18/64.6074528/14.7925887,coordinate_fallback,,,statliga_leder
12351493,BD 73,Sulitelma - Pieskehaure - Tarraälvshyddan,2653.86148967691,"{""OBJECTID"": 12351493, ""STATLIGLED"": ""BD 73"", ""STATLIGLEDNAMN"": ""Sulitelma - Pieskehaure - Tarraälvshyddan"", ""SHAPE.LEN"": 2653.86148967691}",16.797089249290657,67.05459800349932,LineString,2653.861489678593,0.0,https://www.openstreetmap.org/?mlat=67.0545980&mlon=16.7970892#map=18/67.0545980/16.7970892,coordinate_fallback,,,statliga_leder
12351687,BD 73,Sulitelma - Pieskehaure - Tarraälvshyddan,5816.37705205343,"{""OBJECTID"": 12351687, ""STATLIGLED"": ""BD 73"", ""STATLIGLEDNAMN"": ""Sulitelma - Pieskehaure - Tarraälvshyddan"", ""SHAPE.LEN"": 5816.37705205343}",17.313335612053464,66.98346043366807,LineString,5816.377052055383,0.0,https://www.openstreetmap.org/?mlat=66.9834604&mlon=17.3133356#map=18/66.9834604/17.3133356,coordinate_fallback,,,statliga_leder
12351659,BD 73,Sulitelma - Pieskehaure - Tarraälvshyddan,4370.12198389562,"{""OBJECTID"": 12351659, ""STATLIGLED"": ""BD 73"", ""STATLIGLEDNAMN"": ""Sulitelma - Pieskehaure - Tarraälvshyddan"", ""SHAPE.LEN"": 4370.12198389562}",17.401877819062893,66.95833999053401,LineString,4370.121983893338,0.0,https://www.openstreetmap.org/?mlat=66.9583400&mlon=17.4018778#map=18/66.9583400/17.4018778,coordinate_fallback,,,statliga_leder
12351657,BD 73,Sulitelma - Pieskehaure - Tarraälvshyddan,9806.1093091516,"{""OBJECTID"": 12351657, ""STATLIGLED"": ""BD 73"", ""STATLIGLEDNAMN"": ""Sulitelma - Pieskehaure - Tarraälvshyddan"", ""SHAPE.LEN"": 9806.1093091516}",16.63185935115192,67.03738712090002,LineString,9806.10930915023,0.0,https://www.openstreetmap.org/?mlat=67.0373871&mlon=16.6318594#map=18/67.0373871/16.6318594,coordinate_fallback,,,statliga_leder
12351656,BD 73,Sulitelma - Pieskehaure - Tarraälvshyddan,16081.0244948786,"{""OBJECTID"": 12351656, ""STATLIGLED"": ""BD 73"", ""STATLIGLEDNAMN"": ""Sulitelma - Pieskehaure - Tarraälvshyddan"", ""SHAPE.LEN"": 16081.0244948786}",17.091682156445607,67.0158305694681,LineString,16081.024494878126,0.0,https://www.openstreetmap.org/?mlat=67.0158306&mlon=17.0916822#map=18/67.0158306/17.0916822,coordinate_fallback,,,statliga_leder
12351655,BD 73,Sulitelma - Pieskehaure - Tarraälvshyddan,1645.94178572664,"{""OBJECTID"": 12351655, ""STATLIGLED"": ""BD 73"", ""STATLIGLEDNAMN"": ""Sulitelma - Pieskehaure - Tarraälvshyddan"", ""SHAPE.LEN"": 1645.94178572664}",16.751931142740435,67.05536229088644,LineString,1645.9417857262026,0.0,https://www.openstreetmap.org/?mlat=67.0553623&mlon=16.7519311#map=18/67.0553623/16.7519311,coordinate_fallback,,,statliga_leder
12352121,BD 73,Sulitelma - Pieskehaure - Tarraälvshyddan,2255.03203977516,"{""OBJECTID"": 12352121, ""STATLIGLED"": ""BD 73"", ""STATLIGLEDNAMN"": ""Sulitelma - Pieskehaure - Tarraälvshyddan"", ""SHAPE.LEN"": 2255.03203977516}",16.903946351508353,67.04062940045404,LineString,2255.032039774361,0.0,https://www.openstreetmap.org/?mlat=67.0406294&mlon=16.9039464#map=18/67.0406294/16.9039464,coordinate_fallback,,,statliga_leder
12352120,BD 73,Sulitelma - Pieskehaure - Tarraälvshyddan,2995.43383801128,"{""OBJECTID"": 12352120, ""STATLIGLED"": ""BD 73"", ""STATLIGLEDNAMN"": ""Sulitelma - Pieskehaure - Tarraälvshyddan"", ""SHAPE.LEN"": 2995.43383801128}",16.853693632869003,67.04514602715871,LineString,2995.433838010192,0.0,https://www.openstreetmap.org/?mlat=67.0451460&mlon=16.8536936#map=18/67.0451460/16.8536936,coordinate_fallback,,,statliga_leder
12349168,Z 61,Vålåstugorna - Lunndörrstugorna,15067.8075768436,"{""OBJECTID"": 12349168, ""STATLIGLED"": ""Z 61"", ""STATLIGLEDNAMN"": ""Vålåstugorna - Lunndörrstugorna"", ""SHAPE.LEN"": 15067.8075768436}",12.930917939428717,63.048065234952006,LineString,15067.80757684333,0.0,https://www.openstreetmap.org/?mlat=63.0480652&mlon=12.9309179#map=18/63.0480652/12.9309179,coordinate_fallback,,,statliga_leder
12352609,Z 63,Vålådalen - Vallbo - Anarisstugan + skoterled Vallbo - Ottsjön,1281.65961989754,"{""OBJECTID"": 12352609, ""STATLIGLED"": ""Z 63"", ""STATLIGLEDNAMN"": ""Vålådalen - Vallbo - Anarisstugan + skoterled Vallbo - Ottsjön"", ""SHAPE.LEN"": 1281.65961989754}",13.317727580733019,63.09664232009233,LineString,1281.6596198953935,0.0,https://www.openstreetmap.org/?mlat=63.0966423&mlon=13.3177276#map=18/63.0966423/13.3177276,coordinate_fallback,,,statliga_leder
12352608,Z 63,Vålådalen - Vallbo - Anarisstugan + skoterled Vallbo - Ottsjön,752.20651805964,"{""OBJECTID"": 12352608, ""STATLIGLED"": ""Z 63"", ""STATLIGLEDNAMN"": ""Vålådalen - Vallbo - Anarisstugan + skoterled Vallbo - Ottsjön"", ""SHAPE.LEN"": 752.20651805964}",12.96681344961079,63.14526988545811,LineString,752.206518054483,0.0,https://www.openstreetmap.org/?mlat=63.1452699&mlon=12.9668134#map=18/63.1452699/12.9668134,coordinate_fallback,,,statliga_leder
12352607,Z 63,Vålådalen - Vallbo - Anarisstugan + skoterled Vallbo - Ottsjön,28.5373273450338,"{""OBJECTID"": 12352607, ""STATLIGLED"": ""Z 63"", ""STATLIGLEDNAMN"": ""Vålådalen - Vallbo - Anarisstugan + skoterled Vallbo - Ottsjön"", ""SHAPE.LEN"": 28.5373273450338}",13.075404364173073,63.145659523759534,LineString,28.537327345054734,0.0,https://www.openstreetmap.org/?mlat=63.1456595&mlon=13.0754044#map=18/63.1456595/13.0754044,coordinate_fallback,,,statliga_leder
12352606,Z 63,Vålådalen - Vallbo - Anarisstugan + skoterled Vallbo - Ottsjön,513.525653270521,"{""OBJECTID"": 12352606, ""STATLIGLED"": ""Z 63"", ""STATLIGLEDNAMN"": ""Vålådalen - Vallbo - Anarisstugan + skoterled Vallbo - Ottsjön"", ""SHAPE.LEN"": 513.525653270521}",13.06215339488263,63.165607053253105,LineString,513.5256532694818,0.0,https://www.openstreetmap.org/?mlat=63.1656071&mlon=13.0621534#map=18/63.1656071/13.0621534,coordinate_fallback,,,statliga_leder
12352605,Z 63,Vålådalen - Vallbo - Anarisstugan + skoterled Vallbo - Ottsjön,13981.5797799655,"{""OBJECTID"": 12352605, ""STATLIGLED"": ""Z 63"", ""STATLIGLEDNAMN"": ""Vålådalen - Vallbo - Anarisstugan + skoterled Vallbo - Ottsjön"", ""SHAPE.LEN"": 13981.5797799655}",13.202375232478724,63.12205050864185,LineString,13981.579779969401,0.0,https://www.openstreetmap.org/?mlat=63.1220505&mlon=13.2023752#map=18/63.1220505/13.2023752,coordinate_fallback,,,statliga_leder
12352604,Z 63,Vålådalen - Vallbo - Anarisstugan + skoterled Vallbo - Ottsjön,1516.62371018291,"{""OBJECTID"": 12352604, ""STATLIGLED"": ""Z 63"", ""STATLIGLEDNAMN"": ""Vålådalen - Vallbo - Anarisstugan + skoterled Vallbo - Ottsjön"", ""SHAPE.LEN"": 1516.62371018291}",13.066267026413794,63.15036333916357,LineString,1516.6237101826162,0.0,https://www.openstreetmap.org/?mlat=63.1503633&mlon=13.0662670#map=18/63.1503633/13.0662670,coordinate_fallback,,,statliga_leder
12352603,Z 63,Vålådalen - Vallbo - Anarisstugan + skoterled Vallbo - Ottsjön,1253.63906155128,"{""OBJECTID"": 12352603, ""STATLIGLED"": ""Z 63"", ""STATLIGLEDNAMN"": ""Vålådalen - Vallbo - Anarisstugan + skoterled Vallbo - Ottsjön"", ""SHAPE.LEN"": 1253.63906155128}",13.081763757699877,63.14185596314835,LineString,1253.6390615519142,0.0,https://www.openstreetmap.org/?mlat=63.1418560&mlon=13.0817638#map=18/63.1418560/13.0817638,coordinate_fallback,,,statliga_leder
12352602,Z 63,Vålådalen - Vallbo - Anarisstugan + skoterled Vallbo - Ottsjön,2093.73313212082,"{""OBJECTID"": 12352602, ""STATLIGLED"": ""Z 63"", ""STATLIGLEDNAMN"": ""Vålådalen - Vallbo - Anarisstugan + skoterled Vallbo - Ottsjön"", ""SHAPE.LEN"": 2093.73313212082}",13.062064723795817,63.17577667029542,LineString,2093.7331321176966,0.0,https://www.openstreetmap.org/?mlat=63.1757767&mlon=13.0620647#map=18/63.1757767/13.0620647,coordinate_fallback,,,statliga_leder
12347873,Z 63,Vålådalen - Vallbo - Anarisstugan + skoterled Vallbo - Ottsjön,43.865885515056,"{""OBJECTID"": 12347873, ""STATLIGLED"": ""Z 63"", ""STATLIGLEDNAMN"": ""Vålådalen - Vallbo - Anarisstugan + skoterled Vallbo - Ottsjön"", ""SHAPE.LEN"": 43.865885515056}",13.306815445612253,63.09974698707846,LineString,43.8658855148277,0.0,https://www.openstreetmap.org/?mlat=63.0997470&mlon=13.3068154#map=18/63.0997470/13.3068154,coordinate_fallback,,,statliga_leder
12345130,Z 63,Vålådalen - Vallbo - Anarisstugan + skoterled Vallbo - Ottsjön,43.8702402455241,"{""OBJECTID"": 12345130, ""STATLIGLED"": ""Z 63"", ""STATLIGLEDNAMN"": ""Vålådalen - Vallbo - Anarisstugan + skoterled Vallbo - Ottsjön"", ""SHAPE.LEN"": 43.8702402455241}",12.968732536367018,63.14217849787373,LineString,43.870240246187535,0.0,https://www.openstreetmap.org/?mlat=63.1421785&mlon=12.9687325#map=18/63.1421785/12.9687325,coordinate_fallback,,,statliga_leder
12353318,Z 63,Vålådalen - Vallbo - Anarisstugan + skoterled Vallbo - Ottsjön,13.878484521767,"{""OBJECTID"": 12353318, ""STATLIGLED"": ""Z 63"", ""STATLIGLEDNAMN"": ""Vålådalen - Vallbo - Anarisstugan + skoterled Vallbo - Ottsjön"", ""SHAPE.LEN"": 13.878484521767}",13.091598238788631,63.142038874334546,LineString,13.878484522004399,0.0,https://www.openstreetmap.org/?mlat=63.1420389&mlon=13.0915982#map=18/63.1420389/13.0915982,coordinate_fallback,,,statliga_leder
12353317,Z 63,Vålådalen - Vallbo - Anarisstugan + skoterled Vallbo - Ottsjön,1286.64433639914,"{""OBJECTID"": 12353317, ""STATLIGLED"": ""Z 63"", ""STATLIGLEDNAMN"": ""Vålådalen - Vallbo - Anarisstugan + skoterled Vallbo - Ottsjön"", ""SHAPE.LEN"": 1286.64433639914}",13.064169500594025,63.15882848232196,LineString,1286.6443363990554,0.0,https://www.openstreetmap.org/?mlat=63.1588285&mlon=13.0641695#map=18/63.1588285/13.0641695,coordinate_fallback,,,statliga_leder
12353314,Z 63,Vålådalen - Vallbo - Anarisstugan + skoterled Vallbo - Ottsjön,967.69684839842,"{""OBJECTID"": 12353314, ""STATLIGLED"": ""Z 63"", ""STATLIGLEDNAMN"": ""Vålådalen - Vallbo - Anarisstugan + skoterled Vallbo - Ottsjön"", ""SHAPE.LEN"": 967.69684839842}",13.059218744996024,63.18916067303637,LineString,967.696848398376,0.0,https://www.openstreetmap.org/?mlat=63.1891607&mlon=13.0592187#map=18/63.1891607/13.0592187,coordinate_fallback,,,statliga_leder
12353867,Z 63,Vålådalen - Vallbo - Anarisstugan + skoterled Vallbo - Ottsjön,36.2175491097893,"{""OBJECTID"": 12353867, ""STATLIGLED"": ""Z 63"", ""STATLIGLEDNAMN"": ""Vålådalen - Vallbo - Anarisstugan + skoterled Vallbo - Ottsjön"", ""SHAPE.LEN"": 36.2175491097893}",13.3286203735963,63.09377394352829,LineString,36.21754911132139,0.0,https://www.openstreetmap.org/?mlat=63.0937739&mlon=13.3286204#map=18/63.0937739/13.3286204,coordinate_fallback,,,statliga_leder
12353581,Z 63,Vålådalen - Vallbo - Anarisstugan + skoterled Vallbo - Ottsjön,32.4634652343388,"{""OBJECTID"": 12353581, ""STATLIGLED"": ""Z 63"", ""STATLIGLEDNAMN"": ""Vålådalen - Vallbo - Anarisstugan + skoterled Vallbo - Ottsjön"", ""SHAPE.LEN"": 32.4634652343388}",13.075328161676044,63.145387982639726,LineString,32.46346523327017,0.0,https://www.openstreetmap.org/?mlat=63.1453880&mlon=13.0753282#map=18/63.1453880/13.0753282,coordinate_fallback,,,statliga_leder
12353580,Z 63,Vålådalen - Vallbo - Anarisstugan + skoterled Vallbo - Ottsjön,725.505684557719,"{""OBJECTID"": 12353580, ""STATLIGLED"": ""Z 63"", ""STATLIGLEDNAMN"": ""Vålådalen - Vallbo - Anarisstugan + skoterled Vallbo - Ottsjön"", ""SHAPE.LEN"": 725.505684557719}",13.33483306512993,63.091777159293166,LineString,725.5056845578166,0.0,https://www.openstreetmap.org/?mlat=63.0917772&mlon=13.3348331#map=18/63.0917772/13.3348331,coordinate_fallback,,,statliga_leder
12353579,Z 63,Vålådalen - Vallbo - Anarisstugan + skoterled Vallbo - Ottsjön,5058.1772650507,"{""OBJECTID"": 12353579, ""STATLIGLED"": ""Z 63"", ""STATLIGLEDNAMN"": ""Vålådalen - Vallbo - Anarisstugan + skoterled Vallbo - Ottsjön"", ""SHAPE.LEN"": 5058.1772650507}",13.017820675130572,63.145249976301244,LineString,5058.17726505581,0.0,https://www.openstreetmap.org/?mlat=63.1452500&mlon=13.0178207#map=18/63.1452500/13.0178207,coordinate_fallback,,,statliga_leder
12353531,Z 63,Vålådalen - Vallbo - Anarisstugan + skoterled Vallbo - Ottsjön,617.963304841225,"{""OBJECTID"": 12353531, ""STATLIGLED"": ""Z 63"", ""STATLIGLEDNAMN"": ""Vålådalen - Vallbo - Anarisstugan + skoterled Vallbo - Ottsjön"", ""SHAPE.LEN"": 617.963304841225}",12.972161463807165,63.139564009169966,LineString,617.9633048436422,0.0,https://www.openstreetmap.org/?mlat=63.1395640&mlon=12.9721615#map=18/63.1395640/12.9721615,coordinate_fallback,,,statliga_leder
12353530,Z 63,Vålådalen - Vallbo - Anarisstugan + skoterled Vallbo - Ottsjön,6.80943721977081,"{""OBJECTID"": 12353530, ""STATLIGLED"": ""Z 63"", ""STATLIGLEDNAMN"": ""Vålådalen - Vallbo - Anarisstugan + skoterled Vallbo - Ottsjön"", ""SHAPE.LEN"": 6.80943721977081}",13.061658900924755,63.16380520044417,LineString,6.8094372194256945,0.0,https://www.openstreetmap.org/?mlat=63.1638052&mlon=13.0616589#map=18/63.1638052/13.0616589,coordinate_fallback,,,statliga_leder
12346332,Z 102,Skedbrostugan - Käringsjön - Rogenstugan,15787.1191882195,"{""OBJECTID"": 12346332, ""STATLIGLED"": ""Z 102"", ""STATLIGLEDNAMN"": ""Skedbrostugan - Käringsjön - Rogenstugan"", ""SHAPE.LEN"": 15787.1191882195}",12.402984910893487,62.36814139577911,LineString,15787.119188215313,0.0,https://www.openstreetmap.org/?mlat=62.3681414&mlon=12.4029849#map=18/62.3681414/12.4029849,coordinate_fallback,,,statliga_leder
12344894,Z 86,Gröndalen - Hyddsjön,3790.50877002121,"{""OBJECTID"": 12344894, ""STATLIGLED"": ""Z 86"", ""STATLIGLEDNAMN"": ""Gröndalen - Hyddsjön"", ""SHAPE.LEN"": 3790.50877002121}",12.149424636625671,62.72344330987668,LineString,3790.5087700227887,0.0,https://www.openstreetmap.org/?mlat=62.7234433&mlon=12.1494246#map=18/62.7234433/12.1494246,coordinate_fallback,,,statliga_leder
12344893,Z 86,Gröndalen - Hyddsjön,0.638970625302916,"{""OBJECTID"": 12344893, ""STATLIGLED"": ""Z 86"", ""STATLIGLEDNAMN"": ""Gröndalen - Hyddsjön"", ""SHAPE.LEN"": 0.638970625302916}",12.155510941455223,62.705711016828474,LineString,0.638970625096721,0.0,https://www.openstreetmap.org/?mlat=62.7057110&mlon=12.1555109#map=18/62.7057110/12.1555109,coordinate_fallback,,,statliga_leder
12344758,Z 86,Gröndalen - Hyddsjön,25.6679543500253,"{""OBJECTID"": 12344758, ""STATLIGLED"": ""Z 86"", ""STATLIGLEDNAMN"": ""Gröndalen - Hyddsjön"", ""SHAPE.LEN"": 25.6679543500253}",12.14801023091367,62.706591445036224,LineString,25.667954351264367,0.0,https://www.openstreetmap.org/?mlat=62.7065914&mlon=12.1480102#map=18/62.7065914/12.1480102,coordinate_fallback,,,statliga_leder
12344757,Z 86,Gröndalen - Hyddsjön,203.578161804674,"{""OBJECTID"": 12344757, ""STATLIGLED"": ""Z 86"", ""STATLIGLEDNAMN"": ""Gröndalen - Hyddsjön"", ""SHAPE.LEN"": 203.578161804674}",12.153477425128509,62.742636282716234,LineString,203.5781618034521,0.0,https://www.openstreetmap.org/?mlat=62.7426363&mlon=12.1534774#map=18/62.7426363/12.1534774,coordinate_fallback,,,statliga_leder
12344756,Z 86,Gröndalen - Hyddsjön,29.4856838599684,"{""OBJECTID"": 12344756, ""STATLIGLED"": ""Z 86"", ""STATLIGLEDNAMN"": ""Gröndalen - Hyddsjön"", ""SHAPE.LEN"": 29.4856838599684}",12.151648851177972,62.74082621276502,LineString,29.485683858784494,0.0,https://www.openstreetmap.org/?mlat=62.7408262&mlon=12.1516489#map=18/62.7408262/12.1516489,coordinate_fallback,,,statliga_leder
12344755,Z 86,Gröndalen - Hyddsjön,384.085513508711,"{""OBJECTID"": 12344755, ""STATLIGLED"": ""Z 86"", ""STATLIGLEDNAMN"": ""Gröndalen - Hyddsjön"", ""SHAPE.LEN"": 384.085513508711}",12.151879428753642,62.70613882395972,LineString,384.08551350832505,0.0,https://www.openstreetmap.org/?mlat=62.7061388&mlon=12.1518794#map=18/62.7061388/12.1518794,coordinate_fallback,,,statliga_leder
12344754,Z 86,Gröndalen - Hyddsjön,103.292393707605,"{""OBJECTID"": 12344754, ""STATLIGLED"": ""Z 86"", ""STATLIGLEDNAMN"": ""Gröndalen - Hyddsjön"", ""SHAPE.LEN"": 103.292393707605}",12.145128819882258,62.75986443322024,LineString,103.29239370780233,0.0,https://www.openstreetmap.org/?mlat=62.7598644&mlon=12.1451288#map=18/62.7598644/12.1451288,coordinate_fallback,,,statliga_leder
12344761,Z 86,Gröndalen - Hyddsjön,105.51696289426,"{""OBJECTID"": 12344761, ""STATLIGLED"": ""Z 86"", ""STATLIGLEDNAMN"": ""Gröndalen - Hyddsjön"", ""SHAPE.LEN"": 105.51696289426}",12.152152454938662,62.74139315074196,LineString,105.51696289504046,0.0,https://www.openstreetmap.org/?mlat=62.7413932&mlon=12.1521525#map=18/62.7413932/12.1521525,coordinate_fallback,,,statliga_leder
12344760,Z 86,Gröndalen - Hyddsjön,71.3687449914176,"{""OBJECTID"": 12344760, ""STATLIGLED"": ""Z 86"", ""STATLIGLEDNAMN"": ""Gröndalen - Hyddsjön"", ""SHAPE.LEN"": 71.3687449914176}",12.155761591873514,62.70540914156426,LineString,71.36874499143616,0.0,https://www.openstreetmap.org/?mlat=62.7054091&mlon=12.1557616#map=18/62.7054091/12.1557616,coordinate_fallback,,,statliga_leder
12344759,Z 86,Gröndalen - Hyddsjön,1021.23393853499,"{""OBJECTID"": 12344759, ""STATLIGLED"": ""Z 86"", ""STATLIGLEDNAMN"": ""Gröndalen - Hyddsjön"", ""SHAPE.LEN"": 1021.23393853499}",12.162089657824751,62.70166995254445,LineString,1021.233938536354,0.0,https://www.openstreetmap.org/?mlat=62.7016700&mlon=12.1620897#map=18/62.7016700/12.1620897,coordinate_fallback,,,statliga_leder
12344753,Z 86,Gröndalen - Hyddsjön,172.168905457415,"{""OBJECTID"": 12344753, ""STATLIGLED"": ""Z 86"", ""STATLIGLEDNAMN"": ""Gröndalen - Hyddsjön"", ""SHAPE.LEN"": 172.168905457415}",12.143528278619423,62.76088212094122,LineString,172.16890545663426,0.0,https://www.openstreetmap.org/?mlat=62.7608821&mlon=12.1435283#map=18/62.7608821/12.1435283,coordinate_fallback,,,statliga_leder
12344752,Z 86,Gröndalen - Hyddsjön,234.000569579132,"{""OBJECTID"": 12344752, ""STATLIGLED"": ""Z 86"", ""STATLIGLEDNAMN"": ""Gröndalen - Hyddsjön"", ""SHAPE.LEN"": 234.000569579132}",12.14585474967651,62.707044412872065,LineString,234.00056957667306,0.0,https://www.openstreetmap.org/?mlat=62.7070444&mlon=12.1458547#map=18/62.7070444/12.1458547,coordinate_fallback,,,statliga_leder
12344705,Z 86,Gröndalen - Hyddsjön,2003.1165224879,"{""OBJECTID"": 12344705, ""STATLIGLED"": ""Z 86"", ""STATLIGLEDNAMN"": ""Gröndalen - Hyddsjön"", ""SHAPE.LEN"": 2003.1165224879}",12.153360443606942,62.75191510371741,LineString,2003.1165224881288,0.0,https://www.openstreetmap.org/?mlat=62.7519151&mlon=12.1533604#map=18/62.7519151/12.1533604,coordinate_fallback,,,statliga_leder
12349028,W 10,Norra Sälenringen,2032.79061703157,"{""OBJECTID"": 12349028, ""STATLIGLED"": ""W 10"", ""STATLIGLEDNAMN"": ""Norra Sälenringen"", ""SHAPE.LEN"": 2032.79061703157}",13.126030268346767,61.165360874594356,LineString,2032.790617030723,0.0,https://www.openstreetmap.org/?mlat=61.1653609&mlon=13.1260303#map=18/61.1653609/13.1260303,coordinate_fallback,,,statliga_leder
12354686,W 10,Norra Sälenringen,3213.12554674391,"{""OBJECTID"": 12354686, ""STATLIGLED"": ""W 10"", ""STATLIGLEDNAMN"": ""Norra Sälenringen"", ""SHAPE.LEN"": 3213.12554674391}",12.900826116946313,61.18863547832923,LineString,3213.125546741368,0.0,https://www.openstreetmap.org/?mlat=61.1886355&mlon=12.9008261#map=18/61.1886355/12.9008261,coordinate_fallback,,,statliga_leder
12354685,W 10,Norra Sälenringen,7859.25219029141,"{""OBJECTID"": 12354685, ""STATLIGLED"": ""W 10"", ""STATLIGLEDNAMN"": ""Norra Sälenringen"", ""SHAPE.LEN"": 7859.25219029141}",13.046735389932168,61.22824085407621,LineString,7859.252190299114,0.0,https://www.openstreetmap.org/?mlat=61.2282409&mlon=13.0467354#map=18/61.2282409/13.0467354,coordinate_fallback,,,statliga_leder
12355289,W 10,Norra Sälenringen,5107.68025535653,"{""OBJECTID"": 12355289, ""STATLIGLED"": ""W 10"", ""STATLIGLEDNAMN"": ""Norra Sälenringen"", ""SHAPE.LEN"": 5107.68025535653}",12.927880800702724,61.21695622063818,LineString,5107.680255359659,0.0,https://www.openstreetmap.org/?mlat=61.2169562&mlon=12.9278808#map=18/61.2169562/12.9278808,coordinate_fallback,,,statliga_leder
12355208,W 10,Norra Sälenringen,3373.8191626993,"{""OBJECTID"": 12355208, ""STATLIGLED"": ""W 10"", ""STATLIGLEDNAMN"": ""Norra Sälenringen"", ""SHAPE.LEN"": 3373.8191626993}",12.975279358876515,61.23152603646533,LineString,3373.8191627010074,0.0,https://www.openstreetmap.org/?mlat=61.2315260&mlon=12.9752794#map=18/61.2315260/12.9752794,coordinate_fallback,,,statliga_leder
12350654,W 10,Norra Sälenringen,6760.6595252246,"{""OBJECTID"": 12350654, ""STATLIGLED"": ""W 10"", ""STATLIGLEDNAMN"": ""Norra Sälenringen"", ""SHAPE.LEN"": 6760.6595252246}",13.112840653557347,61.19707286002825,LineString,6760.6595252231255,0.0,https://www.openstreetmap.org/?mlat=61.1970729&mlon=13.1128407#map=18/61.1970729/13.1128407,coordinate_fallback,,,statliga_leder
12352688,Z 80,Helagsstugorna - Ljungdalen samt Torkilstöten - Helagsleden (80),9052.86723560947,"{""OBJECTID"": 12352688, ""STATLIGLED"": ""Z 80"", ""STATLIGLEDNAMN"": ""Helagsstugorna - Ljungdalen samt Torkilstöten - Helagsleden (80)"", ""SHAPE.LEN"": 9052.86723560947}",12.643994353082554,62.89342682609823,LineString,9052.867235614549,0.0,https://www.openstreetmap.org/?mlat=62.8934268&mlon=12.6439944#map=18/62.8934268/12.6439944,coordinate_fallback,,,statliga_leder
12350577,Z 80,Helagsstugorna - Ljungdalen samt Torkilstöten - Helagsleden (80),4394.68471153729,"{""OBJECTID"": 12350577, ""STATLIGLED"": ""Z 80"", ""STATLIGLEDNAMN"": ""Helagsstugorna - Ljungdalen samt Torkilstöten - Helagsleden (80)"", ""SHAPE.LEN"": 4394.68471153729}",12.679221367327726,62.88867426653659,LineString,4394.684711543384,0.0,https://www.openstreetmap.org/?mlat=62.8886743&mlon=12.6792214#map=18/62.8886743/12.6792214,coordinate_fallback,,,statliga_leder
12352725,Z 69,Skoterleder Västerfjällets kortfiskevatten,269.406923195056,"{""OBJECTID"": 12352725, ""STATLIGLED"": ""Z 69"", ""STATLIGLEDNAMN"": ""Skoterleder Västerfjällets kortfiskevatten"", ""SHAPE.LEN"": 269.406923195056}",13.649538220859851,63.11694994706228,LineString,269.40692319531684,0.0,https://www.openstreetmap.org/?mlat=63.1169499&mlon=13.6495382#map=18/63.1169499/13.6495382,coordinate_fallback,,,statliga_leder
12352724,Z 69,Skoterleder Västerfjällets kortfiskevatten,323.435245216923,"{""OBJECTID"": 12352724, ""STATLIGLED"": ""Z 69"", ""STATLIGLEDNAMN"": ""Skoterleder Västerfjällets kortfiskevatten"", ""SHAPE.LEN"": 323.435245216923}",13.666270108542397,63.1046023160872,LineString,323.4352452160492,0.0,https://www.openstreetmap.org/?mlat=63.1046023&mlon=13.6662701#map=18/63.1046023/13.6662701,coordinate_fallback,,,statliga_leder
12352723,Z 69,Skoterleder Västerfjällets kortfiskevatten,196.676864913562,"{""OBJECTID"": 12352723, ""STATLIGLED"": ""Z 69"", ""STATLIGLEDNAMN"": ""Skoterleder Västerfjällets kortfiskevatten"", ""SHAPE.LEN"": 196.676864913562}",13.72634458447071,63.10571052622833,LineString,196.67686491783036,0.0,https://www.openstreetmap.org/?mlat=63.1057105&mlon=13.7263446#map=18/63.1057105/13.7263446,coordinate_fallback,,,statliga_leder
12352722,Z 69,Skoterleder Västerfjällets kortfiskevatten,64.9665148631201,"{""OBJECTID"": 12352722, ""STATLIGLED"": ""Z 69"", ""STATLIGLEDNAMN"": ""Skoterleder Västerfjällets kortfiskevatten"", ""SHAPE.LEN"": 64.9665148631201}",13.704152258926932,63.10911742639004,LineString,64.96651486335982,0.0,https://www.openstreetmap.org/?mlat=63.1091174&mlon=13.7041523#map=18/63.1091174/13.7041523,coordinate_fallback,,,statliga_leder
12352721,Z 69,Skoterleder Västerfjällets kortfiskevatten,58.4061112577271,"{""OBJECTID"": 12352721, ""STATLIGLED"": ""Z 69"", ""STATLIGLEDNAMN"": ""Skoterleder Västerfjällets kortfiskevatten"", ""SHAPE.LEN"": 58.4061112577271}",13.664886238192487,63.106270153170755,LineString,58.40611125815971,0.0,https://www.openstreetmap.org/?mlat=63.1062702&mlon=13.6648862#map=18/63.1062702/13.6648862,coordinate_fallback,,,statliga_leder
12352720,Z 69,Skoterleder Västerfjällets kortfiskevatten,199.801326797131,"{""OBJECTID"": 12352720, ""STATLIGLED"": ""Z 69"", ""STATLIGLEDNAMN"": ""Skoterleder Västerfjällets kortfiskevatten"", ""SHAPE.LEN"": 199.801326797131}",13.673516428558692,63.110611768961874,LineString,199.80132679834844,0.0,https://www.openstreetmap.org/?mlat=63.1106118&mlon=13.6735164#map=18/63.1106118/13.6735164,coordinate_fallback,,,statliga_leder
12352719,Z 69,Skoterleder Västerfjällets kortfiskevatten,47.8408406512028,"{""OBJECTID"": 12352719, ""STATLIGLED"": ""Z 69"", ""STATLIGLEDNAMN"": ""Skoterleder Västerfjällets kortfiskevatten"", ""SHAPE.LEN"": 47.8408406512028}",13.669759974989198,63.111278541357684,LineString,47.84084065274162,0.0,https://www.openstreetmap.org/?mlat=63.1112785&mlon=13.6697600#map=18/63.1112785/13.6697600,coordinate_fallback,,,statliga_leder
12352718,Z 69,Skoterleder Västerfjällets kortfiskevatten,96.0904686421083,"{""OBJECTID"": 12352718, ""STATLIGLED"": ""Z 69"", ""STATLIGLEDNAMN"": ""Skoterleder Västerfjällets kortfiskevatten"", ""SHAPE.LEN"": 96.0904686421083}",13.670851532297343,63.111048022894465,LineString,96.09046864016872,0.0,https://www.openstreetmap.org/?mlat=63.1110480&mlon=13.6708515#map=18/63.1110480/13.6708515,coordinate_fallback,,,statliga_leder
12352717,Z 69,Skoterleder Västerfjällets kortfiskevatten,231.064120278737,"{""OBJECTID"": 12352717, ""STATLIGLED"": ""Z 69"", ""STATLIGLEDNAMN"": ""Skoterleder Västerfjällets kortfiskevatten"", ""SHAPE.LEN"": 231.064120278737}",13.662667569564872,63.112839760127706,LineString,231.06412027942199,0.0,https://www.openstreetmap.org/?mlat=63.1128398&mlon=13.6626676#map=18/63.1128398/13.6626676,coordinate_fallback,,,statliga_leder
12352716,Z 69,Skoterleder Västerfjällets kortfiskevatten,942.322241046467,"{""OBJECTID"": 12352716, ""STATLIGLED"": ""Z 69"", ""STATLIGLEDNAMN"": ""Skoterleder Västerfjällets kortfiskevatten"", ""SHAPE.LEN"": 942.322241046467}",13.638915543796223,63.114445588756126,LineString,942.322241044578,0.0,https://www.openstreetmap.org/?mlat=63.1144456&mlon=13.6389155#map=18/63.1144456/13.6389155,coordinate_fallback,,,statliga_leder
12352715,Z 69,Skoterleder Västerfjällets kortfiskevatten,60.3393997170174,"{""OBJECTID"": 12352715, ""STATLIGLED"": ""Z 69"", ""STATLIGLEDNAMN"": ""Skoterleder Västerfjällets kortfiskevatten"", ""SHAPE.LEN"": 60.3393997170174}",13.724402636094268,63.10630865797661,LineString,60.33939971746954,0.0,https://www.openstreetmap.org/?mlat=63.1063087&mlon=13.7244026#map=18/63.1063087/13.7244026,coordinate_fallback,,,statliga_leder
12352714,Z 69,Skoterleder Västerfjällets kortfiskevatten,476.520745946224,"{""OBJECTID"": 12352714, ""STATLIGLED"": ""Z 69"", ""STATLIGLEDNAMN"": ""Skoterleder Västerfjällets kortfiskevatten"", ""SHAPE.LEN"": 476.520745946224}",13.655315357411702,63.118793831006634,LineString,476.5207459469366,0.0,https://www.openstreetmap.org/?mlat=63.1187938&mlon=13.6553154#map=18/63.1187938/13.6553154,coordinate_fallback,,,statliga_leder
12352713,Z 69,Skoterleder Västerfjällets kortfiskevatten,131.122883345511,"{""OBJECTID"": 12352713, ""STATLIGLED"": ""Z 69"", ""STATLIGLEDNAMN"": ""Skoterleder Västerfjällets kortfiskevatten"", ""SHAPE.LEN"": 131.122883345511}",13.662027410184631,63.12137817853492,LineString,131.12288334620337,0.0,https://www.openstreetmap.org/?mlat=63.1213782&mlon=13.6620274#map=18/63.1213782/13.6620274,coordinate_fallback,,,statliga_leder
12352712,Z 69,Skoterleder Västerfjällets kortfiskevatten,14.4238060597749,"{""OBJECTID"": 12352712, ""STATLIGLED"": ""Z 69"", ""STATLIGLEDNAMN"": ""Skoterleder Västerfjällets kortfiskevatten"", ""SHAPE.LEN"": 14.4238060597749}",13.71741268550136,63.109071780170396,LineString,14.423806058776067,0.0,https://www.openstreetmap.org/?mlat=63.1090718&mlon=13.7174127#map=18/63.1090718/13.7174127,coordinate_fallback,,,statliga_leder
12352711,Z 69,Skoterleder Västerfjällets kortfiskevatten,110.860582330285,"{""OBJECTID"": 12352711, ""STATLIGLED"": ""Z 69"", ""STATLIGLEDNAMN"": ""Skoterleder Västerfjällets kortfiskevatten"", ""SHAPE.LEN"": 110.860582330285}",13.668256986639781,63.11149104696897,LineString,110.86058233030477,0.0,https://www.openstreetmap.org/?mlat=63.1114910&mlon=13.6682570#map=18/63.1114910/13.6682570,coordinate_fallback,,,statliga_leder
12352710,Z 69,Skoterleder Västerfjällets kortfiskevatten,1318.82296712402,"{""OBJECTID"": 12352710, ""STATLIGLED"": ""Z 69"", ""STATLIGLEDNAMN"": ""Skoterleder Västerfjällets kortfiskevatten"", ""SHAPE.LEN"": 1318.82296712402}",13.613176051528784,63.13323024988079,LineString,1318.82296712326,0.0,https://www.openstreetmap.org/?mlat=63.1332302&mlon=13.6131761#map=18/63.1332302/13.6131761,coordinate_fallback,,,statliga_leder
12352709,Z 69,Skoterleder Västerfjällets kortfiskevatten,415.213264256916,"{""OBJECTID"": 12352709, ""STATLIGLED"": ""Z 69"", ""STATLIGLEDNAMN"": ""Skoterleder Västerfjällets kortfiskevatten"", ""SHAPE.LEN"": 415.213264256916}",13.67127586736982,63.1029205289307,LineString,415.2132642573696,0.0,https://www.openstreetmap.org/?mlat=63.1029205&mlon=13.6712759#map=18/63.1029205/13.6712759,coordinate_fallback,,,statliga_leder
12352708,Z 69,Skoterleder Västerfjällets kortfiskevatten,0.0538814439301695,"{""OBJECTID"": 12352708, ""STATLIGLED"": ""Z 69"", ""STATLIGLEDNAMN"": ""Skoterleder Västerfjällets kortfiskevatten"", ""SHAPE.LEN"": 0.0538814439301695}",13.667191809193593,63.1116129242274,LineString,0.053881442290632145,0.0,https://www.openstreetmap.org/?mlat=63.1116129&mlon=13.6671918#map=18/63.1116129/13.6671918,coordinate_fallback,,,statliga_leder
12352707,Z 69,Skoterleder Västerfjällets kortfiskevatten,58.7031161074947,"{""OBJECTID"": 12352707, ""STATLIGLED"": ""Z 69"", ""STATLIGLEDNAMN"": ""Skoterleder Västerfjällets kortfiskevatten"", ""SHAPE.LEN"": 58.7031161074947}",13.674681752623236,63.10372017201082,LineString,58.70311610755922,0.0,https://www.openstreetmap.org/?mlat=63.1037202&mlon=13.6746818#map=18/63.1037202/13.6746818,coordinate_fallback,,,statliga_leder
12352706,Z 69,Skoterleder Västerfjällets kortfiskevatten,250.457451889823,"{""OBJECTID"": 12352706, ""STATLIGLED"": ""Z 69"", ""STATLIGLEDNAMN"": ""Skoterleder Västerfjällets kortfiskevatten"", ""SHAPE.LEN"": 250.457451889823}",13.65990438187732,63.12136766123933,LineString,250.45745188810588,0.0,https://www.openstreetmap.org/?mlat=63.1213677&mlon=13.6599044#map=18/63.1213677/13.6599044,coordinate_fallback,,,statliga_leder
12352705,Z 69,Skoterleder Västerfjällets kortfiskevatten,492.015013785288,"{""OBJECTID"": 12352705, ""STATLIGLED"": ""Z 69"", ""STATLIGLEDNAMN"": ""Skoterleder Västerfjällets kortfiskevatten"", ""SHAPE.LEN"": 492.015013785288}",13.730045411326408,63.103155768567035,LineString,492.0150137831242,0.0,https://www.openstreetmap.org/?mlat=63.1031558&mlon=13.7300454#map=18/63.1031558/13.7300454,coordinate_fallback,,,statliga_leder
12352704,Z 69,Skoterleder Västerfjällets kortfiskevatten,187.23833599306,"{""OBJECTID"": 12352704, ""STATLIGLED"": ""Z 69"", ""STATLIGLEDNAMN"": ""Skoterleder Västerfjällets kortfiskevatten"", ""SHAPE.LEN"": 187.23833599306}",13.665392910707872,63.11181808807092,LineString,187.23833599329475,0.0,https://www.openstreetmap.org/?mlat=63.1118181&mlon=13.6653929#map=18/63.1118181/13.6653929,coordinate_fallback,,,statliga_leder
12352703,Z 69,Skoterleder Västerfjällets kortfiskevatten,524.663980120832,"{""OBJECTID"": 12352703, ""STATLIGLED"": ""Z 69"", ""STATLIGLEDNAMN"": ""Skoterleder Västerfjällets kortfiskevatten"", ""SHAPE.LEN"": 524.663980120832}",13.720470666179656,63.10771222254658,LineString,524.66398012213,0.0,https://www.openstreetmap.org/?mlat=63.1077122&mlon=13.7204707#map=18/63.1077122/13.7204707,coordinate_fallback,,,statliga_leder
12352655,Z 69,Skoterleder Västerfjällets kortfiskevatten,303.652182144369,"{""OBJECTID"": 12352655, ""STATLIGLED"": ""Z 69"", ""STATLIGLEDNAMN"": ""Skoterleder Västerfjällets kortfiskevatten"", ""SHAPE.LEN"": 303.652182144369}",13.696285988571809,63.10844872279026,LineString,303.6521821423812,0.0,https://www.openstreetmap.org/?mlat=63.1084487&mlon=13.6962860#map=18/63.1084487/13.6962860,coordinate_fallback,,,statliga_leder
12352905,Z 69,Skoterleder Västerfjällets kortfiskevatten,961.032648464499,"{""OBJECTID"": 12352905, ""STATLIGLED"": ""Z 69"", ""STATLIGLEDNAMN"": ""Skoterleder Västerfjällets kortfiskevatten"", ""SHAPE.LEN"": 961.032648464499}",13.626864928313882,63.11944675236937,LineString,961.0326484659968,0.0,https://www.openstreetmap.org/?mlat=63.1194468&mlon=13.6268649#map=18/63.1194468/13.6268649,coordinate_fallback,,,statliga_leder
12352904,Z 69,Skoterleder Västerfjällets kortfiskevatten,5.28454200191464,"{""OBJECTID"": 12352904, ""STATLIGLED"": ""Z 69"", ""STATLIGLEDNAMN"": ""Skoterleder Västerfjällets kortfiskevatten"", ""SHAPE.LEN"": 5.28454200191464}",13.70480935297886,63.10922137607183,LineString,5.284542002238408,0.0,https://www.openstreetmap.org/?mlat=63.1092214&mlon=13.7048094#map=18/63.1092214/13.7048094,coordinate_fallback,,,statliga_leder
12352903,Z 69,Skoterleder Västerfjällets kortfiskevatten,398.838965674918,"{""OBJECTID"": 12352903, ""STATLIGLED"": ""Z 69"", ""STATLIGLEDNAMN"": ""Skoterleder Västerfjällets kortfiskevatten"", ""SHAPE.LEN"": 398.838965674918}",13.708625375128559,63.10931175497213,LineString,398.83896567485135,0.0,https://www.openstreetmap.org/?mlat=63.1093118&mlon=13.7086254#map=18/63.1093118/13.7086254,coordinate_fallback,,,statliga_leder
12352902,Z 69,Skoterleder Västerfjällets kortfiskevatten,249.886097382988,"{""OBJECTID"": 12352902, ""STATLIGLED"": ""Z 69"", ""STATLIGLEDNAMN"": ""Skoterleder Västerfjällets kortfiskevatten"", ""SHAPE.LEN"": 249.886097382988}",13.66252137289466,63.1063027215079,LineString,249.8860973825194,0.0,https://www.openstreetmap.org/?mlat=63.1063027&mlon=13.6625214#map=18/63.1063027/13.6625214,coordinate_fallback,,,statliga_leder
12352892,Z 69,Skoterleder Västerfjällets kortfiskevatten,151.983265200214,"{""OBJECTID"": 12352892, ""STATLIGLED"": ""Z 69"", ""STATLIGLEDNAMN"": ""Skoterleder Västerfjällets kortfiskevatten"", ""SHAPE.LEN"": 151.983265200214}",13.622097691871552,63.12376363474493,LineString,151.98326519986728,0.0,https://www.openstreetmap.org/?mlat=63.1237636&mlon=13.6220977#map=18/63.1237636/13.6220977,coordinate_fallback,,,statliga_leder
12352901,Z 69,Skoterleder Västerfjällets kortfiskevatten,950.350703794531,"{""OBJECTID"": 12352901, ""STATLIGLED"": ""Z 69"", ""STATLIGLEDNAMN"": ""Skoterleder Västerfjällets kortfiskevatten"", ""SHAPE.LEN"": 950.350703794531}",13.684523445895344,63.10965238317506,LineString,950.3507037952814,0.0,https://www.openstreetmap.org/?mlat=63.1096524&mlon=13.6845234#map=18/63.1096524/13.6845234,coordinate_fallback,,,statliga_leder
12352900,Z 69,Skoterleder Västerfjällets kortfiskevatten,770.615864800151,"{""OBJECTID"": 12352900, ""STATLIGLED"": ""Z 69"", ""STATLIGLEDNAMN"": ""Skoterleder Västerfjällets kortfiskevatten"", ""SHAPE.LEN"": 770.615864800151}",13.678837019557408,63.10672042972264,LineString,770.6158647990628,0.0,https://www.openstreetmap.org/?mlat=63.1067204&mlon=13.6788370#map=18/63.1067204/13.6788370,coordinate_fallback,,,statliga_leder
12352899,Z 69,Skoterleder Västerfjällets kortfiskevatten,256.676262377139,"{""OBJECTID"": 12352899, ""STATLIGLED"": ""Z 69"", ""STATLIGLEDNAMN"": ""Skoterleder Västerfjällets kortfiskevatten"", ""SHAPE.LEN"": 256.676262377139}",13.661255247162632,63.117470693365426,LineString,256.6762623775904,0.0,https://www.openstreetmap.org/?mlat=63.1174707&mlon=13.6612552#map=18/63.1174707/13.6612552,coordinate_fallback,,,statliga_leder
12352898,Z 69,Skoterleder Västerfjällets kortfiskevatten,108.262101999118,"{""OBJECTID"": 12352898, ""STATLIGLED"": ""Z 69"", ""STATLIGLEDNAMN"": ""Skoterleder Västerfjällets kortfiskevatten"", ""SHAPE.LEN"": 108.262101999118}",13.66117534652396,63.11582904833953,LineString,108.26210200103854,0.0,https://www.openstreetmap.org/?mlat=63.1158290&mlon=13.6611753#map=18/63.1158290/13.6611753,coordinate_fallback,,,statliga_leder
12352897,Z 69,Skoterleder Västerfjällets kortfiskevatten,3160.72373046438,"{""OBJECTID"": 12352897, ""STATLIGLED"": ""Z 69"", ""STATLIGLEDNAMN"": ""Skoterleder Västerfjällets kortfiskevatten"", ""SHAPE.LEN"": 3160.72373046438}",13.738890844988795,63.0886454942398,LineString,3160.723730466503,0.0,https://www.openstreetmap.org/?mlat=63.0886455&mlon=13.7388908#map=18/63.0886455/13.7388908,coordinate_fallback,,,statliga_leder
12352896,Z 69,Skoterleder Västerfjällets kortfiskevatten,81.3951422312782,"{""OBJECTID"": 12352896, ""STATLIGLED"": ""Z 69"", ""STATLIGLEDNAMN"": ""Skoterleder Västerfjällets kortfiskevatten"", ""SHAPE.LEN"": 81.3951422312782}",13.661610584733184,63.12207247394781,LineString,81.39514222873734,0.0,https://www.openstreetmap.org/?mlat=63.1220725&mlon=13.6616106#map=18/63.1220725/13.6616106,coordinate_fallback,,,statliga_leder
12352895,Z 69,Skoterleder Västerfjällets kortfiskevatten,271.482637299322,"{""OBJECTID"": 12352895, ""STATLIGLED"": ""Z 69"", ""STATLIGLEDNAMN"": ""Skoterleder Västerfjällets kortfiskevatten"", ""SHAPE.LEN"": 271.482637299322}",13.71485578131138,63.10874919096363,LineString,271.4826373004649,0.0,https://www.openstreetmap.org/?mlat=63.1087492&mlon=13.7148558#map=18/63.1087492/13.7148558,coordinate_fallback,,,statliga_leder
12352894,Z 69,Skoterleder Västerfjällets kortfiskevatten,232.726016473019,"{""OBJECTID"": 12352894, ""STATLIGLED"": ""Z 69"", ""STATLIGLEDNAMN"": ""Skoterleder Västerfjällets kortfiskevatten"", ""SHAPE.LEN"": 232.726016473019}",13.701032744122998,63.10862907506923,LineString,232.726016473286,0.0,https://www.openstreetmap.org/?mlat=63.1086291&mlon=13.7010327#map=18/63.1086291/13.7010327,coordinate_fallback,,,statliga_leder
12352893,Z 69,Skoterleder Västerfjällets kortfiskevatten,17.7242410387582,"{""OBJECTID"": 12352893, ""STATLIGLED"": ""Z 69"", ""STATLIGLEDNAMN"": ""Skoterleder Västerfjällets kortfiskevatten"", ""SHAPE.LEN"": 17.7242410387582}",13.703378811651602,63.108995068892376,LineString,17.724241037485207,0.0,https://www.openstreetmap.org/?mlat=63.1089951&mlon=13.7033788#map=18/63.1089951/13.7033788,coordinate_fallback,,,statliga_leder
12352891,Z 69,Skoterleder Västerfjällets kortfiskevatten,199.612993103193,"{""OBJECTID"": 12352891, ""STATLIGLED"": ""Z 69"", ""STATLIGLEDNAMN"": ""Skoterleder Västerfjällets kortfiskevatten"", ""SHAPE.LEN"": 199.612993103193}",13.667288202781624,63.11071880967196,LineString,199.61299310440583,0.0,https://www.openstreetmap.org/?mlat=63.1107188&mlon=13.6672882#map=18/63.1107188/13.6672882,coordinate_fallback,,,statliga_leder
12352890,Z 69,Skoterleder Västerfjällets kortfiskevatten,71.1602477317919,"{""OBJECTID"": 12352890, ""STATLIGLED"": ""Z 69"", ""STATLIGLEDNAMN"": ""Skoterleder Västerfjällets kortfiskevatten"", ""SHAPE.LEN"": 71.1602477317919}",13.665016868887271,63.106848540807455,LineString,71.16024773181748,0.0,https://www.openstreetmap.org/?mlat=63.1068485&mlon=13.6650169#map=18/63.1068485/13.6650169,coordinate_fallback,,,statliga_leder
12352889,Z 69,Skoterleder Västerfjällets kortfiskevatten,342.016505081046,"{""OBJECTID"": 12352889, ""STATLIGLED"": ""Z 69"", ""STATLIGLEDNAMN"": ""Skoterleder Västerfjällets kortfiskevatten"", ""SHAPE.LEN"": 342.016505081046}",13.666568346907711,63.108209494107804,LineString,342.0165050798769,0.0,https://www.openstreetmap.org/?mlat=63.1082095&mlon=13.6665683#map=18/63.1082095/13.6665683,coordinate_fallback,,,statliga_leder
12352888,Z 69,Skoterleder Västerfjällets kortfiskevatten,0.545433818166787,"{""OBJECTID"": 12352888, ""STATLIGLED"": ""Z 69"", ""STATLIGLEDNAMN"": ""Skoterleder Västerfjällets kortfiskevatten"", ""SHAPE.LEN"": 0.545433818166787}",13.661933963326607,63.113882959200055,LineString,0.5454338181018503,0.0,https://www.openstreetmap.org/?mlat=63.1138830&mlon=13.6619340#map=18/63.1138830/13.6619340,coordinate_fallback,,,statliga_leder
12352887,Z 69,Skoterleder Västerfjällets kortfiskevatten,511.649190010441,"{""OBJECTID"": 12352887, ""STATLIGLED"": ""Z 69"", ""STATLIGLEDNAMN"": ""Skoterleder Västerfjällets kortfiskevatten"", ""SHAPE.LEN"": 511.649190010441}",13.620347001266271,63.12663947339612,LineString,511.6491900118555,0.0,https://www.openstreetmap.org/?mlat=63.1266395&mlon=13.6203470#map=18/63.1266395/13.6203470,coordinate_fallback,,,statliga_leder
12352886,Z 69,Skoterleder Västerfjällets kortfiskevatten,176.198209584222,"{""OBJECTID"": 12352886, ""STATLIGLED"": ""Z 69"", ""STATLIGLEDNAMN"": ""Skoterleder Västerfjällets kortfiskevatten"", ""SHAPE.LEN"": 176.198209584222}",13.658602825181106,63.105973887739836,LineString,176.19820958277603,0.0,https://www.openstreetmap.org/?mlat=63.1059739&mlon=13.6586028#map=18/63.1059739/13.6586028,coordinate_fallback,,,statliga_leder
12352843,Z 69,Skoterleder Västerfjällets kortfiskevatten,233.048760065807,"{""OBJECTID"": 12352843, ""STATLIGLED"": ""Z 69"", ""STATLIGLEDNAMN"": ""Skoterleder Västerfjällets kortfiskevatten"", ""SHAPE.LEN"": 233.048760065807}",13.661305543141431,63.11985319950249,LineString,233.0487600653408,0.0,https://www.openstreetmap.org/?mlat=63.1198532&mlon=13.6613055#map=18/63.1198532/13.6613055,coordinate_fallback,,,statliga_leder
12352842,Z 69,Skoterleder Västerfjällets kortfiskevatten,15.5989240093668,"{""OBJECTID"": 12352842, ""STATLIGLED"": ""Z 69"", ""STATLIGLEDNAMN"": ""Skoterleder Västerfjällets kortfiskevatten"", ""SHAPE.LEN"": 15.5989240093668}",13.661231201775646,63.118738472494556,LineString,15.598924010003206,0.0,https://www.openstreetmap.org/?mlat=63.1187385&mlon=13.6612312#map=18/63.1187385/13.6612312,coordinate_fallback,,,statliga_leder
12352313,Z 92,Ramundberget - Ösjöstugan - Svalåtjärn - Tänndalen,206.984747503674,"{""OBJECTID"": 12352313, ""STATLIGLED"": ""Z 92"", ""STATLIGLEDNAMN"": ""Ramundberget - Ösjöstugan - Svalåtjärn - Tänndalen"", ""SHAPE.LEN"": 206.984747503674}",12.327720709417957,62.617601247493916,LineString,206.98474750107732,0.0,https://www.openstreetmap.org/?mlat=62.6176012&mlon=12.3277207#map=18/62.6176012/12.3277207,coordinate_fallback,,,statliga_leder
12352312,Z 92,Ramundberget - Ösjöstugan - Svalåtjärn - Tänndalen,23.7003263947989,"{""OBJECTID"": 12352312, ""STATLIGLED"": ""Z 92"", ""STATLIGLEDNAMN"": ""Ramundberget - Ösjöstugan - Svalåtjärn - Tänndalen"", ""SHAPE.LEN"": 23.7003263947989}",12.334407457375711,62.64350722078257,LineString,23.700326393022582,0.0,https://www.openstreetmap.org/?mlat=62.6435072&mlon=12.3344075#map=18/62.6435072/12.3344075,coordinate_fallback,,,statliga_leder
12352311,Z 92,Ramundberget - Ösjöstugan - Svalåtjärn - Tänndalen,684.491203982601,"{""OBJECTID"": 12352311, ""STATLIGLED"": ""Z 92"", ""STATLIGLEDNAMN"": ""Ramundberget - Ösjöstugan - Svalåtjärn - Tänndalen"", ""SHAPE.LEN"": 684.491203982601}",12.33607920290426,62.64661619319283,LineString,684.4912039861248,0.0,https://www.openstreetmap.org/?mlat=62.6466162&mlon=12.3360792#map=18/62.6466162/12.3360792,coordinate_fallback,,,statliga_leder
12352310,Z 92,Ramundberget - Ösjöstugan - Svalåtjärn - Tänndalen,2659.36876895848,"{""OBJECTID"": 12352310, ""STATLIGLED"": ""Z 92"", ""STATLIGLEDNAMN"": ""Ramundberget - Ösjöstugan - Svalåtjärn - Tänndalen"", ""SHAPE.LEN"": 2659.36876895848}",12.334762296530476,62.55999389827256,LineString,2659.368768957489,0.0,https://www.openstreetmap.org/?mlat=62.5599939&mlon=12.3347623#map=18/62.5599939/12.3347623,coordinate_fallback,,,statliga_leder
12352309,Z 92,Ramundberget - Ösjöstugan - Svalåtjärn - Tänndalen,5101.72234133112,"{""OBJECTID"": 12352309, ""STATLIGLED"": ""Z 92"", ""STATLIGLEDNAMN"": ""Ramundberget - Ösjöstugan - Svalåtjärn - Tänndalen"", ""SHAPE.LEN"": 5101.72234133112}",12.328924849554394,62.5937040009493,LineString,5101.722341329542,0.0,https://www.openstreetmap.org/?mlat=62.5937040&mlon=12.3289248#map=18/62.5937040/12.3289248,coordinate_fallback,,,statliga_leder
12352308,Z 92,Ramundberget - Ösjöstugan - Svalåtjärn - Tänndalen,42.8166844008267,"{""OBJECTID"": 12352308, ""STATLIGLED"": ""Z 92"", ""STATLIGLEDNAMN"": ""Ramundberget - Ösjöstugan - Svalåtjärn - Tänndalen"", ""SHAPE.LEN"": 42.8166844008267}",12.329545694658592,62.571293693978475,LineString,42.816684401837016,0.0,https://www.openstreetmap.org/?mlat=62.5712937&mlon=12.3295457#map=18/62.5712937/12.3295457,coordinate_fallback,,,statliga_leder
12352307,Z 92,Ramundberget - Ösjöstugan - Svalåtjärn - Tänndalen,6803.26269121951,"{""OBJECTID"": 12352307, ""STATLIGLED"": ""Z 92"", ""STATLIGLEDNAMN"": ""Ramundberget - Ösjöstugan - Svalåtjärn - Tänndalen"", ""SHAPE.LEN"": 6803.26269121951}",12.347458767066502,62.67734229023747,LineString,6803.262691221005,0.0,https://www.openstreetmap.org/?mlat=62.6773423&mlon=12.3474588#map=18/62.6773423/12.3474588,coordinate_fallback,,,statliga_leder
12352306,Z 92,Ramundberget - Ösjöstugan - Svalåtjärn - Tänndalen,27.0312770168189,"{""OBJECTID"": 12352306, ""STATLIGLED"": ""Z 92"", ""STATLIGLEDNAMN"": ""Ramundberget - Ösjöstugan - Svalåtjärn - Tänndalen"", ""SHAPE.LEN"": 27.0312770168189}",12.33802370222534,62.6496345578974,LineString,27.031277014117695,0.0,https://www.openstreetmap.org/?mlat=62.6496346&mlon=12.3380237#map=18/62.6496346/12.3380237,coordinate_fallback,,,statliga_leder
12352305,Z 92,Ramundberget - Ösjöstugan - Svalåtjärn - Tänndalen,197.370463897462,"{""OBJECTID"": 12352305, ""STATLIGLED"": ""Z 92"", ""STATLIGLEDNAMN"": ""Ramundberget - Ösjöstugan - Svalåtjärn - Tänndalen"", ""SHAPE.LEN"": 197.370463897462}",12.32812092268079,62.619401377013794,LineString,197.37046389966366,0.0,https://www.openstreetmap.org/?mlat=62.6194014&mlon=12.3281209#map=18/62.6194014/12.3281209,coordinate_fallback,,,statliga_leder
12352346,Z 92,Ramundberget - Ösjöstugan - Svalåtjärn - Tänndalen,27.9724954219319,"{""OBJECTID"": 12352346, ""STATLIGLED"": ""Z 92"", ""STATLIGLEDNAMN"": ""Ramundberget - Ösjöstugan - Svalåtjärn - Tänndalen"", ""SHAPE.LEN"": 27.9724954219319}",12.327333835532023,62.616559048435775,LineString,27.97249542460261,0.0,https://www.openstreetmap.org/?mlat=62.6165590&mlon=12.3273338#map=18/62.6165590/12.3273338,coordinate_fallback,,,statliga_leder
12352345,Z 92,Ramundberget - Ösjöstugan - Svalåtjärn - Tänndalen,2616.99127493938,"{""OBJECTID"": 12352345, ""STATLIGLED"": ""Z 92"", ""STATLIGLEDNAMN"": ""Ramundberget - Ösjöstugan - Svalåtjärn - Tänndalen"", ""SHAPE.LEN"": 2616.99127493938}",12.331080957619896,62.63168506210823,LineString,2616.9912749380364,0.0,https://www.openstreetmap.org/?mlat=62.6316851&mlon=12.3310810#map=18/62.6316851/12.3310810,coordinate_fallback,,,statliga_leder
12344766,Z 94,Bruksvallarna - Fjällnäs,9728.89961247331,"{""OBJECTID"": 12344766, ""STATLIGLED"": ""Z 94"", ""STATLIGLEDNAMN"": ""Bruksvallarna - Fjällnäs"", ""SHAPE.LEN"": 9728.89961247331}",12.27954492767464,62.61312884028225,LineString,9728.899612469168,0.0,https://www.openstreetmap.org/?mlat=62.6131288&mlon=12.2795449#map=18/62.6131288/12.2795449,coordinate_fallback,,,statliga_leder
12346179,W 19,Morbäcksätern - Näsfjället (ny),17980.0809749516,"{""OBJECTID"": 12346179, ""STATLIGLED"": ""W 19"", ""STATLIGLEDNAMN"": ""Morbäcksätern - Näsfjället (ny)"", ""SHAPE.LEN"": 17980.0809749516}",12.936450072181605,61.41862828618295,LineString,17980.080974951576,0.0,https://www.openstreetmap.org/?mlat=61.4186283&mlon=12.9364501#map=18/61.4186283/12.9364501,coordinate_fallback,,,statliga_leder
12346547,W 11,Södra Sälenringen,11649.061162709,"{""OBJECTID"": 12346547, ""STATLIGLED"": ""W 11"", ""STATLIGLEDNAMN"": ""Södra Sälenringen"", ""SHAPE.LEN"": 11649.061162709}",13.182601611488327,61.1345579498082,LineString,11649.061162703936,0.0,https://www.openstreetmap.org/?mlat=61.1345579&mlon=13.1826016#map=18/61.1345579/13.1826016,coordinate_fallback,,,statliga_leder
12346582,W 11,Södra Sälenringen,14476.1826727991,"{""OBJECTID"": 12346582, ""STATLIGLED"": ""W 11"", ""STATLIGLEDNAMN"": ""Södra Sälenringen"", ""SHAPE.LEN"": 14476.1826727991}",12.982218372293303,61.14500567532637,LineString,14476.18267279505,0.0,https://www.openstreetmap.org/?mlat=61.1450057&mlon=12.9822184#map=18/61.1450057/12.9822184,coordinate_fallback,,,statliga_leder
12356001,W 11,Södra Sälenringen,180.343265568707,"{""OBJECTID"": 12356001, ""STATLIGLED"": ""W 11"", ""STATLIGLEDNAMN"": ""Södra Sälenringen"", ""SHAPE.LEN"": 180.343265568707}",13.058810833073824,61.133637900929926,LineString,180.34326556940619,0.0,https://www.openstreetmap.org/?mlat=61.1336379&mlon=13.0588108#map=18/61.1336379/13.0588108,coordinate_fallback,,,statliga_leder
12355524,W 11,Södra Sälenringen,10676.0118883609,"{""OBJECTID"": 12355524, ""STATLIGLED"": ""W 11"", ""STATLIGLEDNAMN"": ""Södra Sälenringen"", ""SHAPE.LEN"": 10676.0118883609}",13.140031906590703,61.106627904482835,LineString,10676.011888365338,0.0,https://www.openstreetmap.org/?mlat=61.1066279&mlon=13.1400319#map=18/61.1066279/13.1400319,coordinate_fallback,,,statliga_leder
12349095,W 3,Jakobshöjden (led 1) - Foskros,1924.37235131779,"{""OBJECTID"": 12349095, ""STATLIGLED"": ""W 3"", ""STATLIGLEDNAMN"": ""Jakobshöjden (led 1) - Foskros"", ""SHAPE.LEN"": 1924.37235131779}",12.42389945031452,62.04619477351334,LineString,1924.3723513199009,0.0,https://www.openstreetmap.org/?mlat=62.0461948&mlon=12.4238995#map=18/62.0461948/12.4238995,coordinate_fallback,,,statliga_leder
12348915,W 3,Jakobshöjden (led 1) - Foskros,526.092463437673,"{""OBJECTID"": 12348915, ""STATLIGLED"": ""W 3"", ""STATLIGLEDNAMN"": ""Jakobshöjden (led 1) - Foskros"", ""SHAPE.LEN"": 526.092463437673}",12.404109760873572,62.0486830429394,LineString,526.092463436508,0.0,https://www.openstreetmap.org/?mlat=62.0486830&mlon=12.4041098#map=18/62.0486830/12.4041098,coordinate_fallback,,,statliga_leder
12351105,W 3,Jakobshöjden (led 1) - Foskros,3887.75191787729,"{""OBJECTID"": 12351105, ""STATLIGLED"": ""W 3"", ""STATLIGLEDNAMN"": ""Jakobshöjden (led 1) - Foskros"", ""SHAPE.LEN"": 3887.75191787729}",12.37492734776027,62.093450940376634,LineString,3887.7519178780612,0.0,https://www.openstreetmap.org/?mlat=62.0934509&mlon=12.3749273#map=18/62.0934509/12.3749273,coordinate_fallback,,,statliga_leder
12351104,W 3,Jakobshöjden (led 1) - Foskros,1344.2686763988,"{""OBJECTID"": 12351104, ""STATLIGLED"": ""W 3"", ""STATLIGLEDNAMN"": ""Jakobshöjden (led 1) - Foskros"", ""SHAPE.LEN"": 1344.2686763988}",12.351985495192167,62.11246245404027,LineString,1344.2686763986603,0.0,https://www.openstreetmap.org/?mlat=62.1124625&mlon=12.3519855#map=18/62.1124625/12.3519855,coordinate_fallback,,,statliga_leder
12354416,W 3,Jakobshöjden (led 1) - Foskros,211.994282504408,"{""OBJECTID"": 12354416, ""STATLIGLED"": ""W 3"", ""STATLIGLEDNAMN"": ""Jakobshöjden (led 1) - Foskros"", ""SHAPE.LEN"": 211.994282504408}",12.409997271374545,62.05027092390956,LineString,211.994282504672,0.0,https://www.openstreetmap.org/?mlat=62.0502709&mlon=12.4099973#map=18/62.0502709/12.4099973,coordinate_fallback,,,statliga_leder
12354415,W 3,Jakobshöjden (led 1) - Foskros,3448.29646864757,"{""OBJECTID"": 12354415, ""STATLIGLED"": ""W 3"", ""STATLIGLEDNAMN"": ""Jakobshöjden (led 1) - Foskros"", ""SHAPE.LEN"": 3448.29646864757}",12.465859079763215,62.03306679401013,LineString,3448.2964686490072,0.0,https://www.openstreetmap.org/?mlat=62.0330668&mlon=12.4658591#map=18/62.0330668/12.4658591,coordinate_fallback,,,statliga_leder
12354414,W 3,Jakobshöjden (led 1) - Foskros,9676.08826208299,"{""OBJECTID"": 12354414, ""STATLIGLED"": ""W 3"", ""STATLIGLEDNAMN"": ""Jakobshöjden (led 1) - Foskros"", ""SHAPE.LEN"": 9676.08826208299}",12.576041021713452,62.016545546818655,LineString,9676.088262080775,0.0,https://www.openstreetmap.org/?mlat=62.0165455&mlon=12.5760410#map=18/62.0165455/12.5760410,coordinate_fallback,,,statliga_leder
12344498,W 3,Jakobshöjden (led 1) - Foskros,2101.03525253225,"{""OBJECTID"": 12344498, ""STATLIGLED"": ""W 3"", ""STATLIGLEDNAMN"": ""Jakobshöjden (led 1) - Foskros"", ""SHAPE.LEN"": 2101.03525253225}",12.409612055100373,62.072234433365246,LineString,2101.035252532437,0.0,https://www.openstreetmap.org/?mlat=62.0722344&mlon=12.4096121#map=18/62.0722344/12.4096121,coordinate_fallback,,,statliga_leder
12344646,W 3,Jakobshöjden (led 1) - Foskros,688.62633256187,"{""OBJECTID"": 12344646, ""STATLIGLED"": ""W 3"", ""STATLIGLEDNAMN"": ""Jakobshöjden (led 1) - Foskros"", ""SHAPE.LEN"": 688.62633256187}",12.421203879555364,62.06232244331241,LineString,688.6263325632546,0.0,https://www.openstreetmap.org/?mlat=62.0623224&mlon=12.4212039#map=18/62.0623224/12.4212039,coordinate_fallback,,,statliga_leder
12344645,W 3,Jakobshöjden (led 1) - Foskros,1055.40856575671,"{""OBJECTID"": 12344645, ""STATLIGLED"": ""W 3"", ""STATLIGLEDNAMN"": ""Jakobshöjden (led 1) - Foskros"", ""SHAPE.LEN"": 1055.40856575671}",12.41574549046635,62.05510024603139,LineString,1055.4085657580233,0.0,https://www.openstreetmap.org/?mlat=62.0551002&mlon=12.4157455#map=18/62.0551002/12.4157455,coordinate_fallback,,,statliga_leder
12354163,Z 50,Stensdalsstugorna - Gåsen,14458.681196712,"{""OBJECTID"": 12354163, ""STATLIGLED"": ""Z 50"", ""STATLIGLEDNAMN"": ""Stensdalsstugorna - Gåsen"", ""SHAPE.LEN"": 14458.681196712}",12.641080136915528,63.096768655596385,LineString,14458.681196710762,0.0,https://www.openstreetmap.org/?mlat=63.0967687&mlon=12.6410801#map=18/63.0967687/12.6410801,coordinate_fallback,,,statliga_leder
12352987,Z 51,Gamla Sylarna - Gåsån (led 42),314.793825713275,"{""OBJECTID"": 12352987, ""STATLIGLED"": ""Z 51"", ""STATLIGLEDNAMN"": ""Gamla Sylarna - Gåsån (led 42)"", ""SHAPE.LEN"": 314.793825713275}",12.321072524878213,63.06080940186254,LineString,314.7938257128907,0.0,https://www.openstreetmap.org/?mlat=63.0608094&mlon=12.3210725#map=18/63.0608094/12.3210725,coordinate_fallback,,,statliga_leder
12352986,Z 51,Gamla Sylarna - Gåsån (led 42),143.05289062616,"{""OBJECTID"": 12352986, ""STATLIGLED"": ""Z 51"", ""STATLIGLEDNAMN"": ""Gamla Sylarna - Gåsån (led 42)"", ""SHAPE.LEN"": 143.05289062616}",12.326540450002472,63.060591716282474,LineString,143.05289062560493,0.0,https://www.openstreetmap.org/?mlat=63.0605917&mlon=12.3265405#map=18/63.0605917/12.3265405,coordinate_fallback,,,statliga_leder
12354009,Z 51,Gamla Sylarna - Gåsån (led 42),49.0243678024212,"{""OBJECTID"": 12354009, ""STATLIGLED"": ""Z 51"", ""STATLIGLEDNAMN"": ""Gamla Sylarna - Gåsån (led 42)"", ""SHAPE.LEN"": 49.0243678024212}",12.416598252048892,63.069153874820124,LineString,49.02436780277161,0.0,https://www.openstreetmap.org/?mlat=63.0691539&mlon=12.4165983#map=18/63.0691539/12.4165983,coordinate_fallback,,,statliga_leder
12354008,Z 51,Gamla Sylarna - Gåsån (led 42),41.9850037287125,"{""OBJECTID"": 12354008, ""STATLIGLED"": ""Z 51"", ""STATLIGLEDNAMN"": ""Gamla Sylarna - Gåsån (led 42)"", ""SHAPE.LEN"": 41.9850037287125}",12.4631830227036,63.0591306839183,LineString,41.98500372784446,0.0,https://www.openstreetmap.org/?mlat=63.0591307&mlon=12.4631830#map=18/63.0591307/12.4631830,coordinate_fallback,,,statliga_leder
12353497,Z 51,Gamla Sylarna - Gåsån (led 42),4696.87435358404,"{""OBJECTID"": 12353497, ""STATLIGLED"": ""Z 51"", ""STATLIGLEDNAMN"": ""Gamla Sylarna - Gåsån (led 42)"", ""SHAPE.LEN"": 4696.87435358404}",12.371977655827807,63.06650736643306,LineString,4696.87435358301,0.0,https://www.openstreetmap.org/?mlat=63.0665074&mlon=12.3719777#map=18/63.0665074/12.3719777,coordinate_fallback,,,statliga_leder
12353496,Z 51,Gamla Sylarna - Gåsån (led 42),48.7537387868869,"{""OBJECTID"": 12353496, ""STATLIGLED"": ""Z 51"", ""STATLIGLEDNAMN"": ""Gamla Sylarna - Gåsån (led 42)"", ""SHAPE.LEN"": 48.7537387868869}",12.324645825957852,63.0606304883064,LineString,48.75373878756925,0.0,https://www.openstreetmap.org/?mlat=63.0606305&mlon=12.3246458#map=18/63.0606305/12.3246458,coordinate_fallback,,,statliga_leder
12353495,Z 51,Gamla Sylarna - Gåsån (led 42),83.251613554333,"{""OBJECTID"": 12353495, ""STATLIGLED"": ""Z 51"", ""STATLIGLEDNAMN"": ""Gamla Sylarna - Gåsån (led 42)"", ""SHAPE.LEN"": 83.251613554333}",12.464347672858958,63.058939573858055,LineString,83.2516135538187,0.0,https://www.openstreetmap.org/?mlat=63.0589396&mlon=12.4643477#map=18/63.0589396/12.4643477,coordinate_fallback,,,statliga_leder
12353494,Z 51,Gamla Sylarna - Gåsån (led 42),2074.20646030062,"{""OBJECTID"": 12353494, ""STATLIGLED"": ""Z 51"", ""STATLIGLEDNAMN"": ""Gamla Sylarna - Gåsån (led 42)"", ""SHAPE.LEN"": 2074.20646030062}",12.298089193541673,63.06121897946081,LineString,2074.2064603018766,0.0,https://www.openstreetmap.org/?mlat=63.0612190&mlon=12.2980892#map=18/63.0612190/12.2980892,coordinate_fallback,,,statliga_leder
12353493,Z 51,Gamla Sylarna - Gåsån (led 42),2580.44005360364,"{""OBJECTID"": 12353493, ""STATLIGLED"": ""Z 51"", ""STATLIGLEDNAMN"": ""Gamla Sylarna - Gåsån (led 42)"", ""SHAPE.LEN"": 2580.44005360364}",12.44000474681069,63.064562396338424,LineString,2580.4400536045105,0.0,https://www.openstreetmap.org/?mlat=63.0645624&mlon=12.4400047#map=18/63.0645624/12.4400047,coordinate_fallback,,,statliga_leder
12352488,Z 64,Vallbo - Lunndörrsstugorna (justerad),157.087582195471,"{""OBJECTID"": 12352488, ""STATLIGLED"": ""Z 64"", ""STATLIGLEDNAMN"": ""Vallbo - Lunndörrsstugorna (justerad)"", ""SHAPE.LEN"": 157.087582195471}",13.067522481837658,63.11953252188572,LineString,157.08758219782916,0.0,https://www.openstreetmap.org/?mlat=63.1195325&mlon=13.0675225#map=18/63.1195325/13.0675225,coordinate_fallback,,,statliga_leder
12352487,Z 64,Vallbo - Lunndörrsstugorna (justerad),1529.93250270782,"{""OBJECTID"": 12352487, ""STATLIGLED"": ""Z 64"", ""STATLIGLEDNAMN"": ""Vallbo - Lunndörrsstugorna (justerad)"", ""SHAPE.LEN"": 1529.93250270782}",13.064259288430103,63.112601562840126,LineString,1529.932502710062,0.0,https://www.openstreetmap.org/?mlat=63.1126016&mlon=13.0642593#map=18/63.1126016/13.0642593,coordinate_fallback,,,statliga_leder
12352486,Z 64,Vallbo - Lunndörrsstugorna (justerad),4462.30961276643,"{""OBJECTID"": 12352486, ""STATLIGLED"": ""Z 64"", ""STATLIGLEDNAMN"": ""Vallbo - Lunndörrsstugorna (justerad)"", ""SHAPE.LEN"": 4462.30961276643}",13.069509989914184,63.14022568290796,LineString,4462.309612764967,0.0,https://www.openstreetmap.org/?mlat=63.1402257&mlon=13.0695100#map=18/63.1402257/13.0695100,coordinate_fallback,,,statliga_leder
12350957,Z 53,Norska gränsen (Fiskåhöjden) - Sylarnas fjällstation + sommarled Nedalen,2391.63072576441,"{""OBJECTID"": 12350957, ""STATLIGLED"": ""Z 53"", ""STATLIGLEDNAMN"": ""Norska gränsen (Fiskåhöjden) - Sylarnas fjällstation + sommarled Nedalen"", ""SHAPE.LEN"": 2391.63072576441}",12.171415417379839,63.07223851021813,LineString,2391.630725765768,0.0,https://www.openstreetmap.org/?mlat=63.0722385&mlon=12.1714154#map=18/63.0722385/12.1714154,coordinate_fallback,,,statliga_leder
12350954,Z 53,Norska gränsen (Fiskåhöjden) - Sylarnas fjällstation + sommarled Nedalen,5188.12654206634,"{""OBJECTID"": 12350954, ""STATLIGLED"": ""Z 53"", ""STATLIGLEDNAMN"": ""Norska gränsen (Fiskåhöjden) - Sylarnas fjällstation + sommarled Nedalen"", ""SHAPE.LEN"": 5188.12654206634}",12.23413095125479,63.060777853737875,LineString,5188.126542067777,0.0,https://www.openstreetmap.org/?mlat=63.0607779&mlon=12.2341310#map=18/63.0607779/12.2341310,coordinate_fallback,,,statliga_leder
12347825,Z 53,Norska gränsen (Fiskåhöjden) - Sylarnas fjällstation + sommarled Nedalen,17.2610416302146,"{""OBJECTID"": 12347825, ""STATLIGLED"": ""Z 53"", ""STATLIGLEDNAMN"": ""Norska gränsen (Fiskåhöjden) - Sylarnas fjällstation + sommarled Nedalen"", ""SHAPE.LEN"": 17.2610416302146}",12.192816866248178,63.06864382912426,LineString,17.261041629947638,0.0,https://www.openstreetmap.org/?mlat=63.0686438&mlon=12.1928169#map=18/63.0686438/12.1928169,coordinate_fallback,,,statliga_leder
12347870,Z 53,Norska gränsen (Fiskåhöjden) - Sylarnas fjällstation + sommarled Nedalen,17.2221305255767,"{""OBJECTID"": 12347870, ""STATLIGLED"": ""Z 53"", ""STATLIGLEDNAMN"": ""Norska gränsen (Fiskåhöjden) - Sylarnas fjällstation + sommarled Nedalen"", ""SHAPE.LEN"": 17.2221305255767}",12.271858786205845,63.043984403931084,LineString,17.22213052495376,0.0,https://www.openstreetmap.org/?mlat=63.0439844&mlon=12.2718588#map=18/63.0439844/12.2718588,coordinate_fallback,,,statliga_leder
12344844,Z 53,Norska gränsen (Fiskåhöjden) - Sylarnas fjällstation + sommarled Nedalen,188.254362429463,"{""OBJECTID"": 12344844, ""STATLIGLED"": ""Z 53"", ""STATLIGLEDNAMN"": ""Norska gränsen (Fiskåhöjden) - Sylarnas fjällstation + sommarled Nedalen"", ""SHAPE.LEN"": 188.254362429463}",12.273515088773417,63.04358513260635,LineString,188.254362427045,0.0,https://www.openstreetmap.org/?mlat=63.0435851&mlon=12.2735151#map=18/63.0435851/12.2735151,coordinate_fallback,,,statliga_leder
12348380,Z 56,Gåsen - Vålåstugorna,23.65038444085,"{""OBJECTID"": 12348380, ""STATLIGLED"": ""Z 56"", ""STATLIGLEDNAMN"": ""Gåsen - Vålåstugorna"", ""SHAPE.LEN"": 23.65038444085}",12.708227648380438,63.03363728294521,LineString,23.650384441011898,0.0,https://www.openstreetmap.org/?mlat=63.0336373&mlon=12.7082276#map=18/63.0336373/12.7082276,coordinate_fallback,,,statliga_leder
12348379,Z 56,Gåsen - Vålåstugorna,58.5814358210846,"{""OBJECTID"": 12348379, ""STATLIGLED"": ""Z 56"", ""STATLIGLEDNAMN"": ""Gåsen - Vålåstugorna"", ""SHAPE.LEN"": 58.5814358210846}",12.61961202018215,63.04917105913113,LineString,58.58143582070147,0.0,https://www.openstreetmap.org/?mlat=63.0491711&mlon=12.6196120#map=18/63.0491711/12.6196120,coordinate_fallback,,,statliga_leder
12348378,Z 56,Gåsen - Vålåstugorna,106.515067642517,"{""OBJECTID"": 12348378, ""STATLIGLED"": ""Z 56"", ""STATLIGLEDNAMN"": ""Gåsen - Vålåstugorna"", ""SHAPE.LEN"": 106.515067642517}",12.610592707082041,63.05206337889669,LineString,106.51506764332369,0.0,https://www.openstreetmap.org/?mlat=63.0520634&mlon=12.6105927#map=18/63.0520634/12.6105927,coordinate_fallback,,,statliga_leder
12348377,Z 56,Gåsen - Vålåstugorna,14.0522842701818,"{""OBJECTID"": 12348377, ""STATLIGLED"": ""Z 56"", ""STATLIGLEDNAMN"": ""Gåsen - Vålåstugorna"", ""SHAPE.LEN"": 14.0522842701818}",12.69740905127946,63.035747705943876,LineString,14.052284271645384,0.0,https://www.openstreetmap.org/?mlat=63.0357477&mlon=12.6974091#map=18/63.0357477/12.6974091,coordinate_fallback,,,statliga_leder
12348376,Z 56,Gåsen - Vålåstugorna,127.184414294362,"{""OBJECTID"": 12348376, ""STATLIGLED"": ""Z 56"", ""STATLIGLEDNAMN"": ""Gåsen - Vålåstugorna"", ""SHAPE.LEN"": 127.184414294362}",12.62591090515855,63.04670862468498,LineString,127.18441429450436,0.0,https://www.openstreetmap.org/?mlat=63.0467086&mlon=12.6259109#map=18/63.0467086/12.6259109,coordinate_fallback,,,statliga_leder
12348375,Z 56,Gåsen - Vålåstugorna,247.821248375538,"{""OBJECTID"": 12348375, ""STATLIGLED"": ""Z 56"", ""STATLIGLEDNAMN"": ""Gåsen - Vålåstugorna"", ""SHAPE.LEN"": 247.821248375538}",12.657815048911976,63.04042963354584,LineString,247.82124837501237,0.0,https://www.openstreetmap.org/?mlat=63.0404296&mlon=12.6578150#map=18/63.0404296/12.6578150,coordinate_fallback,,,statliga_leder
12348374,Z 56,Gåsen - Vålåstugorna,167.57499379075,"{""OBJECTID"": 12348374, ""STATLIGLED"": ""Z 56"", ""STATLIGLEDNAMN"": ""Gåsen - Vålåstugorna"", ""SHAPE.LEN"": 167.57499379075}",12.603553424165934,63.05269781704837,LineString,167.57499379108503,0.0,https://www.openstreetmap.org/?mlat=63.0526978&mlon=12.6035534#map=18/63.0526978/12.6035534,coordinate_fallback,,,statliga_leder
12348373,Z 56,Gåsen - Vålåstugorna,40.7580231426893,"{""OBJECTID"": 12348373, ""STATLIGLED"": ""Z 56"", ""STATLIGLEDNAMN"": ""Gåsen - Vålåstugorna"", ""SHAPE.LEN"": 40.7580231426893}",12.588412806709673,63.05429317107725,LineString,40.75802314277907,0.0,https://www.openstreetmap.org/?mlat=63.0542932&mlon=12.5884128#map=18/63.0542932/12.5884128,coordinate_fallback,,,statliga_leder
12348372,Z 56,Gåsen - Vålåstugorna,94.2456884570324,"{""OBJECTID"": 12348372, ""STATLIGLED"": ""Z 56"", ""STATLIGLEDNAMN"": ""Gåsen - Vålåstugorna"", ""SHAPE.LEN"": 94.2456884570324}",12.71004311130998,63.033268919474224,LineString,94.2456884574806,0.0,https://www.openstreetmap.org/?mlat=63.0332689&mlon=12.7100431#map=18/63.0332689/12.7100431,coordinate_fallback,,,statliga_leder
12348371,Z 56,Gåsen - Vålåstugorna,125.992598401732,"{""OBJECTID"": 12348371, ""STATLIGLED"": ""Z 56"", ""STATLIGLEDNAMN"": ""Gåsen - Vålåstugorna"", ""SHAPE.LEN"": 125.992598401732}",12.57755471510883,63.05059923348455,LineString,125.99259840253482,0.0,https://www.openstreetmap.org/?mlat=63.0505992&mlon=12.5775547#map=18/63.0505992/12.5775547,coordinate_fallback,,,statliga_leder
12348370,Z 56,Gåsen - Vålåstugorna,184.778585077519,"{""OBJECTID"": 12348370, ""STATLIGLED"": ""Z 56"", ""STATLIGLEDNAMN"": ""Gåsen - Vålåstugorna"", ""SHAPE.LEN"": 184.778585077519}",12.642612465981394,63.0436357494205,LineString,184.77858507674284,0.0,https://www.openstreetmap.org/?mlat=63.0436357&mlon=12.6426125#map=18/63.0436357/12.6426125,coordinate_fallback,,,statliga_leder
12348369,Z 56,Gåsen - Vålåstugorna,459.393533719163,"{""OBJECTID"": 12348369, ""STATLIGLED"": ""Z 56"", ""STATLIGLEDNAMN"": ""Gåsen - Vålåstugorna"", ""SHAPE.LEN"": 459.393533719163}",12.65067647442332,63.04185904681289,LineString,459.3935337180559,0.0,https://www.openstreetmap.org/?mlat=63.0418590&mlon=12.6506765#map=18/63.0418590/12.6506765,coordinate_fallback,,,statliga_leder
12348368,Z 56,Gåsen - Vålåstugorna,35.1317010298391,"{""OBJECTID"": 12348368, ""STATLIGLED"": ""Z 56"", ""STATLIGLEDNAMN"": ""Gåsen - Vålåstugorna"", ""SHAPE.LEN"": 35.1317010298391}",12.660953741346454,63.039894509110574,LineString,35.13170102962339,0.0,https://www.openstreetmap.org/?mlat=63.0398945&mlon=12.6609537#map=18/63.0398945/12.6609537,coordinate_fallback,,,statliga_leder
12348367,Z 56,Gåsen - Vålåstugorna,127.936943373836,"{""OBJECTID"": 12348367, ""STATLIGLED"": ""Z 56"", ""STATLIGLEDNAMN"": ""Gåsen - Vålåstugorna"", ""SHAPE.LEN"": 127.936943373836}",12.628098843799432,63.0461591992881,LineString,127.93694337252218,0.0,https://www.openstreetmap.org/?mlat=63.0461592&mlon=12.6280988#map=18/63.0461592/12.6280988,coordinate_fallback,,,statliga_leder
12348366,Z 56,Gåsen - Vålåstugorna,603.784621325759,"{""OBJECTID"": 12348366, ""STATLIGLED"": ""Z 56"", ""STATLIGLEDNAMN"": ""Gåsen - Vålåstugorna"", ""SHAPE.LEN"": 603.784621325759}",12.669658531606045,63.03892874642973,LineString,603.7846213253748,0.0,https://www.openstreetmap.org/?mlat=63.0389287&mlon=12.6696585#map=18/63.0389287/12.6696585,coordinate_fallback,,,statliga_leder
12348365,Z 56,Gåsen - Vålåstugorna,16.1979172784652,"{""OBJECTID"": 12348365, ""STATLIGLED"": ""Z 56"", ""STATLIGLEDNAMN"": ""Gåsen - Vålåstugorna"", ""SHAPE.LEN"": 16.1979172784652}",12.700562322629409,63.03493088100736,LineString,16.19791727852817,0.0,https://www.openstreetmap.org/?mlat=63.0349309&mlon=12.7005623#map=18/63.0349309/12.7005623,coordinate_fallback,,,statliga_leder
12353315,Z 56,Gåsen - Vålåstugorna,42.2011227008496,"{""OBJECTID"": 12353315, ""STATLIGLED"": ""Z 56"", ""STATLIGLEDNAMN"": ""Gåsen - Vålåstugorna"", ""SHAPE.LEN"": 42.2011227008496}",12.708816252327303,63.033522532525474,LineString,42.20112270025337,0.0,https://www.openstreetmap.org/?mlat=63.0335225&mlon=12.7088163#map=18/63.0335225/12.7088163,coordinate_fallback,,,statliga_leder
12353313,Z 56,Gåsen - Vålåstugorna,226.899632579891,"{""OBJECTID"": 12353313, ""STATLIGLED"": ""Z 56"", ""STATLIGLEDNAMN"": ""Gåsen - Vålåstugorna"", ""SHAPE.LEN"": 226.899632579891}",12.607393826622515,63.05241485826182,LineString,226.89963257935628,0.0,https://www.openstreetmap.org/?mlat=63.0524149&mlon=12.6073938#map=18/63.0524149/12.6073938,coordinate_fallback,,,statliga_leder
12353312,Z 56,Gåsen - Vålåstugorna,23.7296316332555,"{""OBJECTID"": 12353312, ""STATLIGLED"": ""Z 56"", ""STATLIGLEDNAMN"": ""Gåsen - Vålåstugorna"", ""SHAPE.LEN"": 23.7296316332555}",12.755434982945188,63.02731145969077,LineString,23.729631632693515,0.0,https://www.openstreetmap.org/?mlat=63.0273115&mlon=12.7554350#map=18/63.0273115/12.7554350,coordinate_fallback,,,statliga_leder
12353311,Z 56,Gåsen - Vålåstugorna,131.959022305032,"{""OBJECTID"": 12353311, ""STATLIGLED"": ""Z 56"", ""STATLIGLEDNAMN"": ""Gåsen - Vålåstugorna"", ""SHAPE.LEN"": 131.959022305032}",12.64539372583683,63.0429915475047,LineString,131.9590223053499,0.0,https://www.openstreetmap.org/?mlat=63.0429915&mlon=12.6453937#map=18/63.0429915/12.6453937,coordinate_fallback,,,statliga_leder
12353310,Z 56,Gåsen - Vålåstugorna,637.800821963378,"{""OBJECTID"": 12353310, ""STATLIGLED"": ""Z 56"", ""STATLIGLEDNAMN"": ""Gåsen - Vålåstugorna"", ""SHAPE.LEN"": 637.800821963378}",12.58338407585633,63.05260489296672,LineString,637.8008219632771,0.0,https://www.openstreetmap.org/?mlat=63.0526049&mlon=12.5833841#map=18/63.0526049/12.5833841,coordinate_fallback,,,statliga_leder
12353309,Z 56,Gåsen - Vålåstugorna,41.611990186123,"{""OBJECTID"": 12353309, ""STATLIGLED"": ""Z 56"", ""STATLIGLEDNAMN"": ""Gåsen - Vålåstugorna"", ""SHAPE.LEN"": 41.611990186123}",12.655140845261553,63.04089015003624,LineString,41.61199018702864,0.0,https://www.openstreetmap.org/?mlat=63.0408902&mlon=12.6551408#map=18/63.0408902/12.6551408,coordinate_fallback,,,statliga_leder
12353308,Z 56,Gåsen - Vålåstugorna,1568.92399665537,"{""OBJECTID"": 12353308, ""STATLIGLED"": ""Z 56"", ""STATLIGLEDNAMN"": ""Gåsen - Vålåstugorna"", ""SHAPE.LEN"": 1568.92399665537}",12.561321921406075,63.050072057470054,LineString,1568.9239966563537,0.0,https://www.openstreetmap.org/?mlat=63.0500721&mlon=12.5613219#map=18/63.0500721/12.5613219,coordinate_fallback,,,statliga_leder
12353284,Z 56,Gåsen - Vålåstugorna,168.161621923579,"{""OBJECTID"": 12353284, ""STATLIGLED"": ""Z 56"", ""STATLIGLEDNAMN"": ""Gåsen - Vålåstugorna"", ""SHAPE.LEN"": 168.161621923579}",12.69897979106326,63.03534185075575,LineString,168.1616219229781,0.0,https://www.openstreetmap.org/?mlat=63.0353419&mlon=12.6989798#map=18/63.0353419/12.6989798,coordinate_fallback,,,statliga_leder
12353283,Z 56,Gåsen - Vålåstugorna,486.757453067283,"{""OBJECTID"": 12353283, ""STATLIGLED"": ""Z 56"", ""STATLIGLEDNAMN"": ""Gåsen - Vålåstugorna"", ""SHAPE.LEN"": 486.757453067283}",12.615484315108242,63.050860048772684,LineString,486.7574530658635,0.0,https://www.openstreetmap.org/?mlat=63.0508600&mlon=12.6154843#map=18/63.0508600/12.6154843,coordinate_fallback,,,statliga_leder
12353282,Z 56,Gåsen - Vålåstugorna,134.525507837999,"{""OBJECTID"": 12353282, ""STATLIGLED"": ""Z 56"", ""STATLIGLEDNAMN"": ""Gåsen - Vålåstugorna"", ""SHAPE.LEN"": 134.525507837999}",12.662550069426539,63.03965097664297,LineString,134.52550783888975,0.0,https://www.openstreetmap.org/?mlat=63.0396510&mlon=12.6625501#map=18/63.0396510/12.6625501,coordinate_fallback,,,statliga_leder
12353281,Z 56,Gåsen - Vålåstugorna,641.479043598378,"{""OBJECTID"": 12353281, ""STATLIGLED"": ""Z 56"", ""STATLIGLEDNAMN"": ""Gåsen - Vålåstugorna"", ""SHAPE.LEN"": 641.479043598378}",12.635187754535627,63.04518594228209,LineString,641.4790435999179,0.0,https://www.openstreetmap.org/?mlat=63.0451859&mlon=12.6351878#map=18/63.0451859/12.6351878,coordinate_fallback,,,statliga_leder
12353280,Z 56,Gåsen - Vålåstugorna,328.475485589946,"{""OBJECTID"": 12353280, ""STATLIGLED"": ""Z 56"", ""STATLIGLEDNAMN"": ""Gåsen - Vålåstugorna"", ""SHAPE.LEN"": 328.475485589946}",12.622429244554906,63.047973278972954,LineString,328.4754855891082,0.0,https://www.openstreetmap.org/?mlat=63.0479733&mlon=12.6224292#map=18/63.0479733/12.6224292,coordinate_fallback,,,statliga_leder
12353279,Z 56,Gåsen - Vålåstugorna,2401.82438934831,"{""OBJECTID"": 12353279, ""STATLIGLED"": ""Z 56"", ""STATLIGLEDNAMN"": ""Gåsen - Vålåstugorna"", ""SHAPE.LEN"": 2401.82438934831}",12.732871303589848,63.028836229130945,LineString,2401.824389348039,0.0,https://www.openstreetmap.org/?mlat=63.0288362&mlon=12.7328713#map=18/63.0288362/12.7328713,coordinate_fallback,,,statliga_leder
12353278,Z 56,Gåsen - Vålåstugorna,696.739134846124,"{""OBJECTID"": 12353278, ""STATLIGLED"": ""Z 56"", ""STATLIGLEDNAMN"": ""Gåsen - Vålåstugorna"", ""SHAPE.LEN"": 696.739134846124}",12.595381321423272,63.05373167501581,LineString,696.7391348446995,0.0,https://www.openstreetmap.org/?mlat=63.0537317&mlon=12.5953813#map=18/63.0537317/12.5953813,coordinate_fallback,,,statliga_leder
12353277,Z 56,Gåsen - Vålåstugorna,1146.43831219771,"{""OBJECTID"": 12353277, ""STATLIGLED"": ""Z 56"", ""STATLIGLEDNAMN"": ""Gåsen - Vålåstugorna"", ""SHAPE.LEN"": 1146.43831219771}",12.686422203480436,63.0373496251052,LineString,1146.4383121969763,0.0,https://www.openstreetmap.org/?mlat=63.0373496&mlon=12.6864222#map=18/63.0373496/12.6864222,coordinate_fallback,,,statliga_leder
12353276,Z 56,Gåsen - Vålåstugorna,394.521797950453,"{""OBJECTID"": 12353276, ""STATLIGLED"": ""Z 56"", ""STATLIGLEDNAMN"": ""Gåsen - Vålåstugorna"", ""SHAPE.LEN"": 394.521797950453}",12.704344875505063,63.034253776890004,LineString,394.5217979507902,0.0,https://www.openstreetmap.org/?mlat=63.0342538&mlon=12.7043449#map=18/63.0342538/12.7043449,coordinate_fallback,,,statliga_leder
12353275,Z 56,Gåsen - Vålåstugorna,2720.23172234616,"{""OBJECTID"": 12353275, ""STATLIGLED"": ""Z 56"", ""STATLIGLEDNAMN"": ""Gåsen - Vålåstugorna"", ""SHAPE.LEN"": 2720.23172234616}",12.777673774880823,63.0325092452355,LineString,2720.2317223459863,0.0,https://www.openstreetmap.org/?mlat=63.0325092&mlon=12.7776738#map=18/63.0325092/12.7776738,coordinate_fallback,,,statliga_leder
12353316,Z 57,Stensdalen - Skaftet (led 59),4969.33331240943,"{""OBJECTID"": 12353316, ""STATLIGLED"": ""Z 57"", ""STATLIGLEDNAMN"": ""Stensdalen - Skaftet (led 59)"", ""SHAPE.LEN"": 4969.33331240943}",12.776048688437882,63.11391131454753,LineString,4969.333312410846,0.0,https://www.openstreetmap.org/?mlat=63.1139113&mlon=12.7760487#map=18/63.1139113/12.7760487,coordinate_fallback,,,statliga_leder
12351724,Z 64,Vallbo - Lunndörrsstugorna (justerad),157.087582195471,"{""OBJECTID"": 12351724, ""STATLIGLED"": ""Z 64"", ""STATLIGLEDNAMN"": ""Vallbo - Lunndörrsstugorna (justerad)"", ""SHAPE.LEN"": 157.087582195471}",13.067522481837658,63.11953252188572,LineString,157.08758219782916,0.0,https://www.openstreetmap.org/?mlat=63.1195325&mlon=13.0675225#map=18/63.1195325/13.0675225,coordinate_fallback,,,statliga_leder
12344789,Z 64,Vallbo - Lunndörrsstugorna (justerad),6412.04447770968,"{""OBJECTID"": 12344789, ""STATLIGLED"": ""Z 64"", ""STATLIGLEDNAMN"": ""Vallbo - Lunndörrsstugorna (justerad)"", ""SHAPE.LEN"": 6412.04447770968}",13.08139578366962,63.083919035581815,LineString,6412.04447770681,0.0,https://www.openstreetmap.org/?mlat=63.0839190&mlon=13.0813958#map=18/63.0839190/13.0813958,coordinate_fallback,,,statliga_leder
12353609,Z 64,Vallbo - Lunndörrsstugorna (justerad),4384.96414143013,"{""OBJECTID"": 12353609, ""STATLIGLED"": ""Z 64"", ""STATLIGLEDNAMN"": ""Vallbo - Lunndörrsstugorna (justerad)"", ""SHAPE.LEN"": 4384.96414143013}",13.072051250659293,63.13993380675525,LineString,4384.964141429354,0.0,https://www.openstreetmap.org/?mlat=63.1399338&mlon=13.0720513#map=18/63.1399338/13.0720513,coordinate_fallback,,,statliga_leder
12353608,Z 64,Vallbo - Lunndörrsstugorna (justerad),1869.02871076795,"{""OBJECTID"": 12353608, ""STATLIGLED"": ""Z 64"", ""STATLIGLEDNAMN"": ""Vallbo - Lunndörrsstugorna (justerad)"", ""SHAPE.LEN"": 1869.02871076795}",13.064432321703324,63.112084057635386,LineString,1869.0287107650818,0.0,https://www.openstreetmap.org/?mlat=63.1120841&mlon=13.0644323#map=18/63.1120841/13.0644323,coordinate_fallback,,,statliga_leder
12348818,Z 65,Staloviellekåtan - (led 64) (Lunndörrstugorna),7452.12786221326,"{""OBJECTID"": 12348818, ""STATLIGLED"": ""Z 65"", ""STATLIGLEDNAMN"": ""Staloviellekåtan - (led 64) (Lunndörrstugorna)"", ""SHAPE.LEN"": 7452.12786221326}",13.1530431901067,63.097423427314524,LineString,7452.127862217627,0.0,https://www.openstreetmap.org/?mlat=63.0974234&mlon=13.1530432#map=18/63.0974234/13.1530432,coordinate_fallback,,,statliga_leder
12348483,Z 27,Stor-Mjölkvattnet - Övre Oldsjön,334.861159022213,"{""OBJECTID"": 12348483, ""STATLIGLED"": ""Z 27"", ""STATLIGLEDNAMN"": ""Stor-Mjölkvattnet - Övre Oldsjön"", ""SHAPE.LEN"": 334.861159022213}",13.444137614280006,63.91113018292787,LineString,334.8611590216316,0.0,https://www.openstreetmap.org/?mlat=63.9111302&mlon=13.4441376#map=18/63.9111302/13.4441376,coordinate_fallback,,,statliga_leder
12348482,Z 27,Stor-Mjölkvattnet - Övre Oldsjön,115.253690702294,"{""OBJECTID"": 12348482, ""STATLIGLED"": ""Z 27"", ""STATLIGLEDNAMN"": ""Stor-Mjölkvattnet - Övre Oldsjön"", ""SHAPE.LEN"": 115.253690702294}",13.41164896548947,63.926385011577736,LineString,115.25369070225544,0.0,https://www.openstreetmap.org/?mlat=63.9263850&mlon=13.4116490#map=18/63.9263850/13.4116490,coordinate_fallback,,,statliga_leder
12348481,Z 27,Stor-Mjölkvattnet - Övre Oldsjön,5002.70382476468,"{""OBJECTID"": 12348481, ""STATLIGLED"": ""Z 27"", ""STATLIGLEDNAMN"": ""Stor-Mjölkvattnet - Övre Oldsjön"", ""SHAPE.LEN"": 5002.70382476468}",13.504574436208628,63.87423882010586,LineString,5002.703824766219,0.0,https://www.openstreetmap.org/?mlat=63.8742388&mlon=13.5045744#map=18/63.8742388/13.5045744,coordinate_fallback,,,statliga_leder
12348480,Z 27,Stor-Mjölkvattnet - Övre Oldsjön,755.171823040993,"{""OBJECTID"": 12348480, ""STATLIGLED"": ""Z 27"", ""STATLIGLEDNAMN"": ""Stor-Mjölkvattnet - Övre Oldsjön"", ""SHAPE.LEN"": 755.171823040993}",13.400430569454747,63.92856292864173,LineString,755.171823041255,0.0,https://www.openstreetmap.org/?mlat=63.9285629&mlon=13.4004306#map=18/63.9285629/13.4004306,coordinate_fallback,,,statliga_leder
12348479,Z 27,Stor-Mjölkvattnet - Övre Oldsjön,352.753564503677,"{""OBJECTID"": 12348479, ""STATLIGLED"": ""Z 27"", ""STATLIGLEDNAMN"": ""Stor-Mjölkvattnet - Övre Oldsjön"", ""SHAPE.LEN"": 352.753564503677}",13.433439625366333,63.913150542770715,LineString,352.7535645036922,0.0,https://www.openstreetmap.org/?mlat=63.9131505&mlon=13.4334396#map=18/63.9131505/13.4334396,coordinate_fallback,,,statliga_leder
12348478,Z 27,Stor-Mjölkvattnet - Övre Oldsjön,36.5816863638078,"{""OBJECTID"": 12348478, ""STATLIGLED"": ""Z 27"", ""STATLIGLEDNAMN"": ""Stor-Mjölkvattnet - Övre Oldsjön"", ""SHAPE.LEN"": 36.5816863638078}",13.490162904468438,63.827599425963946,LineString,36.58168636091511,0.0,https://www.openstreetmap.org/?mlat=63.8275994&mlon=13.4901629#map=18/63.8275994/13.4901629,coordinate_fallback,,,statliga_leder
12348477,Z 27,Stor-Mjölkvattnet - Övre Oldsjön,76.3522220759815,"{""OBJECTID"": 12348477, ""STATLIGLED"": ""Z 27"", ""STATLIGLEDNAMN"": ""Stor-Mjölkvattnet - Övre Oldsjön"", ""SHAPE.LEN"": 76.3522220759815}",13.437516584610345,63.912266593407146,LineString,76.35222207524758,0.0,https://www.openstreetmap.org/?mlat=63.9122666&mlon=13.4375166#map=18/63.9122666/13.4375166,coordinate_fallback,,,statliga_leder
12348476,Z 27,Stor-Mjölkvattnet - Övre Oldsjön,11.5112510258442,"{""OBJECTID"": 12348476, ""STATLIGLED"": ""Z 27"", ""STATLIGLEDNAMN"": ""Stor-Mjölkvattnet - Övre Oldsjön"", ""SHAPE.LEN"": 11.5112510258442}",13.438614480605896,63.91207748803907,LineString,11.511251025237298,0.0,https://www.openstreetmap.org/?mlat=63.9120775&mlon=13.4386145#map=18/63.9120775/13.4386145,coordinate_fallback,,,statliga_leder
12348475,Z 27,Stor-Mjölkvattnet - Övre Oldsjön,1135.40090926914,"{""OBJECTID"": 12348475, ""STATLIGLED"": ""Z 27"", ""STATLIGLEDNAMN"": ""Stor-Mjölkvattnet - Övre Oldsjön"", ""SHAPE.LEN"": 1135.40090926914}",13.334611916742782,63.93982314451525,LineString,1135.4009092667784,0.0,https://www.openstreetmap.org/?mlat=63.9398231&mlon=13.3346119#map=18/63.9398231/13.3346119,coordinate_fallback,,,statliga_leder
12348474,Z 27,Stor-Mjölkvattnet - Övre Oldsjön,54.5470455148581,"{""OBJECTID"": 12348474, ""STATLIGLED"": ""Z 27"", ""STATLIGLEDNAMN"": ""Stor-Mjölkvattnet - Övre Oldsjön"", ""SHAPE.LEN"": 54.5470455148581}",13.42956534610241,63.91408087407005,LineString,54.54704551443664,0.0,https://www.openstreetmap.org/?mlat=63.9140809&mlon=13.4295653#map=18/63.9140809/13.4295653,coordinate_fallback,,,statliga_leder
12348472,Z 27,Stor-Mjölkvattnet - Övre Oldsjön,1655.67704519444,"{""OBJECTID"": 12348472, ""STATLIGLED"": ""Z 27"", ""STATLIGLEDNAMN"": ""Stor-Mjölkvattnet - Övre Oldsjön"", ""SHAPE.LEN"": 1655.67704519444}",13.463459569372832,63.90754246554136,LineString,1655.6770451939792,0.0,https://www.openstreetmap.org/?mlat=63.9075425&mlon=13.4634596#map=18/63.9075425/13.4634596,coordinate_fallback,,,statliga_leder
12352729,Z 27,Stor-Mjölkvattnet - Övre Oldsjön,2865.05107893701,"{""OBJECTID"": 12352729, ""STATLIGLED"": ""Z 27"", ""STATLIGLEDNAMN"": ""Stor-Mjölkvattnet - Övre Oldsjön"", ""SHAPE.LEN"": 2865.05107893701}",13.49646187807865,63.83943197796248,LineString,2865.0510789388104,0.0,https://www.openstreetmap.org/?mlat=63.8394320&mlon=13.4964619#map=18/63.8394320/13.4964619,coordinate_fallback,,,statliga_leder
12352728,Z 27,Stor-Mjölkvattnet - Övre Oldsjön,117.70625538783,"{""OBJECTID"": 12352728, ""STATLIGLED"": ""Z 27"", ""STATLIGLEDNAMN"": ""Stor-Mjölkvattnet - Övre Oldsjön"", ""SHAPE.LEN"": 117.70625538783}",13.439846358067939,63.911871226783866,LineString,117.70625538767905,0.0,https://www.openstreetmap.org/?mlat=63.9118712&mlon=13.4398464#map=18/63.9118712/13.4398464,coordinate_fallback,,,statliga_leder
12352676,Z 27,Stor-Mjölkvattnet - Övre Oldsjön,9858.71183260779,"{""OBJECTID"": 12352676, ""STATLIGLED"": ""Z 27"", ""STATLIGLEDNAMN"": ""Stor-Mjölkvattnet - Övre Oldsjön"", ""SHAPE.LEN"": 9858.71183260779}",13.509455307117122,63.78594169627758,LineString,9858.711832606075,0.0,https://www.openstreetmap.org/?mlat=63.7859417&mlon=13.5094553#map=18/63.7859417/13.5094553,coordinate_fallback,,,statliga_leder
12352675,Z 27,Stor-Mjölkvattnet - Övre Oldsjön,216.485525456288,"{""OBJECTID"": 12352675, ""STATLIGLED"": ""Z 27"", ""STATLIGLEDNAMN"": ""Stor-Mjölkvattnet - Övre Oldsjön"", ""SHAPE.LEN"": 216.485525456288}",13.422786704356573,63.91815572389117,LineString,216.4855254557594,0.0,https://www.openstreetmap.org/?mlat=63.9181557&mlon=13.4227867#map=18/63.9181557/13.4227867,coordinate_fallback,,,statliga_leder
12352674,Z 27,Stor-Mjölkvattnet - Övre Oldsjön,13.9164074634943,"{""OBJECTID"": 12352674, ""STATLIGLED"": ""Z 27"", ""STATLIGLEDNAMN"": ""Stor-Mjölkvattnet - Övre Oldsjön"", ""SHAPE.LEN"": 13.9164074634943}",13.438372806180027,63.91211861999002,LineString,13.91640746467497,0.0,https://www.openstreetmap.org/?mlat=63.9121186&mlon=13.4383728#map=18/63.9121186/13.4383728,coordinate_fallback,,,statliga_leder
12352673,Z 27,Stor-Mjölkvattnet - Övre Oldsjön,40.8677744465965,"{""OBJECTID"": 12352673, ""STATLIGLED"": ""Z 27"", ""STATLIGLEDNAMN"": ""Stor-Mjölkvattnet - Övre Oldsjön"", ""SHAPE.LEN"": 40.8677744465965}",13.447692923736867,63.91050580726192,LineString,40.86777444730438,0.0,https://www.openstreetmap.org/?mlat=63.9105058&mlon=13.4476929#map=18/63.9105058/13.4476929,coordinate_fallback,,,statliga_leder
12352672,Z 27,Stor-Mjölkvattnet - Övre Oldsjön,13.0960902845086,"{""OBJECTID"": 12352672, ""STATLIGLED"": ""Z 27"", ""STATLIGLEDNAMN"": ""Stor-Mjölkvattnet - Övre Oldsjön"", ""SHAPE.LEN"": 13.0960902845086}",13.430136357574707,63.913910888877844,LineString,13.0960902857908,0.0,https://www.openstreetmap.org/?mlat=63.9139109&mlon=13.4301364#map=18/63.9139109/13.4301364,coordinate_fallback,,,statliga_leder
12352671,Z 27,Stor-Mjölkvattnet - Övre Oldsjön,964.169087375492,"{""OBJECTID"": 12352671, ""STATLIGLED"": ""Z 27"", ""STATLIGLEDNAMN"": ""Stor-Mjölkvattnet - Övre Oldsjön"", ""SHAPE.LEN"": 964.169087375492}",13.490949764760549,63.90016031078585,LineString,964.1690873748843,0.0,https://www.openstreetmap.org/?mlat=63.9001603&mlon=13.4909498#map=18/63.9001603/13.4909498,coordinate_fallback,,,statliga_leder
12352670,Z 27,Stor-Mjölkvattnet - Övre Oldsjön,18.7594223849978,"{""OBJECTID"": 12352670, ""STATLIGLED"": ""Z 27"", ""STATLIGLEDNAMN"": ""Stor-Mjölkvattnet - Övre Oldsjön"", ""SHAPE.LEN"": 18.7594223849978}",13.393014317763576,63.92974215684851,LineString,18.759422384849927,0.0,https://www.openstreetmap.org/?mlat=63.9297422&mlon=13.3930143#map=18/63.9297422/13.3930143,coordinate_fallback,,,statliga_leder
12352669,Z 27,Stor-Mjölkvattnet - Övre Oldsjön,28.6045588431285,"{""OBJECTID"": 12352669, ""STATLIGLED"": ""Z 27"", ""STATLIGLEDNAMN"": ""Stor-Mjölkvattnet - Övre Oldsjön"", ""SHAPE.LEN"": 28.6045588431285}",13.428868548719239,63.914293137626686,LineString,28.604558843646494,0.0,https://www.openstreetmap.org/?mlat=63.9142931&mlon=13.4288685#map=18/63.9142931/13.4288685,coordinate_fallback,,,statliga_leder
12352668,Z 27,Stor-Mjölkvattnet - Övre Oldsjön,169.097264249105,"{""OBJECTID"": 12352668, ""STATLIGLED"": ""Z 27"", ""STATLIGLEDNAMN"": ""Stor-Mjölkvattnet - Övre Oldsjön"", ""SHAPE.LEN"": 169.097264249105}",13.409177209562234,63.92707641812356,LineString,169.09726424863644,0.0,https://www.openstreetmap.org/?mlat=63.9270764&mlon=13.4091772#map=18/63.9270764/13.4091772,coordinate_fallback,,,statliga_leder
12352663,Z 27,Stor-Mjölkvattnet - Övre Oldsjön,103.714413973356,"{""OBJECTID"": 12352663, ""STATLIGLED"": ""Z 27"", ""STATLIGLEDNAMN"": ""Stor-Mjölkvattnet - Övre Oldsjön"", ""SHAPE.LEN"": 103.714413973356}",13.391529483319207,63.92984432423861,LineString,103.71441397273932,0.0,https://www.openstreetmap.org/?mlat=63.9298443&mlon=13.3915295#map=18/63.9298443/13.3915295,coordinate_fallback,,,statliga_leder
12352662,Z 27,Stor-Mjölkvattnet - Övre Oldsjön,8.61441937045092,"{""OBJECTID"": 12352662, ""STATLIGLED"": ""Z 27"", ""STATLIGLEDNAMN"": ""Stor-Mjölkvattnet - Övre Oldsjön"", ""SHAPE.LEN"": 8.61441937045092}",13.436711799792395,63.91240712717689,LineString,8.614419370294884,0.0,https://www.openstreetmap.org/?mlat=63.9124071&mlon=13.4367118#map=18/63.9124071/13.4367118,coordinate_fallback,,,statliga_leder
12352661,Z 27,Stor-Mjölkvattnet - Övre Oldsjön,81.0567466042407,"{""OBJECTID"": 12352661, ""STATLIGLED"": ""Z 27"", ""STATLIGLEDNAMN"": ""Stor-Mjölkvattnet - Övre Oldsjön"", ""SHAPE.LEN"": 81.0567466042407}",13.505680203674604,63.85193858164041,LineString,81.05674660618493,0.0,https://www.openstreetmap.org/?mlat=63.8519386&mlon=13.5056802#map=18/63.8519386/13.5056802,coordinate_fallback,,,statliga_leder
12352660,Z 27,Stor-Mjölkvattnet - Övre Oldsjön,2478.55133636082,"{""OBJECTID"": 12352660, ""STATLIGLED"": ""Z 27"", ""STATLIGLEDNAMN"": ""Stor-Mjölkvattnet - Övre Oldsjön"", ""SHAPE.LEN"": 2478.55133636082}",13.366825108082041,63.9330965010542,LineString,2478.551336361476,0.0,https://www.openstreetmap.org/?mlat=63.9330965&mlon=13.3668251#map=18/63.9330965/13.3668251,coordinate_fallback,,,statliga_leder
12352659,Z 27,Stor-Mjölkvattnet - Övre Oldsjön,375.667834167353,"{""OBJECTID"": 12352659, ""STATLIGLED"": ""Z 27"", ""STATLIGLEDNAMN"": ""Stor-Mjölkvattnet - Övre Oldsjön"", ""SHAPE.LEN"": 375.667834167353}",13.426066690391222,63.91547358211738,LineString,375.6678341685295,0.0,https://www.openstreetmap.org/?mlat=63.9154736&mlon=13.4260667#map=18/63.9154736/13.4260667,coordinate_fallback,,,statliga_leder
12352658,Z 27,Stor-Mjölkvattnet - Övre Oldsjön,886.324844183496,"{""OBJECTID"": 12352658, ""STATLIGLED"": ""Z 27"", ""STATLIGLEDNAMN"": ""Stor-Mjölkvattnet - Övre Oldsjön"", ""SHAPE.LEN"": 886.324844183496}",13.417420374927385,63.92290648740249,LineString,886.3248441837679,0.0,https://www.openstreetmap.org/?mlat=63.9229065&mlon=13.4174204#map=18/63.9229065/13.4174204,coordinate_fallback,,,statliga_leder
12352657,Z 27,Stor-Mjölkvattnet - Övre Oldsjön,312.039014432827,"{""OBJECTID"": 12352657, ""STATLIGLED"": ""Z 27"", ""STATLIGLEDNAMN"": ""Stor-Mjölkvattnet - Övre Oldsjön"", ""SHAPE.LEN"": 312.039014432827}",13.48115793090398,63.903339398665075,LineString,312.039014432583,0.0,https://www.openstreetmap.org/?mlat=63.9033394&mlon=13.4811579#map=18/63.9033394/13.4811579,coordinate_fallback,,,statliga_leder
12347864,BD 62,Saltoluokta - Sitojaure,4546.66646268879,"{""OBJECTID"": 12347864, ""STATLIGLED"": ""BD 62"", ""STATLIGLEDNAMN"": ""Saltoluokta - Sitojaure"", ""SHAPE.LEN"": 4546.66646268879}",18.52867444103322,67.38535927330922,LineString,4546.666462682716,0.0,https://www.openstreetmap.org/?mlat=67.3853593&mlon=18.5286744#map=18/67.3853593/18.5286744,coordinate_fallback,,,statliga_leder
12355562,BD 62,Saltoluokta - Sitojaure,16862.5735044409,"{""OBJECTID"": 12355562, ""STATLIGLED"": ""BD 62"", ""STATLIGLEDNAMN"": ""Saltoluokta - Sitojaure"", ""SHAPE.LEN"": 16862.5735044409}",18.483447030882104,67.30049931122245,LineString,16862.573504441963,0.0,https://www.openstreetmap.org/?mlat=67.3004993&mlon=18.4834470#map=18/67.3004993/18.4834470,coordinate_fallback,,,statliga_leder
12351941,BD 63,Sitojaure - Aktse,8930.58056777245,"{""OBJECTID"": 12351941, ""STATLIGLED"": ""BD 63"", ""STATLIGLEDNAMN"": ""Sitojaure - Aktse"", ""SHAPE.LEN"": 8930.58056777245}",18.377535642949535,67.16727319646533,LineString,8930.58056777102,0.0,https://www.openstreetmap.org/?mlat=67.1672732&mlon=18.3775356#map=18/67.1672732/18.3775356,coordinate_fallback,,,statliga_leder
12349923,BD 63,Sitojaure - Aktse,4267.9076372693,"{""OBJECTID"": 12349923, ""STATLIGLED"": ""BD 63"", ""STATLIGLEDNAMN"": ""Sitojaure - Aktse"", ""SHAPE.LEN"": 4267.9076372693}",18.432526231694833,67.2157894410595,LineString,4267.907637269212,0.0,https://www.openstreetmap.org/?mlat=67.2157894&mlon=18.4325262#map=18/67.2157894/18.4325262,coordinate_fallback,,,statliga_leder
12349922,BD 63,Sitojaure - Aktse,266.166599094082,"{""OBJECTID"": 12349922, ""STATLIGLED"": ""BD 63"", ""STATLIGLEDNAMN"": ""Sitojaure - Aktse"", ""SHAPE.LEN"": 266.166599094082}",18.306527225442593,67.14707919972119,LineString,266.16659909206186,0.0,https://www.openstreetmap.org/?mlat=67.1470792&mlon=18.3065272#map=18/67.1470792/18.3065272,coordinate_fallback,,,statliga_leder
12350937,BD 64,Svine - Sitoälvsbron / Aktse - Sitoälvsbron,15397.7864113813,"{""OBJECTID"": 12350937, ""STATLIGLED"": ""BD 64"", ""STATLIGLEDNAMN"": ""Svine - Sitoälvsbron / Aktse - Sitoälvsbron"", ""SHAPE.LEN"": 15397.7864113813}",18.442118806927372,67.105580802008,LineString,15397.786411381398,0.0,https://www.openstreetmap.org/?mlat=67.1055808&mlon=18.4421188#map=18/67.1055808/18.4421188,coordinate_fallback,,,statliga_leder
12347866,BD 64,Svine - Sitoälvsbron / Aktse - Sitoälvsbron,16024.0680116325,"{""OBJECTID"": 12347866, ""STATLIGLED"": ""BD 64"", ""STATLIGLEDNAMN"": ""Svine - Sitoälvsbron / Aktse - Sitoälvsbron"", ""SHAPE.LEN"": 16024.0680116325}",18.51544941702799,67.1412715010592,LineString,16024.068011629257,0.0,https://www.openstreetmap.org/?mlat=67.1412715&mlon=18.5154494#map=18/67.1412715/18.5154494,coordinate_fallback,,,statliga_leder
12348010,BD 64,Svine - Sitoälvsbron / Aktse - Sitoälvsbron,426.449589431911,"{""OBJECTID"": 12348010, ""STATLIGLED"": ""BD 64"", ""STATLIGLEDNAMN"": ""Svine - Sitoälvsbron / Aktse - Sitoälvsbron"", ""SHAPE.LEN"": 426.449589431911}",18.577997930032453,67.07795262198908,LineString,426.4495894303349,0.0,https://www.openstreetmap.org/?mlat=67.0779526&mlon=18.5779979#map=18/67.0779526/18.5779979,coordinate_fallback,,,statliga_leder
12347865,BD 64,Svine - Sitoälvsbron / Aktse - Sitoälvsbron,373.813621633123,"{""OBJECTID"": 12347865, ""STATLIGLED"": ""BD 64"", ""STATLIGLEDNAMN"": ""Svine - Sitoälvsbron / Aktse - Sitoälvsbron"", ""SHAPE.LEN"": 373.813621633123}",18.310092513212176,67.1448439753658,LineString,373.8136216344402,0.0,https://www.openstreetmap.org/?mlat=67.1448440&mlon=18.3100925#map=18/67.1448440/18.3100925,coordinate_fallback,,,statliga_leder
12349922,BD 64,Svine - Sitoälvsbron / Aktse - Sitoälvsbron,266.166599094082,"{""OBJECTID"": 12349922, ""STATLIGLED"": ""BD 64"", ""STATLIGLEDNAMN"": ""Svine - Sitoälvsbron / Aktse - Sitoälvsbron"", ""SHAPE.LEN"": 266.166599094082}",18.306527225442593,67.14707919972119,LineString,266.16659909206186,0.0,https://www.openstreetmap.org/?mlat=67.1470792&mlon=18.3065272#map=18/67.1470792/18.3065272,coordinate_fallback,,,statliga_leder
12351943,BD 65,Aktse - Pårtestugorna,5653.90732625467,"{""OBJECTID"": 12351943, ""STATLIGLED"": ""BD 65"", ""STATLIGLEDNAMN"": ""Aktse - Pårtestugorna"", ""SHAPE.LEN"": 5653.90732625467}",18.173158583156834,67.05806376713245,LineString,5653.907326255348,0.0,https://www.openstreetmap.org/?mlat=67.0580638&mlon=18.1731586#map=18/67.0580638/18.1731586,coordinate_fallback,,,statliga_leder
12351942,BD 65,Aktse - Pårtestugorna,5138.49437649768,"{""OBJECTID"": 12351942, ""STATLIGLED"": ""BD 65"", ""STATLIGLEDNAMN"": ""Aktse - Pårtestugorna"", ""SHAPE.LEN"": 5138.49437649768}",18.006509052279032,67.04427506109755,LineString,5138.494376498153,0.0,https://www.openstreetmap.org/?mlat=67.0442751&mlon=18.0065091#map=18/67.0442751/18.0065091,coordinate_fallback,,,statliga_leder
12350940,BD 65,Aktse - Pårtestugorna,3444.47369462763,"{""OBJECTID"": 12350940, ""STATLIGLED"": ""BD 65"", ""STATLIGLEDNAMN"": ""Aktse - Pårtestugorna"", ""SHAPE.LEN"": 3444.47369462763}",18.259757412663284,67.06921955724988,LineString,3444.473694628139,0.0,https://www.openstreetmap.org/?mlat=67.0692196&mlon=18.2597574#map=18/67.0692196/18.2597574,coordinate_fallback,,,statliga_leder
12350939,BD 65,Aktse - Pårtestugorna,2352.81114406971,"{""OBJECTID"": 12350939, ""STATLIGLED"": ""BD 65"", ""STATLIGLEDNAMN"": ""Aktse - Pårtestugorna"", ""SHAPE.LEN"": 2352.81114406971}",18.087170271655257,67.05029647440364,LineString,2352.8111440698913,0.0,https://www.openstreetmap.org/?mlat=67.0502965&mlon=18.0871703#map=18/67.0502965/18.0871703,coordinate_fallback,,,statliga_leder
12350938,BD 65,Aktse - Pårtestugorna,575.359035772812,"{""OBJECTID"": 12350938, ""STATLIGLED"": ""BD 65"", ""STATLIGLEDNAMN"": ""Aktse - Pårtestugorna"", ""SHAPE.LEN"": 575.359035772812}",18.31454157293596,67.14124698358658,LineString,575.359035772722,0.0,https://www.openstreetmap.org/?mlat=67.1412470&mlon=18.3145416#map=18/67.1412470/18.3145416,coordinate_fallback,,,statliga_leder
12347865,BD 65,Aktse - Pårtestugorna,373.813621633123,"{""OBJECTID"": 12347865, ""STATLIGLED"": ""BD 65"", ""STATLIGLEDNAMN"": ""Aktse - Pårtestugorna"", ""SHAPE.LEN"": 373.813621633123}",18.310092513212176,67.1448439753658,LineString,373.8136216344402,0.0,https://www.openstreetmap.org/?mlat=67.1448440&mlon=18.3100925#map=18/67.1448440/18.3100925,coordinate_fallback,,,statliga_leder
12349922,BD 65,Aktse - Pårtestugorna,266.166599094082,"{""OBJECTID"": 12349922, ""STATLIGLED"": ""BD 65"", ""STATLIGLEDNAMN"": ""Aktse - Pårtestugorna"", ""SHAPE.LEN"": 266.166599094082}",18.306527225442593,67.14707919972119,LineString,266.16659909206186,0.0,https://www.openstreetmap.org/?mlat=67.1470792&mlon=18.3065272#map=18/67.1470792/18.3065272,coordinate_fallback,,,statliga_leder
12351944,BD 65,Aktse - Pårtestugorna,4309.00602803704,"{""OBJECTID"": 12351944, ""STATLIGLED"": ""BD 65"", ""STATLIGLEDNAMN"": ""Aktse - Pårtestugorna"", ""SHAPE.LEN"": 4309.00602803704}",18.278406715707856,67.09982313185428,LineString,4309.006028036296,0.0,https://www.openstreetmap.org/?mlat=67.0998231&mlon=18.2784067#map=18/67.0998231/18.2784067,coordinate_fallback,,,statliga_leder
12352175,BD 65,Aktse - Pårtestugorna,2702.48642374862,"{""OBJECTID"": 12352175, ""STATLIGLED"": ""BD 65"", ""STATLIGLEDNAMN"": ""Aktse - Pårtestugorna"", ""SHAPE.LEN"": 2702.48642374862}",18.301387395036194,67.12833888323475,LineString,2702.4864237497436,0.0,https://www.openstreetmap.org/?mlat=67.1283389&mlon=18.3013874#map=18/67.1283389/18.3013874,coordinate_fallback,,,statliga_leder
12354177,BD 66,Pårte - Kvikkjokk,2502.25109450095,"{""OBJECTID"": 12354177, ""STATLIGLED"": ""BD 66"", ""STATLIGLEDNAMN"": ""Pårte - Kvikkjokk"", ""SHAPE.LEN"": 2502.25109450095}",17.88485310053826,67.02980727975834,LineString,2502.2510945014224,0.0,https://www.openstreetmap.org/?mlat=67.0298073&mlon=17.8848531#map=18/67.0298073/17.8848531,coordinate_fallback,,,statliga_leder
12354127,BD 66,Pårte - Kvikkjokk,2269.44249986443,"{""OBJECTID"": 12354127, ""STATLIGLED"": ""BD 66"", ""STATLIGLEDNAMN"": ""Pårte - Kvikkjokk"", ""SHAPE.LEN"": 2269.44249986443}",17.93159554234177,67.0346115118573,LineString,2269.4424998649993,0.0,https://www.openstreetmap.org/?mlat=67.0346115&mlon=17.9315955#map=18/67.0346115/17.9315955,coordinate_fallback,,,statliga_leder
12355897,BD 66,Pårte - Kvikkjokk,7581.94609241755,"{""OBJECTID"": 12355897, ""STATLIGLED"": ""BD 66"", ""STATLIGLEDNAMN"": ""Pårte - Kvikkjokk"", ""SHAPE.LEN"": 7581.94609241755}",17.76128043195966,66.97946542427738,LineString,7581.946092415727,0.0,https://www.openstreetmap.org/?mlat=66.9794654&mlon=17.7612804#map=18/66.9794654/17.7612804,coordinate_fallback,,,statliga_leder
12355896,BD 66,Pårte - Kvikkjokk,4309.52316475715,"{""OBJECTID"": 12355896, ""STATLIGLED"": ""BD 66"", ""STATLIGLEDNAMN"": ""Pårte - Kvikkjokk"", ""SHAPE.LEN"": 4309.52316475715}",17.820832611971525,67.02251376378678,LineString,4309.523164758377,0.0,https://www.openstreetmap.org/?mlat=67.0225138&mlon=17.8208326#map=18/67.0225138/17.8208326,coordinate_fallback,,,statliga_leder
12350337,BD 89,V Laisvall - Länsgränsen,27499.1179400294,"{""OBJECTID"": 12350337, ""STATLIGLED"": ""BD 89"", ""STATLIGLEDNAMN"": ""V Laisvall - Länsgränsen"", ""SHAPE.LEN"": 27499.1179400294}",16.913380884785827,66.06836290047549,LineString,27499.11794001945,0.0,https://www.openstreetmap.org/?mlat=66.0683629&mlon=16.9133809#map=18/66.0683629/16.9133809,coordinate_fallback,,,statliga_leder
12351114,Z 19,Lakavattnet - Häbbersflyarna - Haravattnet - Lakavattnet +  Nils-Jonsavattnet,27.2358344377403,"{""OBJECTID"": 12351114, ""STATLIGLED"": ""Z 19"", ""STATLIGLEDNAMN"": ""Lakavattnet - Häbbersflyarna - Haravattnet - Lakavattnet +  Nils-Jonsavattnet"", ""SHAPE.LEN"": 27.2358344377403}",14.646532659362308,64.01707220306233,LineString,27.235834437801884,0.0,https://www.openstreetmap.org/?mlat=64.0170722&mlon=14.6465327#map=18/64.0170722/14.6465327,coordinate_fallback,,,statliga_leder
12351069,Z 19,Lakavattnet - Häbbersflyarna - Haravattnet - Lakavattnet +  Nils-Jonsavattnet,0.502810391698501,"{""OBJECTID"": 12351069, ""STATLIGLED"": ""Z 19"", ""STATLIGLEDNAMN"": ""Lakavattnet - Häbbersflyarna - Haravattnet - Lakavattnet +  Nils-Jonsavattnet"", ""SHAPE.LEN"": 0.502810391698501}",14.651028163426014,64.05505003746424,LineString,0.5028103925930055,0.0,https://www.openstreetmap.org/?mlat=64.0550500&mlon=14.6510282#map=18/64.0550500/14.6510282,coordinate_fallback,,,statliga_leder
12351299,Z 19,Lakavattnet - Häbbersflyarna - Haravattnet - Lakavattnet +  Nils-Jonsavattnet,41.8887557658284,"{""OBJECTID"": 12351299, ""STATLIGLED"": ""Z 19"", ""STATLIGLEDNAMN"": ""Lakavattnet - Häbbersflyarna - Haravattnet - Lakavattnet +  Nils-Jonsavattnet"", ""SHAPE.LEN"": 41.8887557658284}",14.56385799787716,64.04428932751853,LineString,41.888755767437004,0.0,https://www.openstreetmap.org/?mlat=64.0442893&mlon=14.5638580#map=18/64.0442893/14.5638580,coordinate_fallback,,,statliga_leder
12351298,Z 19,Lakavattnet - Häbbersflyarna - Haravattnet - Lakavattnet +  Nils-Jonsavattnet,325.521166687411,"{""OBJECTID"": 12351298, ""STATLIGLED"": ""Z 19"", ""STATLIGLEDNAMN"": ""Lakavattnet - Häbbersflyarna - Haravattnet - Lakavattnet +  Nils-Jonsavattnet"", ""SHAPE.LEN"": 325.521166687411}",14.519364809115828,64.01968960243137,LineString,325.5211666873751,0.0,https://www.openstreetmap.org/?mlat=64.0196896&mlon=14.5193648#map=18/64.0196896/14.5193648,coordinate_fallback,,,statliga_leder
12351297,Z 19,Lakavattnet - Häbbersflyarna - Haravattnet - Lakavattnet +  Nils-Jonsavattnet,8.45047557774117,"{""OBJECTID"": 12351297, ""STATLIGLED"": ""Z 19"", ""STATLIGLEDNAMN"": ""Lakavattnet - Häbbersflyarna - Haravattnet - Lakavattnet +  Nils-Jonsavattnet"", ""SHAPE.LEN"": 8.45047557774117}",14.563410016965776,64.04417763950536,LineString,8.450475576690955,0.0,https://www.openstreetmap.org/?mlat=64.0441776&mlon=14.5634100#map=18/64.0441776/14.5634100,coordinate_fallback,,,statliga_leder
12351296,Z 19,Lakavattnet - Häbbersflyarna - Haravattnet - Lakavattnet +  Nils-Jonsavattnet,135.617497944218,"{""OBJECTID"": 12351296, ""STATLIGLED"": ""Z 19"", ""STATLIGLEDNAMN"": ""Lakavattnet - Häbbersflyarna - Haravattnet - Lakavattnet +  Nils-Jonsavattnet"", ""SHAPE.LEN"": 135.617497944218}",14.448644359833589,63.976426787121426,LineString,135.6174979441851,0.0,https://www.openstreetmap.org/?mlat=63.9764268&mlon=14.4486444#map=18/63.9764268/14.4486444,coordinate_fallback,,,statliga_leder
12351295,Z 19,Lakavattnet - Häbbersflyarna - Haravattnet - Lakavattnet +  Nils-Jonsavattnet,108.095638598604,"{""OBJECTID"": 12351295, ""STATLIGLED"": ""Z 19"", ""STATLIGLEDNAMN"": ""Lakavattnet - Häbbersflyarna - Haravattnet - Lakavattnet +  Nils-Jonsavattnet"", ""SHAPE.LEN"": 108.095638598604}",14.64523571941186,64.01665454903761,LineString,108.09563859996237,0.0,https://www.openstreetmap.org/?mlat=64.0166545&mlon=14.6452357#map=18/64.0166545/14.6452357,coordinate_fallback,,,statliga_leder
12351241,Z 19,Lakavattnet - Häbbersflyarna - Haravattnet - Lakavattnet +  Nils-Jonsavattnet,548.629748758466,"{""OBJECTID"": 12351241, ""STATLIGLED"": ""Z 19"", ""STATLIGLEDNAMN"": ""Lakavattnet - Häbbersflyarna - Haravattnet - Lakavattnet +  Nils-Jonsavattnet"", ""SHAPE.LEN"": 548.629748758466}",14.580923100460359,64.05348244895552,LineString,548.6297487566328,0.0,https://www.openstreetmap.org/?mlat=64.0534824&mlon=14.5809231#map=18/64.0534824/14.5809231,coordinate_fallback,,,statliga_leder
12353105,Z 19,Lakavattnet - Häbbersflyarna - Haravattnet - Lakavattnet +  Nils-Jonsavattnet,427.557261842367,"{""OBJECTID"": 12353105, ""STATLIGLED"": ""Z 19"", ""STATLIGLEDNAMN"": ""Lakavattnet - Häbbersflyarna - Haravattnet - Lakavattnet +  Nils-Jonsavattnet"", ""SHAPE.LEN"": 427.557261842367}",14.651008549504974,64.01716678160759,LineString,427.5572618422154,0.0,https://www.openstreetmap.org/?mlat=64.0171668&mlon=14.6510085#map=18/64.0171668/14.6510085,coordinate_fallback,,,statliga_leder
12353104,Z 19,Lakavattnet - Häbbersflyarna - Haravattnet - Lakavattnet +  Nils-Jonsavattnet,1213.77253274567,"{""OBJECTID"": 12353104, ""STATLIGLED"": ""Z 19"", ""STATLIGLEDNAMN"": ""Lakavattnet - Häbbersflyarna - Haravattnet - Lakavattnet +  Nils-Jonsavattnet"", ""SHAPE.LEN"": 1213.77253274567}",14.616364111302705,64.05728395535509,LineString,1213.7725327460162,0.0,https://www.openstreetmap.org/?mlat=64.0572840&mlon=14.6163641#map=18/64.0572840/14.6163641,coordinate_fallback,,,statliga_leder
12353103,Z 19,Lakavattnet - Häbbersflyarna - Haravattnet - Lakavattnet +  Nils-Jonsavattnet,270.851363486507,"{""OBJECTID"": 12353103, ""STATLIGLED"": ""Z 19"", ""STATLIGLEDNAMN"": ""Lakavattnet - Häbbersflyarna - Haravattnet - Lakavattnet +  Nils-Jonsavattnet"", ""SHAPE.LEN"": 270.851363486507}",14.502103398936715,63.982626883249736,LineString,270.85136348540993,0.0,https://www.openstreetmap.org/?mlat=63.9826269&mlon=14.5021034#map=18/63.9826269/14.5021034,coordinate_fallback,,,statliga_leder
12353102,Z 19,Lakavattnet - Häbbersflyarna - Haravattnet - Lakavattnet +  Nils-Jonsavattnet,792.977821731835,"{""OBJECTID"": 12353102, ""STATLIGLED"": ""Z 19"", ""STATLIGLEDNAMN"": ""Lakavattnet - Häbbersflyarna - Haravattnet - Lakavattnet +  Nils-Jonsavattnet"", ""SHAPE.LEN"": 792.977821731835}",14.713215765379271,64.03293715161655,LineString,792.9778217319194,0.0,https://www.openstreetmap.org/?mlat=64.0329372&mlon=14.7132158#map=18/64.0329372/14.7132158,coordinate_fallback,,,statliga_leder
12353101,Z 19,Lakavattnet - Häbbersflyarna - Haravattnet - Lakavattnet +  Nils-Jonsavattnet,83.9718622905219,"{""OBJECTID"": 12353101, ""STATLIGLED"": ""Z 19"", ""STATLIGLEDNAMN"": ""Lakavattnet - Häbbersflyarna - Haravattnet - Lakavattnet +  Nils-Jonsavattnet"", ""SHAPE.LEN"": 83.9718622905219}",14.627284450622657,64.06039729817661,LineString,83.971862290808,0.0,https://www.openstreetmap.org/?mlat=64.0603973&mlon=14.6272845#map=18/64.0603973/14.6272845,coordinate_fallback,,,statliga_leder
12353100,Z 19,Lakavattnet - Häbbersflyarna - Haravattnet - Lakavattnet +  Nils-Jonsavattnet,123.745730465545,"{""OBJECTID"": 12353100, ""STATLIGLED"": ""Z 19"", ""STATLIGLEDNAMN"": ""Lakavattnet - Häbbersflyarna - Haravattnet - Lakavattnet +  Nils-Jonsavattnet"", ""SHAPE.LEN"": 123.745730465545}",14.552998972501936,64.01705573418619,LineString,123.74573046532352,0.0,https://www.openstreetmap.org/?mlat=64.0170557&mlon=14.5529990#map=18/64.0170557/14.5529990,coordinate_fallback,,,statliga_leder
12353099,Z 19,Lakavattnet - Häbbersflyarna - Haravattnet - Lakavattnet +  Nils-Jonsavattnet,651.974850027827,"{""OBJECTID"": 12353099, ""STATLIGLED"": ""Z 19"", ""STATLIGLEDNAMN"": ""Lakavattnet - Häbbersflyarna - Haravattnet - Lakavattnet +  Nils-Jonsavattnet"", ""SHAPE.LEN"": 651.974850027827}",14.679098990815518,64.05002235330161,LineString,651.9748500283504,0.0,https://www.openstreetmap.org/?mlat=64.0500224&mlon=14.6790990#map=18/64.0500224/14.6790990,coordinate_fallback,,,statliga_leder
12353098,Z 19,Lakavattnet - Häbbersflyarna - Haravattnet - Lakavattnet +  Nils-Jonsavattnet,4333.88968333401,"{""OBJECTID"": 12353098, ""STATLIGLED"": ""Z 19"", ""STATLIGLEDNAMN"": ""Lakavattnet - Häbbersflyarna - Haravattnet - Lakavattnet +  Nils-Jonsavattnet"", ""SHAPE.LEN"": 4333.88968333401}",14.65542071870764,63.9899686114923,LineString,4333.889683334305,0.0,https://www.openstreetmap.org/?mlat=63.9899686&mlon=14.6554207#map=18/63.9899686/14.6554207,coordinate_fallback,,,statliga_leder
12353097,Z 19,Lakavattnet - Häbbersflyarna - Haravattnet - Lakavattnet +  Nils-Jonsavattnet,526.402612434415,"{""OBJECTID"": 12353097, ""STATLIGLED"": ""Z 19"", ""STATLIGLEDNAMN"": ""Lakavattnet - Häbbersflyarna - Haravattnet - Lakavattnet +  Nils-Jonsavattnet"", ""SHAPE.LEN"": 526.402612434415}",14.526962341058253,64.02131341186691,LineString,526.4026124343512,0.0,https://www.openstreetmap.org/?mlat=64.0213134&mlon=14.5269623#map=18/64.0213134/14.5269623,coordinate_fallback,,,statliga_leder
12353096,Z 19,Lakavattnet - Häbbersflyarna - Haravattnet - Lakavattnet +  Nils-Jonsavattnet,418.652342869098,"{""OBJECTID"": 12353096, ""STATLIGLED"": ""Z 19"", ""STATLIGLEDNAMN"": ""Lakavattnet - Häbbersflyarna - Haravattnet - Lakavattnet +  Nils-Jonsavattnet"", ""SHAPE.LEN"": 418.652342869098}",14.539640587134862,64.01990885783962,LineString,418.6523428690808,0.0,https://www.openstreetmap.org/?mlat=64.0199089&mlon=14.5396406#map=18/64.0199089/14.5396406,coordinate_fallback,,,statliga_leder
12353095,Z 19,Lakavattnet - Häbbersflyarna - Haravattnet - Lakavattnet +  Nils-Jonsavattnet,177.606249292557,"{""OBJECTID"": 12353095, ""STATLIGLED"": ""Z 19"", ""STATLIGLEDNAMN"": ""Lakavattnet - Häbbersflyarna - Haravattnet - Lakavattnet +  Nils-Jonsavattnet"", ""SHAPE.LEN"": 177.606249292557}",14.715142973925236,64.02740077347016,LineString,177.60624929251222,0.0,https://www.openstreetmap.org/?mlat=64.0274008&mlon=14.7151430#map=18/64.0274008/14.7151430,coordinate_fallback,,,statliga_leder
12353093,Z 19,Lakavattnet - Häbbersflyarna - Haravattnet - Lakavattnet +  Nils-Jonsavattnet,766.718300227254,"{""OBJECTID"": 12353093, ""STATLIGLED"": ""Z 19"", ""STATLIGLEDNAMN"": ""Lakavattnet - Häbbersflyarna - Haravattnet - Lakavattnet +  Nils-Jonsavattnet"", ""SHAPE.LEN"": 766.718300227254}",14.665005537107376,64.05095725688997,LineString,766.718300227831,0.0,https://www.openstreetmap.org/?mlat=64.0509573&mlon=14.6650055#map=18/64.0509573/14.6650055,coordinate_fallback,,,statliga_leder
12353092,Z 19,Lakavattnet - Häbbersflyarna - Haravattnet - Lakavattnet +  Nils-Jonsavattnet,908.28747234147,"{""OBJECTID"": 12353092, ""STATLIGLED"": ""Z 19"", ""STATLIGLEDNAMN"": ""Lakavattnet - Häbbersflyarna - Haravattnet - Lakavattnet +  Nils-Jonsavattnet"", ""SHAPE.LEN"": 908.28747234147}",14.51056566110744,64.01557198293466,LineString,908.287472340563,0.0,https://www.openstreetmap.org/?mlat=64.0155720&mlon=14.5105657#map=18/64.0155720/14.5105657,coordinate_fallback,,,statliga_leder
12353091,Z 19,Lakavattnet - Häbbersflyarna - Haravattnet - Lakavattnet +  Nils-Jonsavattnet,9.58607478481156,"{""OBJECTID"": 12353091, ""STATLIGLED"": ""Z 19"", ""STATLIGLEDNAMN"": ""Lakavattnet - Häbbersflyarna - Haravattnet - Lakavattnet +  Nils-Jonsavattnet"", ""SHAPE.LEN"": 9.58607478481156}",14.586243314236118,64.05370065558174,LineString,9.586074785258456,0.0,https://www.openstreetmap.org/?mlat=64.0537007&mlon=14.5862433#map=18/64.0537007/14.5862433,coordinate_fallback,,,statliga_leder
12353064,Z 19,Lakavattnet - Häbbersflyarna - Haravattnet - Lakavattnet +  Nils-Jonsavattnet,873.526594096242,"{""OBJECTID"": 12353064, ""STATLIGLED"": ""Z 19"", ""STATLIGLEDNAMN"": ""Lakavattnet - Häbbersflyarna - Haravattnet - Lakavattnet +  Nils-Jonsavattnet"", ""SHAPE.LEN"": 873.526594096242}",14.694265594533512,63.981437272255555,LineString,873.5265940943417,0.0,https://www.openstreetmap.org/?mlat=63.9814373&mlon=14.6942656#map=18/63.9814373/14.6942656,coordinate_fallback,,,statliga_leder
12353063,Z 19,Lakavattnet - Häbbersflyarna - Haravattnet - Lakavattnet +  Nils-Jonsavattnet,124.902103262715,"{""OBJECTID"": 12353063, ""STATLIGLED"": ""Z 19"", ""STATLIGLEDNAMN"": ""Lakavattnet - Häbbersflyarna - Haravattnet - Lakavattnet +  Nils-Jonsavattnet"", ""SHAPE.LEN"": 124.902103262715}",14.684721775527027,64.01202868432594,LineString,124.90210326344605,0.0,https://www.openstreetmap.org/?mlat=64.0120287&mlon=14.6847218#map=18/64.0120287/14.6847218,coordinate_fallback,,,statliga_leder
12353062,Z 19,Lakavattnet - Häbbersflyarna - Haravattnet - Lakavattnet +  Nils-Jonsavattnet,48.0378571800408,"{""OBJECTID"": 12353062, ""STATLIGLED"": ""Z 19"", ""STATLIGLEDNAMN"": ""Lakavattnet - Häbbersflyarna - Haravattnet - Lakavattnet +  Nils-Jonsavattnet"", ""SHAPE.LEN"": 48.0378571800408}",14.492027461476304,63.976218831739246,LineString,48.03785717974285,0.0,https://www.openstreetmap.org/?mlat=63.9762188&mlon=14.4920275#map=18/63.9762188/14.4920275,coordinate_fallback,,,statliga_leder
12353061,Z 19,Lakavattnet - Häbbersflyarna - Haravattnet - Lakavattnet +  Nils-Jonsavattnet,77.7418604879636,"{""OBJECTID"": 12353061, ""STATLIGLED"": ""Z 19"", ""STATLIGLEDNAMN"": ""Lakavattnet - Häbbersflyarna - Haravattnet - Lakavattnet +  Nils-Jonsavattnet"", ""SHAPE.LEN"": 77.7418604879636}",14.75960296365204,63.96294248554856,LineString,77.7418604875696,0.0,https://www.openstreetmap.org/?mlat=63.9629425&mlon=14.7596030#map=18/63.9629425/14.7596030,coordinate_fallback,,,statliga_leder
12353058,Z 19,Lakavattnet - Häbbersflyarna - Haravattnet - Lakavattnet +  Nils-Jonsavattnet,255.941691881969,"{""OBJECTID"": 12353058, ""STATLIGLED"": ""Z 19"", ""STATLIGLEDNAMN"": ""Lakavattnet - Häbbersflyarna - Haravattnet - Lakavattnet +  Nils-Jonsavattnet"", ""SHAPE.LEN"": 255.941691881969}",14.64929748510883,64.05558572612443,LineString,255.94169187995456,0.0,https://www.openstreetmap.org/?mlat=64.0555857&mlon=14.6492975#map=18/64.0555857/14.6492975,coordinate_fallback,,,statliga_leder
12353056,Z 19,Lakavattnet - Häbbersflyarna - Haravattnet - Lakavattnet +  Nils-Jonsavattnet,1171.04173854269,"{""OBJECTID"": 12353056, ""STATLIGLED"": ""Z 19"", ""STATLIGLEDNAMN"": ""Lakavattnet - Häbbersflyarna - Haravattnet - Lakavattnet +  Nils-Jonsavattnet"", ""SHAPE.LEN"": 1171.04173854269}",14.639362156939125,64.06001415911051,LineString,1171.0417385430374,0.0,https://www.openstreetmap.org/?mlat=64.0600142&mlon=14.6393622#map=18/64.0600142/14.6393622,coordinate_fallback,,,statliga_leder
12353054,Z 19,Lakavattnet - Häbbersflyarna - Haravattnet - Lakavattnet +  Nils-Jonsavattnet,731.998223782012,"{""OBJECTID"": 12353054, ""STATLIGLED"": ""Z 19"", ""STATLIGLEDNAMN"": ""Lakavattnet - Häbbersflyarna - Haravattnet - Lakavattnet +  Nils-Jonsavattnet"", ""SHAPE.LEN"": 731.998223782012}",14.600557684703615,64.00014843398053,LineString,731.9982237822697,0.0,https://www.openstreetmap.org/?mlat=64.0001484&mlon=14.6005577#map=18/64.0001484/14.6005577,coordinate_fallback,,,statliga_leder
12353052,Z 19,Lakavattnet - Häbbersflyarna - Haravattnet - Lakavattnet +  Nils-Jonsavattnet,1011.67531077048,"{""OBJECTID"": 12353052, ""STATLIGLED"": ""Z 19"", ""STATLIGLEDNAMN"": ""Lakavattnet - Häbbersflyarna - Haravattnet - Lakavattnet +  Nils-Jonsavattnet"", ""SHAPE.LEN"": 1011.67531077048}",14.664838143499818,64.01550575212562,LineString,1011.6753107706414,0.0,https://www.openstreetmap.org/?mlat=64.0155058&mlon=14.6648381#map=18/64.0155058/14.6648381,coordinate_fallback,,,statliga_leder
12353051,Z 19,Lakavattnet - Häbbersflyarna - Haravattnet - Lakavattnet +  Nils-Jonsavattnet,20.5807785008245,"{""OBJECTID"": 12353051, ""STATLIGLED"": ""Z 19"", ""STATLIGLEDNAMN"": ""Lakavattnet - Häbbersflyarna - Haravattnet - Lakavattnet +  Nils-Jonsavattnet"", ""SHAPE.LEN"": 20.5807785008245}",14.491333394681956,63.97618525265984,LineString,20.5807785012736,0.0,https://www.openstreetmap.org/?mlat=63.9761853&mlon=14.4913334#map=18/63.9761853/14.4913334,coordinate_fallback,,,statliga_leder
12353048,Z 19,Lakavattnet - Häbbersflyarna - Haravattnet - Lakavattnet +  Nils-Jonsavattnet,360.473246931766,"{""OBJECTID"": 12353048, ""STATLIGLED"": ""Z 19"", ""STATLIGLEDNAMN"": ""Lakavattnet - Häbbersflyarna - Haravattnet - Lakavattnet +  Nils-Jonsavattnet"", ""SHAPE.LEN"": 360.473246931766}",14.717199627882946,64.02667367081551,LineString,360.4732469307285,0.0,https://www.openstreetmap.org/?mlat=64.0266737&mlon=14.7171996#map=18/64.0266737/14.7171996,coordinate_fallback,,,statliga_leder
12353045,Z 19,Lakavattnet - Häbbersflyarna - Haravattnet - Lakavattnet +  Nils-Jonsavattnet,0.337685356201783,"{""OBJECTID"": 12353045, ""STATLIGLED"": ""Z 19"", ""STATLIGLEDNAMN"": ""Lakavattnet - Häbbersflyarna - Haravattnet - Lakavattnet +  Nils-Jonsavattnet"", ""SHAPE.LEN"": 0.337685356201783}",14.648117520581371,64.05673426393628,LineString,0.3376853511371522,0.0,https://www.openstreetmap.org/?mlat=64.0567343&mlon=14.6481175#map=18/64.0567343/14.6481175,coordinate_fallback,,,statliga_leder
12353111,Z 19,Lakavattnet - Häbbersflyarna - Haravattnet - Lakavattnet +  Nils-Jonsavattnet,983.065668549722,"{""OBJECTID"": 12353111, ""STATLIGLED"": ""Z 19"", ""STATLIGLEDNAMN"": ""Lakavattnet - Häbbersflyarna - Haravattnet - Lakavattnet +  Nils-Jonsavattnet"", ""SHAPE.LEN"": 983.065668549722}",14.612636733597828,63.99441183045054,LineString,983.0656685510721,0.0,https://www.openstreetmap.org/?mlat=63.9944118&mlon=14.6126367#map=18/63.9944118/14.6126367,coordinate_fallback,,,statliga_leder
12353110,Z 19,Lakavattnet - Häbbersflyarna - Haravattnet - Lakavattnet +  Nils-Jonsavattnet,2739.14119791149,"{""OBJECTID"": 12353110, ""STATLIGLED"": ""Z 19"", ""STATLIGLEDNAMN"": ""Lakavattnet - Häbbersflyarna - Haravattnet - Lakavattnet +  Nils-Jonsavattnet"", ""SHAPE.LEN"": 2739.14119791149}",14.613479650724038,64.0147043162323,LineString,2739.141197912078,0.0,https://www.openstreetmap.org/?mlat=64.0147043&mlon=14.6134797#map=18/64.0147043/14.6134797,coordinate_fallback,,,statliga_leder
12353109,Z 19,Lakavattnet - Häbbersflyarna - Haravattnet - Lakavattnet +  Nils-Jonsavattnet,851.004229614135,"{""OBJECTID"": 12353109, ""STATLIGLED"": ""Z 19"", ""STATLIGLEDNAMN"": ""Lakavattnet - Häbbersflyarna - Haravattnet - Lakavattnet +  Nils-Jonsavattnet"", ""SHAPE.LEN"": 851.004229614135}",14.480890573548344,63.978054922731204,LineString,851.0042296153953,0.0,https://www.openstreetmap.org/?mlat=63.9780549&mlon=14.4808906#map=18/63.9780549/14.4808906,coordinate_fallback,,,statliga_leder
12353108,Z 19,Lakavattnet - Häbbersflyarna - Haravattnet - Lakavattnet +  Nils-Jonsavattnet,365.441085204039,"{""OBJECTID"": 12353108, ""STATLIGLED"": ""Z 19"", ""STATLIGLEDNAMN"": ""Lakavattnet - Häbbersflyarna - Haravattnet - Lakavattnet +  Nils-Jonsavattnet"", ""SHAPE.LEN"": 365.441085204039}",14.501083122394922,63.979691612210196,LineString,365.4410852041183,0.0,https://www.openstreetmap.org/?mlat=63.9796916&mlon=14.5010831#map=18/63.9796916/14.5010831,coordinate_fallback,,,statliga_leder
12353107,Z 19,Lakavattnet - Häbbersflyarna - Haravattnet - Lakavattnet +  Nils-Jonsavattnet,340.34563265046,"{""OBJECTID"": 12353107, ""STATLIGLED"": ""Z 19"", ""STATLIGLEDNAMN"": ""Lakavattnet - Häbbersflyarna - Haravattnet - Lakavattnet +  Nils-Jonsavattnet"", ""SHAPE.LEN"": 340.34563265046}",14.495341838598508,63.97690938316904,LineString,340.3456326525114,0.0,https://www.openstreetmap.org/?mlat=63.9769094&mlon=14.4953418#map=18/63.9769094/14.4953418,coordinate_fallback,,,statliga_leder
12353106,Z 19,Lakavattnet - Häbbersflyarna - Haravattnet - Lakavattnet +  Nils-Jonsavattnet,1931.79239730527,"{""OBJECTID"": 12353106, ""STATLIGLED"": ""Z 19"", ""STATLIGLEDNAMN"": ""Lakavattnet - Häbbersflyarna - Haravattnet - Lakavattnet +  Nils-Jonsavattnet"", ""SHAPE.LEN"": 1931.79239730527}",14.575131130254446,64.01315359271904,LineString,1931.7923973047548,0.0,https://www.openstreetmap.org/?mlat=64.0131536&mlon=14.5751311#map=18/64.0131536/14.5751311,coordinate_fallback,,,statliga_leder
12353189,Z 19,Lakavattnet - Häbbersflyarna - Haravattnet - Lakavattnet +  Nils-Jonsavattnet,551.22295800808,"{""OBJECTID"": 12353189, ""STATLIGLED"": ""Z 19"", ""STATLIGLEDNAMN"": ""Lakavattnet - Häbbersflyarna - Haravattnet - Lakavattnet +  Nils-Jonsavattnet"", ""SHAPE.LEN"": 551.22295800808}",14.67919116725358,64.01327756763997,LineString,551.2229580048771,0.0,https://www.openstreetmap.org/?mlat=64.0132776&mlon=14.6791912#map=18/64.0132776/14.6791912,coordinate_fallback,,,statliga_leder
12347414,Z 19,Lakavattnet - Häbbersflyarna - Haravattnet - Lakavattnet +  Nils-Jonsavattnet,258.398647418311,"{""OBJECTID"": 12347414, ""STATLIGLED"": ""Z 19"", ""STATLIGLEDNAMN"": ""Lakavattnet - Häbbersflyarna - Haravattnet - Lakavattnet +  Nils-Jonsavattnet"", ""SHAPE.LEN"": 258.398647418311}",14.5569081062356,64.01667620089994,LineString,258.39864742022195,0.0,https://www.openstreetmap.org/?mlat=64.0166762&mlon=14.5569081#map=18/64.0166762/14.5569081,coordinate_fallback,,,statliga_leder
12345455,Z 19,Lakavattnet - Häbbersflyarna - Haravattnet - Lakavattnet +  Nils-Jonsavattnet,28.6727242432595,"{""OBJECTID"": 12345455, ""STATLIGLED"": ""Z 19"", ""STATLIGLEDNAMN"": ""Lakavattnet - Häbbersflyarna - Haravattnet - Lakavattnet +  Nils-Jonsavattnet"", ""SHAPE.LEN"": 28.6727242432595}",14.651275386445935,64.05512357761856,LineString,28.67272424398163,0.0,https://www.openstreetmap.org/?mlat=64.0551236&mlon=14.6512754#map=18/64.0551236/14.6512754,coordinate_fallback,,,statliga_leder
12345454,Z 19,Lakavattnet - Häbbersflyarna - Haravattnet - Lakavattnet +  Nils-Jonsavattnet,70.8919894482444,"{""OBJECTID"": 12345454, ""STATLIGLED"": ""Z 19"", ""STATLIGLEDNAMN"": ""Lakavattnet - Häbbersflyarna - Haravattnet - Lakavattnet +  Nils-Jonsavattnet"", ""SHAPE.LEN"": 70.8919894482444}",14.700388890194887,64.04938459353303,LineString,70.89198944902648,0.0,https://www.openstreetmap.org/?mlat=64.0493846&mlon=14.7003889#map=18/64.0493846/14.7003889,coordinate_fallback,,,statliga_leder
12345189,Z 19,Lakavattnet - Häbbersflyarna - Haravattnet - Lakavattnet +  Nils-Jonsavattnet,101.620625726586,"{""OBJECTID"": 12345189, ""STATLIGLED"": ""Z 19"", ""STATLIGLEDNAMN"": ""Lakavattnet - Häbbersflyarna - Haravattnet - Lakavattnet +  Nils-Jonsavattnet"", ""SHAPE.LEN"": 101.620625726586}",14.70061955739864,64.01207919521318,LineString,101.62062572753841,0.0,https://www.openstreetmap.org/?mlat=64.0120792&mlon=14.7006196#map=18/64.0120792/14.7006196,coordinate_fallback,,,statliga_leder
12345188,Z 19,Lakavattnet - Häbbersflyarna - Haravattnet - Lakavattnet +  Nils-Jonsavattnet,75.7739540932107,"{""OBJECTID"": 12345188, ""STATLIGLED"": ""Z 19"", ""STATLIGLEDNAMN"": ""Lakavattnet - Häbbersflyarna - Haravattnet - Lakavattnet +  Nils-Jonsavattnet"", ""SHAPE.LEN"": 75.7739540932107}",14.706735345675567,64.04304515039982,LineString,75.77395409312192,0.0,https://www.openstreetmap.org/?mlat=64.0430452&mlon=14.7067353#map=18/64.0430452/14.7067353,coordinate_fallback,,,statliga_leder
12345187,Z 19,Lakavattnet - Häbbersflyarna - Haravattnet - Lakavattnet +  Nils-Jonsavattnet,8.14877438214734,"{""OBJECTID"": 12345187, ""STATLIGLED"": ""Z 19"", ""STATLIGLEDNAMN"": ""Lakavattnet - Häbbersflyarna - Haravattnet - Lakavattnet +  Nils-Jonsavattnet"", ""SHAPE.LEN"": 8.14877438214734}",14.559562512071968,64.01680420945009,LineString,8.148774381877677,0.0,https://www.openstreetmap.org/?mlat=64.0168042&mlon=14.5595625#map=18/64.0168042/14.5595625,coordinate_fallback,,,statliga_leder
12345186,Z 19,Lakavattnet - Häbbersflyarna - Haravattnet - Lakavattnet +  Nils-Jonsavattnet,25.4882517746902,"{""OBJECTID"": 12345186, ""STATLIGLED"": ""Z 19"", ""STATLIGLEDNAMN"": ""Lakavattnet - Häbbersflyarna - Haravattnet - Lakavattnet +  Nils-Jonsavattnet"", ""SHAPE.LEN"": 25.4882517746902}",14.532377312138085,64.02163566358807,LineString,25.48825177497388,0.0,https://www.openstreetmap.org/?mlat=64.0216357&mlon=14.5323773#map=18/64.0216357/14.5323773,coordinate_fallback,,,statliga_leder
12345185,Z 19,Lakavattnet - Häbbersflyarna - Haravattnet - Lakavattnet +  Nils-Jonsavattnet,7.96373929319638,"{""OBJECTID"": 12345185, ""STATLIGLED"": ""Z 19"", ""STATLIGLEDNAMN"": ""Lakavattnet - Häbbersflyarna - Haravattnet - Lakavattnet +  Nils-Jonsavattnet"", ""SHAPE.LEN"": 7.96373929319638}",14.554262310541938,64.0168521077329,LineString,7.963739292288668,0.0,https://www.openstreetmap.org/?mlat=64.0168521&mlon=14.5542623#map=18/64.0168521/14.5542623,coordinate_fallback,,,statliga_leder
12345184,Z 19,Lakavattnet - Häbbersflyarna - Haravattnet - Lakavattnet +  Nils-Jonsavattnet,62.69650843811,"{""OBJECTID"": 12345184, ""STATLIGLED"": ""Z 19"", ""STATLIGLEDNAMN"": ""Lakavattnet - Häbbersflyarna - Haravattnet - Lakavattnet +  Nils-Jonsavattnet"", ""SHAPE.LEN"": 62.69650843811}",14.628721534436242,64.06054327704433,LineString,62.696508437619656,0.0,https://www.openstreetmap.org/?mlat=64.0605433&mlon=14.6287215#map=18/64.0605433/14.6287215,coordinate_fallback,,,statliga_leder
12345183,Z 19,Lakavattnet - Häbbersflyarna - Haravattnet - Lakavattnet +  Nils-Jonsavattnet,9.10781329463884,"{""OBJECTID"": 12345183, ""STATLIGLED"": ""Z 19"", ""STATLIGLEDNAMN"": ""Lakavattnet - Häbbersflyarna - Haravattnet - Lakavattnet +  Nils-Jonsavattnet"", ""SHAPE.LEN"": 9.10781329463884}",14.798048836777859,63.98226359842309,LineString,9.107813295542327,0.0,https://www.openstreetmap.org/?mlat=63.9822636&mlon=14.7980488#map=18/63.9822636/14.7980488,coordinate_fallback,,,statliga_leder
12345182,Z 19,Lakavattnet - Häbbersflyarna - Haravattnet - Lakavattnet +  Nils-Jonsavattnet,12.5162576020151,"{""OBJECTID"": 12345182, ""STATLIGLED"": ""Z 19"", ""STATLIGLEDNAMN"": ""Lakavattnet - Häbbersflyarna - Haravattnet - Lakavattnet +  Nils-Jonsavattnet"", ""SHAPE.LEN"": 12.5162576020151}",14.650917845484209,64.0550172211044,LineString,12.516257600694104,0.0,https://www.openstreetmap.org/?mlat=64.0550172&mlon=14.6509178#map=18/64.0550172/14.6509178,coordinate_fallback,,,statliga_leder
12345181,Z 19,Lakavattnet - Häbbersflyarna - Haravattnet - Lakavattnet +  Nils-Jonsavattnet,30.2245648334265,"{""OBJECTID"": 12345181, ""STATLIGLED"": ""Z 19"", ""STATLIGLEDNAMN"": ""Lakavattnet - Häbbersflyarna - Haravattnet - Lakavattnet +  Nils-Jonsavattnet"", ""SHAPE.LEN"": 30.2245648334265}",14.62620397406177,64.06019189830417,LineString,30.224564833123598,0.0,https://www.openstreetmap.org/?mlat=64.0601919&mlon=14.6262040#map=18/64.0601919/14.6262040,coordinate_fallback,,,statliga_leder
12345180,Z 19,Lakavattnet - Häbbersflyarna - Haravattnet - Lakavattnet +  Nils-Jonsavattnet,43.6558749718752,"{""OBJECTID"": 12345180, ""STATLIGLED"": ""Z 19"", ""STATLIGLEDNAMN"": ""Lakavattnet - Häbbersflyarna - Haravattnet - Lakavattnet +  Nils-Jonsavattnet"", ""SHAPE.LEN"": 43.6558749718752}",14.708042327040014,64.03961061466943,LineString,43.65587497219859,0.0,https://www.openstreetmap.org/?mlat=64.0396106&mlon=14.7080423#map=18/64.0396106/14.7080423,coordinate_fallback,,,statliga_leder
12345179,Z 19,Lakavattnet - Häbbersflyarna - Haravattnet - Lakavattnet +  Nils-Jonsavattnet,14.5543356814982,"{""OBJECTID"": 12345179, ""STATLIGLED"": ""Z 19"", ""STATLIGLEDNAMN"": ""Lakavattnet - Häbbersflyarna - Haravattnet - Lakavattnet +  Nils-Jonsavattnet"", ""SHAPE.LEN"": 14.5543356814982}",14.559834978383764,64.01689631692759,LineString,14.554335680931947,0.0,https://www.openstreetmap.org/?mlat=64.0168963&mlon=14.5598350#map=18/64.0168963/14.5598350,coordinate_fallback,,,statliga_leder
12345178,Z 19,Lakavattnet - Häbbersflyarna - Haravattnet - Lakavattnet +  Nils-Jonsavattnet,92.9206932964751,"{""OBJECTID"": 12345178, ""STATLIGLED"": ""Z 19"", ""STATLIGLEDNAMN"": ""Lakavattnet - Häbbersflyarna - Haravattnet - Lakavattnet +  Nils-Jonsavattnet"", ""SHAPE.LEN"": 92.9206932964751}",14.548641534265991,64.01757785193226,LineString,92.92069329641689,0.0,https://www.openstreetmap.org/?mlat=64.0175779&mlon=14.5486415#map=18/64.0175779/14.5486415,coordinate_fallback,,,statliga_leder
12345177,Z 19,Lakavattnet - Häbbersflyarna - Haravattnet - Lakavattnet +  Nils-Jonsavattnet,52.8448845619895,"{""OBJECTID"": 12345177, ""STATLIGLED"": ""Z 19"", ""STATLIGLEDNAMN"": ""Lakavattnet - Häbbersflyarna - Haravattnet - Lakavattnet +  Nils-Jonsavattnet"", ""SHAPE.LEN"": 52.8448845619895}",14.445756374016304,63.97539676995311,LineString,52.84488456284959,0.0,https://www.openstreetmap.org/?mlat=63.9753968&mlon=14.4457564#map=18/63.9753968/14.4457564,coordinate_fallback,,,statliga_leder
12345176,Z 19,Lakavattnet - Häbbersflyarna - Haravattnet - Lakavattnet +  Nils-Jonsavattnet,51.1341827842198,"{""OBJECTID"": 12345176, ""STATLIGLED"": ""Z 19"", ""STATLIGLEDNAMN"": ""Lakavattnet - Häbbersflyarna - Haravattnet - Lakavattnet +  Nils-Jonsavattnet"", ""SHAPE.LEN"": 51.1341827842198}",14.685905137165237,64.05016845702247,LineString,51.13418278364991,0.0,https://www.openstreetmap.org/?mlat=64.0501685&mlon=14.6859051#map=18/64.0501685/14.6859051,coordinate_fallback,,,statliga_leder
12345175,Z 19,Lakavattnet - Häbbersflyarna - Haravattnet - Lakavattnet +  Nils-Jonsavattnet,9.90155831775989,"{""OBJECTID"": 12345175, ""STATLIGLED"": ""Z 19"", ""STATLIGLEDNAMN"": ""Lakavattnet - Häbbersflyarna - Haravattnet - Lakavattnet +  Nils-Jonsavattnet"", ""SHAPE.LEN"": 9.90155831775989}",14.549874551934556,64.01745791152639,LineString,9.901558317722445,0.0,https://www.openstreetmap.org/?mlat=64.0174579&mlon=14.5498746#map=18/64.0174579/14.5498746,coordinate_fallback,,,statliga_leder
12345174,Z 19,Lakavattnet - Häbbersflyarna - Haravattnet - Lakavattnet +  Nils-Jonsavattnet,19.8017190778983,"{""OBJECTID"": 12345174, ""STATLIGLED"": ""Z 19"", ""STATLIGLEDNAMN"": ""Lakavattnet - Häbbersflyarna - Haravattnet - Lakavattnet +  Nils-Jonsavattnet"", ""SHAPE.LEN"": 19.8017190778983}",14.71164096496183,64.03592872819154,LineString,19.801719078949986,0.0,https://www.openstreetmap.org/?mlat=64.0359287&mlon=14.7116410#map=18/64.0359287/14.7116410,coordinate_fallback,,,statliga_leder
12345173,Z 19,Lakavattnet - Häbbersflyarna - Haravattnet - Lakavattnet +  Nils-Jonsavattnet,19.2020575215262,"{""OBJECTID"": 12345173, ""STATLIGLED"": ""Z 19"", ""STATLIGLEDNAMN"": ""Lakavattnet - Häbbersflyarna - Haravattnet - Lakavattnet +  Nils-Jonsavattnet"", ""SHAPE.LEN"": 19.2020575215262}",14.706770545010286,64.04138297172659,LineString,19.202057519485045,0.0,https://www.openstreetmap.org/?mlat=64.0413830&mlon=14.7067705#map=18/64.0413830/14.7067705,coordinate_fallback,,,statliga_leder
12345172,Z 19,Lakavattnet - Häbbersflyarna - Haravattnet - Lakavattnet +  Nils-Jonsavattnet,24.5668265620389,"{""OBJECTID"": 12345172, ""STATLIGLED"": ""Z 19"", ""STATLIGLEDNAMN"": ""Lakavattnet - Häbbersflyarna - Haravattnet - Lakavattnet +  Nils-Jonsavattnet"", ""SHAPE.LEN"": 24.5668265620389}",14.5515691527369,64.01727426869344,LineString,24.566826561875672,0.0,https://www.openstreetmap.org/?mlat=64.0172743&mlon=14.5515692#map=18/64.0172743/14.5515692,coordinate_fallback,,,statliga_leder
12350742,Z 19,Lakavattnet - Häbbersflyarna - Haravattnet - Lakavattnet +  Nils-Jonsavattnet,117.479577647879,"{""OBJECTID"": 12350742, ""STATLIGLED"": ""Z 19"", ""STATLIGLEDNAMN"": ""Lakavattnet - Häbbersflyarna - Haravattnet - Lakavattnet +  Nils-Jonsavattnet"", ""SHAPE.LEN"": 117.479577647879}",14.499045037458949,63.9780698922588,LineString,117.47957764827161,0.0,https://www.openstreetmap.org/?mlat=63.9780699&mlon=14.4990450#map=18/63.9780699/14.4990450,coordinate_fallback,,,statliga_leder
12350681,Z 19,Lakavattnet - Häbbersflyarna - Haravattnet - Lakavattnet +  Nils-Jonsavattnet,79.779503467056,"{""OBJECTID"": 12350681, ""STATLIGLED"": ""Z 19"", ""STATLIGLEDNAMN"": ""Lakavattnet - Häbbersflyarna - Haravattnet - Lakavattnet +  Nils-Jonsavattnet"", ""SHAPE.LEN"": 79.779503467056}",14.490636267921975,63.97648532915994,LineString,79.77950346763963,0.0,https://www.openstreetmap.org/?mlat=63.9764853&mlon=14.4906363#map=18/63.9764853/14.4906363,coordinate_fallback,,,statliga_leder
12350679,Z 19,Lakavattnet - Häbbersflyarna - Haravattnet - Lakavattnet +  Nils-Jonsavattnet,521.828644056974,"{""OBJECTID"": 12350679, ""STATLIGLED"": ""Z 19"", ""STATLIGLEDNAMN"": ""Lakavattnet - Häbbersflyarna - Haravattnet - Lakavattnet +  Nils-Jonsavattnet"", ""SHAPE.LEN"": 521.828644056974}",14.59293998093467,64.00467304270512,LineString,521.828644056383,0.0,https://www.openstreetmap.org/?mlat=64.0046730&mlon=14.5929400#map=18/64.0046730/14.5929400,coordinate_fallback,,,statliga_leder
12350678,Z 19,Lakavattnet - Häbbersflyarna - Haravattnet - Lakavattnet +  Nils-Jonsavattnet,0.811387558445408,"{""OBJECTID"": 12350678, ""STATLIGLED"": ""Z 19"", ""STATLIGLEDNAMN"": ""Lakavattnet - Häbbersflyarna - Haravattnet - Lakavattnet +  Nils-Jonsavattnet"", ""SHAPE.LEN"": 0.811387558445408}",14.596108329343851,64.00278660022369,LineString,0.8113875573356368,0.0,https://www.openstreetmap.org/?mlat=64.0027866&mlon=14.5961083#map=18/64.0027866/14.5961083,coordinate_fallback,,,statliga_leder
12350677,Z 19,Lakavattnet - Häbbersflyarna - Haravattnet - Lakavattnet +  Nils-Jonsavattnet,6.0341012586797,"{""OBJECTID"": 12350677, ""STATLIGLED"": ""Z 19"", ""STATLIGLEDNAMN"": ""Lakavattnet - Häbbersflyarna - Haravattnet - Lakavattnet +  Nils-Jonsavattnet"", ""SHAPE.LEN"": 6.0341012586797}",14.58972754176371,64.00657609532414,LineString,6.034101260573331,0.0,https://www.openstreetmap.org/?mlat=64.0065761&mlon=14.5897275#map=18/64.0065761/14.5897275,coordinate_fallback,,,statliga_leder
12353359,Z 19,Lakavattnet - Häbbersflyarna - Haravattnet - Lakavattnet +  Nils-Jonsavattnet,225.009913296459,"{""OBJECTID"": 12353359, ""STATLIGLED"": ""Z 19"", ""STATLIGLEDNAMN"": ""Lakavattnet - Häbbersflyarna - Haravattnet - Lakavattnet +  Nils-Jonsavattnet"", ""SHAPE.LEN"": 225.009913296459}",14.59684690037032,64.00374661120374,LineString,225.00991329603184,0.0,https://www.openstreetmap.org/?mlat=64.0037466&mlon=14.5968469#map=18/64.0037466/14.5968469,coordinate_fallback,,,statliga_leder
12353358,Z 19,Lakavattnet - Häbbersflyarna - Haravattnet - Lakavattnet +  Nils-Jonsavattnet,91.3013790718315,"{""OBJECTID"": 12353358, ""STATLIGLED"": ""Z 19"", ""STATLIGLEDNAMN"": ""Lakavattnet - Häbbersflyarna - Haravattnet - Lakavattnet +  Nils-Jonsavattnet"", ""SHAPE.LEN"": 91.3013790718315}",14.656483313661795,64.05134777628975,LineString,91.3013790713119,0.0,https://www.openstreetmap.org/?mlat=64.0513478&mlon=14.6564833#map=18/64.0513478/14.6564833,coordinate_fallback,,,statliga_leder
12353356,Z 19,Lakavattnet - Häbbersflyarna - Haravattnet - Lakavattnet +  Nils-Jonsavattnet,102.289187788544,"{""OBJECTID"": 12353356, ""STATLIGLED"": ""Z 19"", ""STATLIGLEDNAMN"": ""Lakavattnet - Häbbersflyarna - Haravattnet - Lakavattnet +  Nils-Jonsavattnet"", ""SHAPE.LEN"": 102.289187788544}",14.562432144640937,64.04392617221723,LineString,102.28918778879725,0.0,https://www.openstreetmap.org/?mlat=64.0439262&mlon=14.5624321#map=18/64.0439262/14.5624321,coordinate_fallback,,,statliga_leder
12353355,Z 19,Lakavattnet - Häbbersflyarna - Haravattnet - Lakavattnet +  Nils-Jonsavattnet,1417.04449617409,"{""OBJECTID"": 12353355, ""STATLIGLED"": ""Z 19"", ""STATLIGLEDNAMN"": ""Lakavattnet - Häbbersflyarna - Haravattnet - Lakavattnet +  Nils-Jonsavattnet"", ""SHAPE.LEN"": 1417.04449617409}",14.46111059995619,63.97920550478455,LineString,1417.044496174278,0.0,https://www.openstreetmap.org/?mlat=63.9792055&mlon=14.4611106#map=18/63.9792055/14.4611106,coordinate_fallback,,,statliga_leder
12353354,Z 19,Lakavattnet - Häbbersflyarna - Haravattnet - Lakavattnet +  Nils-Jonsavattnet,37.8688190588595,"{""OBJECTID"": 12353354, ""STATLIGLED"": ""Z 19"", ""STATLIGLEDNAMN"": ""Lakavattnet - Häbbersflyarna - Haravattnet - Lakavattnet +  Nils-Jonsavattnet"", ""SHAPE.LEN"": 37.8688190588595}",14.68581213695113,64.01148020686674,LineString,37.86881906026743,0.0,https://www.openstreetmap.org/?mlat=64.0114802&mlon=14.6858121#map=18/64.0114802/14.6858121,coordinate_fallback,,,statliga_leder
12353353,Z 19,Lakavattnet - Häbbersflyarna - Haravattnet - Lakavattnet +  Nils-Jonsavattnet,19.0354541771401,"{""OBJECTID"": 12353353, ""STATLIGLED"": ""Z 19"", ""STATLIGLEDNAMN"": ""Lakavattnet - Häbbersflyarna - Haravattnet - Lakavattnet +  Nils-Jonsavattnet"", ""SHAPE.LEN"": 19.0354541771401}",14.498243401945116,63.97755889500606,LineString,19.03545417561463,0.0,https://www.openstreetmap.org/?mlat=63.9775589&mlon=14.4982434#map=18/63.9775589/14.4982434,coordinate_fallback,,,statliga_leder
12353352,Z 19,Lakavattnet - Häbbersflyarna - Haravattnet - Lakavattnet +  Nils-Jonsavattnet,8599.76856634735,"{""OBJECTID"": 12353352, ""STATLIGLED"": ""Z 19"", ""STATLIGLEDNAMN"": ""Lakavattnet - Häbbersflyarna - Haravattnet - Lakavattnet +  Nils-Jonsavattnet"", ""SHAPE.LEN"": 8599.76856634735}",14.703278559513668,63.938310726395976,LineString,8599.768566348008,0.0,https://www.openstreetmap.org/?mlat=63.9383107&mlon=14.7032786#map=18/63.9383107/14.7032786,coordinate_fallback,,,statliga_leder
12353350,Z 19,Lakavattnet - Häbbersflyarna - Haravattnet - Lakavattnet +  Nils-Jonsavattnet,539.33957551128,"{""OBJECTID"": 12353350, ""STATLIGLED"": ""Z 19"", ""STATLIGLEDNAMN"": ""Lakavattnet - Häbbersflyarna - Haravattnet - Lakavattnet +  Nils-Jonsavattnet"", ""SHAPE.LEN"": 539.33957551128}",14.703436806582213,64.04716041456821,LineString,539.3395755087838,0.0,https://www.openstreetmap.org/?mlat=64.0471604&mlon=14.7034368#map=18/64.0471604/14.7034368,coordinate_fallback,,,statliga_leder
12353238,Z 19,Lakavattnet - Häbbersflyarna - Haravattnet - Lakavattnet +  Nils-Jonsavattnet,2840.07307449713,"{""OBJECTID"": 12353238, ""STATLIGLED"": ""Z 19"", ""STATLIGLEDNAMN"": ""Lakavattnet - Häbbersflyarna - Haravattnet - Lakavattnet +  Nils-Jonsavattnet"", ""SHAPE.LEN"": 2840.07307449713}",14.733318907262243,63.96726226203553,LineString,2840.0730744953753,0.0,https://www.openstreetmap.org/?mlat=63.9672623&mlon=14.7333189#map=18/63.9672623/14.7333189,coordinate_fallback,,,statliga_leder
12353406,Z 19,Lakavattnet - Häbbersflyarna - Haravattnet - Lakavattnet +  Nils-Jonsavattnet,170.214742861639,"{""OBJECTID"": 12353406, ""STATLIGLED"": ""Z 19"", ""STATLIGLEDNAMN"": ""Lakavattnet - Häbbersflyarna - Haravattnet - Lakavattnet +  Nils-Jonsavattnet"", ""SHAPE.LEN"": 170.214742861639}",14.706311491955725,64.04415426251556,LineString,170.21474286010007,0.0,https://www.openstreetmap.org/?mlat=64.0441543&mlon=14.7063115#map=18/64.0441543/14.7063115,coordinate_fallback,,,statliga_leder
12353405,Z 19,Lakavattnet - Häbbersflyarna - Haravattnet - Lakavattnet +  Nils-Jonsavattnet,611.25335460342,"{""OBJECTID"": 12353405, ""STATLIGLED"": ""Z 19"", ""STATLIGLEDNAMN"": ""Lakavattnet - Häbbersflyarna - Haravattnet - Lakavattnet +  Nils-Jonsavattnet"", ""SHAPE.LEN"": 611.25335460342}",14.65427631510729,64.05426651726957,LineString,611.2533546045507,0.0,https://www.openstreetmap.org/?mlat=64.0542665&mlon=14.6542763#map=18/64.0542665/14.6542763,coordinate_fallback,,,statliga_leder
12353404,Z 19,Lakavattnet - Häbbersflyarna - Haravattnet - Lakavattnet +  Nils-Jonsavattnet,1204.42263320209,"{""OBJECTID"": 12353404, ""STATLIGLED"": ""Z 19"", ""STATLIGLEDNAMN"": ""Lakavattnet - Häbbersflyarna - Haravattnet - Lakavattnet +  Nils-Jonsavattnet"", ""SHAPE.LEN"": 1204.42263320209}",14.571289419710805,64.04772016869484,LineString,1204.422633201841,0.0,https://www.openstreetmap.org/?mlat=64.0477202&mlon=14.5712894#map=18/64.0477202/14.5712894,coordinate_fallback,,,statliga_leder
12353403,Z 19,Lakavattnet - Häbbersflyarna - Haravattnet - Lakavattnet +  Nils-Jonsavattnet,138.174575654478,"{""OBJECTID"": 12353403, ""STATLIGLED"": ""Z 19"", ""STATLIGLEDNAMN"": ""Lakavattnet - Häbbersflyarna - Haravattnet - Lakavattnet +  Nils-Jonsavattnet"", ""SHAPE.LEN"": 138.174575654478}",14.706817999310156,64.04208996329503,LineString,138.17457565731632,0.0,https://www.openstreetmap.org/?mlat=64.0420900&mlon=14.7068180#map=18/64.0420900/14.7068180,coordinate_fallback,,,statliga_leder
12353402,Z 19,Lakavattnet - Häbbersflyarna - Haravattnet - Lakavattnet +  Nils-Jonsavattnet,306.968570332665,"{""OBJECTID"": 12353402, ""STATLIGLED"": ""Z 19"", ""STATLIGLEDNAMN"": ""Lakavattnet - Häbbersflyarna - Haravattnet - Lakavattnet +  Nils-Jonsavattnet"", ""SHAPE.LEN"": 306.968570332665}",14.544682295345785,64.01794493343975,LineString,306.9685703328477,0.0,https://www.openstreetmap.org/?mlat=64.0179449&mlon=14.5446823#map=18/64.0179449/14.5446823,coordinate_fallback,,,statliga_leder
12353401,Z 19,Lakavattnet - Häbbersflyarna - Haravattnet - Lakavattnet +  Nils-Jonsavattnet,457.600827343866,"{""OBJECTID"": 12353401, ""STATLIGLED"": ""Z 19"", ""STATLIGLEDNAMN"": ""Lakavattnet - Häbbersflyarna - Haravattnet - Lakavattnet +  Nils-Jonsavattnet"", ""SHAPE.LEN"": 457.600827343866}",14.709184487175367,64.03733508702233,LineString,457.6008273412283,0.0,https://www.openstreetmap.org/?mlat=64.0373351&mlon=14.7091845#map=18/64.0373351/14.7091845,coordinate_fallback,,,statliga_leder
12353399,Z 19,Lakavattnet - Häbbersflyarna - Haravattnet - Lakavattnet +  Nils-Jonsavattnet,112.843912780244,"{""OBJECTID"": 12353399, ""STATLIGLED"": ""Z 19"", ""STATLIGLEDNAMN"": ""Lakavattnet - Häbbersflyarna - Haravattnet - Lakavattnet +  Nils-Jonsavattnet"", ""SHAPE.LEN"": 112.843912780244}",14.489604608411073,63.97715994320187,LineString,112.84391278110093,0.0,https://www.openstreetmap.org/?mlat=63.9771599&mlon=14.4896046#map=18/63.9771599/14.4896046,coordinate_fallback,,,statliga_leder
12353398,Z 19,Lakavattnet - Häbbersflyarna - Haravattnet - Lakavattnet +  Nils-Jonsavattnet,853.633970905979,"{""OBJECTID"": 12353398, ""STATLIGLED"": ""Z 19"", ""STATLIGLEDNAMN"": ""Lakavattnet - Häbbersflyarna - Haravattnet - Lakavattnet +  Nils-Jonsavattnet"", ""SHAPE.LEN"": 853.633970905979}",14.70441405974284,63.975395278268266,LineString,853.6339709062961,0.0,https://www.openstreetmap.org/?mlat=63.9753953&mlon=14.7044141#map=18/63.9753953/14.7044141,coordinate_fallback,,,statliga_leder
12353237,Z 19,Lakavattnet - Häbbersflyarna - Haravattnet - Lakavattnet +  Nils-Jonsavattnet,262.601730422707,"{""OBJECTID"": 12353237, ""STATLIGLED"": ""Z 19"", ""STATLIGLEDNAMN"": ""Lakavattnet - Häbbersflyarna - Haravattnet - Lakavattnet +  Nils-Jonsavattnet"", ""SHAPE.LEN"": 262.601730422707}",14.604480841952528,64.05337508220043,LineString,262.6017304225281,0.0,https://www.openstreetmap.org/?mlat=64.0533751&mlon=14.6044808#map=18/64.0533751/14.6044808,coordinate_fallback,,,statliga_leder
12353236,Z 19,Lakavattnet - Häbbersflyarna - Haravattnet - Lakavattnet +  Nils-Jonsavattnet,2256.6060514652,"{""OBJECTID"": 12353236, ""STATLIGLED"": ""Z 19"", ""STATLIGLEDNAMN"": ""Lakavattnet - Häbbersflyarna - Haravattnet - Lakavattnet +  Nils-Jonsavattnet"", ""SHAPE.LEN"": 2256.6060514652}",14.780501763501162,63.95765568103521,LineString,2256.6060514667606,0.0,https://www.openstreetmap.org/?mlat=63.9576557&mlon=14.7805018#map=18/63.9576557/14.7805018,coordinate_fallback,,,statliga_leder
12353235,Z 19,Lakavattnet - Häbbersflyarna - Haravattnet - Lakavattnet +  Nils-Jonsavattnet,7014.62236529243,"{""OBJECTID"": 12353235, ""STATLIGLED"": ""Z 19"", ""STATLIGLEDNAMN"": ""Lakavattnet - Häbbersflyarna - Haravattnet - Lakavattnet +  Nils-Jonsavattnet"", ""SHAPE.LEN"": 7014.62236529243}",14.757544401163456,64.00447593178968,LineString,7014.622365293642,0.0,https://www.openstreetmap.org/?mlat=64.0044759&mlon=14.7575444#map=18/64.0044759/14.7575444,coordinate_fallback,,,statliga_leder
12353234,Z 19,Lakavattnet - Häbbersflyarna - Haravattnet - Lakavattnet +  Nils-Jonsavattnet,68.0917681201627,"{""OBJECTID"": 12353234, ""STATLIGLED"": ""Z 19"", ""STATLIGLEDNAMN"": ""Lakavattnet - Häbbersflyarna - Haravattnet - Lakavattnet +  Nils-Jonsavattnet"", ""SHAPE.LEN"": 68.0917681201627}",14.55064903925036,64.01737398202224,LineString,68.0917681204937,0.0,https://www.openstreetmap.org/?mlat=64.0173740&mlon=14.5506490#map=18/64.0173740/14.5506490,coordinate_fallback,,,statliga_leder
12353233,Z 19,Lakavattnet - Häbbersflyarna - Haravattnet - Lakavattnet +  Nils-Jonsavattnet,2301.30574358378,"{""OBJECTID"": 12353233, ""STATLIGLED"": ""Z 19"", ""STATLIGLEDNAMN"": ""Lakavattnet - Häbbersflyarna - Haravattnet - Lakavattnet +  Nils-Jonsavattnet"", ""SHAPE.LEN"": 2301.30574358378}",14.713275485703601,64.01715653594711,LineString,2301.3057435832948,0.0,https://www.openstreetmap.org/?mlat=64.0171565&mlon=14.7132755#map=18/64.0171565/14.7132755,coordinate_fallback,,,statliga_leder
12353232,Z 19,Lakavattnet - Häbbersflyarna - Haravattnet - Lakavattnet +  Nils-Jonsavattnet,430.317007217873,"{""OBJECTID"": 12353232, ""STATLIGLED"": ""Z 19"", ""STATLIGLEDNAMN"": ""Lakavattnet - Häbbersflyarna - Haravattnet - Lakavattnet +  Nils-Jonsavattnet"", ""SHAPE.LEN"": 430.317007217873}",14.501158285133661,63.98576577773684,LineString,430.3170072205386,0.0,https://www.openstreetmap.org/?mlat=63.9857658&mlon=14.5011583#map=18/63.9857658/14.5011583,coordinate_fallback,,,statliga_leder
12353231,Z 19,Lakavattnet - Häbbersflyarna - Haravattnet - Lakavattnet +  Nils-Jonsavattnet,2953.5643486195,"{""OBJECTID"": 12353231, ""STATLIGLED"": ""Z 19"", ""STATLIGLEDNAMN"": ""Lakavattnet - Häbbersflyarna - Haravattnet - Lakavattnet +  Nils-Jonsavattnet"", ""SHAPE.LEN"": 2953.5643486195}",14.498195186920615,64.00077033687552,LineString,2953.564348619946,0.0,https://www.openstreetmap.org/?mlat=64.0007703&mlon=14.4981952#map=18/64.0007703/14.4981952,coordinate_fallback,,,statliga_leder
12353230,Z 19,Lakavattnet - Häbbersflyarna - Haravattnet - Lakavattnet +  Nils-Jonsavattnet,38.5456796614677,"{""OBJECTID"": 12353230, ""STATLIGLED"": ""Z 19"", ""STATLIGLEDNAMN"": ""Lakavattnet - Häbbersflyarna - Haravattnet - Lakavattnet +  Nils-Jonsavattnet"", ""SHAPE.LEN"": 38.5456796614677}",14.760780845753628,63.96300872347935,LineString,38.54567966134497,0.0,https://www.openstreetmap.org/?mlat=63.9630087&mlon=14.7607808#map=18/63.9630087/14.7607808,coordinate_fallback,,,statliga_leder
12353229,Z 19,Lakavattnet - Häbbersflyarna - Haravattnet - Lakavattnet +  Nils-Jonsavattnet,272.729397927627,"{""OBJECTID"": 12353229, ""STATLIGLED"": ""Z 19"", ""STATLIGLEDNAMN"": ""Lakavattnet - Häbbersflyarna - Haravattnet - Lakavattnet +  Nils-Jonsavattnet"", ""SHAPE.LEN"": 272.729397927627}",14.599119969537643,64.05315295167055,LineString,272.72939792788696,0.0,https://www.openstreetmap.org/?mlat=64.0531530&mlon=14.5991200#map=18/64.0531530/14.5991200,coordinate_fallback,,,statliga_leder
12353228,Z 19,Lakavattnet - Häbbersflyarna - Haravattnet - Lakavattnet +  Nils-Jonsavattnet,373.570976365369,"{""OBJECTID"": 12353228, ""STATLIGLED"": ""Z 19"", ""STATLIGLEDNAMN"": ""Lakavattnet - Häbbersflyarna - Haravattnet - Lakavattnet +  Nils-Jonsavattnet"", ""SHAPE.LEN"": 373.570976365369}",14.696977410250751,64.01072759960296,LineString,373.5709763650912,0.0,https://www.openstreetmap.org/?mlat=64.0107276&mlon=14.6969774#map=18/64.0107276/14.6969774,coordinate_fallback,,,statliga_leder
12353227,Z 19,Lakavattnet - Häbbersflyarna - Haravattnet - Lakavattnet +  Nils-Jonsavattnet,545.805790416029,"{""OBJECTID"": 12353227, ""STATLIGLED"": ""Z 19"", ""STATLIGLEDNAMN"": ""Lakavattnet - Häbbersflyarna - Haravattnet - Lakavattnet +  Nils-Jonsavattnet"", ""SHAPE.LEN"": 545.805790416029}",14.591401474150107,64.05315836939349,LineString,545.8057904165029,0.0,https://www.openstreetmap.org/?mlat=64.0531584&mlon=14.5914015#map=18/64.0531584/14.5914015,coordinate_fallback,,,statliga_leder
12353226,Z 19,Lakavattnet - Häbbersflyarna - Haravattnet - Lakavattnet +  Nils-Jonsavattnet,5.46336381453771,"{""OBJECTID"": 12353226, ""STATLIGLED"": ""Z 19"", ""STATLIGLEDNAMN"": ""Lakavattnet - Häbbersflyarna - Haravattnet - Lakavattnet +  Nils-Jonsavattnet"", ""SHAPE.LEN"": 5.46336381453771}",14.559667051057673,64.01683893598032,LineString,5.463363815537177,0.0,https://www.openstreetmap.org/?mlat=64.0168389&mlon=14.5596671#map=18/64.0168389/14.5596671,coordinate_fallback,,,statliga_leder
12353225,Z 19,Lakavattnet - Häbbersflyarna - Haravattnet - Lakavattnet +  Nils-Jonsavattnet,5.41414292570856,"{""OBJECTID"": 12353225, ""STATLIGLED"": ""Z 19"", ""STATLIGLEDNAMN"": ""Lakavattnet - Häbbersflyarna - Haravattnet - Lakavattnet +  Nils-Jonsavattnet"", ""SHAPE.LEN"": 5.41414292570856}",14.644458165134296,64.0162733752625,LineString,5.414142925428748,0.0,https://www.openstreetmap.org/?mlat=64.0162734&mlon=14.6444582#map=18/64.0162734/14.6444582,coordinate_fallback,,,statliga_leder
12353224,Z 19,Lakavattnet - Häbbersflyarna - Haravattnet - Lakavattnet +  Nils-Jonsavattnet,8.45047557774117,"{""OBJECTID"": 12353224, ""STATLIGLED"": ""Z 19"", ""STATLIGLEDNAMN"": ""Lakavattnet - Häbbersflyarna - Haravattnet - Lakavattnet +  Nils-Jonsavattnet"", ""SHAPE.LEN"": 8.45047557774117}",14.563404265872753,64.04417508435364,LineString,8.450475576640166,0.0,https://www.openstreetmap.org/?mlat=64.0441751&mlon=14.5634043#map=18/64.0441751/14.5634043,coordinate_fallback,,,statliga_leder
12353223,Z 19,Lakavattnet - Häbbersflyarna - Haravattnet - Lakavattnet +  Nils-Jonsavattnet,391.53741396792,"{""OBJECTID"": 12353223, ""STATLIGLED"": ""Z 19"", ""STATLIGLEDNAMN"": ""Lakavattnet - Häbbersflyarna - Haravattnet - Lakavattnet +  Nils-Jonsavattnet"", ""SHAPE.LEN"": 391.53741396792}",14.68993994135243,64.0109144690082,LineString,391.53741396733005,0.0,https://www.openstreetmap.org/?mlat=64.0109145&mlon=14.6899399#map=18/64.0109145/14.6899399,coordinate_fallback,,,statliga_leder
12353222,Z 19,Lakavattnet - Häbbersflyarna - Haravattnet - Lakavattnet +  Nils-Jonsavattnet,2.95071613681157,"{""OBJECTID"": 12353222, ""STATLIGLED"": ""Z 19"", ""STATLIGLEDNAMN"": ""Lakavattnet - Häbbersflyarna - Haravattnet - Lakavattnet +  Nils-Jonsavattnet"", ""SHAPE.LEN"": 2.95071613681157}",14.516983445749021,64.01870009286468,LineString,2.950716136171426,0.0,https://www.openstreetmap.org/?mlat=64.0187001&mlon=14.5169834#map=18/64.0187001/14.5169834,coordinate_fallback,,,statliga_leder
12353221,Z 19,Lakavattnet - Häbbersflyarna - Haravattnet - Lakavattnet +  Nils-Jonsavattnet,676.499072078675,"{""OBJECTID"": 12353221, ""STATLIGLED"": ""Z 19"", ""STATLIGLEDNAMN"": ""Lakavattnet - Häbbersflyarna - Haravattnet - Lakavattnet +  Nils-Jonsavattnet"", ""SHAPE.LEN"": 676.499072078675}",14.693218597219118,64.05011678558321,LineString,676.4990720782858,0.0,https://www.openstreetmap.org/?mlat=64.0501168&mlon=14.6932186#map=18/64.0501168/14.6932186,coordinate_fallback,,,statliga_leder
12353220,Z 19,Lakavattnet - Häbbersflyarna - Haravattnet - Lakavattnet +  Nils-Jonsavattnet,70.4418256459186,"{""OBJECTID"": 12353220, ""STATLIGLED"": ""Z 19"", ""STATLIGLEDNAMN"": ""Lakavattnet - Häbbersflyarna - Haravattnet - Lakavattnet +  Nils-Jonsavattnet"", ""SHAPE.LEN"": 70.4418256459186}",14.643746009163706,64.01614734595798,LineString,70.44182564566023,0.0,https://www.openstreetmap.org/?mlat=64.0161473&mlon=14.6437460#map=18/64.0161473/14.6437460,coordinate_fallback,,,statliga_leder
12353219,Z 19,Lakavattnet - Häbbersflyarna - Haravattnet - Lakavattnet +  Nils-Jonsavattnet,454.7945051765,"{""OBJECTID"": 12353219, ""STATLIGLED"": ""Z 19"", ""STATLIGLEDNAMN"": ""Lakavattnet - Häbbersflyarna - Haravattnet - Lakavattnet +  Nils-Jonsavattnet"", ""SHAPE.LEN"": 454.7945051765}",14.442388208031565,63.97375257797753,LineString,454.7945051773742,0.0,https://www.openstreetmap.org/?mlat=63.9737526&mlon=14.4423882#map=18/63.9737526/14.4423882,coordinate_fallback,,,statliga_leder
12353218,Z 19,Lakavattnet - Häbbersflyarna - Haravattnet - Lakavattnet +  Nils-Jonsavattnet,10.3279401005379,"{""OBJECTID"": 12353218, ""STATLIGLED"": ""Z 19"", ""STATLIGLEDNAMN"": ""Lakavattnet - Häbbersflyarna - Haravattnet - Lakavattnet +  Nils-Jonsavattnet"", ""SHAPE.LEN"": 10.3279401005379}",14.549667523516428,64.01747660899795,LineString,10.327940100195903,0.0,https://www.openstreetmap.org/?mlat=64.0174766&mlon=14.5496675#map=18/64.0174766/14.5496675,coordinate_fallback,,,statliga_leder
12353217,Z 19,Lakavattnet - Häbbersflyarna - Haravattnet - Lakavattnet +  Nils-Jonsavattnet,15.6334677874104,"{""OBJECTID"": 12353217, ""STATLIGLED"": ""Z 19"", ""STATLIGLEDNAMN"": ""Lakavattnet - Häbbersflyarna - Haravattnet - Lakavattnet +  Nils-Jonsavattnet"", ""SHAPE.LEN"": 15.6334677874104}",14.646100914443357,64.01704586819884,LineString,15.633467786849488,0.0,https://www.openstreetmap.org/?mlat=64.0170459&mlon=14.6461009#map=18/64.0170459/14.6461009,coordinate_fallback,,,statliga_leder
12353565,Z 19,Lakavattnet - Häbbersflyarna - Haravattnet - Lakavattnet +  Nils-Jonsavattnet,160.842298539439,"{""OBJECTID"": 12353565, ""STATLIGLED"": ""Z 19"", ""STATLIGLEDNAMN"": ""Lakavattnet - Häbbersflyarna - Haravattnet - Lakavattnet +  Nils-Jonsavattnet"", ""SHAPE.LEN"": 160.842298539439}",14.71506478136579,64.02881730695697,LineString,160.8422985393093,0.0,https://www.openstreetmap.org/?mlat=64.0288173&mlon=14.7150648#map=18/64.0288173/14.7150648,coordinate_fallback,,,statliga_leder
12353527,Z 19,Lakavattnet - Häbbersflyarna - Haravattnet - Lakavattnet +  Nils-Jonsavattnet,87.9076233312631,"{""OBJECTID"": 12353527, ""STATLIGLED"": ""Z 19"", ""STATLIGLEDNAMN"": ""Lakavattnet - Häbbersflyarna - Haravattnet - Lakavattnet +  Nils-Jonsavattnet"", ""SHAPE.LEN"": 87.9076233312631}",14.446875275227764,63.97579640148707,LineString,87.90762332942073,0.0,https://www.openstreetmap.org/?mlat=63.9757964&mlon=14.4468753#map=18/63.9757964/14.4468753,coordinate_fallback,,,statliga_leder
12353526,Z 19,Lakavattnet - Häbbersflyarna - Haravattnet - Lakavattnet +  Nils-Jonsavattnet,8967.48111373833,"{""OBJECTID"": 12353526, ""STATLIGLED"": ""Z 19"", ""STATLIGLEDNAMN"": ""Lakavattnet - Häbbersflyarna - Haravattnet - Lakavattnet +  Nils-Jonsavattnet"", ""SHAPE.LEN"": 8967.48111373833}",14.527585408787605,63.9560136341236,LineString,8967.481113738551,0.0,https://www.openstreetmap.org/?mlat=63.9560136&mlon=14.5275854#map=18/63.9560136/14.5275854,coordinate_fallback,,,statliga_leder
12353525,Z 19,Lakavattnet - Häbbersflyarna - Haravattnet - Lakavattnet +  Nils-Jonsavattnet,518.91713397037,"{""OBJECTID"": 12353525, ""STATLIGLED"": ""Z 19"", ""STATLIGLEDNAMN"": ""Lakavattnet - Häbbersflyarna - Haravattnet - Lakavattnet +  Nils-Jonsavattnet"", ""SHAPE.LEN"": 518.91713397037}",14.638174972413788,64.01634568109421,LineString,518.9171339708175,0.0,https://www.openstreetmap.org/?mlat=64.0163457&mlon=14.6381750#map=18/64.0163457/14.6381750,coordinate_fallback,,,statliga_leder
12353524,Z 19,Lakavattnet - Häbbersflyarna - Haravattnet - Lakavattnet +  Nils-Jonsavattnet,188.709880621783,"{""OBJECTID"": 12353524, ""STATLIGLED"": ""Z 19"", ""STATLIGLEDNAMN"": ""Lakavattnet - Häbbersflyarna - Haravattnet - Lakavattnet +  Nils-Jonsavattnet"", ""SHAPE.LEN"": 188.709880621783}",14.707507864421745,64.04058486417519,LineString,188.70988062087068,0.0,https://www.openstreetmap.org/?mlat=64.0405849&mlon=14.7075079#map=18/64.0405849/14.7075079,coordinate_fallback,,,statliga_leder
12353523,Z 19,Lakavattnet - Häbbersflyarna - Haravattnet - Lakavattnet +  Nils-Jonsavattnet,675.746906249274,"{""OBJECTID"": 12353523, ""STATLIGLED"": ""Z 19"", ""STATLIGLEDNAMN"": ""Lakavattnet - Häbbersflyarna - Haravattnet - Lakavattnet +  Nils-Jonsavattnet"", ""SHAPE.LEN"": 675.746906249274}",14.804927102803529,63.956577045747316,LineString,675.7469062463475,0.0,https://www.openstreetmap.org/?mlat=63.9565770&mlon=14.8049271#map=18/63.9565770/14.8049271,coordinate_fallback,,,statliga_leder
12353529,Z 19,Lakavattnet - Häbbersflyarna - Haravattnet - Lakavattnet +  Nils-Jonsavattnet,2950.66134409918,"{""OBJECTID"": 12353529, ""STATLIGLED"": ""Z 19"", ""STATLIGLEDNAMN"": ""Lakavattnet - Häbbersflyarna - Haravattnet - Lakavattnet +  Nils-Jonsavattnet"", ""SHAPE.LEN"": 2950.66134409918}",14.80596793751165,63.97109947287808,LineString,2950.661344095658,0.0,https://www.openstreetmap.org/?mlat=63.9710995&mlon=14.8059679#map=18/63.9710995/14.8059679,coordinate_fallback,,,statliga_leder
12353528,Z 19,Lakavattnet - Häbbersflyarna - Haravattnet - Lakavattnet +  Nils-Jonsavattnet,4278.06260932123,"{""OBJECTID"": 12353528, ""STATLIGLED"": ""Z 19"", ""STATLIGLEDNAMN"": ""Lakavattnet - Häbbersflyarna - Haravattnet - Lakavattnet +  Nils-Jonsavattnet"", ""SHAPE.LEN"": 4278.06260932123}",14.545661155137022,64.03080103400312,LineString,4278.062609322703,0.0,https://www.openstreetmap.org/?mlat=64.0308010&mlon=14.5456612#map=18/64.0308010/14.5456612,coordinate_fallback,,,statliga_leder
12352462,Z 23,Långvattnet - Ruckeltjärnarna - Skansån (Ansätten),572.960571052753,"{""OBJECTID"": 12352462, ""STATLIGLED"": ""Z 23"", ""STATLIGLEDNAMN"": ""Långvattnet - Ruckeltjärnarna - Skansån (Ansätten)"", ""SHAPE.LEN"": 572.960571052753}",13.77909939859006,63.91367466024098,LineString,572.9605710527725,0.0,https://www.openstreetmap.org/?mlat=63.9136747&mlon=13.7790994#map=18/63.9136747/13.7790994,coordinate_fallback,,,statliga_leder
12352461,Z 23,Långvattnet - Ruckeltjärnarna - Skansån (Ansätten),628.375712026075,"{""OBJECTID"": 12352461, ""STATLIGLED"": ""Z 23"", ""STATLIGLEDNAMN"": ""Långvattnet - Ruckeltjärnarna - Skansån (Ansätten)"", ""SHAPE.LEN"": 628.375712026075}",13.876559626208941,63.841468914382325,LineString,628.3757120263742,0.0,https://www.openstreetmap.org/?mlat=63.8414689&mlon=13.8765596#map=18/63.8414689/13.8765596,coordinate_fallback,,,statliga_leder
12352460,Z 23,Långvattnet - Ruckeltjärnarna - Skansån (Ansätten),386.92537873634,"{""OBJECTID"": 12352460, ""STATLIGLED"": ""Z 23"", ""STATLIGLEDNAMN"": ""Långvattnet - Ruckeltjärnarna - Skansån (Ansätten)"", ""SHAPE.LEN"": 386.92537873634}",13.859249151222217,63.88169728404777,LineString,386.9253787369359,0.0,https://www.openstreetmap.org/?mlat=63.8816973&mlon=13.8592492#map=18/63.8816973/13.8592492,coordinate_fallback,,,statliga_leder
12352423,Z 23,Långvattnet - Ruckeltjärnarna - Skansån (Ansätten),30.8706475410275,"{""OBJECTID"": 12352423, ""STATLIGLED"": ""Z 23"", ""STATLIGLEDNAMN"": ""Långvattnet - Ruckeltjärnarna - Skansån (Ansätten)"", ""SHAPE.LEN"": 30.8706475410275}",13.76258208850982,63.89670109297973,LineString,30.87064754277627,0.0,https://www.openstreetmap.org/?mlat=63.8967011&mlon=13.7625821#map=18/63.8967011/13.7625821,coordinate_fallback,,,statliga_leder
12352422,Z 23,Långvattnet - Ruckeltjärnarna - Skansån (Ansätten),2907.03943541009,"{""OBJECTID"": 12352422, ""STATLIGLED"": ""Z 23"", ""STATLIGLEDNAMN"": ""Långvattnet - Ruckeltjärnarna - Skansån (Ansätten)"", ""SHAPE.LEN"": 2907.03943541009}",13.8760242658418,63.85748668686033,LineString,2907.039435409838,0.0,https://www.openstreetmap.org/?mlat=63.8574867&mlon=13.8760243#map=18/63.8574867/13.8760243,coordinate_fallback,,,statliga_leder
12352421,Z 23,Långvattnet - Ruckeltjärnarna - Skansån (Ansätten),4008.79645990254,"{""OBJECTID"": 12352421, ""STATLIGLED"": ""Z 23"", ""STATLIGLEDNAMN"": ""Långvattnet - Ruckeltjärnarna - Skansån (Ansätten)"", ""SHAPE.LEN"": 4008.79645990254}",13.831358885103,63.895648478017954,LineString,4008.7964599025086,0.0,https://www.openstreetmap.org/?mlat=63.8956485&mlon=13.8313589#map=18/63.8956485/13.8313589,coordinate_fallback,,,statliga_leder
12352420,Z 23,Långvattnet - Ruckeltjärnarna - Skansån (Ansätten),78.3073329647913,"{""OBJECTID"": 12352420, ""STATLIGLED"": ""Z 23"", ""STATLIGLEDNAMN"": ""Långvattnet - Ruckeltjärnarna - Skansån (Ansätten)"", ""SHAPE.LEN"": 78.3073329647913}",13.802856084583414,63.903838741104195,LineString,78.30733296222577,0.0,https://www.openstreetmap.org/?mlat=63.9038387&mlon=13.8028561#map=18/63.9038387/13.8028561,coordinate_fallback,,,statliga_leder
12352419,Z 23,Långvattnet - Ruckeltjärnarna - Skansån (Ansätten),218.05908429107,"{""OBJECTID"": 12352419, ""STATLIGLED"": ""Z 23"", ""STATLIGLEDNAMN"": ""Långvattnet - Ruckeltjärnarna - Skansån (Ansätten)"", ""SHAPE.LEN"": 218.05908429107}",13.80145396551818,63.905028565655165,LineString,218.05908429396735,0.0,https://www.openstreetmap.org/?mlat=63.9050286&mlon=13.8014540#map=18/63.9050286/13.8014540,coordinate_fallback,,,statliga_leder
12352418,Z 23,Långvattnet - Ruckeltjärnarna - Skansån (Ansätten),669.978766676366,"{""OBJECTID"": 12352418, ""STATLIGLED"": ""Z 23"", ""STATLIGLEDNAMN"": ""Långvattnet - Ruckeltjärnarna - Skansån (Ansätten)"", ""SHAPE.LEN"": 669.978766676366}",13.763952537094251,63.89996964699776,LineString,669.9787666761101,0.0,https://www.openstreetmap.org/?mlat=63.8999696&mlon=13.7639525#map=18/63.8999696/13.7639525,coordinate_fallback,,,statliga_leder
12352417,Z 23,Långvattnet - Ruckeltjärnarna - Skansån (Ansätten),415.538892260594,"{""OBJECTID"": 12352417, ""STATLIGLED"": ""Z 23"", ""STATLIGLEDNAMN"": ""Långvattnet - Ruckeltjärnarna - Skansån (Ansätten)"", ""SHAPE.LEN"": 415.538892260594}",13.765397238087562,63.91107371148943,LineString,415.5388922612982,0.0,https://www.openstreetmap.org/?mlat=63.9110737&mlon=13.7653972#map=18/63.9110737/13.7653972,coordinate_fallback,,,statliga_leder
12352570,Z 23,Långvattnet - Ruckeltjärnarna - Skansån (Ansätten),742.335518486321,"{""OBJECTID"": 12352570, ""STATLIGLED"": ""Z 23"", ""STATLIGLEDNAMN"": ""Långvattnet - Ruckeltjärnarna - Skansån (Ansätten)"", ""SHAPE.LEN"": 742.335518486321}",13.79218484723247,63.9126430633537,LineString,742.3355184854848,0.0,https://www.openstreetmap.org/?mlat=63.9126431&mlon=13.7921848#map=18/63.9126431/13.7921848,coordinate_fallback,,,statliga_leder
12352569,Z 23,Långvattnet - Ruckeltjärnarna - Skansån (Ansätten),1471.31344114981,"{""OBJECTID"": 12352569, ""STATLIGLED"": ""Z 23"", ""STATLIGLEDNAMN"": ""Långvattnet - Ruckeltjärnarna - Skansån (Ansätten)"", ""SHAPE.LEN"": 1471.31344114981}",13.866757832708053,63.87531617910005,LineString,1471.313441149317,0.0,https://www.openstreetmap.org/?mlat=63.8753162&mlon=13.8667578#map=18/63.8753162/13.8667578,coordinate_fallback,,,statliga_leder
12352568,Z 23,Långvattnet - Ruckeltjärnarna - Skansån (Ansätten),740.538838735787,"{""OBJECTID"": 12352568, ""STATLIGLED"": ""Z 23"", ""STATLIGLEDNAMN"": ""Långvattnet - Ruckeltjärnarna - Skansån (Ansätten)"", ""SHAPE.LEN"": 740.538838735787}",13.801038135068172,63.91013689738536,LineString,740.5388387367003,0.0,https://www.openstreetmap.org/?mlat=63.9101369&mlon=13.8010381#map=18/63.9101369/13.8010381,coordinate_fallback,,,statliga_leder
12352567,Z 23,Långvattnet - Ruckeltjärnarna - Skansån (Ansätten),739.507308102916,"{""OBJECTID"": 12352567, ""STATLIGLED"": ""Z 23"", ""STATLIGLEDNAMN"": ""Långvattnet - Ruckeltjärnarna - Skansån (Ansätten)"", ""SHAPE.LEN"": 739.507308102916}",13.765612429141832,63.90605492578675,LineString,739.5073081025084,0.0,https://www.openstreetmap.org/?mlat=63.9060549&mlon=13.7656124#map=18/63.9060549/13.7656124,coordinate_fallback,,,statliga_leder
12352566,Z 23,Långvattnet - Ruckeltjärnarna - Skansån (Ansätten),76.6885784343129,"{""OBJECTID"": 12352566, ""STATLIGLED"": ""Z 23"", ""STATLIGLEDNAMN"": ""Långvattnet - Ruckeltjärnarna - Skansån (Ansätten)"", ""SHAPE.LEN"": 76.6885784343129}",13.800243493355978,63.90622989601339,LineString,76.6885784328668,0.0,https://www.openstreetmap.org/?mlat=63.9062299&mlon=13.8002435#map=18/63.9062299/13.8002435,coordinate_fallback,,,statliga_leder
12352565,Z 23,Långvattnet - Ruckeltjärnarna - Skansån (Ansätten),1075.75754436846,"{""OBJECTID"": 12352565, ""STATLIGLED"": ""Z 23"", ""STATLIGLEDNAMN"": ""Långvattnet - Ruckeltjärnarna - Skansån (Ansätten)"", ""SHAPE.LEN"": 1075.75754436846}",13.761957356078794,63.8918085363677,LineString,1075.7575443675044,0.0,https://www.openstreetmap.org/?mlat=63.8918085&mlon=13.7619574#map=18/63.8918085/13.7619574,coordinate_fallback,,,statliga_leder
12352564,Z 23,Långvattnet - Ruckeltjärnarna - Skansån (Ansätten),429.179038685265,"{""OBJECTID"": 12352564, ""STATLIGLED"": ""Z 23"", ""STATLIGLEDNAMN"": ""Långvattnet - Ruckeltjärnarna - Skansån (Ansätten)"", ""SHAPE.LEN"": 429.179038685265}",13.770212159892258,63.91390060657997,LineString,429.1790386842622,0.0,https://www.openstreetmap.org/?mlat=63.9139006&mlon=13.7702122#map=18/63.9139006/13.7702122,coordinate_fallback,,,statliga_leder
12344782,Z 12,Sielkentjakkstugan - Härbergsdalen,4465.13687306754,"{""OBJECTID"": 12344782, ""STATLIGLED"": ""Z 12"", ""STATLIGLEDNAMN"": ""Sielkentjakkstugan - Härbergsdalen"", ""SHAPE.LEN"": 4465.13687306754}",14.57470459680481,64.72678470925702,LineString,4465.136873063361,0.0,https://www.openstreetmap.org/?mlat=64.7267847&mlon=14.5747046#map=18/64.7267847/14.5747046,coordinate_fallback,,,statliga_leder
12344781,Z 12,Sielkentjakkstugan - Härbergsdalen,423.099076926698,"{""OBJECTID"": 12344781, ""STATLIGLED"": ""Z 12"", ""STATLIGLEDNAMN"": ""Sielkentjakkstugan - Härbergsdalen"", ""SHAPE.LEN"": 423.099076926698}",14.667554645902213,64.70455028492347,LineString,423.0990769276417,0.0,https://www.openstreetmap.org/?mlat=64.7045503&mlon=14.6675546#map=18/64.7045503/14.6675546,coordinate_fallback,,,statliga_leder
12344780,Z 12,Sielkentjakkstugan - Härbergsdalen,196.852740695026,"{""OBJECTID"": 12344780, ""STATLIGLED"": ""Z 12"", ""STATLIGLEDNAMN"": ""Sielkentjakkstugan - Härbergsdalen"", ""SHAPE.LEN"": 196.852740695026}",14.6899479751998,64.70548388028197,LineString,196.85274069439203,0.0,https://www.openstreetmap.org/?mlat=64.7054839&mlon=14.6899480#map=18/64.7054839/14.6899480,coordinate_fallback,,,statliga_leder
12344779,Z 12,Sielkentjakkstugan - Härbergsdalen,799.613017482563,"{""OBJECTID"": 12344779, ""STATLIGLED"": ""Z 12"", ""STATLIGLEDNAMN"": ""Sielkentjakkstugan - Härbergsdalen"", ""SHAPE.LEN"": 799.613017482563}",14.67971758220137,64.70457404877035,LineString,799.613017483312,0.0,https://www.openstreetmap.org/?mlat=64.7045740&mlon=14.6797176#map=18/64.7045740/14.6797176,coordinate_fallback,,,statliga_leder
12344778,Z 12,Sielkentjakkstugan - Härbergsdalen,2394.93303943213,"{""OBJECTID"": 12344778, ""STATLIGLED"": ""Z 12"", ""STATLIGLEDNAMN"": ""Sielkentjakkstugan - Härbergsdalen"", ""SHAPE.LEN"": 2394.93303943213}",14.703526498363646,64.69702692519976,LineString,2394.9330394332196,0.0,https://www.openstreetmap.org/?mlat=64.6970269&mlon=14.7035265#map=18/64.6970269/14.7035265,coordinate_fallback,,,statliga_leder
12344777,Z 12,Sielkentjakkstugan - Härbergsdalen,2738.40644972648,"{""OBJECTID"": 12344777, ""STATLIGLED"": ""Z 12"", ""STATLIGLEDNAMN"": ""Sielkentjakkstugan - Härbergsdalen"", ""SHAPE.LEN"": 2738.40644972648}",14.640658612927473,64.7131097236686,LineString,2738.4064497248187,0.0,https://www.openstreetmap.org/?mlat=64.7131097&mlon=14.6406586#map=18/64.7131097/14.6406586,coordinate_fallback,,,statliga_leder
12348877,Z 14,Sipmesjaure - Gransjön - Blomhöjden (justerad),26839.356394008,"{""OBJECTID"": 12348877, ""STATLIGLED"": ""Z 14"", ""STATLIGLEDNAMN"": ""Sipmesjaure - Gransjön - Blomhöjden (justerad)"", ""SHAPE.LEN"": 26839.356394008}",14.541760459181152,64.66947762876713,LineString,26839.356394011662,0.0,https://www.openstreetmap.org/?mlat=64.6694776&mlon=14.5417605#map=18/64.6694776/14.5417605,coordinate_fallback,,,statliga_leder
12350978,Z 16,Blomhöjden - Jougdaberg - Fiskåvattnet,27069.8439622119,"{""OBJECTID"": 12350978, ""STATLIGLED"": ""Z 16"", ""STATLIGLEDNAMN"": ""Blomhöjden - Jougdaberg - Fiskåvattnet"", ""SHAPE.LEN"": 27069.8439622119}",14.661448159154824,64.51586832690425,LineString,27069.8439622109,0.0,https://www.openstreetmap.org/?mlat=64.5158683&mlon=14.6614482#map=18/64.5158683/14.6614482,coordinate_fallback,,,statliga_leder
12352367,Z 16,Blomhöjden - Jougdaberg - Fiskåvattnet,2612.77977497988,"{""OBJECTID"": 12352367, ""STATLIGLED"": ""Z 16"", ""STATLIGLEDNAMN"": ""Blomhöjden - Jougdaberg - Fiskåvattnet"", ""SHAPE.LEN"": 2612.77977497988}",14.636696704005244,64.55103272809733,LineString,2612.779774982831,0.0,https://www.openstreetmap.org/?mlat=64.5510327&mlon=14.6366967#map=18/64.5510327/14.6366967,coordinate_fallback,,,statliga_leder
12352366,Z 16,Blomhöjden - Jougdaberg - Fiskåvattnet,7608.74073887348,"{""OBJECTID"": 12352366, ""STATLIGLED"": ""Z 16"", ""STATLIGLEDNAMN"": ""Blomhöjden - Jougdaberg - Fiskåvattnet"", ""SHAPE.LEN"": 7608.74073887348}",14.697486266442146,64.580200910187,LineString,7608.740738872653,0.0,https://www.openstreetmap.org/?mlat=64.5802009&mlon=14.6974863#map=18/64.5802009/14.6974863,coordinate_fallback,,,statliga_leder
12345462,Z 20,Dunnervattnet - Vargkojvattnet - Storfulvurn (justerad),55.1178397261721,"{""OBJECTID"": 12345462, ""STATLIGLED"": ""Z 20"", ""STATLIGLEDNAMN"": ""Dunnervattnet - Vargkojvattnet - Storfulvurn (justerad)"", ""SHAPE.LEN"": 55.1178397261721}",14.768798879811484,64.1578488745574,LineString,55.117839726583256,0.0,https://www.openstreetmap.org/?mlat=64.1578489&mlon=14.7687989#map=18/64.1578489/14.7687989,coordinate_fallback,,,statliga_leder
12345461,Z 20,Dunnervattnet - Vargkojvattnet - Storfulvurn (justerad),3846.682835953,"{""OBJECTID"": 12345461, ""STATLIGLED"": ""Z 20"", ""STATLIGLEDNAMN"": ""Dunnervattnet - Vargkojvattnet - Storfulvurn (justerad)"", ""SHAPE.LEN"": 3846.682835953}",14.60122996913069,64.29326875800167,LineString,3846.682835955512,0.0,https://www.openstreetmap.org/?mlat=64.2932688&mlon=14.6012300#map=18/64.2932688/14.6012300,coordinate_fallback,,,statliga_leder
12345460,Z 20,Dunnervattnet - Vargkojvattnet - Storfulvurn (justerad),292.572840328849,"{""OBJECTID"": 12345460, ""STATLIGLED"": ""Z 20"", ""STATLIGLEDNAMN"": ""Dunnervattnet - Vargkojvattnet - Storfulvurn (justerad)"", ""SHAPE.LEN"": 292.572840328849}",14.767259426720289,64.15643323467516,LineString,292.57284033065866,0.0,https://www.openstreetmap.org/?mlat=64.1564332&mlon=14.7672594#map=18/64.1564332/14.7672594,coordinate_fallback,,,statliga_leder
12345459,Z 20,Dunnervattnet - Vargkojvattnet - Storfulvurn (justerad),13.0185474496965,"{""OBJECTID"": 12345459, ""STATLIGLED"": ""Z 20"", ""STATLIGLEDNAMN"": ""Dunnervattnet - Vargkojvattnet - Storfulvurn (justerad)"", ""SHAPE.LEN"": 13.0185474496965}",14.762058411790349,64.28092695826948,LineString,13.018547450237872,0.0,https://www.openstreetmap.org/?mlat=64.2809270&mlon=14.7620584#map=18/64.2809270/14.7620584,coordinate_fallback,,,statliga_leder
12345458,Z 20,Dunnervattnet - Vargkojvattnet - Storfulvurn (justerad),9.32196959445803,"{""OBJECTID"": 12345458, ""STATLIGLED"": ""Z 20"", ""STATLIGLEDNAMN"": ""Dunnervattnet - Vargkojvattnet - Storfulvurn (justerad)"", ""SHAPE.LEN"": 9.32196959445803}",14.770964324841398,64.15994168505793,LineString,9.321969596333753,0.0,https://www.openstreetmap.org/?mlat=64.1599417&mlon=14.7709643#map=18/64.1599417/14.7709643,coordinate_fallback,,,statliga_leder
12345457,Z 20,Dunnervattnet - Vargkojvattnet - Storfulvurn (justerad),2944.32917932745,"{""OBJECTID"": 12345457, ""STATLIGLED"": ""Z 20"", ""STATLIGLEDNAMN"": ""Dunnervattnet - Vargkojvattnet - Storfulvurn (justerad)"", ""SHAPE.LEN"": 2944.32917932745}",14.557498079949978,64.31114897773988,LineString,2944.329179324265,0.0,https://www.openstreetmap.org/?mlat=64.3111490&mlon=14.5574981#map=18/64.3111490/14.5574981,coordinate_fallback,,,statliga_leder
12345192,Z 20,Dunnervattnet - Vargkojvattnet - Storfulvurn (justerad),3225.90952637708,"{""OBJECTID"": 12345192, ""STATLIGLED"": ""Z 20"", ""STATLIGLEDNAMN"": ""Dunnervattnet - Vargkojvattnet - Storfulvurn (justerad)"", ""SHAPE.LEN"": 3225.90952637708}",14.659053108993032,64.28713184776404,LineString,3225.909526375172,0.0,https://www.openstreetmap.org/?mlat=64.2871318&mlon=14.6590531#map=18/64.2871318/14.6590531,coordinate_fallback,,,statliga_leder
12345191,Z 20,Dunnervattnet - Vargkojvattnet - Storfulvurn (justerad),43.7085258116832,"{""OBJECTID"": 12345191, ""STATLIGLED"": ""Z 20"", ""STATLIGLEDNAMN"": ""Dunnervattnet - Vargkojvattnet - Storfulvurn (justerad)"", ""SHAPE.LEN"": 43.7085258116832}",14.69011081238681,64.2831743940337,LineString,43.70852581110061,0.0,https://www.openstreetmap.org/?mlat=64.2831744&mlon=14.6901108#map=18/64.2831744/14.6901108,coordinate_fallback,,,statliga_leder
12345190,Z 20,Dunnervattnet - Vargkojvattnet - Storfulvurn (justerad),4466.71934461069,"{""OBJECTID"": 12345190, ""STATLIGLED"": ""Z 20"", ""STATLIGLEDNAMN"": ""Dunnervattnet - Vargkojvattnet - Storfulvurn (justerad)"", ""SHAPE.LEN"": 4466.71934461069}",14.72732174781501,64.27971865179015,LineString,4466.719344606271,0.0,https://www.openstreetmap.org/?mlat=64.2797187&mlon=14.7273217#map=18/64.2797187/14.7273217,coordinate_fallback,,,statliga_leder
12345325,Z 20,Dunnervattnet - Vargkojvattnet - Storfulvurn (justerad),0.621466917864499,"{""OBJECTID"": 12345325, ""STATLIGLED"": ""Z 20"", ""STATLIGLEDNAMN"": ""Dunnervattnet - Vargkojvattnet - Storfulvurn (justerad)"", ""SHAPE.LEN"": 0.621466917864499}",14.690427259712008,64.28303038794245,LineString,0.6214669180629253,0.0,https://www.openstreetmap.org/?mlat=64.2830304&mlon=14.6904273#map=18/64.2830304/14.6904273,coordinate_fallback,,,statliga_leder
12345324,Z 20,Dunnervattnet - Vargkojvattnet - Storfulvurn (justerad),223.670142841125,"{""OBJECTID"": 12345324, ""STATLIGLED"": ""Z 20"", ""STATLIGLEDNAMN"": ""Dunnervattnet - Vargkojvattnet - Storfulvurn (justerad)"", ""SHAPE.LEN"": 223.670142841125}",14.769982268467555,64.15898608650818,LineString,223.67014283991307,0.0,https://www.openstreetmap.org/?mlat=64.1589861&mlon=14.7699823#map=18/64.1589861/14.7699823,coordinate_fallback,,,statliga_leder
12345323,Z 20,Dunnervattnet - Vargkojvattnet - Storfulvurn (justerad),2.87620539008541,"{""OBJECTID"": 12345323, ""STATLIGLED"": ""Z 20"", ""STATLIGLEDNAMN"": ""Dunnervattnet - Vargkojvattnet - Storfulvurn (justerad)"", ""SHAPE.LEN"": 2.87620539008541}",14.576764775814949,64.30222127578243,LineString,2.876205395679075,0.0,https://www.openstreetmap.org/?mlat=64.3022213&mlon=14.5767648#map=18/64.3022213/14.5767648,coordinate_fallback,,,statliga_leder
12345322,Z 20,Dunnervattnet - Vargkojvattnet - Storfulvurn (justerad),17118.8584713359,"{""OBJECTID"": 12345322, ""STATLIGLED"": ""Z 20"", ""STATLIGLEDNAMN"": ""Dunnervattnet - Vargkojvattnet - Storfulvurn (justerad)"", ""SHAPE.LEN"": 17118.8584713359}",14.776201109627339,64.2231410002838,LineString,17118.858471332303,0.0,https://www.openstreetmap.org/?mlat=64.2231410&mlon=14.7762011#map=18/64.2231410/14.7762011,coordinate_fallback,,,statliga_leder
12351053,Z 24,Långvattnet - Sandtjärnen - Jänsmässholmen,2668.01398378972,"{""OBJECTID"": 12351053, ""STATLIGLED"": ""Z 24"", ""STATLIGLEDNAMN"": ""Långvattnet - Sandtjärnen - Jänsmässholmen"", ""SHAPE.LEN"": 2668.01398378972}",13.79467741663326,63.85175262642945,LineString,2668.0139837895667,0.0,https://www.openstreetmap.org/?mlat=63.8517526&mlon=13.7946774#map=18/63.8517526/13.7946774,coordinate_fallback,,,statliga_leder
12350977,Z 24,Långvattnet - Sandtjärnen - Jänsmässholmen,2302.78518466256,"{""OBJECTID"": 12350977, ""STATLIGLED"": ""Z 24"", ""STATLIGLEDNAMN"": ""Långvattnet - Sandtjärnen - Jänsmässholmen"", ""SHAPE.LEN"": 2302.78518466256}",13.829364505033437,63.81636209266911,LineString,2302.785184661983,0.0,https://www.openstreetmap.org/?mlat=63.8163621&mlon=13.8293645#map=18/63.8163621/13.8293645,coordinate_fallback,,,statliga_leder
12350976,Z 24,Långvattnet - Sandtjärnen - Jänsmässholmen,209.046421380841,"{""OBJECTID"": 12350976, ""STATLIGLED"": ""Z 24"", ""STATLIGLEDNAMN"": ""Långvattnet - Sandtjärnen - Jänsmässholmen"", ""SHAPE.LEN"": 209.046421380841}",13.765895316132363,63.881468209184625,LineString,209.0464213793389,0.0,https://www.openstreetmap.org/?mlat=63.8814682&mlon=13.7658953#map=18/63.8814682/13.7658953,coordinate_fallback,,,statliga_leder
12350931,Z 24,Långvattnet - Sandtjärnen - Jänsmässholmen,268.45949311312,"{""OBJECTID"": 12350931, ""STATLIGLED"": ""Z 24"", ""STATLIGLEDNAMN"": ""Långvattnet - Sandtjärnen - Jänsmässholmen"", ""SHAPE.LEN"": 268.45949311312}",13.809976967093231,63.84112146578528,LineString,268.45949311093784,0.0,https://www.openstreetmap.org/?mlat=63.8411215&mlon=13.8099770#map=18/63.8411215/13.8099770,coordinate_fallback,,,statliga_leder
12352470,Z 24,Långvattnet - Sandtjärnen - Jänsmässholmen,1278.90207380865,"{""OBJECTID"": 12352470, ""STATLIGLED"": ""Z 24"", ""STATLIGLEDNAMN"": ""Långvattnet - Sandtjärnen - Jänsmässholmen"", ""SHAPE.LEN"": 1278.90207380865}",13.819820607407065,63.832139355372156,LineString,1278.9020738093184,0.0,https://www.openstreetmap.org/?mlat=63.8321394&mlon=13.8198206#map=18/63.8321394/13.8198206,coordinate_fallback,,,statliga_leder
12352469,Z 24,Långvattnet - Sandtjärnen - Jänsmässholmen,7.17632406528579,"{""OBJECTID"": 12352469, ""STATLIGLED"": ""Z 24"", ""STATLIGLEDNAMN"": ""Långvattnet - Sandtjärnen - Jänsmässholmen"", ""SHAPE.LEN"": 7.17632406528579}",13.824409221140167,63.82637534795886,LineString,7.176324067544211,0.0,https://www.openstreetmap.org/?mlat=63.8263753&mlon=13.8244092#map=18/63.8263753/13.8244092,coordinate_fallback,,,statliga_leder
12352468,Z 24,Långvattnet - Sandtjärnen - Jänsmässholmen,165.975593360563,"{""OBJECTID"": 12352468, ""STATLIGLED"": ""Z 24"", ""STATLIGLEDNAMN"": ""Långvattnet - Sandtjärnen - Jänsmässholmen"", ""SHAPE.LEN"": 165.975593360563}",13.767587256594377,63.87971021857478,LineString,165.9755933612245,0.0,https://www.openstreetmap.org/?mlat=63.8797102&mlon=13.7675873#map=18/63.8797102/13.7675873,coordinate_fallback,,,statliga_leder
12352467,Z 24,Långvattnet - Sandtjärnen - Jänsmässholmen,21.880540059377,"{""OBJECTID"": 12352467, ""STATLIGLED"": ""Z 24"", ""STATLIGLEDNAMN"": ""Långvattnet - Sandtjärnen - Jänsmässholmen"", ""SHAPE.LEN"": 21.880540059377}",13.824320991159187,63.82649976427814,LineString,21.880540057057193,0.0,https://www.openstreetmap.org/?mlat=63.8264998&mlon=13.8243210#map=18/63.8264998/13.8243210,coordinate_fallback,,,statliga_leder
12352466,Z 24,Långvattnet - Sandtjärnen - Jänsmässholmen,3371.64180615043,"{""OBJECTID"": 12352466, ""STATLIGLED"": ""Z 24"", ""STATLIGLEDNAMN"": ""Långvattnet - Sandtjärnen - Jänsmässholmen"", ""SHAPE.LEN"": 3371.64180615043}",13.83294050373338,63.79111335349745,LineString,3371.6418061541744,0.0,https://www.openstreetmap.org/?mlat=63.7911134&mlon=13.8329405#map=18/63.7911134/13.8329405,coordinate_fallback,,,statliga_leder
12352465,Z 24,Långvattnet - Sandtjärnen - Jänsmässholmen,23.7776619870415,"{""OBJECTID"": 12352465, ""STATLIGLED"": ""Z 24"", ""STATLIGLEDNAMN"": ""Långvattnet - Sandtjärnen - Jänsmässholmen"", ""SHAPE.LEN"": 23.7776619870415}",13.764934688867797,63.88242082934698,LineString,23.777661987146438,0.0,https://www.openstreetmap.org/?mlat=63.8824208&mlon=13.7649347#map=18/63.8824208/13.7649347,coordinate_fallback,,,statliga_leder
12352464,Z 24,Långvattnet - Sandtjärnen - Jänsmässholmen,301.748182866279,"{""OBJECTID"": 12352464, ""STATLIGLED"": ""Z 24"", ""STATLIGLEDNAMN"": ""Långvattnet - Sandtjärnen - Jänsmässholmen"", ""SHAPE.LEN"": 301.748182866279}",13.812947442606184,63.83836506901793,LineString,301.74818286569223,0.0,https://www.openstreetmap.org/?mlat=63.8383651&mlon=13.8129474#map=18/63.8383651/13.8129474,coordinate_fallback,,,statliga_leder
12352463,Z 24,Långvattnet - Sandtjärnen - Jänsmässholmen,508.914525620727,"{""OBJECTID"": 12352463, ""STATLIGLED"": ""Z 24"", ""STATLIGLEDNAMN"": ""Långvattnet - Sandtjärnen - Jänsmässholmen"", ""SHAPE.LEN"": 508.914525620727}",13.763570653398242,63.88470531836851,LineString,508.91452561950086,0.0,https://www.openstreetmap.org/?mlat=63.8847053&mlon=13.7635707#map=18/63.8847053/13.7635707,coordinate_fallback,,,statliga_leder
12352637,Z 24,Långvattnet - Sandtjärnen - Jänsmässholmen,24.9699885720839,"{""OBJECTID"": 12352637, ""STATLIGLED"": ""Z 24"", ""STATLIGLEDNAMN"": ""Långvattnet - Sandtjärnen - Jänsmässholmen"", ""SHAPE.LEN"": 24.9699885720839}",13.766893640357349,63.88051613410247,LineString,24.96998857403405,0.0,https://www.openstreetmap.org/?mlat=63.8805161&mlon=13.7668936#map=18/63.8805161/13.7668936,coordinate_fallback,,,statliga_leder
12352636,Z 24,Långvattnet - Sandtjärnen - Jänsmässholmen,60.2962000299355,"{""OBJECTID"": 12352636, ""STATLIGLED"": ""Z 24"", ""STATLIGLEDNAMN"": ""Långvattnet - Sandtjärnen - Jänsmässholmen"", ""SHAPE.LEN"": 60.2962000299355}",13.808374453105282,63.842225715893456,LineString,60.29620002937629,0.0,https://www.openstreetmap.org/?mlat=63.8422257&mlon=13.8083745#map=18/63.8422257/13.8083745,coordinate_fallback,,,statliga_leder
12352635,Z 24,Långvattnet - Sandtjärnen - Jänsmässholmen,36.642159054428,"{""OBJECTID"": 12352635, ""STATLIGLED"": ""Z 24"", ""STATLIGLEDNAMN"": ""Långvattnet - Sandtjärnen - Jänsmässholmen"", ""SHAPE.LEN"": 36.642159054428}",13.833953947434512,63.806442469232124,LineString,36.642159053819704,0.0,https://www.openstreetmap.org/?mlat=63.8064425&mlon=13.8339539#map=18/63.8064425/13.8339539,coordinate_fallback,,,statliga_leder
12352634,Z 24,Långvattnet - Sandtjärnen - Jänsmässholmen,124.489871819558,"{""OBJECTID"": 12352634, ""STATLIGLED"": ""Z 24"", ""STATLIGLEDNAMN"": ""Långvattnet - Sandtjärnen - Jänsmässholmen"", ""SHAPE.LEN"": 124.489871819558}",13.76868550225517,63.8785061599039,LineString,124.48987181760481,0.0,https://www.openstreetmap.org/?mlat=63.8785062&mlon=13.7686855#map=18/63.8785062/13.7686855,coordinate_fallback,,,statliga_leder
12352633,Z 24,Långvattnet - Sandtjärnen - Jänsmässholmen,1829.84772676523,"{""OBJECTID"": 12352633, ""STATLIGLED"": ""Z 24"", ""STATLIGLEDNAMN"": ""Långvattnet - Sandtjärnen - Jänsmässholmen"", ""SHAPE.LEN"": 1829.84772676523}",13.775840165203192,63.87023358571637,LineString,1829.8477267647359,0.0,https://www.openstreetmap.org/?mlat=63.8702336&mlon=13.7758402#map=18/63.8702336/13.7758402,coordinate_fallback,,,statliga_leder
12352632,Z 24,Långvattnet - Sandtjärnen - Jänsmässholmen,25.2915053332142,"{""OBJECTID"": 12352632, ""STATLIGLED"": ""Z 24"", ""STATLIGLEDNAMN"": ""Långvattnet - Sandtjärnen - Jänsmässholmen"", ""SHAPE.LEN"": 25.2915053332142}",13.814722722931288,63.83709960429042,LineString,25.29150533420037,0.0,https://www.openstreetmap.org/?mlat=63.8370996&mlon=13.8147227#map=18/63.8370996/13.8147227,coordinate_fallback,,,statliga_leder
12352631,Z 24,Långvattnet - Sandtjärnen - Jänsmässholmen,55.4644283721558,"{""OBJECTID"": 12352631, ""STATLIGLED"": ""Z 24"", ""STATLIGLEDNAMN"": ""Långvattnet - Sandtjärnen - Jänsmässholmen"", ""SHAPE.LEN"": 55.4644283721558}",13.811119055426083,63.839680295219146,LineString,55.4644283726146,0.0,https://www.openstreetmap.org/?mlat=63.8396803&mlon=13.8111191#map=18/63.8396803/13.8111191,coordinate_fallback,,,statliga_leder
12352953,Z 25,Ansätten - Klemmetrubäcken (Jänsmässholmen),379.831027782094,"{""OBJECTID"": 12352953, ""STATLIGLED"": ""Z 25"", ""STATLIGLEDNAMN"": ""Ansätten - Klemmetrubäcken (Jänsmässholmen)"", ""SHAPE.LEN"": 379.831027782094}",13.868152995917942,63.82888140521787,LineString,379.8310277825352,0.0,https://www.openstreetmap.org/?mlat=63.8288814&mlon=13.8681530#map=18/63.8288814/13.8681530,coordinate_fallback,,,statliga_leder
12352952,Z 25,Ansätten - Klemmetrubäcken (Jänsmässholmen),25.3510410452904,"{""OBJECTID"": 12352952, ""STATLIGLED"": ""Z 25"", ""STATLIGLEDNAMN"": ""Ansätten - Klemmetrubäcken (Jänsmässholmen)"", ""SHAPE.LEN"": 25.3510410452904}",13.86954786543183,63.8307013810313,LineString,25.35104104498897,0.0,https://www.openstreetmap.org/?mlat=63.8307014&mlon=13.8695479#map=18/63.8307014/13.8695479,coordinate_fallback,,,statliga_leder
12352951,Z 25,Ansätten - Klemmetrubäcken (Jänsmässholmen),156.894607430151,"{""OBJECTID"": 12352951, ""STATLIGLED"": ""Z 25"", ""STATLIGLEDNAMN"": ""Ansätten - Klemmetrubäcken (Jänsmässholmen)"", ""SHAPE.LEN"": 156.894607430151}",13.861731317661619,63.827502538123596,LineString,156.894607430867,0.0,https://www.openstreetmap.org/?mlat=63.8275025&mlon=13.8617313#map=18/63.8275025/13.8617313,coordinate_fallback,,,statliga_leder
12352965,Z 25,Ansätten - Klemmetrubäcken (Jänsmässholmen),19.4357845866844,"{""OBJECTID"": 12352965, ""STATLIGLED"": ""Z 25"", ""STATLIGLEDNAMN"": ""Ansätten - Klemmetrubäcken (Jänsmässholmen)"", ""SHAPE.LEN"": 19.4357845866844}",13.863303631325927,63.82777623537515,LineString,19.435784585994654,0.0,https://www.openstreetmap.org/?mlat=63.8277762&mlon=13.8633036#map=18/63.8277762/13.8633036,coordinate_fallback,,,statliga_leder
12352964,Z 25,Ansätten - Klemmetrubäcken (Jänsmässholmen),13.958684934513,"{""OBJECTID"": 12352964, ""STATLIGLED"": ""Z 25"", ""STATLIGLEDNAMN"": ""Ansätten - Klemmetrubäcken (Jänsmässholmen)"", ""SHAPE.LEN"": 13.958684934513}",13.852624827040803,63.824968066533216,LineString,13.958684934413835,0.0,https://www.openstreetmap.org/?mlat=63.8249681&mlon=13.8526248#map=18/63.8249681/13.8526248,coordinate_fallback,,,statliga_leder
12352963,Z 25,Ansätten - Klemmetrubäcken (Jänsmässholmen),21.876424821633,"{""OBJECTID"": 12352963, ""STATLIGLED"": ""Z 25"", ""STATLIGLEDNAMN"": ""Ansätten - Klemmetrubäcken (Jänsmässholmen)"", ""SHAPE.LEN"": 21.876424821633}",13.860264428963255,63.82701469928455,LineString,21.876424822796928,0.0,https://www.openstreetmap.org/?mlat=63.8270147&mlon=13.8602644#map=18/63.8270147/13.8602644,coordinate_fallback,,,statliga_leder
12352962,Z 25,Ansätten - Klemmetrubäcken (Jänsmässholmen),22.7975093519007,"{""OBJECTID"": 12352962, ""STATLIGLED"": ""Z 25"", ""STATLIGLEDNAMN"": ""Ansätten - Klemmetrubäcken (Jänsmässholmen)"", ""SHAPE.LEN"": 22.7975093519007}",13.869575167145225,63.830983721900935,LineString,22.797509349438915,0.0,https://www.openstreetmap.org/?mlat=63.8309837&mlon=13.8695752#map=18/63.8309837/13.8695752,coordinate_fallback,,,statliga_leder
12352961,Z 25,Ansätten - Klemmetrubäcken (Jänsmässholmen),26.8579182611727,"{""OBJECTID"": 12352961, ""STATLIGLED"": ""Z 25"", ""STATLIGLEDNAMN"": ""Ansätten - Klemmetrubäcken (Jänsmässholmen)"", ""SHAPE.LEN"": 26.8579182611727}",13.887509338840799,63.83746094259881,LineString,26.85791826092015,0.0,https://www.openstreetmap.org/?mlat=63.8374609&mlon=13.8875093#map=18/63.8374609/13.8875093,coordinate_fallback,,,statliga_leder
12352960,Z 25,Ansätten - Klemmetrubäcken (Jänsmässholmen),118.985115509601,"{""OBJECTID"": 12352960, ""STATLIGLED"": ""Z 25"", ""STATLIGLEDNAMN"": ""Ansätten - Klemmetrubäcken (Jänsmässholmen)"", ""SHAPE.LEN"": 118.985115509601}",13.864628960857768,63.82798393982012,LineString,118.98511551038135,0.0,https://www.openstreetmap.org/?mlat=63.8279839&mlon=13.8646290#map=18/63.8279839/13.8646290,coordinate_fallback,,,statliga_leder
12352959,Z 25,Ansätten - Klemmetrubäcken (Jänsmässholmen),361.897363258622,"{""OBJECTID"": 12352959, ""STATLIGLED"": ""Z 25"", ""STATLIGLEDNAMN"": ""Ansätten - Klemmetrubäcken (Jänsmässholmen)"", ""SHAPE.LEN"": 361.897363258622}",13.832624749717231,63.82045147348755,LineString,361.8973632564462,0.0,https://www.openstreetmap.org/?mlat=63.8204515&mlon=13.8326247#map=18/63.8204515/13.8326247,coordinate_fallback,,,statliga_leder
12352958,Z 25,Ansätten - Klemmetrubäcken (Jänsmässholmen),397.991288152817,"{""OBJECTID"": 12352958, ""STATLIGLED"": ""Z 25"", ""STATLIGLEDNAMN"": ""Ansätten - Klemmetrubäcken (Jänsmässholmen)"", ""SHAPE.LEN"": 397.991288152817}",13.870526338377523,63.8329208549858,LineString,397.99128815333,0.0,https://www.openstreetmap.org/?mlat=63.8329209&mlon=13.8705263#map=18/63.8329209/13.8705263,coordinate_fallback,,,statliga_leder
12352957,Z 25,Ansätten - Klemmetrubäcken (Jänsmässholmen),917.647288524607,"{""OBJECTID"": 12352957, ""STATLIGLED"": ""Z 25"", ""STATLIGLEDNAMN"": ""Ansätten - Klemmetrubäcken (Jänsmässholmen)"", ""SHAPE.LEN"": 917.647288524607}",13.843974290500242,63.82333591017825,LineString,917.6472885251977,0.0,https://www.openstreetmap.org/?mlat=63.8233359&mlon=13.8439743#map=18/63.8233359/13.8439743,coordinate_fallback,,,statliga_leder
12352956,Z 25,Ansätten - Klemmetrubäcken (Jänsmässholmen),25.0432862304451,"{""OBJECTID"": 12352956, ""STATLIGLED"": ""Z 25"", ""STATLIGLEDNAMN"": ""Ansätten - Klemmetrubäcken (Jänsmässholmen)"", ""SHAPE.LEN"": 25.0432862304451}",13.872022256802298,63.83456171577257,LineString,25.04328622971074,0.0,https://www.openstreetmap.org/?mlat=63.8345617&mlon=13.8720223#map=18/63.8345617/13.8720223,coordinate_fallback,,,statliga_leder
12352955,Z 25,Ansätten - Klemmetrubäcken (Jänsmässholmen),29.398593520269,"{""OBJECTID"": 12352955, ""STATLIGLED"": ""Z 25"", ""STATLIGLEDNAMN"": ""Ansätten - Klemmetrubäcken (Jänsmässholmen)"", ""SHAPE.LEN"": 29.398593520269}",13.835216329481792,63.82153630950816,LineString,29.398593520470026,0.0,https://www.openstreetmap.org/?mlat=63.8215363&mlon=13.8352163#map=18/63.8215363/13.8352163,coordinate_fallback,,,statliga_leder
12352954,Z 25,Ansätten - Klemmetrubäcken (Jänsmässholmen),436.558979243257,"{""OBJECTID"": 12352954, ""STATLIGLED"": ""Z 25"", ""STATLIGLEDNAMN"": ""Ansätten - Klemmetrubäcken (Jänsmässholmen)"", ""SHAPE.LEN"": 436.558979243257}",13.856525208920273,63.825718585418784,LineString,436.55897924278605,0.0,https://www.openstreetmap.org/?mlat=63.8257186&mlon=13.8565252#map=18/63.8257186/13.8565252,coordinate_fallback,,,statliga_leder
12352912,Z 25,Ansätten - Klemmetrubäcken (Jänsmässholmen),4975.24318752288,"{""OBJECTID"": 12352912, ""STATLIGLED"": ""Z 25"", ""STATLIGLEDNAMN"": ""Ansätten - Klemmetrubäcken (Jänsmässholmen)"", ""SHAPE.LEN"": 4975.24318752288}",13.933028509839598,63.840114293764195,LineString,4975.243187527065,0.0,https://www.openstreetmap.org/?mlat=63.8401143&mlon=13.9330285#map=18/63.8401143/13.9330285,coordinate_fallback,,,statliga_leder
12352911,Z 25,Ansätten - Klemmetrubäcken (Jänsmässholmen),1026.30560828075,"{""OBJECTID"": 12352911, ""STATLIGLED"": ""Z 25"", ""STATLIGLEDNAMN"": ""Ansätten - Klemmetrubäcken (Jänsmässholmen)"", ""SHAPE.LEN"": 1026.30560828075}",13.879241801424007,63.837461638258254,LineString,1026.305608280482,0.0,https://www.openstreetmap.org/?mlat=63.8374616&mlon=13.8792418#map=18/63.8374616/13.8792418,coordinate_fallback,,,statliga_leder
12352910,Z 25,Ansätten - Klemmetrubäcken (Jänsmässholmen),6.66628803533121,"{""OBJECTID"": 12352910, ""STATLIGLED"": ""Z 25"", ""STATLIGLEDNAMN"": ""Ansätten - Klemmetrubäcken (Jänsmässholmen)"", ""SHAPE.LEN"": 6.66628803533121}",13.869562844054055,63.83085163161931,LineString,6.666288035188941,0.0,https://www.openstreetmap.org/?mlat=63.8308516&mlon=13.8695628#map=18/63.8308516/13.8695628,coordinate_fallback,,,statliga_leder
12348716,Z 29,Kolåsen - Rutsdalen - Strydalen - Anjan,9945.83936628016,"{""OBJECTID"": 12348716, ""STATLIGLED"": ""Z 29"", ""STATLIGLEDNAMN"": ""Kolåsen - Rutsdalen - Strydalen - Anjan"", ""SHAPE.LEN"": 9945.83936628016}",12.87517951788805,63.78016741018448,LineString,9945.839366280521,0.0,https://www.openstreetmap.org/?mlat=63.7801674&mlon=12.8751795#map=18/63.7801674/12.8751795,coordinate_fallback,,,statliga_leder
12348678,Z 29,Kolåsen - Rutsdalen - Strydalen - Anjan,559.388973276399,"{""OBJECTID"": 12348678, ""STATLIGLED"": ""Z 29"", ""STATLIGLEDNAMN"": ""Kolåsen - Rutsdalen - Strydalen - Anjan"", ""SHAPE.LEN"": 559.388973276399}",12.633625661507372,63.71428469610759,LineString,559.388973276263,0.0,https://www.openstreetmap.org/?mlat=63.7142847&mlon=12.6336257#map=18/63.7142847/12.6336257,coordinate_fallback,,,statliga_leder
12348721,Z 29,Kolåsen - Rutsdalen - Strydalen - Anjan,76.8741039447604,"{""OBJECTID"": 12348721, ""STATLIGLED"": ""Z 29"", ""STATLIGLEDNAMN"": ""Kolåsen - Rutsdalen - Strydalen - Anjan"", ""SHAPE.LEN"": 76.8741039447604}",12.630097229740436,63.712461069382655,LineString,76.8741039435811,0.0,https://www.openstreetmap.org/?mlat=63.7124611&mlon=12.6300972#map=18/63.7124611/12.6300972,coordinate_fallback,,,statliga_leder
12348720,Z 29,Kolåsen - Rutsdalen - Strydalen - Anjan,10075.354471215,"{""OBJECTID"": 12348720, ""STATLIGLED"": ""Z 29"", ""STATLIGLEDNAMN"": ""Kolåsen - Rutsdalen - Strydalen - Anjan"", ""SHAPE.LEN"": 10075.354471215}",12.691514169498795,63.75733079960245,LineString,10075.35447121302,0.0,https://www.openstreetmap.org/?mlat=63.7573308&mlon=12.6915142#map=18/63.7573308/12.6915142,coordinate_fallback,,,statliga_leder
12348719,Z 29,Kolåsen - Rutsdalen - Strydalen - Anjan,2307.65753887477,"{""OBJECTID"": 12348719, ""STATLIGLED"": ""Z 29"", ""STATLIGLEDNAMN"": ""Kolåsen - Rutsdalen - Strydalen - Anjan"", ""SHAPE.LEN"": 2307.65753887477}",12.712685023862866,63.71259334673355,LineString,2307.657538873199,0.0,https://www.openstreetmap.org/?mlat=63.7125933&mlon=12.7126850#map=18/63.7125933/12.7126850,coordinate_fallback,,,statliga_leder
12348718,Z 29,Kolåsen - Rutsdalen - Strydalen - Anjan,3536.29838442485,"{""OBJECTID"": 12348718, ""STATLIGLED"": ""Z 29"", ""STATLIGLEDNAMN"": ""Kolåsen - Rutsdalen - Strydalen - Anjan"", ""SHAPE.LEN"": 3536.29838442485}",12.670819390786175,63.71805487614043,LineString,3536.2983844243863,0.0,https://www.openstreetmap.org/?mlat=63.7180549&mlon=12.6708194#map=18/63.7180549/12.6708194,coordinate_fallback,,,statliga_leder
12348717,Z 29,Kolåsen - Rutsdalen - Strydalen - Anjan,7329.90168590334,"{""OBJECTID"": 12348717, ""STATLIGLED"": ""Z 29"", ""STATLIGLEDNAMN"": ""Kolåsen - Rutsdalen - Strydalen - Anjan"", ""SHAPE.LEN"": 7329.90168590334}",12.741471146315002,63.801209806541124,LineString,7329.901685906972,0.0,https://www.openstreetmap.org/?mlat=63.8012098&mlon=12.7414711#map=18/63.8012098/12.7414711,coordinate_fallback,,,statliga_leder
12353420,Z 34,Storlien - Sevedholm (led 37),5957.46943229421,"{""OBJECTID"": 12353420, ""STATLIGLED"": ""Z 34"", ""STATLIGLEDNAMN"": ""Storlien - Sevedholm (led 37)"", ""SHAPE.LEN"": 5957.46943229421}",12.134415395857458,63.25072256757827,LineString,5957.469432295115,0.0,https://www.openstreetmap.org/?mlat=63.2507226&mlon=12.1344154#map=18/63.2507226/12.1344154,coordinate_fallback,,,statliga_leder
12354889,Z 35,Rundhögen - Getryggen (led 36),9369.5424105893,"{""OBJECTID"": 12354889, ""STATLIGLED"": ""Z 35"", ""STATLIGLEDNAMN"": ""Rundhögen - Getryggen (led 36)"", ""SHAPE.LEN"": 9369.5424105893}",12.233568524648861,63.22385122188266,LineString,9369.54241058674,0.0,https://www.openstreetmap.org/?mlat=63.2238512&mlon=12.2335685#map=18/63.2238512/12.2335685,coordinate_fallback,,,statliga_leder
12344536,BD 40,Singi - Kebnekaise,13873.1924317264,"{""OBJECTID"": 12344536, ""STATLIGLED"": ""BD 40"", ""STATLIGLEDNAMN"": ""Singi - Kebnekaise"", ""SHAPE.LEN"": 13873.1924317264}",18.461452423447252,67.85099111513304,LineString,13873.192431725329,0.0,https://www.openstreetmap.org/?mlat=67.8509911&mlon=18.4614524#map=18/67.8509911/18.4614524,coordinate_fallback,,,statliga_leder
12344535,BD 40,Singi - Kebnekaise,694.579641515964,"{""OBJECTID"": 12344535, ""STATLIGLED"": ""BD 40"", ""STATLIGLEDNAMN"": ""Singi - Kebnekaise"", ""SHAPE.LEN"": 694.579641515964}",18.61234683747376,67.86785837279749,LineString,694.5796415158304,0.0,https://www.openstreetmap.org/?mlat=67.8678584&mlon=18.6123468#map=18/67.8678584/18.6123468,coordinate_fallback,,,statliga_leder
12352643,Z 48,Sörbotten - Ottfjället - Vålådalen (justerad),4974.01727901833,"{""OBJECTID"": 12352643, ""STATLIGLED"": ""Z 48"", ""STATLIGLEDNAMN"": ""Sörbotten - Ottfjället - Vålådalen (justerad)"", ""SHAPE.LEN"": 4974.01727901833}",12.96566509592965,63.162987610427415,LineString,4974.017279015059,0.0,https://www.openstreetmap.org/?mlat=63.1629876&mlon=12.9656651#map=18/63.1629876/12.9656651,coordinate_fallback,,,statliga_leder
12352641,Z 48,Sörbotten - Ottfjället - Vålådalen (justerad),0.336641203657544,"{""OBJECTID"": 12352641, ""STATLIGLED"": ""Z 48"", ""STATLIGLEDNAMN"": ""Sörbotten - Ottfjället - Vålådalen (justerad)"", ""SHAPE.LEN"": 0.336641203657544}",12.957714769677873,63.18311032378854,LineString,0.33664120311670376,0.0,https://www.openstreetmap.org/?mlat=63.1831103&mlon=12.9577148#map=18/63.1831103/12.9577148,coordinate_fallback,,,statliga_leder
12352640,Z 48,Sörbotten - Ottfjället - Vålådalen (justerad),2000.67552289199,"{""OBJECTID"": 12352640, ""STATLIGLED"": ""Z 48"", ""STATLIGLEDNAMN"": ""Sörbotten - Ottfjället - Vålådalen (justerad)"", ""SHAPE.LEN"": 2000.67552289199}",12.95208904720855,63.19244172074973,LineString,2000.675522894859,0.0,https://www.openstreetmap.org/?mlat=63.1924417&mlon=12.9520890#map=18/63.1924417/12.9520890,coordinate_fallback,,,statliga_leder
12348320,Z 48,Sörbotten - Ottfjället - Vålådalen (justerad),549.878043663018,"{""OBJECTID"": 12348320, ""STATLIGLED"": ""Z 48"", ""STATLIGLEDNAMN"": ""Sörbotten - Ottfjället - Vålådalen (justerad)"", ""SHAPE.LEN"": 549.878043663018}",12.936792749166507,63.19744889170365,LineString,549.8780436638863,0.0,https://www.openstreetmap.org/?mlat=63.1974489&mlon=12.9367927#map=18/63.1974489/12.9367927,coordinate_fallback,,,statliga_leder
12352859,Z 76,Lunndörrsstugorna - Tossåsen via Dörrsjön,177.793456764022,"{""OBJECTID"": 12352859, ""STATLIGLED"": ""Z 76"", ""STATLIGLEDNAMN"": ""Lunndörrsstugorna - Tossåsen via Dörrsjön"", ""SHAPE.LEN"": 177.793456764022}",13.064583717704762,63.05776110077911,LineString,177.7934567636843,0.0,https://www.openstreetmap.org/?mlat=63.0577611&mlon=13.0645837#map=18/63.0577611/13.0645837,coordinate_fallback,,,statliga_leder
12352321,Z 76,Lunndörrsstugorna - Tossåsen via Dörrsjön,2294.36825012251,"{""OBJECTID"": 12352321, ""STATLIGLED"": ""Z 76"", ""STATLIGLEDNAMN"": ""Lunndörrsstugorna - Tossåsen via Dörrsjön"", ""SHAPE.LEN"": 2294.36825012251}",13.186796103826463,63.01150057443232,LineString,2294.368250121305,0.0,https://www.openstreetmap.org/?mlat=63.0115006&mlon=13.1867961#map=18/63.0115006/13.1867961,coordinate_fallback,,,statliga_leder
12352320,Z 76,Lunndörrsstugorna - Tossåsen via Dörrsjön,33.793665888001,"{""OBJECTID"": 12352320, ""STATLIGLED"": ""Z 76"", ""STATLIGLEDNAMN"": ""Lunndörrsstugorna - Tossåsen via Dörrsjön"", ""SHAPE.LEN"": 33.793665888001}",13.062929895334038,63.058263797127566,LineString,33.79366588644202,0.0,https://www.openstreetmap.org/?mlat=63.0582638&mlon=13.0629299#map=18/63.0582638/13.0629299,coordinate_fallback,,,statliga_leder
12352319,Z 76,Lunndörrsstugorna - Tossåsen via Dörrsjön,79.1534328373697,"{""OBJECTID"": 12352319, ""STATLIGLED"": ""Z 76"", ""STATLIGLEDNAMN"": ""Lunndörrsstugorna - Tossåsen via Dörrsjön"", ""SHAPE.LEN"": 79.1534328373697}",13.062841226267151,63.05894157451205,LineString,79.15343283652803,0.0,https://www.openstreetmap.org/?mlat=63.0589416&mlon=13.0628412#map=18/63.0589416/13.0628412,coordinate_fallback,,,statliga_leder
12352318,Z 76,Lunndörrsstugorna - Tossåsen via Dörrsjön,9504.61586200671,"{""OBJECTID"": 12352318, ""STATLIGLED"": ""Z 76"", ""STATLIGLEDNAMN"": ""Lunndörrsstugorna - Tossåsen via Dörrsjön"", ""SHAPE.LEN"": 9504.61586200671}",13.128562347125573,63.051384902725715,LineString,9504.61586200312,0.0,https://www.openstreetmap.org/?mlat=63.0513849&mlon=13.1285623#map=18/63.0513849/13.1285623,coordinate_fallback,,,statliga_leder
12352317,Z 76,Lunndörrsstugorna - Tossåsen via Dörrsjön,3358.28846384572,"{""OBJECTID"": 12352317, ""STATLIGLED"": ""Z 76"", ""STATLIGLEDNAMN"": ""Lunndörrsstugorna - Tossåsen via Dörrsjön"", ""SHAPE.LEN"": 3358.28846384572}",13.217784233537111,62.99215941267077,LineString,3358.288463845394,0.0,https://www.openstreetmap.org/?mlat=62.9921594&mlon=13.2177842#map=18/62.9921594/13.2177842,coordinate_fallback,,,statliga_leder
12352316,Z 76,Lunndörrsstugorna - Tossåsen via Dörrsjön,165.415737385943,"{""OBJECTID"": 12352316, ""STATLIGLED"": ""Z 76"", ""STATLIGLEDNAMN"": ""Lunndörrsstugorna - Tossåsen via Dörrsjön"", ""SHAPE.LEN"": 165.415737385943}",13.06300773170565,63.06069902695307,LineString,165.41573738333804,0.0,https://www.openstreetmap.org/?mlat=63.0606990&mlon=13.0630077#map=18/63.0606990/13.0630077,coordinate_fallback,,,statliga_leder
12352315,Z 76,Lunndörrsstugorna - Tossåsen via Dörrsjön,79.6728950050141,"{""OBJECTID"": 12352315, ""STATLIGLED"": ""Z 76"", ""STATLIGLEDNAMN"": ""Lunndörrsstugorna - Tossåsen via Dörrsjön"", ""SHAPE.LEN"": 79.6728950050141}",13.062788193850523,63.05965518288685,LineString,79.6728950068407,0.0,https://www.openstreetmap.org/?mlat=63.0596552&mlon=13.0627882#map=18/63.0596552/13.0627882,coordinate_fallback,,,statliga_leder
12352314,Z 76,Lunndörrsstugorna - Tossåsen via Dörrsjön,4790.59111469225,"{""OBJECTID"": 12352314, ""STATLIGLED"": ""Z 76"", ""STATLIGLEDNAMN"": ""Lunndörrsstugorna - Tossåsen via Dörrsjön"", ""SHAPE.LEN"": 4790.59111469225}",13.23108828150871,62.95531614110977,LineString,4790.591114691315,0.0,https://www.openstreetmap.org/?mlat=62.9553161&mlon=13.2310883#map=18/62.9553161/13.2310883,coordinate_fallback,,,statliga_leder
12347821,Z 76,Lunndörrsstugorna - Tossåsen via Dörrsjön,66.5260375854723,"{""OBJECTID"": 12347821, ""STATLIGLED"": ""Z 76"", ""STATLIGLEDNAMN"": ""Lunndörrsstugorna - Tossåsen via Dörrsjön"", ""SHAPE.LEN"": 66.5260375854723}",13.06238302089771,63.06232296933215,LineString,66.5260375878348,0.0,https://www.openstreetmap.org/?mlat=63.0623230&mlon=13.0623830#map=18/63.0623230/13.0623830,coordinate_fallback,,,statliga_leder
12347820,Z 76,Lunndörrsstugorna - Tossåsen via Dörrsjön,125.073412947165,"{""OBJECTID"": 12347820, ""STATLIGLED"": ""Z 76"", ""STATLIGLEDNAMN"": ""Lunndörrsstugorna - Tossåsen via Dörrsjön"", ""SHAPE.LEN"": 125.073412947165}",13.06285432319068,63.05873241997144,LineString,125.07341294712921,0.0,https://www.openstreetmap.org/?mlat=63.0587324&mlon=13.0628543#map=18/63.0587324/13.0628543,coordinate_fallback,,,statliga_leder
12353607,Z 76,Lunndörrsstugorna - Tossåsen via Dörrsjön,67.0723475873627,"{""OBJECTID"": 12353607, ""STATLIGLED"": ""Z 76"", ""STATLIGLEDNAMN"": ""Lunndörrsstugorna - Tossåsen via Dörrsjön"", ""SHAPE.LEN"": 67.0723475873627}",13.062731604343343,63.06172139170148,LineString,67.072347584824,0.0,https://www.openstreetmap.org/?mlat=63.0617214&mlon=13.0627316#map=18/63.0617214/13.0627316,coordinate_fallback,,,statliga_leder
12348676,Z 72,Hosjöbottnarna - Visjön,333.495168307683,"{""OBJECTID"": 12348676, ""STATLIGLED"": ""Z 72"", ""STATLIGLEDNAMN"": ""Hosjöbottnarna - Visjön"", ""SHAPE.LEN"": 333.495168307683}",13.568650617640783,63.03932020457522,LineString,333.4951683072934,0.0,https://www.openstreetmap.org/?mlat=63.0393202&mlon=13.5686506#map=18/63.0393202/13.5686506,coordinate_fallback,,,statliga_leder
12348675,Z 72,Hosjöbottnarna - Visjön,300.45048866688,"{""OBJECTID"": 12348675, ""STATLIGLED"": ""Z 72"", ""STATLIGLEDNAMN"": ""Hosjöbottnarna - Visjön"", ""SHAPE.LEN"": 300.45048866688}",13.512781349458276,63.063915488579646,LineString,300.4504886678971,0.0,https://www.openstreetmap.org/?mlat=63.0639155&mlon=13.5127813#map=18/63.0639155/13.5127813,coordinate_fallback,,,statliga_leder
12348674,Z 72,Hosjöbottnarna - Visjön,105.52619626715,"{""OBJECTID"": 12348674, ""STATLIGLED"": ""Z 72"", ""STATLIGLEDNAMN"": ""Hosjöbottnarna - Visjön"", ""SHAPE.LEN"": 105.52619626715}",13.531855338430468,63.064130965270785,LineString,105.5261962667532,0.0,https://www.openstreetmap.org/?mlat=63.0641310&mlon=13.5318553#map=18/63.0641310/13.5318553,coordinate_fallback,,,statliga_leder
12348673,Z 72,Hosjöbottnarna - Visjön,38.3047773517873,"{""OBJECTID"": 12348673, ""STATLIGLED"": ""Z 72"", ""STATLIGLEDNAMN"": ""Hosjöbottnarna - Visjön"", ""SHAPE.LEN"": 38.3047773517873}",13.512711320341506,63.073555982376526,LineString,38.30477735193089,0.0,https://www.openstreetmap.org/?mlat=63.0735560&mlon=13.5127113#map=18/63.0735560/13.5127113,coordinate_fallback,,,statliga_leder
12348672,Z 72,Hosjöbottnarna - Visjön,214.523425416318,"{""OBJECTID"": 12348672, ""STATLIGLED"": ""Z 72"", ""STATLIGLEDNAMN"": ""Hosjöbottnarna - Visjön"", ""SHAPE.LEN"": 214.523425416318}",13.507797956866499,63.06707944620369,LineString,214.52342541713415,0.0,https://www.openstreetmap.org/?mlat=63.0670794&mlon=13.5077980#map=18/63.0670794/13.5077980,coordinate_fallback,,,statliga_leder
12348671,Z 72,Hosjöbottnarna - Visjön,628.464727376635,"{""OBJECTID"": 12348671, ""STATLIGLED"": ""Z 72"", ""STATLIGLEDNAMN"": ""Hosjöbottnarna - Visjön"", ""SHAPE.LEN"": 628.464727376635}",13.524952287651448,63.07574500465165,LineString,628.4647273751256,0.0,https://www.openstreetmap.org/?mlat=63.0757450&mlon=13.5249523#map=18/63.0757450/13.5249523,coordinate_fallback,,,statliga_leder
12348670,Z 72,Hosjöbottnarna - Visjön,279.122840944709,"{""OBJECTID"": 12348670, ""STATLIGLED"": ""Z 72"", ""STATLIGLEDNAMN"": ""Hosjöbottnarna - Visjön"", ""SHAPE.LEN"": 279.122840944709}",13.526159768360332,63.0649503918648,LineString,279.122840945288,0.0,https://www.openstreetmap.org/?mlat=63.0649504&mlon=13.5261598#map=18/63.0649504/13.5261598,coordinate_fallback,,,statliga_leder
12348669,Z 72,Hosjöbottnarna - Visjön,62.8203821577838,"{""OBJECTID"": 12348669, ""STATLIGLED"": ""Z 72"", ""STATLIGLEDNAMN"": ""Hosjöbottnarna - Visjön"", ""SHAPE.LEN"": 62.8203821577838}",13.515434737513758,63.073343087314505,LineString,62.82038215845176,0.0,https://www.openstreetmap.org/?mlat=63.0733431&mlon=13.5154347#map=18/63.0733431/13.5154347,coordinate_fallback,,,statliga_leder
12348668,Z 72,Hosjöbottnarna - Visjön,313.531276616145,"{""OBJECTID"": 12348668, ""STATLIGLED"": ""Z 72"", ""STATLIGLEDNAMN"": ""Hosjöbottnarna - Visjön"", ""SHAPE.LEN"": 313.531276616145}",13.509292679350812,63.0651195935546,LineString,313.5312766142234,0.0,https://www.openstreetmap.org/?mlat=63.0651196&mlon=13.5092927#map=18/63.0651196/13.5092927,coordinate_fallback,,,statliga_leder
12348667,Z 72,Hosjöbottnarna - Visjön,114.684955712683,"{""OBJECTID"": 12348667, ""STATLIGLED"": ""Z 72"", ""STATLIGLEDNAMN"": ""Hosjöbottnarna - Visjön"", ""SHAPE.LEN"": 114.684955712683}",13.635705884896886,63.01018327922578,LineString,114.68495571434573,0.0,https://www.openstreetmap.org/?mlat=63.0101833&mlon=13.6357059#map=18/63.0101833/13.6357059,coordinate_fallback,,,statliga_leder
12348666,Z 72,Hosjöbottnarna - Visjön,27.3910810391975,"{""OBJECTID"": 12348666, ""STATLIGLED"": ""Z 72"", ""STATLIGLEDNAMN"": ""Hosjöbottnarna - Visjön"", ""SHAPE.LEN"": 27.3910810391975}",13.517123838416655,63.07318722873566,LineString,27.391081040454722,0.0,https://www.openstreetmap.org/?mlat=63.0731872&mlon=13.5171238#map=18/63.0731872/13.5171238,coordinate_fallback,,,statliga_leder
12348665,Z 72,Hosjöbottnarna - Visjön,413.798920323147,"{""OBJECTID"": 12348665, ""STATLIGLED"": ""Z 72"", ""STATLIGLEDNAMN"": ""Hosjöbottnarna - Visjön"", ""SHAPE.LEN"": 413.798920323147}",13.554201124470852,63.054222986188776,LineString,413.798920321912,0.0,https://www.openstreetmap.org/?mlat=63.0542230&mlon=13.5542011#map=18/63.0542230/13.5542011,coordinate_fallback,,,statliga_leder
12348664,Z 72,Hosjöbottnarna - Visjön,36.3826544919416,"{""OBJECTID"": 12348664, ""STATLIGLED"": ""Z 72"", ""STATLIGLEDNAMN"": ""Hosjöbottnarna - Visjön"", ""SHAPE.LEN"": 36.3826544919416}",13.530400852188782,63.07678382059239,LineString,36.38265449171845,0.0,https://www.openstreetmap.org/?mlat=63.0767838&mlon=13.5304009#map=18/63.0767838/13.5304009,coordinate_fallback,,,statliga_leder
12348663,Z 72,Hosjöbottnarna - Visjön,39.2441132080979,"{""OBJECTID"": 12348663, ""STATLIGLED"": ""Z 72"", ""STATLIGLEDNAMN"": ""Hosjöbottnarna - Visjön"", ""SHAPE.LEN"": 39.2441132080979}",13.532839771639207,63.06362981013549,LineString,39.24411320689995,0.0,https://www.openstreetmap.org/?mlat=63.0636298&mlon=13.5328398#map=18/63.0636298/13.5328398,coordinate_fallback,,,statliga_leder
12348662,Z 72,Hosjöbottnarna - Visjön,42.116107985544,"{""OBJECTID"": 12348662, ""STATLIGLED"": ""Z 72"", ""STATLIGLEDNAMN"": ""Hosjöbottnarna - Visjön"", ""SHAPE.LEN"": 42.116107985544}",13.516449854382671,63.07324397499965,LineString,42.11610798529506,0.0,https://www.openstreetmap.org/?mlat=63.0732440&mlon=13.5164499#map=18/63.0732440/13.5164499,coordinate_fallback,,,statliga_leder
12348661,Z 72,Hosjöbottnarna - Visjön,178.702501340706,"{""OBJECTID"": 12348661, ""STATLIGLED"": ""Z 72"", ""STATLIGLEDNAMN"": ""Hosjöbottnarna - Visjön"", ""SHAPE.LEN"": 178.702501340706}",13.505186501097933,63.068260106890044,LineString,178.70250133979442,0.0,https://www.openstreetmap.org/?mlat=63.0682601&mlon=13.5051865#map=18/63.0682601/13.5051865,coordinate_fallback,,,statliga_leder
12348660,Z 72,Hosjöbottnarna - Visjön,362.267739593173,"{""OBJECTID"": 12348660, ""STATLIGLED"": ""Z 72"", ""STATLIGLEDNAMN"": ""Hosjöbottnarna - Visjön"", ""SHAPE.LEN"": 362.267739593173}",13.508910203303403,63.073954670259056,LineString,362.26773959300755,0.0,https://www.openstreetmap.org/?mlat=63.0739547&mlon=13.5089102#map=18/63.0739547/13.5089102,coordinate_fallback,,,statliga_leder
12348659,Z 72,Hosjöbottnarna - Visjön,79.4926794717738,"{""OBJECTID"": 12348659, ""STATLIGLED"": ""Z 72"", ""STATLIGLEDNAMN"": ""Hosjöbottnarna - Visjön"", ""SHAPE.LEN"": 79.4926794717738}",13.637095624310358,63.009599624493546,LineString,79.49267947071681,0.0,https://www.openstreetmap.org/?mlat=63.0095996&mlon=13.6370956#map=18/63.0095996/13.6370956,coordinate_fallback,,,statliga_leder
12348537,Z 72,Hosjöbottnarna - Visjön,29.8234791316624,"{""OBJECTID"": 12348537, ""STATLIGLED"": ""Z 72"", ""STATLIGLEDNAMN"": ""Hosjöbottnarna - Visjön"", ""SHAPE.LEN"": 29.8234791316624}",13.519244184886531,63.07382851169863,LineString,29.823479133820165,0.0,https://www.openstreetmap.org/?mlat=63.0738285&mlon=13.5192442#map=18/63.0738285/13.5192442,coordinate_fallback,,,statliga_leder
12348536,Z 72,Hosjöbottnarna - Visjön,36.6340191784904,"{""OBJECTID"": 12348536, ""STATLIGLED"": ""Z 72"", ""STATLIGLEDNAMN"": ""Hosjöbottnarna - Visjön"", ""SHAPE.LEN"": 36.6340191784904}",13.519712959936573,63.074009585484966,LineString,36.63401917875745,0.0,https://www.openstreetmap.org/?mlat=63.0740096&mlon=13.5197130#map=18/63.0740096/13.5197130,coordinate_fallback,,,statliga_leder
12348535,Z 72,Hosjöbottnarna - Visjön,1009.62666954083,"{""OBJECTID"": 12348535, ""STATLIGLED"": ""Z 72"", ""STATLIGLEDNAMN"": ""Hosjöbottnarna - Visjön"", ""SHAPE.LEN"": 1009.62666954083}",13.544347749645537,63.05882908042533,LineString,1009.62666954069,0.0,https://www.openstreetmap.org/?mlat=63.0588291&mlon=13.5443477#map=18/63.0588291/13.5443477,coordinate_fallback,,,statliga_leder
12348528,Z 72,Hosjöbottnarna - Visjön,258.81193451936,"{""OBJECTID"": 12348528, ""STATLIGLED"": ""Z 72"", ""STATLIGLEDNAMN"": ""Hosjöbottnarna - Visjön"", ""SHAPE.LEN"": 258.81193451936}",13.556684721815435,63.05139026765479,LineString,258.81193451842887,0.0,https://www.openstreetmap.org/?mlat=63.0513903&mlon=13.5566847#map=18/63.0513903/13.5566847,coordinate_fallback,,,statliga_leder
12348527,Z 72,Hosjöbottnarna - Visjön,116.919161847877,"{""OBJECTID"": 12348527, ""STATLIGLED"": ""Z 72"", ""STATLIGLEDNAMN"": ""Hosjöbottnarna - Visjön"", ""SHAPE.LEN"": 116.919161847877}",13.529952827245733,63.06452882201764,LineString,116.91916184788131,0.0,https://www.openstreetmap.org/?mlat=63.0645288&mlon=13.5299528#map=18/63.0645288/13.5299528,coordinate_fallback,,,statliga_leder
12348526,Z 72,Hosjöbottnarna - Visjön,12.2780066399233,"{""OBJECTID"": 12348526, ""STATLIGLED"": ""Z 72"", ""STATLIGLEDNAMN"": ""Hosjöbottnarna - Visjön"", ""SHAPE.LEN"": 12.2780066399233}",13.551678284691825,63.0556323080279,LineString,12.27800664130473,0.0,https://www.openstreetmap.org/?mlat=63.0556323&mlon=13.5516783#map=18/63.0556323/13.5516783,coordinate_fallback,,,statliga_leder
12348525,Z 72,Hosjöbottnarna - Visjön,285.044983182592,"{""OBJECTID"": 12348525, ""STATLIGLED"": ""Z 72"", ""STATLIGLEDNAMN"": ""Hosjöbottnarna - Visjön"", ""SHAPE.LEN"": 285.044983182592}",13.518115702372286,63.06467804907171,LineString,285.04498318263654,0.0,https://www.openstreetmap.org/?mlat=63.0646780&mlon=13.5181157#map=18/63.0646780/13.5181157,coordinate_fallback,,,statliga_leder
12348534,Z 72,Hosjöbottnarna - Visjön,1017.28674104125,"{""OBJECTID"": 12348534, ""STATLIGLED"": ""Z 72"", ""STATLIGLEDNAMN"": ""Hosjöbottnarna - Visjön"", ""SHAPE.LEN"": 1017.28674104125}",13.502002251040432,63.072572237907394,LineString,1017.2867410446753,0.0,https://www.openstreetmap.org/?mlat=63.0725722&mlon=13.5020023#map=18/63.0725722/13.5020023,coordinate_fallback,,,statliga_leder
12348533,Z 72,Hosjöbottnarna - Visjön,111.531109949957,"{""OBJECTID"": 12348533, ""STATLIGLED"": ""Z 72"", ""STATLIGLEDNAMN"": ""Hosjöbottnarna - Visjön"", ""SHAPE.LEN"": 111.531109949957}",13.518296902374324,63.07336080557409,LineString,111.53110994854171,0.0,https://www.openstreetmap.org/?mlat=63.0733608&mlon=13.5182969#map=18/63.0733608/13.5182969,coordinate_fallback,,,statliga_leder
12348532,Z 72,Hosjöbottnarna - Visjön,331.331449668774,"{""OBJECTID"": 12348532, ""STATLIGLED"": ""Z 72"", ""STATLIGLEDNAMN"": ""Hosjöbottnarna - Visjön"", ""SHAPE.LEN"": 331.331449668774}",13.534891326922514,63.062199434054605,LineString,331.33144967020604,0.0,https://www.openstreetmap.org/?mlat=63.0621994&mlon=13.5348913#map=18/63.0621994/13.5348913,coordinate_fallback,,,statliga_leder
12348531,Z 72,Hosjöbottnarna - Visjön,48.6571383988002,"{""OBJECTID"": 12348531, ""STATLIGLED"": ""Z 72"", ""STATLIGLEDNAMN"": ""Hosjöbottnarna - Visjön"", ""SHAPE.LEN"": 48.6571383988002}",13.513561652296055,63.073496109045536,LineString,48.65713839817736,0.0,https://www.openstreetmap.org/?mlat=63.0734961&mlon=13.5135617#map=18/63.0734961/13.5135617,coordinate_fallback,,,statliga_leder
12348530,Z 72,Hosjöbottnarna - Visjön,40.0968070221308,"{""OBJECTID"": 12348530, ""STATLIGLED"": ""Z 72"", ""STATLIGLEDNAMN"": ""Hosjöbottnarna - Visjön"", ""SHAPE.LEN"": 40.0968070221308}",13.521130959622623,63.06499650735833,LineString,40.096807022419185,0.0,https://www.openstreetmap.org/?mlat=63.0649965&mlon=13.5211310#map=18/63.0649965/13.5211310,coordinate_fallback,,,statliga_leder
12348529,Z 72,Hosjöbottnarna - Visjön,4823.19688854873,"{""OBJECTID"": 12348529, ""STATLIGLED"": ""Z 72"", ""STATLIGLEDNAMN"": ""Hosjöbottnarna - Visjön"", ""SHAPE.LEN"": 4823.19688854873}",13.604231978464211,63.027664374622724,LineString,4823.196888546968,0.0,https://www.openstreetmap.org/?mlat=63.0276644&mlon=13.6042320#map=18/63.0276644/13.6042320,coordinate_fallback,,,statliga_leder
12348524,Z 72,Hosjöbottnarna - Visjön,1114.92395294709,"{""OBJECTID"": 12348524, ""STATLIGLED"": ""Z 72"", ""STATLIGLEDNAMN"": ""Hosjöbottnarna - Visjön"", ""SHAPE.LEN"": 1114.92395294709}",13.538489899859492,63.07991445523235,LineString,1114.9239529487163,0.0,https://www.openstreetmap.org/?mlat=63.0799145&mlon=13.5384899#map=18/63.0799145/13.5384899,coordinate_fallback,,,statliga_leder
12348523,Z 72,Hosjöbottnarna - Visjön,369.936635243212,"{""OBJECTID"": 12348523, ""STATLIGLED"": ""Z 72"", ""STATLIGLEDNAMN"": ""Hosjöbottnarna - Visjön"", ""SHAPE.LEN"": 369.936635243212}",13.567032425210378,63.042425490879545,LineString,369.93663524383226,0.0,https://www.openstreetmap.org/?mlat=63.0424255&mlon=13.5670324#map=18/63.0424255/13.5670324,coordinate_fallback,,,statliga_leder
12348522,Z 72,Hosjöbottnarna - Visjön,855.444770263519,"{""OBJECTID"": 12348522, ""STATLIGLED"": ""Z 72"", ""STATLIGLEDNAMN"": ""Hosjöbottnarna - Visjön"", ""SHAPE.LEN"": 855.444770263519}",13.561521319432254,63.04688530416304,LineString,855.4447702647363,0.0,https://www.openstreetmap.org/?mlat=63.0468853&mlon=13.5615213#map=18/63.0468853/13.5615213,coordinate_fallback,,,statliga_leder
12348521,Z 72,Hosjöbottnarna - Visjön,40.4574214823436,"{""OBJECTID"": 12348521, ""STATLIGLED"": ""Z 72"", ""STATLIGLEDNAMN"": ""Hosjöbottnarna - Visjön"", ""SHAPE.LEN"": 40.4574214823436}",13.51443223298294,63.07343251338661,LineString,40.45742148230894,0.0,https://www.openstreetmap.org/?mlat=63.0734325&mlon=13.5144322#map=18/63.0734325/13.5144322,coordinate_fallback,,,statliga_leder
12352365,Z 78,Vålåsjön (led 58) - Nyvallen,110.021664121436,"{""OBJECTID"": 12352365, ""STATLIGLED"": ""Z 78"", ""STATLIGLEDNAMN"": ""Vålåsjön (led 58) - Nyvallen"", ""SHAPE.LEN"": 110.021664121436}",12.755507263472339,62.985550849679996,LineString,110.02166412201466,0.0,https://www.openstreetmap.org/?mlat=62.9855508&mlon=12.7555073#map=18/62.9855508/12.7555073,coordinate_fallback,,,statliga_leder
12352364,Z 78,Vålåsjön (led 58) - Nyvallen,43.0797214706569,"{""OBJECTID"": 12352364, ""STATLIGLED"": ""Z 78"", ""STATLIGLEDNAMN"": ""Vålåsjön (led 58) - Nyvallen"", ""SHAPE.LEN"": 43.0797214706569}",12.75658837309088,62.98507025007005,LineString,43.07972146847001,0.0,https://www.openstreetmap.org/?mlat=62.9850703&mlon=12.7565884#map=18/62.9850703/12.7565884,coordinate_fallback,,,statliga_leder
12352363,Z 78,Vålåsjön (led 58) - Nyvallen,1896.01215917483,"{""OBJECTID"": 12352363, ""STATLIGLED"": ""Z 78"", ""STATLIGLEDNAMN"": ""Vålåsjön (led 58) - Nyvallen"", ""SHAPE.LEN"": 1896.01215917483}",12.747522197312033,62.993063309467615,LineString,1896.0121591726634,0.0,https://www.openstreetmap.org/?mlat=62.9930633&mlon=12.7475222#map=18/62.9930633/12.7475222,coordinate_fallback,,,statliga_leder
12352362,Z 78,Vålåsjön (led 58) - Nyvallen,9475.14613546921,"{""OBJECTID"": 12352362, ""STATLIGLED"": ""Z 78"", ""STATLIGLEDNAMN"": ""Vålåsjön (led 58) - Nyvallen"", ""SHAPE.LEN"": 9475.14613546921}",12.735723063881322,62.93701132790315,LineString,9475.14613546899,0.0,https://www.openstreetmap.org/?mlat=62.9370113&mlon=12.7357231#map=18/62.9370113/12.7357231,coordinate_fallback,,,statliga_leder
12352324,Z 78,Vålåsjön (led 58) - Nyvallen,1206.82660114872,"{""OBJECTID"": 12352324, ""STATLIGLED"": ""Z 78"", ""STATLIGLEDNAMN"": ""Vålåsjön (led 58) - Nyvallen"", ""SHAPE.LEN"": 1206.82660114872}",12.757681299085839,62.979534788212874,LineString,1206.826601151809,0.0,https://www.openstreetmap.org/?mlat=62.9795348&mlon=12.7576813#map=18/62.9795348/12.7576813,coordinate_fallback,,,statliga_leder
12346210,Z 79,Ljungris - Ljungdalen via Dunsjön,4351.26977647408,"{""OBJECTID"": 12346210, ""STATLIGLED"": ""Z 79"", ""STATLIGLEDNAMN"": ""Ljungris - Ljungdalen via Dunsjön"", ""SHAPE.LEN"": 4351.26977647408}",12.767208246295002,62.94586510598595,LineString,4351.269776470574,0.0,https://www.openstreetmap.org/?mlat=62.9458651&mlon=12.7672082#map=18/62.9458651/12.7672082,coordinate_fallback,,,statliga_leder
12352772,Z 81,Övre Nedalsjön (V Ekorrpasset) (led 52) - Väketjakke (led 82),40.9887112912812,"{""OBJECTID"": 12352772, ""STATLIGLED"": ""Z 81"", ""STATLIGLEDNAMN"": ""Övre Nedalsjön (V Ekorrpasset) (led 52) - Väketjakke (led 82)"", ""SHAPE.LEN"": 40.9887112912812}",12.436620445650263,62.86717873029364,LineString,40.988711291025496,0.0,https://www.openstreetmap.org/?mlat=62.8671787&mlon=12.4366204#map=18/62.8671787/12.4366204,coordinate_fallback,,,statliga_leder
12352771,Z 81,Övre Nedalsjön (V Ekorrpasset) (led 52) - Väketjakke (led 82),73.6004510812934,"{""OBJECTID"": 12352771, ""STATLIGLED"": ""Z 81"", ""STATLIGLEDNAMN"": ""Övre Nedalsjön (V Ekorrpasset) (led 52) - Väketjakke (led 82)"", ""SHAPE.LEN"": 73.6004510812934}",12.43894280280288,62.86713462251621,LineString,73.60045108055725,0.0,https://www.openstreetmap.org/?mlat=62.8671346&mlon=12.4389428#map=18/62.8671346/12.4389428,coordinate_fallback,,,statliga_leder
12352770,Z 81,Övre Nedalsjön (V Ekorrpasset) (led 52) - Väketjakke (led 82),60.8281739715092,"{""OBJECTID"": 12352770, ""STATLIGLED"": ""Z 81"", ""STATLIGLEDNAMN"": ""Övre Nedalsjön (V Ekorrpasset) (led 52) - Väketjakke (led 82)"", ""SHAPE.LEN"": 60.8281739715092}",12.372374297425939,62.87246505619432,LineString,60.828173971569434,0.0,https://www.openstreetmap.org/?mlat=62.8724651&mlon=12.3723743#map=18/62.8724651/12.3723743,coordinate_fallback,,,statliga_leder
12352769,Z 81,Övre Nedalsjön (V Ekorrpasset) (led 52) - Väketjakke (led 82),3.03765051643536,"{""OBJECTID"": 12352769, ""STATLIGLED"": ""Z 81"", ""STATLIGLEDNAMN"": ""Övre Nedalsjön (V Ekorrpasset) (led 52) - Väketjakke (led 82)"", ""SHAPE.LEN"": 3.03765051643536}",12.450614993898409,62.867526162950206,LineString,3.0376505166905314,0.0,https://www.openstreetmap.org/?mlat=62.8675262&mlon=12.4506150#map=18/62.8675262/12.4506150,coordinate_fallback,,,statliga_leder
12352768,Z 81,Övre Nedalsjön (V Ekorrpasset) (led 52) - Väketjakke (led 82),47.5115519490787,"{""OBJECTID"": 12352768, ""STATLIGLED"": ""Z 81"", ""STATLIGLEDNAMN"": ""Övre Nedalsjön (V Ekorrpasset) (led 52) - Väketjakke (led 82)"", ""SHAPE.LEN"": 47.5115519490787}",12.427072222125975,62.86718652374425,LineString,47.51155194915243,0.0,https://www.openstreetmap.org/?mlat=62.8671865&mlon=12.4270722#map=18/62.8671865/12.4270722,coordinate_fallback,,,statliga_leder
12352767,Z 81,Övre Nedalsjön (V Ekorrpasset) (led 52) - Väketjakke (led 82),40.0640914984978,"{""OBJECTID"": 12352767, ""STATLIGLED"": ""Z 81"", ""STATLIGLEDNAMN"": ""Övre Nedalsjön (V Ekorrpasset) (led 52) - Väketjakke (led 82)"", ""SHAPE.LEN"": 40.0640914984978}",12.369886206188795,62.872713628103455,LineString,40.064091498331024,0.0,https://www.openstreetmap.org/?mlat=62.8727136&mlon=12.3698862#map=18/62.8727136/12.3698862,coordinate_fallback,,,statliga_leder
12352766,Z 81,Övre Nedalsjön (V Ekorrpasset) (led 52) - Väketjakke (led 82),463.046602398001,"{""OBJECTID"": 12352766, ""STATLIGLED"": ""Z 81"", ""STATLIGLEDNAMN"": ""Övre Nedalsjön (V Ekorrpasset) (led 52) - Väketjakke (led 82)"", ""SHAPE.LEN"": 463.046602398001}",12.367489766731008,62.87079015538522,LineString,463.046602396183,0.0,https://www.openstreetmap.org/?mlat=62.8707902&mlon=12.3674898#map=18/62.8707902/12.3674898,coordinate_fallback,,,statliga_leder
12352765,Z 81,Övre Nedalsjön (V Ekorrpasset) (led 52) - Väketjakke (led 82),3309.95326086076,"{""OBJECTID"": 12352765, ""STATLIGLED"": ""Z 81"", ""STATLIGLEDNAMN"": ""Övre Nedalsjön (V Ekorrpasset) (led 52) - Väketjakke (led 82)"", ""SHAPE.LEN"": 3309.95326086076}",12.40446882647162,62.8686905889233,LineString,3309.953260859732,0.0,https://www.openstreetmap.org/?mlat=62.8686906&mlon=12.4044688#map=18/62.8686906/12.4044688,coordinate_fallback,,,statliga_leder
12352416,Z 81,Övre Nedalsjön (V Ekorrpasset) (led 52) - Väketjakke (led 82),2428.92550065827,"{""OBJECTID"": 12352416, ""STATLIGLED"": ""Z 81"", ""STATLIGLEDNAMN"": ""Övre Nedalsjön (V Ekorrpasset) (led 52) - Väketjakke (led 82)"", ""SHAPE.LEN"": 2428.92550065827}",12.474501417016976,62.87037097515221,LineString,2428.9255006586245,0.0,https://www.openstreetmap.org/?mlat=62.8703710&mlon=12.4745014#map=18/62.8703710/12.4745014,coordinate_fallback,,,statliga_leder
12352415,Z 81,Övre Nedalsjön (V Ekorrpasset) (led 52) - Väketjakke (led 82),19.8653588578208,"{""OBJECTID"": 12352415, ""STATLIGLED"": ""Z 81"", ""STATLIGLEDNAMN"": ""Övre Nedalsjön (V Ekorrpasset) (led 52) - Väketjakke (led 82)"", ""SHAPE.LEN"": 19.8653588578208}",12.450399956353085,62.86749589429791,LineString,19.86535885734126,0.0,https://www.openstreetmap.org/?mlat=62.8674959&mlon=12.4504000#map=18/62.8674959/12.4504000,coordinate_fallback,,,statliga_leder
12352414,Z 81,Övre Nedalsjön (V Ekorrpasset) (led 52) - Väketjakke (led 82),27.5876714761504,"{""OBJECTID"": 12352414, ""STATLIGLED"": ""Z 81"", ""STATLIGLEDNAMN"": ""Övre Nedalsjön (V Ekorrpasset) (led 52) - Väketjakke (led 82)"", ""SHAPE.LEN"": 27.5876714761504}",12.370160653873166,62.872988386183835,LineString,27.587671475879358,0.0,https://www.openstreetmap.org/?mlat=62.8729884&mlon=12.3701607#map=18/62.8729884/12.3701607,coordinate_fallback,,,statliga_leder
12352413,Z 81,Övre Nedalsjön (V Ekorrpasset) (led 52) - Väketjakke (led 82),437.909523815178,"{""OBJECTID"": 12352413, ""STATLIGLED"": ""Z 81"", ""STATLIGLEDNAMN"": ""Övre Nedalsjön (V Ekorrpasset) (led 52) - Väketjakke (led 82)"", ""SHAPE.LEN"": 437.909523815178}",12.44389742639118,62.86707403120229,LineString,437.9095238149964,0.0,https://www.openstreetmap.org/?mlat=62.8670740&mlon=12.4438974#map=18/62.8670740/12.4438974,coordinate_fallback,,,statliga_leder
12352412,Z 81,Övre Nedalsjön (V Ekorrpasset) (led 52) - Väketjakke (led 82),99.1943946575222,"{""OBJECTID"": 12352412, ""STATLIGLED"": ""Z 81"", ""STATLIGLEDNAMN"": ""Övre Nedalsjön (V Ekorrpasset) (led 52) - Väketjakke (led 82)"", ""SHAPE.LEN"": 99.1943946575222}",12.371055923624072,62.87285518223799,LineString,99.1943946570303,0.0,https://www.openstreetmap.org/?mlat=62.8728552&mlon=12.3710559#map=18/62.8728552/12.3710559,coordinate_fallback,,,statliga_leder
12352411,Z 81,Övre Nedalsjön (V Ekorrpasset) (led 52) - Väketjakke (led 82),61.0502895645082,"{""OBJECTID"": 12352411, ""STATLIGLED"": ""Z 81"", ""STATLIGLEDNAMN"": ""Övre Nedalsjön (V Ekorrpasset) (led 52) - Väketjakke (led 82)"", ""SHAPE.LEN"": 61.0502895645082}",12.437640204936512,62.867160915490054,LineString,61.05028956397028,0.0,https://www.openstreetmap.org/?mlat=62.8671609&mlon=12.4376402#map=18/62.8671609/12.4376402,coordinate_fallback,,,statliga_leder
12352410,Z 81,Övre Nedalsjön (V Ekorrpasset) (led 52) - Väketjakke (led 82),44.5189649531523,"{""OBJECTID"": 12352410, ""STATLIGLED"": ""Z 81"", ""STATLIGLEDNAMN"": ""Övre Nedalsjön (V Ekorrpasset) (led 52) - Väketjakke (led 82)"", ""SHAPE.LEN"": 44.5189649531523}",12.451061419906413,62.86759150352833,LineString,44.518964952629496,0.0,https://www.openstreetmap.org/?mlat=62.8675915&mlon=12.4510614#map=18/62.8675915/12.4510614,coordinate_fallback,,,statliga_leder
12352409,Z 81,Övre Nedalsjön (V Ekorrpasset) (led 52) - Väketjakke (led 82),110.178356938288,"{""OBJECTID"": 12352409, ""STATLIGLED"": ""Z 81"", ""STATLIGLEDNAMN"": ""Övre Nedalsjön (V Ekorrpasset) (led 52) - Väketjakke (led 82)"", ""SHAPE.LEN"": 110.178356938288}",12.44919374963913,62.86732679060418,LineString,110.17835693766028,0.0,https://www.openstreetmap.org/?mlat=62.8673268&mlon=12.4491937#map=18/62.8673268/12.4491937,coordinate_fallback,,,statliga_leder
12352783,Z 81,Övre Nedalsjön (V Ekorrpasset) (led 52) - Väketjakke (led 82),18002.2349829652,"{""OBJECTID"": 12352783, ""STATLIGLED"": ""Z 81"", ""STATLIGLEDNAMN"": ""Övre Nedalsjön (V Ekorrpasset) (led 52) - Väketjakke (led 82)"", ""SHAPE.LEN"": 18002.2349829652}",12.26036529267385,62.920776664013545,LineString,18002.234982959922,0.0,https://www.openstreetmap.org/?mlat=62.9207767&mlon=12.2603653#map=18/62.9207767/12.2603653,coordinate_fallback,,,statliga_leder
12344708,Z 88,Klinken - Gröndalen - Fjällnäs,4971.74989051378,"{""OBJECTID"": 12344708, ""STATLIGLED"": ""Z 88"", ""STATLIGLEDNAMN"": ""Klinken - Gröndalen - Fjällnäs"", ""SHAPE.LEN"": 4971.74989051378}",12.18534197295313,62.634885761114354,LineString,4971.749890513709,0.0,https://www.openstreetmap.org/?mlat=62.6348858&mlon=12.1853420#map=18/62.6348858/12.1853420,coordinate_fallback,,,statliga_leder
12344707,Z 88,Klinken - Gröndalen - Fjällnäs,2567.89765745613,"{""OBJECTID"": 12344707, ""STATLIGLED"": ""Z 88"", ""STATLIGLEDNAMN"": ""Klinken - Gröndalen - Fjällnäs"", ""SHAPE.LEN"": 2567.89765745613}",12.191997385260892,62.60165183808238,LineString,2567.8976574597523,0.0,https://www.openstreetmap.org/?mlat=62.6016518&mlon=12.1919974#map=18/62.6016518/12.1919974,coordinate_fallback,,,statliga_leder
12349181,W 16,STF Grövelsjön - Valosen (ny),2165.06538940785,"{""OBJECTID"": 12349181, ""STATLIGLED"": ""W 16"", ""STATLIGLEDNAMN"": ""STF Grövelsjön - Valosen (ny)"", ""SHAPE.LEN"": 2165.06538940785}",12.281565326880255,61.985211533339864,LineString,2165.0653894068146,0.0,https://www.openstreetmap.org/?mlat=61.9852115&mlon=12.2815653#map=18/61.9852115/12.2815653,coordinate_fallback,,,statliga_leder
12349180,W 16,STF Grövelsjön - Valosen (ny),7721.80117852317,"{""OBJECTID"": 12349180, ""STATLIGLED"": ""W 16"", ""STATLIGLEDNAMN"": ""STF Grövelsjön - Valosen (ny)"", ""SHAPE.LEN"": 7721.80117852317}",12.263816757858917,62.01854869861981,LineString,7721.801178523758,0.0,https://www.openstreetmap.org/?mlat=62.0185487&mlon=12.2638168#map=18/62.0185487/12.2638168,coordinate_fallback,,,statliga_leder
12353828,W 16,STF Grövelsjön - Valosen (ny),389.314546532699,"{""OBJECTID"": 12353828, ""STATLIGLED"": ""W 16"", ""STATLIGLEDNAMN"": ""STF Grövelsjön - Valosen (ny)"", ""SHAPE.LEN"": 389.314546532699}",12.28806390455656,62.105231846962965,LineString,389.31454653408724,0.0,https://www.openstreetmap.org/?mlat=62.1052318&mlon=12.2880639#map=18/62.1052318/12.2880639,coordinate_fallback,,,statliga_leder
12353827,W 16,STF Grövelsjön - Valosen (ny),323.195016608926,"{""OBJECTID"": 12353827, ""STATLIGLED"": ""W 16"", ""STATLIGLEDNAMN"": ""STF Grövelsjön - Valosen (ny)"", ""SHAPE.LEN"": 323.195016608926}",12.294455822785102,62.10583962083027,LineString,323.1950166095223,0.0,https://www.openstreetmap.org/?mlat=62.1058396&mlon=12.2944558#map=18/62.1058396/12.2944558,coordinate_fallback,,,statliga_leder
12353826,W 16,STF Grövelsjön - Valosen (ny),1914.9247162709,"{""OBJECTID"": 12353826, ""STATLIGLED"": ""W 16"", ""STATLIGLEDNAMN"": ""STF Grövelsjön - Valosen (ny)"", ""SHAPE.LEN"": 1914.9247162709}",12.272968120604624,62.10045092683411,LineString,1914.9247162703682,0.0,https://www.openstreetmap.org/?mlat=62.1004509&mlon=12.2729681#map=18/62.1004509/12.2729681,coordinate_fallback,,,statliga_leder
12353824,W 16,STF Grövelsjön - Valosen (ny),1323.62783322546,"{""OBJECTID"": 12353824, ""STATLIGLED"": ""W 16"", ""STATLIGLEDNAMN"": ""STF Grövelsjön - Valosen (ny)"", ""SHAPE.LEN"": 1323.62783322546}",12.305372702912546,62.103172325095116,LineString,1323.6278332244906,0.0,https://www.openstreetmap.org/?mlat=62.1031723&mlon=12.3053727#map=18/62.1031723/12.3053727,coordinate_fallback,,,statliga_leder
12353620,W 16,STF Grövelsjön - Valosen (ny),2341.98336547037,"{""OBJECTID"": 12353620, ""STATLIGLED"": ""W 16"", ""STATLIGLEDNAMN"": ""STF Grövelsjön - Valosen (ny)"", ""SHAPE.LEN"": 2341.98336547037}",12.257267502701598,62.07192441736802,LineString,2341.983365469176,0.0,https://www.openstreetmap.org/?mlat=62.0719244&mlon=12.2572675#map=18/62.0719244/12.2572675,coordinate_fallback,,,statliga_leder
12353618,W 16,STF Grövelsjön - Valosen (ny),677.413757901318,"{""OBJECTID"": 12353618, ""STATLIGLED"": ""W 16"", ""STATLIGLEDNAMN"": ""STF Grövelsjön - Valosen (ny)"", ""SHAPE.LEN"": 677.413757901318}",12.272075824453488,62.08195371591276,LineString,677.4137578998427,0.0,https://www.openstreetmap.org/?mlat=62.0819537&mlon=12.2720758#map=18/62.0819537/12.2720758,coordinate_fallback,,,statliga_leder
12353617,W 16,STF Grövelsjön - Valosen (ny),2051.17182492933,"{""OBJECTID"": 12353617, ""STATLIGLED"": ""W 16"", ""STATLIGLEDNAMN"": ""STF Grövelsjön - Valosen (ny)"", ""SHAPE.LEN"": 2051.17182492933}",12.242448999294167,62.056027103473944,LineString,2051.171824929446,0.0,https://www.openstreetmap.org/?mlat=62.0560271&mlon=12.2424490#map=18/62.0560271/12.2424490,coordinate_fallback,,,statliga_leder
12353616,W 16,STF Grövelsjön - Valosen (ny),1232.98651469394,"{""OBJECTID"": 12353616, ""STATLIGLED"": ""W 16"", ""STATLIGLEDNAMN"": ""STF Grövelsjön - Valosen (ny)"", ""SHAPE.LEN"": 1232.98651469394}",12.271974216485074,62.0893298066952,LineString,1232.9865146938696,0.0,https://www.openstreetmap.org/?mlat=62.0893298&mlon=12.2719742#map=18/62.0893298/12.2719742,coordinate_fallback,,,statliga_leder
12346950,W 9,Görälven - Närfjällstugan (korset),14072.5714219057,"{""OBJECTID"": 12346950, ""STATLIGLED"": ""W 9"", ""STATLIGLEDNAMN"": ""Görälven - Närfjällstugan (korset)"", ""SHAPE.LEN"": 14072.5714219057}",12.906775722251226,61.27156172241415,LineString,14072.571421907956,0.0,https://www.openstreetmap.org/?mlat=61.2715617&mlon=12.9067757#map=18/61.2715617/12.9067757,coordinate_fallback,,,statliga_leder
12346952,W 8,Storbron - Görälven,11644.5589653426,"{""OBJECTID"": 12346952, ""STATLIGLED"": ""W 8"", ""STATLIGLEDNAMN"": ""Storbron - Görälven"", ""SHAPE.LEN"": 11644.5589653426}",12.900349339186999,61.34986296015784,LineString,11644.5589653472,0.0,https://www.openstreetmap.org/?mlat=61.3498630&mlon=12.9003493#map=18/61.3498630/12.9003493,coordinate_fallback,,,statliga_leder
12346826,W 9,Görälven - Närfjällstugan (korset),1921.76891785216,"{""OBJECTID"": 12346826, ""STATLIGLED"": ""W 9"", ""STATLIGLEDNAMN"": ""Görälven - Närfjällstugan (korset)"", ""SHAPE.LEN"": 1921.76891785216}",12.947612741092964,61.2423387662879,LineString,1921.768917852324,0.0,https://www.openstreetmap.org/?mlat=61.2423388&mlon=12.9476127#map=18/61.2423388/12.9476127,coordinate_fallback,,,statliga_leder
12346672,W 9,Görälven - Närfjällstugan (korset),3321.16575681495,"{""OBJECTID"": 12346672, ""STATLIGLED"": ""W 9"", ""STATLIGLEDNAMN"": ""Görälven - Närfjällstugan (korset)"", ""SHAPE.LEN"": 3321.16575681495}",12.953312008410766,61.264798439201236,LineString,3321.16575681381,0.0,https://www.openstreetmap.org/?mlat=61.2647984&mlon=12.9533120#map=18/61.2647984/12.9533120,coordinate_fallback,,,statliga_leder
12346872,W 9,Görälven - Närfjällstugan (korset),2019.26789853017,"{""OBJECTID"": 12346872, ""STATLIGLED"": ""W 9"", ""STATLIGLEDNAMN"": ""Görälven - Närfjällstugan (korset)"", ""SHAPE.LEN"": 2019.26789853017}",12.962543991961303,61.277811100961785,LineString,2019.2678985289094,0.0,https://www.openstreetmap.org/?mlat=61.2778111&mlon=12.9625440#map=18/61.2778111/12.9625440,coordinate_fallback,,,statliga_leder
12344919,W 9,Görälven - Närfjällstugan (korset),2485.06799396424,"{""OBJECTID"": 12344919, ""STATLIGLED"": ""W 9"", ""STATLIGLEDNAMN"": ""Görälven - Närfjällstugan (korset)"", ""SHAPE.LEN"": 2485.06799396424}",12.943345219230043,61.29390171291641,LineString,2485.06799396437,0.0,https://www.openstreetmap.org/?mlat=61.2939017&mlon=12.9433452#map=18/61.2939017/12.9433452,coordinate_fallback,,,statliga_leder
12346548,W 9,Görälven - Närfjällstugan (korset),9918.24765667525,"{""OBJECTID"": 12346548, ""STATLIGLED"": ""W 9"", ""STATLIGLEDNAMN"": ""Görälven - Närfjällstugan (korset)"", ""SHAPE.LEN"": 9918.24765667525}",12.951473560276554,61.27202662783784,LineString,9918.247656674102,0.0,https://www.openstreetmap.org/?mlat=61.2720266&mlon=12.9514736#map=18/61.2720266/12.9514736,coordinate_fallback,,,statliga_leder
12346668,W 9,Görälven - Närfjällstugan (korset),762.069559766394,"{""OBJECTID"": 12346668, ""STATLIGLED"": ""W 9"", ""STATLIGLEDNAMN"": ""Görälven - Närfjällstugan (korset)"", ""SHAPE.LEN"": 762.069559766394}",12.93974647507634,61.304499613729156,LineString,762.0695597664054,0.0,https://www.openstreetmap.org/?mlat=61.3044996&mlon=12.9397465#map=18/61.3044996/12.9397465,coordinate_fallback,,,statliga_leder
12348386,Z 59,Vålådalen - Vålåstugorna (justerad),3769.37834201021,"{""OBJECTID"": 12348386, ""STATLIGLED"": ""Z 59"", ""STATLIGLEDNAMN"": ""Vålådalen - Vålåstugorna (justerad)"", ""SHAPE.LEN"": 3769.37834201021}",12.799656239075363,63.05746904086733,LineString,3769.378342009546,0.0,https://www.openstreetmap.org/?mlat=63.0574690&mlon=12.7996562#map=18/63.0574690/12.7996562,coordinate_fallback,,,statliga_leder
12348385,Z 59,Vålådalen - Vålåstugorna (justerad),192.041970521265,"{""OBJECTID"": 12348385, ""STATLIGLED"": ""Z 59"", ""STATLIGLEDNAMN"": ""Vålådalen - Vålåstugorna (justerad)"", ""SHAPE.LEN"": 192.041970521265}",12.81255732812375,63.071993964479965,LineString,192.04197052135743,0.0,https://www.openstreetmap.org/?mlat=63.0719940&mlon=12.8125573#map=18/63.0719940/12.8125573,coordinate_fallback,,,statliga_leder
12348384,Z 59,Vålådalen - Vålåstugorna (justerad),14966.84837629,"{""OBJECTID"": 12348384, ""STATLIGLED"": ""Z 59"", ""STATLIGLEDNAMN"": ""Vålådalen - Vålåstugorna (justerad)"", ""SHAPE.LEN"": 14966.84837629}",12.87015174064557,63.12333806974462,LineString,14966.848376289807,0.0,https://www.openstreetmap.org/?mlat=63.1233381&mlon=12.8701517#map=18/63.1233381/12.8701517,coordinate_fallback,,,statliga_leder
12344765,Z 90,Ösjöstugan (led 92) - Långbrottsjön,4704.86793154668,"{""OBJECTID"": 12344765, ""STATLIGLED"": ""Z 90"", ""STATLIGLEDNAMN"": ""Ösjöstugan (led 92) - Långbrottsjön"", ""SHAPE.LEN"": 4704.86793154668}",12.294061384631204,62.67550933299414,LineString,4704.867931546585,0.0,https://www.openstreetmap.org/?mlat=62.6755093&mlon=12.2940614#map=18/62.6755093/12.2940614,coordinate_fallback,,,statliga_leder
12344892,Z 85,Fältjägarstugan - Klinken + separat skoterled N Girtibaune - Ljusnan,5865.23854239442,"{""OBJECTID"": 12344892, ""STATLIGLED"": ""Z 85"", ""STATLIGLEDNAMN"": ""Fältjägarstugan - Klinken + separat skoterled N Girtibaune - Ljusnan"", ""SHAPE.LEN"": 5865.23854239442}",12.331458687441891,62.74487129806733,LineString,5865.238542390931,0.0,https://www.openstreetmap.org/?mlat=62.7448713&mlon=12.3314587#map=18/62.7448713/12.3314587,coordinate_fallback,,,statliga_leder
12344891,Z 85,Fältjägarstugan - Klinken + separat skoterled N Girtibaune - Ljusnan,544.571146687784,"{""OBJECTID"": 12344891, ""STATLIGLED"": ""Z 85"", ""STATLIGLEDNAMN"": ""Fältjägarstugan - Klinken + separat skoterled N Girtibaune - Ljusnan"", ""SHAPE.LEN"": 544.571146687784}",12.356682455475491,62.769948370497396,LineString,544.5711466855731,0.0,https://www.openstreetmap.org/?mlat=62.7699484&mlon=12.3566825#map=18/62.7699484/12.3566825,coordinate_fallback,,,statliga_leder
12344890,Z 85,Fältjägarstugan - Klinken + separat skoterled N Girtibaune - Ljusnan,54.0695604217412,"{""OBJECTID"": 12344890, ""STATLIGLED"": ""Z 85"", ""STATLIGLEDNAMN"": ""Fältjägarstugan - Klinken + separat skoterled N Girtibaune - Ljusnan"", ""SHAPE.LEN"": 54.0695604217412}",12.359789754740776,62.77227425291691,LineString,54.06956042202231,0.0,https://www.openstreetmap.org/?mlat=62.7722743&mlon=12.3597898#map=18/62.7722743/12.3597898,coordinate_fallback,,,statliga_leder
12344889,Z 85,Fältjägarstugan - Klinken + separat skoterled N Girtibaune - Ljusnan,6791.8578244083,"{""OBJECTID"": 12344889, ""STATLIGLED"": ""Z 85"", ""STATLIGLEDNAMN"": ""Fältjägarstugan - Klinken + separat skoterled N Girtibaune - Ljusnan"", ""SHAPE.LEN"": 6791.8578244083}",12.40153129081434,62.79624597490672,LineString,6791.857824409156,0.0,https://www.openstreetmap.org/?mlat=62.7962460&mlon=12.4015313#map=18/62.7962460/12.4015313,coordinate_fallback,,,statliga_leder
12347249,Z 79,Ljungris - Ljungdalen via Dunsjön,5854.82903754025,"{""OBJECTID"": 12347249, ""STATLIGLED"": ""Z 79"", ""STATLIGLEDNAMN"": ""Ljungris - Ljungdalen via Dunsjön"", ""SHAPE.LEN"": 5854.82903754025}",12.800609987360133,62.89376899168324,LineString,5854.829037539918,0.0,https://www.openstreetmap.org/?mlat=62.8937690&mlon=12.8006100#map=18/62.8937690/12.8006100,coordinate_fallback,,,statliga_leder
12346211,Z 79,Ljungris - Ljungdalen via Dunsjön,436.187960021813,"{""OBJECTID"": 12346211, ""STATLIGLED"": ""Z 79"", ""STATLIGLEDNAMN"": ""Ljungris - Ljungdalen via Dunsjön"", ""SHAPE.LEN"": 436.187960021813}",12.798633794300136,62.86587652799704,LineString,436.18796001971066,0.0,https://www.openstreetmap.org/?mlat=62.8658765&mlon=12.7986338#map=18/62.8658765/12.7986338,coordinate_fallback,,,statliga_leder
12346207,Z 79,Ljungris - Ljungdalen via Dunsjön,826.584540417347,"{""OBJECTID"": 12346207, ""STATLIGLED"": ""Z 79"", ""STATLIGLEDNAMN"": ""Ljungris - Ljungdalen via Dunsjön"", ""SHAPE.LEN"": 826.584540417347}",12.79338456587471,62.870624283740646,LineString,826.5845404142893,0.0,https://www.openstreetmap.org/?mlat=62.8706243&mlon=12.7933846#map=18/62.8706243/12.7933846,coordinate_fallback,,,statliga_leder
12346206,Z 79,Ljungris - Ljungdalen via Dunsjön,4351.26977647408,"{""OBJECTID"": 12346206, ""STATLIGLED"": ""Z 79"", ""STATLIGLEDNAMN"": ""Ljungris - Ljungdalen via Dunsjön"", ""SHAPE.LEN"": 4351.26977647408}",12.767208246295002,62.94586510598595,LineString,4351.269776470574,0.0,https://www.openstreetmap.org/?mlat=62.9458651&mlon=12.7672082#map=18/62.9458651/12.7672082,coordinate_fallback,,,statliga_leder
12346205,Z 79,Ljungris - Ljungdalen via Dunsjön,1087.68406294637,"{""OBJECTID"": 12346205, ""STATLIGLED"": ""Z 79"", ""STATLIGLEDNAMN"": ""Ljungris - Ljungdalen via Dunsjön"", ""SHAPE.LEN"": 1087.68406294637}",12.794395687184512,62.92388408837927,LineString,1087.6840629489257,0.0,https://www.openstreetmap.org/?mlat=62.9238841&mlon=12.7943957#map=18/62.9238841/12.7943957,coordinate_fallback,,,statliga_leder
12353069,Z 74,Höglekardalen - Gräftåvallen - Väster Arådalen + skoterled  Stor-Gräftån,2031.52323543634,"{""OBJECTID"": 12353069, ""STATLIGLED"": ""Z 74"", ""STATLIGLEDNAMN"": ""Höglekardalen - Gräftåvallen - Väster Arådalen + skoterled  Stor-Gräftån"", ""SHAPE.LEN"": 2031.52323543634}",13.912608932409292,63.0192436147011,LineString,2031.5232354369361,0.0,https://www.openstreetmap.org/?mlat=63.0192436&mlon=13.9126089#map=18/63.0192436/13.9126089,coordinate_fallback,,,statliga_leder
12353068,Z 74,Höglekardalen - Gräftåvallen - Väster Arådalen + skoterled  Stor-Gräftån,14038.4345650594,"{""OBJECTID"": 12353068, ""STATLIGLED"": ""Z 74"", ""STATLIGLEDNAMN"": ""Höglekardalen - Gräftåvallen - Väster Arådalen + skoterled  Stor-Gräftån"", ""SHAPE.LEN"": 14038.4345650594}",13.77099599129606,62.951205742465056,LineString,14038.43456504711,0.0,https://www.openstreetmap.org/?mlat=62.9512057&mlon=13.7709960#map=18/62.9512057/13.7709960,coordinate_fallback,,,statliga_leder
12353026,Z 74,Höglekardalen - Gräftåvallen - Väster Arådalen + skoterled  Stor-Gräftån,4534.45720020067,"{""OBJECTID"": 12353026, ""STATLIGLED"": ""Z 74"", ""STATLIGLEDNAMN"": ""Höglekardalen - Gräftåvallen - Väster Arådalen + skoterled  Stor-Gräftån"", ""SHAPE.LEN"": 4534.45720020067}",13.913496492164702,62.99233336380573,LineString,4534.457200201054,0.0,https://www.openstreetmap.org/?mlat=62.9923334&mlon=13.9134965#map=18/62.9923334/13.9134965,coordinate_fallback,,,statliga_leder
12353025,Z 74,Höglekardalen - Gräftåvallen - Väster Arådalen + skoterled  Stor-Gräftån,11985.6787388075,"{""OBJECTID"": 12353025, ""STATLIGLED"": ""Z 74"", ""STATLIGLEDNAMN"": ""Höglekardalen - Gräftåvallen - Väster Arådalen + skoterled  Stor-Gräftån"", ""SHAPE.LEN"": 11985.6787388075}",13.830623579458633,63.036176577272656,LineString,11985.67873881073,0.0,https://www.openstreetmap.org/?mlat=63.0361766&mlon=13.8306236#map=18/63.0361766/13.8306236,coordinate_fallback,,,statliga_leder
12353512,Z 74,Höglekardalen - Gräftåvallen - Väster Arådalen + skoterled  Stor-Gräftån,4559.70332769038,"{""OBJECTID"": 12353512, ""STATLIGLED"": ""Z 74"", ""STATLIGLEDNAMN"": ""Höglekardalen - Gräftåvallen - Väster Arådalen + skoterled  Stor-Gräftån"", ""SHAPE.LEN"": 4559.70332769038}",13.879572385566192,62.99944681900257,LineString,4559.703327685853,0.0,https://www.openstreetmap.org/?mlat=62.9994468&mlon=13.8795724#map=18/62.9994468/13.8795724,coordinate_fallback,,,statliga_leder
12347969,Z 54,Sylarnas fjällstation - Helags samt sommarled över Herrklumpen,4899.91775356709,"{""OBJECTID"": 12347969, ""STATLIGLED"": ""Z 54"", ""STATLIGLEDNAMN"": ""Sylarnas fjällstation - Helags samt sommarled över Herrklumpen"", ""SHAPE.LEN"": 4899.91775356709}",12.318156894859435,62.98005205297277,LineString,4899.917753565377,0.0,https://www.openstreetmap.org/?mlat=62.9800521&mlon=12.3181569#map=18/62.9800521/12.3181569,coordinate_fallback,,,statliga_leder
12352989,Z 52,Sylarnas fjällstation - Ekorrdörren - Norska gränsen,30.9851646337404,"{""OBJECTID"": 12352989, ""STATLIGLED"": ""Z 52"", ""STATLIGLEDNAMN"": ""Sylarnas fjällstation - Ekorrdörren - Norska gränsen"", ""SHAPE.LEN"": 30.9851646337404}",12.214389170675112,62.98047023253463,LineString,30.985164633931255,0.0,https://www.openstreetmap.org/?mlat=62.9804702&mlon=12.2143892#map=18/62.9804702/12.2143892,coordinate_fallback,,,statliga_leder
12352988,Z 52,Sylarnas fjällstation - Ekorrdörren - Norska gränsen,154.944203603265,"{""OBJECTID"": 12352988, ""STATLIGLED"": ""Z 52"", ""STATLIGLEDNAMN"": ""Sylarnas fjällstation - Ekorrdörren - Norska gränsen"", ""SHAPE.LEN"": 154.944203603265}",12.254782528480991,62.98220624285905,LineString,154.94420360328593,0.0,https://www.openstreetmap.org/?mlat=62.9822062&mlon=12.2547825#map=18/62.9822062/12.2547825,coordinate_fallback,,,statliga_leder
12352908,Z 52,Sylarnas fjällstation - Ekorrdörren - Norska gränsen,6766.53037808685,"{""OBJECTID"": 12352908, ""STATLIGLED"": ""Z 52"", ""STATLIGLEDNAMN"": ""Sylarnas fjällstation - Ekorrdörren - Norska gränsen"", ""SHAPE.LEN"": 6766.53037808685}",12.267053403283667,62.99719875619634,LineString,6766.530378090717,0.0,https://www.openstreetmap.org/?mlat=62.9971988&mlon=12.2670534#map=18/62.9971988/12.2670534,coordinate_fallback,,,statliga_leder
12350583,Z 52,Sylarnas fjällstation - Ekorrdörren - Norska gränsen,1223.21940640451,"{""OBJECTID"": 12350583, ""STATLIGLED"": ""Z 52"", ""STATLIGLEDNAMN"": ""Sylarnas fjällstation - Ekorrdörren - Norska gränsen"", ""SHAPE.LEN"": 1223.21940640451}",12.202154417003614,62.980376771962376,LineString,1223.2194064044634,0.0,https://www.openstreetmap.org/?mlat=62.9803768&mlon=12.2021544#map=18/62.9803768/12.2021544,coordinate_fallback,,,statliga_leder
12350582,Z 52,Sylarnas fjällstation - Ekorrdörren - Norska gränsen,1975.45683705777,"{""OBJECTID"": 12350582, ""STATLIGLED"": ""Z 52"", ""STATLIGLEDNAMN"": ""Sylarnas fjällstation - Ekorrdörren - Norska gränsen"", ""SHAPE.LEN"": 1975.45683705777}",12.233992424149111,62.98136443082635,LineString,1975.456837057671,0.0,https://www.openstreetmap.org/?mlat=62.9813644&mlon=12.2339924#map=18/62.9813644/12.2339924,coordinate_fallback,,,statliga_leder
12344764,Z 87,Klinken - Ramundberget,5741.72636499855,"{""OBJECTID"": 12344764, ""STATLIGLED"": ""Z 87"", ""STATLIGLEDNAMN"": ""Klinken - Ramundberget"", ""SHAPE.LEN"": 5741.72636499855}",12.348338273762241,62.71792834334674,LineString,5741.7263649953975,0.0,https://www.openstreetmap.org/?mlat=62.7179283&mlon=12.3483383#map=18/62.7179283/12.3483383,coordinate_fallback,,,statliga_leder
12344763,Z 87,Klinken - Ramundberget,0.483068576912223,"{""OBJECTID"": 12344763, ""STATLIGLED"": ""Z 87"", ""STATLIGLEDNAMN"": ""Klinken - Ramundberget"", ""SHAPE.LEN"": 0.483068576912223}",12.389973903764034,62.70518391064754,LineString,0.48306857721917135,0.0,https://www.openstreetmap.org/?mlat=62.7051839&mlon=12.3899739#map=18/62.7051839/12.3899739,coordinate_fallback,,,statliga_leder
12344762,Z 87,Klinken - Ramundberget,104.994198226306,"{""OBJECTID"": 12344762, ""STATLIGLED"": ""Z 87"", ""STATLIGLEDNAMN"": ""Klinken - Ramundberget"", ""SHAPE.LEN"": 104.994198226306}",12.389859602208846,62.7047357000969,LineString,104.99419822776305,0.0,https://www.openstreetmap.org/?mlat=62.7047357&mlon=12.3898596#map=18/62.7047357/12.3898596,coordinate_fallback,,,statliga_leder
12352756,Z 110,Leipikvattnet - Länsgränsen (ny),14871.7500126255,"{""OBJECTID"": 12352756, ""STATLIGLED"": ""Z 110"", ""STATLIGLEDNAMN"": ""Leipikvattnet - Länsgränsen (ny)"", ""SHAPE.LEN"": 14871.7500126255}",14.326945607862909,65.0336070087681,LineString,14871.750012627195,0.0,https://www.openstreetmap.org/?mlat=65.0336070&mlon=14.3269456#map=18/65.0336070/14.3269456,coordinate_fallback,,,statliga_leder
12352755,Z 110,Leipikvattnet - Länsgränsen (ny),1590.51474949704,"{""OBJECTID"": 12352755, ""STATLIGLED"": ""Z 110"", ""STATLIGLEDNAMN"": ""Leipikvattnet - Länsgränsen (ny)"", ""SHAPE.LEN"": 1590.51474949704}",14.223851624471946,64.98493179536312,LineString,1590.5147494979597,0.0,https://www.openstreetmap.org/?mlat=64.9849318&mlon=14.2238516#map=18/64.9849318/14.2238516,coordinate_fallback,,,statliga_leder
12352754,Z 110,Leipikvattnet - Länsgränsen (ny),662.621696475818,"{""OBJECTID"": 12352754, ""STATLIGLED"": ""Z 110"", ""STATLIGLEDNAMN"": ""Leipikvattnet - Länsgränsen (ny)"", ""SHAPE.LEN"": 662.621696475818}",14.224521080306362,64.97459890933024,LineString,662.6216964770065,0.0,https://www.openstreetmap.org/?mlat=64.9745989&mlon=14.2245211#map=18/64.9745989/14.2245211,coordinate_fallback,,,statliga_leder
12352928,Z 110,Leipikvattnet - Länsgränsen (ny),3443.03062450314,"{""OBJECTID"": 12352928, ""STATLIGLED"": ""Z 110"", ""STATLIGLEDNAMN"": ""Leipikvattnet - Länsgränsen (ny)"", ""SHAPE.LEN"": 3443.03062450314}",14.177091323181255,64.92492180332394,LineString,3443.0306244998274,0.0,https://www.openstreetmap.org/?mlat=64.9249218&mlon=14.1770913#map=18/64.9249218/14.1770913,coordinate_fallback,,,statliga_leder
12352927,Z 110,Leipikvattnet - Länsgränsen (ny),38.9675364385536,"{""OBJECTID"": 12352927, ""STATLIGLED"": ""Z 110"", ""STATLIGLEDNAMN"": ""Leipikvattnet - Länsgränsen (ny)"", ""SHAPE.LEN"": 38.9675364385536}",14.227875184974652,64.99167707925875,LineString,38.967536437144496,0.0,https://www.openstreetmap.org/?mlat=64.9916771&mlon=14.2278752#map=18/64.9916771/14.2278752,coordinate_fallback,,,statliga_leder
12352926,Z 110,Leipikvattnet - Länsgränsen (ny),0.0521817017737061,"{""OBJECTID"": 12352926, ""STATLIGLED"": ""Z 110"", ""STATLIGLEDNAMN"": ""Leipikvattnet - Länsgränsen (ny)"", ""SHAPE.LEN"": 0.0521817017737061}",14.192925514013401,64.93992269199474,LineString,0.052181703240240185,0.0,https://www.openstreetmap.org/?mlat=64.9399227&mlon=14.1929255#map=18/64.9399227/14.1929255,coordinate_fallback,,,statliga_leder
12352925,Z 110,Leipikvattnet - Länsgränsen (ny),241.291144156152,"{""OBJECTID"": 12352925, ""STATLIGLED"": ""Z 110"", ""STATLIGLEDNAMN"": ""Leipikvattnet - Länsgränsen (ny)"", ""SHAPE.LEN"": 241.291144156152}",14.220202824474478,64.97170061879795,LineString,241.2911441542857,0.0,https://www.openstreetmap.org/?mlat=64.9717006&mlon=14.2202028#map=18/64.9717006/14.2202028,coordinate_fallback,,,statliga_leder
12352924,Z 110,Leipikvattnet - Länsgränsen (ny),413.256582964215,"{""OBJECTID"": 12352924, ""STATLIGLED"": ""Z 110"", ""STATLIGLEDNAMN"": ""Leipikvattnet - Länsgränsen (ny)"", ""SHAPE.LEN"": 413.256582964215}",14.227123173704145,64.97915051894859,LineString,413.25658296386047,0.0,https://www.openstreetmap.org/?mlat=64.9791505&mlon=14.2271232#map=18/64.9791505/14.2271232,coordinate_fallback,,,statliga_leder
12352798,Z 110,Leipikvattnet - Länsgränsen (ny),4236.12800896946,"{""OBJECTID"": 12352798, ""STATLIGLED"": ""Z 110"", ""STATLIGLEDNAMN"": ""Leipikvattnet - Länsgränsen (ny)"", ""SHAPE.LEN"": 4236.12800896946}",14.203580057186633,64.9560169753108,LineString,4236.128008966258,0.0,https://www.openstreetmap.org/?mlat=64.9560170&mlon=14.2035801#map=18/64.9560170/14.2035801,coordinate_fallback,,,statliga_leder
12352650,Z 116,St Blåsjön - Mesklumpen -Leddelning Flyn - Leipikvattnet (sjöis) (ny),1.49165044832896,"{""OBJECTID"": 12352650, ""STATLIGLED"": ""Z 116"", ""STATLIGLEDNAMN"": ""St Blåsjön - Mesklumpen -Leddelning Flyn - Leipikvattnet (sjöis) (ny)"", ""SHAPE.LEN"": 1.49165044832896}",14.156485909177531,64.91588079686706,LineString,1.4916504489215918,0.0,https://www.openstreetmap.org/?mlat=64.9158808&mlon=14.1564859#map=18/64.9158808/14.1564859,coordinate_fallback,,,statliga_leder
12352649,Z 116,St Blåsjön - Mesklumpen -Leddelning Flyn - Leipikvattnet (sjöis) (ny),38.5053748835146,"{""OBJECTID"": 12352649, ""STATLIGLED"": ""Z 116"", ""STATLIGLEDNAMN"": ""St Blåsjön - Mesklumpen -Leddelning Flyn - Leipikvattnet (sjöis) (ny)"", ""SHAPE.LEN"": 38.5053748835146}",14.134512542526256,64.86177471266816,LineString,38.50537488379797,0.0,https://www.openstreetmap.org/?mlat=64.8617747&mlon=14.1345125#map=18/64.8617747/14.1345125,coordinate_fallback,,,statliga_leder
12344800,Z 116,St Blåsjön - Mesklumpen -Leddelning Flyn - Leipikvattnet (sjöis) (ny),1931.93744150554,"{""OBJECTID"": 12344800, ""STATLIGLED"": ""Z 116"", ""STATLIGLEDNAMN"": ""St Blåsjön - Mesklumpen -Leddelning Flyn - Leipikvattnet (sjöis) (ny)"", ""SHAPE.LEN"": 1931.93744150554}",14.107619610280082,64.869887378373,LineString,1931.9374415051066,0.0,https://www.openstreetmap.org/?mlat=64.8698874&mlon=14.1076196#map=18/64.8698874/14.1076196,coordinate_fallback,,,statliga_leder
12344799,Z 116,St Blåsjön - Mesklumpen -Leddelning Flyn - Leipikvattnet (sjöis) (ny),231.322052701014,"{""OBJECTID"": 12344799, ""STATLIGLED"": ""Z 116"", ""STATLIGLEDNAMN"": ""St Blåsjön - Mesklumpen -Leddelning Flyn - Leipikvattnet (sjöis) (ny)"", ""SHAPE.LEN"": 231.322052701014}",14.132194598264913,64.861049695953,LineString,231.3220527010773,0.0,https://www.openstreetmap.org/?mlat=64.8610497&mlon=14.1321946#map=18/64.8610497/14.1321946,coordinate_fallback,,,statliga_leder
12344798,Z 116,St Blåsjön - Mesklumpen -Leddelning Flyn - Leipikvattnet (sjöis) (ny),58.4167626494034,"{""OBJECTID"": 12344798, ""STATLIGLED"": ""Z 116"", ""STATLIGLEDNAMN"": ""St Blåsjön - Mesklumpen -Leddelning Flyn - Leipikvattnet (sjöis) (ny)"", ""SHAPE.LEN"": 58.4167626494034}",14.090997159374027,64.87312848429426,LineString,58.416762648850096,0.0,https://www.openstreetmap.org/?mlat=64.8731285&mlon=14.0909972#map=18/64.8731285/14.0909972,coordinate_fallback,,,statliga_leder
12344797,Z 116,St Blåsjön - Mesklumpen -Leddelning Flyn - Leipikvattnet (sjöis) (ny),251.198202247648,"{""OBJECTID"": 12344797, ""STATLIGLED"": ""Z 116"", ""STATLIGLEDNAMN"": ""St Blåsjön - Mesklumpen -Leddelning Flyn - Leipikvattnet (sjöis) (ny)"", ""SHAPE.LEN"": 251.198202247648}",14.146308147034052,64.90850843036351,LineString,251.19820224875522,0.0,https://www.openstreetmap.org/?mlat=64.9085084&mlon=14.1463081#map=18/64.9085084/14.1463081,coordinate_fallback,,,statliga_leder
12344796,Z 116,St Blåsjön - Mesklumpen -Leddelning Flyn - Leipikvattnet (sjöis) (ny),4313.37966898339,"{""OBJECTID"": 12344796, ""STATLIGLED"": ""Z 116"", ""STATLIGLEDNAMN"": ""St Blåsjön - Mesklumpen -Leddelning Flyn - Leipikvattnet (sjöis) (ny)"", ""SHAPE.LEN"": 4313.37966898339}",14.161110731008826,64.89650878369902,LineString,4313.379668985773,0.0,https://www.openstreetmap.org/?mlat=64.8965088&mlon=14.1611107#map=18/64.8965088/14.1611107,coordinate_fallback,,,statliga_leder
12344770,Z 116,St Blåsjön - Mesklumpen -Leddelning Flyn - Leipikvattnet (sjöis) (ny),513.250566476518,"{""OBJECTID"": 12344770, ""STATLIGLED"": ""Z 116"", ""STATLIGLEDNAMN"": ""St Blåsjön - Mesklumpen -Leddelning Flyn - Leipikvattnet (sjöis) (ny)"", ""SHAPE.LEN"": 513.250566476518}",14.151696370763862,64.91519148816951,LineString,513.2505664766517,0.0,https://www.openstreetmap.org/?mlat=64.9151915&mlon=14.1516964#map=18/64.9151915/14.1516964,coordinate_fallback,,,statliga_leder
12344769,Z 116,St Blåsjön - Mesklumpen -Leddelning Flyn - Leipikvattnet (sjöis) (ny),1648.7644332476,"{""OBJECTID"": 12344769, ""STATLIGLED"": ""Z 116"", ""STATLIGLEDNAMN"": ""St Blåsjön - Mesklumpen -Leddelning Flyn - Leipikvattnet (sjöis) (ny)"", ""SHAPE.LEN"": 1648.7644332476}",14.196775999941547,64.88055004995347,LineString,1648.7644332470184,0.0,https://www.openstreetmap.org/?mlat=64.8805500&mlon=14.1967760#map=18/64.8805500/14.1967760,coordinate_fallback,,,statliga_leder
12344712,Z 116,St Blåsjön - Mesklumpen -Leddelning Flyn - Leipikvattnet (sjöis) (ny),950.814483865615,"{""OBJECTID"": 12344712, ""STATLIGLED"": ""Z 116"", ""STATLIGLEDNAMN"": ""St Blåsjön - Mesklumpen -Leddelning Flyn - Leipikvattnet (sjöis) (ny)"", ""SHAPE.LEN"": 950.814483865615}",14.124258900019738,64.86253561865752,LineString,950.8144838666096,0.0,https://www.openstreetmap.org/?mlat=64.8625356&mlon=14.1242589#map=18/64.8625356/14.1242589,coordinate_fallback,,,statliga_leder
12344711,Z 116,St Blåsjön - Mesklumpen -Leddelning Flyn - Leipikvattnet (sjöis) (ny),483.55162795943,"{""OBJECTID"": 12344711, ""STATLIGLED"": ""Z 116"", ""STATLIGLEDNAMN"": ""St Blåsjön - Mesklumpen -Leddelning Flyn - Leipikvattnet (sjöis) (ny)"", ""SHAPE.LEN"": 483.55162795943}",14.149141569395074,64.91142542468452,LineString,483.55162795725994,0.0,https://www.openstreetmap.org/?mlat=64.9114254&mlon=14.1491416#map=18/64.9114254/14.1491416,coordinate_fallback,,,statliga_leder
12344710,Z 116,St Blåsjön - Mesklumpen -Leddelning Flyn - Leipikvattnet (sjöis) (ny),3426.28270885985,"{""OBJECTID"": 12344710, ""STATLIGLED"": ""Z 116"", ""STATLIGLEDNAMN"": ""St Blåsjön - Mesklumpen -Leddelning Flyn - Leipikvattnet (sjöis) (ny)"", ""SHAPE.LEN"": 3426.28270885985}",14.15667412854547,64.87393006969661,LineString,3426.282708858451,0.0,https://www.openstreetmap.org/?mlat=64.8739301&mlon=14.1566741#map=18/64.8739301/14.1566741,coordinate_fallback,,,statliga_leder
12344709,Z 116,St Blåsjön - Mesklumpen -Leddelning Flyn - Leipikvattnet (sjöis) (ny),4150.96479377984,"{""OBJECTID"": 12344709, ""STATLIGLED"": ""Z 116"", ""STATLIGLEDNAMN"": ""St Blåsjön - Mesklumpen -Leddelning Flyn - Leipikvattnet (sjöis) (ny)"", ""SHAPE.LEN"": 4150.96479377984}",14.106212216085938,64.85035787781973,LineString,4150.964793779968,0.0,https://www.openstreetmap.org/?mlat=64.8503579&mlon=14.1062122#map=18/64.8503579/14.1062122,coordinate_fallback,,,statliga_leder
12350693,BD 77,Kvikkjokk - Västerfjäll,33008.1077320524,"{""OBJECTID"": 12350693, ""STATLIGLED"": ""BD 77"", ""STATLIGLEDNAMN"": ""Kvikkjokk - Västerfjäll"", ""SHAPE.LEN"": 33008.1077320524}",17.53590014100605,66.82076473695554,LineString,33008.1077320563,0.0,https://www.openstreetmap.org/?mlat=66.8207647&mlon=17.5359001#map=18/66.8207647/17.5359001,coordinate_fallback,,,statliga_leder
12351809,BD 77,Kvikkjokk - Västerfjäll,5708.39669694688,"{""OBJECTID"": 12351809, ""STATLIGLED"": ""BD 77"", ""STATLIGLEDNAMN"": ""Kvikkjokk - Västerfjäll"", ""SHAPE.LEN"": 5708.39669694688}",17.407633723363677,66.73388381983267,LineString,5708.39669694566,0.0,https://www.openstreetmap.org/?mlat=66.7338838&mlon=17.4076337#map=18/66.7338838/17.4076337,coordinate_fallback,,,statliga_leder
12355815,BD 77,Kvikkjokk - Västerfjäll,582.14577187161,"{""OBJECTID"": 12355815, ""STATLIGLED"": ""BD 77"", ""STATLIGLEDNAMN"": ""Kvikkjokk - Västerfjäll"", ""SHAPE.LEN"": 582.14577187161}",17.498615804049127,66.77103540760777,LineString,582.1457718702959,0.0,https://www.openstreetmap.org/?mlat=66.7710354&mlon=17.4986158#map=18/66.7710354/17.4986158,coordinate_fallback,,,statliga_leder
12355986,BD 77,Kvikkjokk - Västerfjäll,2322.69252821093,"{""OBJECTID"": 12355986, ""STATLIGLED"": ""BD 77"", ""STATLIGLEDNAMN"": ""Kvikkjokk - Västerfjäll"", ""SHAPE.LEN"": 2322.69252821093}",17.478964009096885,66.76159956971895,LineString,2322.6925282093566,0.0,https://www.openstreetmap.org/?mlat=66.7615996&mlon=17.4789640#map=18/66.7615996/17.4789640,coordinate_fallback,,,statliga_leder
12355985,BD 77,Kvikkjokk - Västerfjäll,1198.37567993899,"{""OBJECTID"": 12355985, ""STATLIGLED"": ""BD 77"", ""STATLIGLEDNAMN"": ""Kvikkjokk - Västerfjäll"", ""SHAPE.LEN"": 1198.37567993899}",17.449830463470125,66.75194679318136,LineString,1198.375679938344,0.0,https://www.openstreetmap.org/?mlat=66.7519468&mlon=17.4498305#map=18/66.7519468/17.4498305,coordinate_fallback,,,statliga_leder
12355984,BD 77,Kvikkjokk - Västerfjäll,573.702891472395,"{""OBJECTID"": 12355984, ""STATLIGLED"": ""BD 77"", ""STATLIGLEDNAMN"": ""Kvikkjokk - Västerfjäll"", ""SHAPE.LEN"": 573.702891472395}",17.553501362718468,66.78434275733018,LineString,573.7028914727516,0.0,https://www.openstreetmap.org/?mlat=66.7843428&mlon=17.5535014#map=18/66.7843428/17.5535014,coordinate_fallback,,,statliga_leder
12355983,BD 77,Kvikkjokk - Västerfjäll,14518.8340995023,"{""OBJECTID"": 12355983, ""STATLIGLED"": ""BD 77"", ""STATLIGLEDNAMN"": ""Kvikkjokk - Västerfjäll"", ""SHAPE.LEN"": 14518.8340995023}",17.654254755770772,66.89513967081587,LineString,14518.83409950325,0.0,https://www.openstreetmap.org/?mlat=66.8951397&mlon=17.6542548#map=18/66.8951397/17.6542548,coordinate_fallback,,,statliga_leder
12355982,BD 77,Kvikkjokk - Västerfjäll,7436.42593793346,"{""OBJECTID"": 12355982, ""STATLIGLED"": ""BD 77"", ""STATLIGLEDNAMN"": ""Kvikkjokk - Västerfjäll"", ""SHAPE.LEN"": 7436.42593793346}",17.559363394701904,66.81402562824522,LineString,7436.42593793312,0.0,https://www.openstreetmap.org/?mlat=66.8140256&mlon=17.5593634#map=18/66.8140256/17.5593634,coordinate_fallback,,,statliga_leder
12355981,BD 77,Kvikkjokk - Västerfjäll,2834.86632442116,"{""OBJECTID"": 12355981, ""STATLIGLED"": ""BD 77"", ""STATLIGLEDNAMN"": ""Kvikkjokk - Västerfjäll"", ""SHAPE.LEN"": 2834.86632442116}",17.526321944281378,66.77725187972126,LineString,2834.8663244254544,0.0,https://www.openstreetmap.org/?mlat=66.7772519&mlon=17.5263219#map=18/66.7772519/17.5263219,coordinate_fallback,,,statliga_leder
12350572,BD 77,Kvikkjokk - Västerfjäll,2618.35279880209,"{""OBJECTID"": 12350572, ""STATLIGLED"": ""BD 77"", ""STATLIGLEDNAMN"": ""Kvikkjokk - Västerfjäll"", ""SHAPE.LEN"": 2618.35279880209}",17.725335458052893,66.93627262207549,LineString,2618.35279880227,0.0,https://www.openstreetmap.org/?mlat=66.9362726&mlon=17.7253355#map=18/66.9362726/17.7253355,coordinate_fallback,,,statliga_leder
12347824,BD 41,Kebnekaise - Nikkaluokta,18133.290971365,"{""OBJECTID"": 12347824, ""STATLIGLED"": ""BD 41"", ""STATLIGLEDNAMN"": ""Kebnekaise - Nikkaluokta"", ""SHAPE.LEN"": 18133.290971365}",18.820456115723772,67.85069678048004,LineString,18133.290971360453,0.0,https://www.openstreetmap.org/?mlat=67.8506968&mlon=18.8204561#map=18/67.8506968/18.8204561,coordinate_fallback,,,statliga_leder
12347090,BD 40,Singi - Kebnekaise,14065.3060851603,"{""OBJECTID"": 12347090, ""STATLIGLED"": ""BD 40"", ""STATLIGLEDNAMN"": ""Singi - Kebnekaise"", ""SHAPE.LEN"": 14065.3060851603}",18.475528552264148,67.85046826855294,LineString,14065.306085170549,0.0,https://www.openstreetmap.org/?mlat=67.8504683&mlon=18.4755286#map=18/67.8504683/18.4755286,coordinate_fallback,,,statliga_leder
12353348,Z 29,Kolåsen - Rutsdalen - Strydalen - Anjan,3704.0827713326,"{""OBJECTID"": 12353348, ""STATLIGLED"": ""Z 29"", ""STATLIGLEDNAMN"": ""Kolåsen - Rutsdalen - Strydalen - Anjan"", ""SHAPE.LEN"": 3704.0827713326}",12.833132576944541,63.799012625392216,LineString,3704.0827713294175,0.0,https://www.openstreetmap.org/?mlat=63.7990126&mlon=12.8331326#map=18/63.7990126/12.8331326,coordinate_fallback,,,statliga_leder
12353347,Z 29,Kolåsen - Rutsdalen - Strydalen - Anjan,651.51677668209,"{""OBJECTID"": 12353347, ""STATLIGLED"": ""Z 29"", ""STATLIGLEDNAMN"": ""Kolåsen - Rutsdalen - Strydalen - Anjan"", ""SHAPE.LEN"": 651.51677668209}",12.871180075279261,63.7838689919831,LineString,651.5167766807051,0.0,https://www.openstreetmap.org/?mlat=63.7838690&mlon=12.8711801#map=18/63.7838690/12.8711801,coordinate_fallback,,,statliga_leder
12353573,Z 29,Kolåsen - Rutsdalen - Strydalen - Anjan,643.60213496446,"{""OBJECTID"": 12353573, ""STATLIGLED"": ""Z 29"", ""STATLIGLEDNAMN"": ""Kolåsen - Rutsdalen - Strydalen - Anjan"", ""SHAPE.LEN"": 643.60213496446}",12.861710734799434,63.78604325916093,LineString,643.6021349664576,0.0,https://www.openstreetmap.org/?mlat=63.7860433&mlon=12.8617107#map=18/63.7860433/12.8617107,coordinate_fallback,,,statliga_leder
12353572,Z 29,Kolåsen - Rutsdalen - Strydalen - Anjan,5030.02252277483,"{""OBJECTID"": 12353572, ""STATLIGLED"": ""Z 29"", ""STATLIGLEDNAMN"": ""Kolåsen - Rutsdalen - Strydalen - Anjan"", ""SHAPE.LEN"": 5030.02252277483}",12.910079971732728,63.76632313090571,LineString,5030.022522772248,0.0,https://www.openstreetmap.org/?mlat=63.7663231&mlon=12.9100800#map=18/63.7663231/12.9100800,coordinate_fallback,,,statliga_leder
12353571,Z 29,Kolåsen - Rutsdalen - Strydalen - Anjan,1648.35687638663,"{""OBJECTID"": 12353571, ""STATLIGLED"": ""Z 29"", ""STATLIGLEDNAMN"": ""Kolåsen - Rutsdalen - Strydalen - Anjan"", ""SHAPE.LEN"": 1648.35687638663}",12.870073464977223,63.78818615679007,LineString,1648.3568763859362,0.0,https://www.openstreetmap.org/?mlat=63.7881862&mlon=12.8700735#map=18/63.7881862/12.8700735,coordinate_fallback,,,statliga_leder
12353570,Z 29,Kolåsen - Rutsdalen - Strydalen - Anjan,249.307623970386,"{""OBJECTID"": 12353570, ""STATLIGLED"": ""Z 29"", ""STATLIGLEDNAMN"": ""Kolåsen - Rutsdalen - Strydalen - Anjan"", ""SHAPE.LEN"": 249.307623970386}",12.865556714578473,63.78283772765925,LineString,249.30762396913224,0.0,https://www.openstreetmap.org/?mlat=63.7828377&mlon=12.8655567#map=18/63.7828377/12.8655567,coordinate_fallback,,,statliga_leder
12353569,Z 29,Kolåsen - Rutsdalen - Strydalen - Anjan,19840.9274155855,"{""OBJECTID"": 12353569, ""STATLIGLED"": ""Z 29"", ""STATLIGLEDNAMN"": ""Kolåsen - Rutsdalen - Strydalen - Anjan"", ""SHAPE.LEN"": 19840.9274155855}",12.716922012309661,63.77357884514902,LineString,19840.92741559004,0.0,https://www.openstreetmap.org/?mlat=63.7735788&mlon=12.7169220#map=18/63.7735788/12.7169220,coordinate_fallback,,,statliga_leder
12348616,Z 28,Korsvattnet - Långsådalen,6381.37316738038,"{""OBJECTID"": 12348616, ""STATLIGLED"": ""Z 28"", ""STATLIGLEDNAMN"": ""Korsvattnet - Långsådalen"", ""SHAPE.LEN"": 6381.37316738038}",13.453735647081443,63.81505062530556,LineString,6381.373167381707,0.0,https://www.openstreetmap.org/?mlat=63.8150506&mlon=13.4537356#map=18/63.8150506/13.4537356,coordinate_fallback,,,statliga_leder
12352678,Z 26,Stor-Burvattnet - Höjden (justerad),37.6252657202577,"{""OBJECTID"": 12352678, ""STATLIGLED"": ""Z 26"", ""STATLIGLEDNAMN"": ""Stor-Burvattnet - Höjden (justerad)"", ""SHAPE.LEN"": 37.6252657202577}",13.501600491372944,63.72822430717784,LineString,37.62526571815953,0.0,https://www.openstreetmap.org/?mlat=63.7282243&mlon=13.5016005#map=18/63.7282243/13.5016005,coordinate_fallback,,,statliga_leder
12352677,Z 26,Stor-Burvattnet - Höjden (justerad),354.921853062571,"{""OBJECTID"": 12352677, ""STATLIGLED"": ""Z 26"", ""STATLIGLEDNAMN"": ""Stor-Burvattnet - Höjden (justerad)"", ""SHAPE.LEN"": 354.921853062571}",13.377391901832295,63.8589913057423,LineString,354.92185306225144,0.0,https://www.openstreetmap.org/?mlat=63.8589913&mlon=13.3773919#map=18/63.8589913/13.3773919,coordinate_fallback,,,statliga_leder
12352656,Z 26,Stor-Burvattnet - Höjden (justerad),11170.9304302905,"{""OBJECTID"": 12352656, ""STATLIGLED"": ""Z 26"", ""STATLIGLEDNAMN"": ""Stor-Burvattnet - Höjden (justerad)"", ""SHAPE.LEN"": 11170.9304302905}",13.430786530650277,63.776934730713435,LineString,11170.930430288094,0.0,https://www.openstreetmap.org/?mlat=63.7769347&mlon=13.4307865#map=18/63.7769347/13.4307865,coordinate_fallback,,,statliga_leder
12352630,Z 26,Stor-Burvattnet - Höjden (justerad),1080.46927600455,"{""OBJECTID"": 12352630, ""STATLIGLED"": ""Z 26"", ""STATLIGLEDNAMN"": ""Stor-Burvattnet - Höjden (justerad)"", ""SHAPE.LEN"": 1080.46927600455}",13.329636043742333,63.97646791076245,LineString,1080.4692760070711,0.0,https://www.openstreetmap.org/?mlat=63.9764679&mlon=13.3296360#map=18/63.9764679/13.3296360,coordinate_fallback,,,statliga_leder
12352629,Z 26,Stor-Burvattnet - Höjden (justerad),39.4589585095704,"{""OBJECTID"": 12352629, ""STATLIGLED"": ""Z 26"", ""STATLIGLEDNAMN"": ""Stor-Burvattnet - Höjden (justerad)"", ""SHAPE.LEN"": 39.4589585095704}",13.32862552677393,63.956447134111656,LineString,39.458958509458256,0.0,https://www.openstreetmap.org/?mlat=63.9564471&mlon=13.3286255#map=18/63.9564471/13.3286255,coordinate_fallback,,,statliga_leder
12352628,Z 26,Stor-Burvattnet - Höjden (justerad),27.9346003808896,"{""OBJECTID"": 12352628, ""STATLIGLED"": ""Z 26"", ""STATLIGLEDNAMN"": ""Stor-Burvattnet - Höjden (justerad)"", ""SHAPE.LEN"": 27.9346003808896}",13.504369111391526,63.726977870585785,LineString,27.934600381044216,0.0,https://www.openstreetmap.org/?mlat=63.7269779&mlon=13.5043691#map=18/63.7269779/13.5043691,coordinate_fallback,,,statliga_leder
12352627,Z 26,Stor-Burvattnet - Höjden (justerad),1614.18588143344,"{""OBJECTID"": 12352627, ""STATLIGLED"": ""Z 26"", ""STATLIGLEDNAMN"": ""Stor-Burvattnet - Höjden (justerad)"", ""SHAPE.LEN"": 1614.18588143344}",13.512169800409334,63.72152987300922,LineString,1614.1858814339469,0.0,https://www.openstreetmap.org/?mlat=63.7215299&mlon=13.5121698#map=18/63.7215299/13.5121698,coordinate_fallback,,,statliga_leder
12352626,Z 26,Stor-Burvattnet - Höjden (justerad),48.4910665009546,"{""OBJECTID"": 12352626, ""STATLIGLED"": ""Z 26"", ""STATLIGLEDNAMN"": ""Stor-Burvattnet - Höjden (justerad)"", ""SHAPE.LEN"": 48.4910665009546}",13.502212278282752,63.72792194559491,LineString,48.49106649953802,0.0,https://www.openstreetmap.org/?mlat=63.7279219&mlon=13.5022123#map=18/63.7279219/13.5022123,coordinate_fallback,,,statliga_leder
12352625,Z 26,Stor-Burvattnet - Höjden (justerad),281.71257888156,"{""OBJECTID"": 12352625, ""STATLIGLED"": ""Z 26"", ""STATLIGLEDNAMN"": ""Stor-Burvattnet - Höjden (justerad)"", ""SHAPE.LEN"": 281.71257888156}",13.329446253230186,63.957394010376035,LineString,281.71257888349754,0.0,https://www.openstreetmap.org/?mlat=63.9573940&mlon=13.3294463#map=18/63.9573940/13.3294463,coordinate_fallback,,,statliga_leder
12352624,Z 26,Stor-Burvattnet - Höjden (justerad),4130.94274073918,"{""OBJECTID"": 12352624, ""STATLIGLED"": ""Z 26"", ""STATLIGLEDNAMN"": ""Stor-Burvattnet - Höjden (justerad)"", ""SHAPE.LEN"": 4130.94274073918}",13.384351907728165,63.840493864329744,LineString,4130.942740737364,0.0,https://www.openstreetmap.org/?mlat=63.8404939&mlon=13.3843519#map=18/63.8404939/13.3843519,coordinate_fallback,,,statliga_leder
12352623,Z 26,Stor-Burvattnet - Höjden (justerad),1481.08821460434,"{""OBJECTID"": 12352623, ""STATLIGLED"": ""Z 26"", ""STATLIGLEDNAMN"": ""Stor-Burvattnet - Höjden (justerad)"", ""SHAPE.LEN"": 1481.08821460434}",13.494704069269691,63.73351137458859,LineString,1481.088214605741,0.0,https://www.openstreetmap.org/?mlat=63.7335114&mlon=13.4947041#map=18/63.7335114/13.4947041,coordinate_fallback,,,statliga_leder
12352622,Z 26,Stor-Burvattnet - Höjden (justerad),1533.30160763166,"{""OBJECTID"": 12352622, ""STATLIGLED"": ""Z 26"", ""STATLIGLEDNAMN"": ""Stor-Burvattnet - Höjden (justerad)"", ""SHAPE.LEN"": 1533.30160763166}",13.326635495846778,63.94966356157627,LineString,1533.3016076306199,0.0,https://www.openstreetmap.org/?mlat=63.9496636&mlon=13.3266355#map=18/63.9496636/13.3266355,coordinate_fallback,,,statliga_leder
12352517,Z 26,Stor-Burvattnet - Höjden (justerad),463.368798186944,"{""OBJECTID"": 12352517, ""STATLIGLED"": ""Z 26"", ""STATLIGLEDNAMN"": ""Stor-Burvattnet - Höjden (justerad)"", ""SHAPE.LEN"": 463.368798186944}",13.48373749214239,63.74102833304143,LineString,463.3687981863488,0.0,https://www.openstreetmap.org/?mlat=63.7410283&mlon=13.4837375#map=18/63.7410283/13.4837375,coordinate_fallback,,,statliga_leder
12352516,Z 26,Stor-Burvattnet - Höjden (justerad),17.3191977135985,"{""OBJECTID"": 12352516, ""STATLIGLED"": ""Z 26"", ""STATLIGLEDNAMN"": ""Stor-Burvattnet - Höjden (justerad)"", ""SHAPE.LEN"": 17.3191977135985}",13.504740331999882,63.72684743620482,LineString,17.319197713184543,0.0,https://www.openstreetmap.org/?mlat=63.7268474&mlon=13.5047403#map=18/63.7268474/13.5047403,coordinate_fallback,,,statliga_leder
12352515,Z 26,Stor-Burvattnet - Höjden (justerad),112.689314545687,"{""OBJECTID"": 12352515, ""STATLIGLED"": ""Z 26"", ""STATLIGLEDNAMN"": ""Stor-Burvattnet - Höjden (justerad)"", ""SHAPE.LEN"": 112.689314545687}",13.503336513538082,63.72735677349458,LineString,112.68931454649513,0.0,https://www.openstreetmap.org/?mlat=63.7273568&mlon=13.5033365#map=18/63.7273568/13.5033365,coordinate_fallback,,,statliga_leder
12352514,Z 26,Stor-Burvattnet - Höjden (justerad),168.280587048447,"{""OBJECTID"": 12352514, ""STATLIGLED"": ""Z 26"", ""STATLIGLEDNAMN"": ""Stor-Burvattnet - Höjden (justerad)"", ""SHAPE.LEN"": 168.280587048447}",13.400926248759651,63.82544747343432,LineString,168.28058705040297,0.0,https://www.openstreetmap.org/?mlat=63.8254475&mlon=13.4009262#map=18/63.8254475/13.4009262,coordinate_fallback,,,statliga_leder
12347850,Z 26,Stor-Burvattnet - Höjden (justerad),1476.03000510675,"{""OBJECTID"": 12347850, ""STATLIGLED"": ""Z 26"", ""STATLIGLEDNAMN"": ""Stor-Burvattnet - Höjden (justerad)"", ""SHAPE.LEN"": 1476.03000510675}",13.329814300750437,63.9650271960244,LineString,1476.0300051051127,0.0,https://www.openstreetmap.org/?mlat=63.9650272&mlon=13.3298143#map=18/63.9650272/13.3298143,coordinate_fallback,,,statliga_leder
12344859,Z 77,Lunndörrsstugorna - Lunndörrspasset - Tossåsen,20786.0249030514,"{""OBJECTID"": 12344859, ""STATLIGLED"": ""Z 77"", ""STATLIGLEDNAMN"": ""Lunndörrsstugorna - Lunndörrspasset - Tossåsen"", ""SHAPE.LEN"": 20786.0249030514}",13.124617750094272,62.98159957862995,LineString,20786.02490304605,0.0,https://www.openstreetmap.org/?mlat=62.9815996&mlon=13.1246178#map=18/62.9815996/13.1246178,coordinate_fallback,,,statliga_leder
12352858,Z 75,Väster Arådalen - Tossåsen samt separat skoterled vid Arådalen + skoterled Buhösten,1122.36233722728,"{""OBJECTID"": 12352858, ""STATLIGLED"": ""Z 75"", ""STATLIGLEDNAMN"": ""Väster Arådalen - Tossåsen samt separat skoterled vid Arådalen + skoterled Buhösten"", ""SHAPE.LEN"": 1122.36233722728}",13.440412786769647,62.91381311361458,LineString,1122.36233722877,0.0,https://www.openstreetmap.org/?mlat=62.9138131&mlon=13.4404128#map=18/62.9138131/13.4404128,coordinate_fallback,,,statliga_leder
12352857,Z 75,Väster Arådalen - Tossåsen samt separat skoterled vid Arådalen + skoterled Buhösten,3139.60311354261,"{""OBJECTID"": 12352857, ""STATLIGLED"": ""Z 75"", ""STATLIGLEDNAMN"": ""Väster Arådalen - Tossåsen samt separat skoterled vid Arådalen + skoterled Buhösten"", ""SHAPE.LEN"": 3139.60311354261}",13.61432048794918,62.94283454989211,LineString,3139.6031135439225,0.0,https://www.openstreetmap.org/?mlat=62.9428345&mlon=13.6143205#map=18/62.9428345/13.6143205,coordinate_fallback,,,statliga_leder
12352856,Z 75,Väster Arådalen - Tossåsen samt separat skoterled vid Arådalen + skoterled Buhösten,536.034557804639,"{""OBJECTID"": 12352856, ""STATLIGLED"": ""Z 75"", ""STATLIGLEDNAMN"": ""Väster Arådalen - Tossåsen samt separat skoterled vid Arådalen + skoterled Buhösten"", ""SHAPE.LEN"": 536.034557804639}",13.584557379935406,62.94612546800119,LineString,536.0345578046671,0.0,https://www.openstreetmap.org/?mlat=62.9461255&mlon=13.5845574#map=18/62.9461255/13.5845574,coordinate_fallback,,,statliga_leder
12352855,Z 75,Väster Arådalen - Tossåsen samt separat skoterled vid Arådalen + skoterled Buhösten,186.691791911509,"{""OBJECTID"": 12352855, ""STATLIGLED"": ""Z 75"", ""STATLIGLEDNAMN"": ""Väster Arådalen - Tossåsen samt separat skoterled vid Arådalen + skoterled Buhösten"", ""SHAPE.LEN"": 186.691791911509}",13.474130237114732,62.923259029838746,LineString,186.69179191079272,0.0,https://www.openstreetmap.org/?mlat=62.9232590&mlon=13.4741302#map=18/62.9232590/13.4741302,coordinate_fallback,,,statliga_leder
12352854,Z 75,Väster Arådalen - Tossåsen samt separat skoterled vid Arådalen + skoterled Buhösten,346.548588482135,"{""OBJECTID"": 12352854, ""STATLIGLED"": ""Z 75"", ""STATLIGLEDNAMN"": ""Väster Arådalen - Tossåsen samt separat skoterled vid Arådalen + skoterled Buhösten"", ""SHAPE.LEN"": 346.548588482135}",13.485850117941363,62.92778059503283,LineString,346.54858848224694,0.0,https://www.openstreetmap.org/?mlat=62.9277806&mlon=13.4858501#map=18/62.9277806/13.4858501,coordinate_fallback,,,statliga_leder
12352853,Z 75,Väster Arådalen - Tossåsen samt separat skoterled vid Arådalen + skoterled Buhösten,1071.50638038133,"{""OBJECTID"": 12352853, ""STATLIGLED"": ""Z 75"", ""STATLIGLEDNAMN"": ""Väster Arådalen - Tossåsen samt separat skoterled vid Arådalen + skoterled Buhösten"", ""SHAPE.LEN"": 1071.50638038133}",13.490432732127886,62.93489183395073,LineString,1071.5063803826945,0.0,https://www.openstreetmap.org/?mlat=62.9348918&mlon=13.4904327#map=18/62.9348918/13.4904327,coordinate_fallback,,,statliga_leder
12352852,Z 75,Väster Arådalen - Tossåsen samt separat skoterled vid Arådalen + skoterled Buhösten,1923.83876719706,"{""OBJECTID"": 12352852, ""STATLIGLED"": ""Z 75"", ""STATLIGLEDNAMN"": ""Väster Arådalen - Tossåsen samt separat skoterled vid Arådalen + skoterled Buhösten"", ""SHAPE.LEN"": 1923.83876719706}",13.507027037033799,62.94496777251194,LineString,1923.8387671961927,0.0,https://www.openstreetmap.org/?mlat=62.9449678&mlon=13.5070270#map=18/62.9449678/13.5070270,coordinate_fallback,,,statliga_leder
12352851,Z 75,Väster Arådalen - Tossåsen samt separat skoterled vid Arådalen + skoterled Buhösten,3475.00592907616,"{""OBJECTID"": 12352851, ""STATLIGLED"": ""Z 75"", ""STATLIGLEDNAMN"": ""Väster Arådalen - Tossåsen samt separat skoterled vid Arådalen + skoterled Buhösten"", ""SHAPE.LEN"": 3475.00592907616}",13.594695403669736,62.95612308288883,LineString,3475.005929073704,0.0,https://www.openstreetmap.org/?mlat=62.9561231&mlon=13.5946954#map=18/62.9561231/13.5946954,coordinate_fallback,,,statliga_leder
12352850,Z 75,Väster Arådalen - Tossåsen samt separat skoterled vid Arådalen + skoterled Buhösten,1224.64648460187,"{""OBJECTID"": 12352850, ""STATLIGLED"": ""Z 75"", ""STATLIGLEDNAMN"": ""Väster Arådalen - Tossåsen samt separat skoterled vid Arådalen + skoterled Buhösten"", ""SHAPE.LEN"": 1224.64648460187}",13.46832009752276,62.9200821273782,LineString,1224.646484601404,0.0,https://www.openstreetmap.org/?mlat=62.9200821&mlon=13.4683201#map=18/62.9200821/13.4683201,coordinate_fallback,,,statliga_leder
12352849,Z 75,Väster Arådalen - Tossåsen samt separat skoterled vid Arådalen + skoterled Buhösten,135.304898473706,"{""OBJECTID"": 12352849, ""STATLIGLED"": ""Z 75"", ""STATLIGLEDNAMN"": ""Väster Arådalen - Tossåsen samt separat skoterled vid Arådalen + skoterled Buhösten"", ""SHAPE.LEN"": 135.304898473706}",13.486551102138465,62.92988835514079,LineString,135.30489847335872,0.0,https://www.openstreetmap.org/?mlat=62.9298884&mlon=13.4865511#map=18/62.9298884/13.4865511,coordinate_fallback,,,statliga_leder
12352848,Z 75,Väster Arådalen - Tossåsen samt separat skoterled vid Arådalen + skoterled Buhösten,4044.6936933517,"{""OBJECTID"": 12352848, ""STATLIGLED"": ""Z 75"", ""STATLIGLEDNAMN"": ""Väster Arådalen - Tossåsen samt separat skoterled vid Arådalen + skoterled Buhösten"", ""SHAPE.LEN"": 4044.6936933517}",13.275687976551081,62.94055494319277,LineString,4044.693693350043,0.0,https://www.openstreetmap.org/?mlat=62.9405549&mlon=13.2756880#map=18/62.9405549/13.2756880,coordinate_fallback,,,statliga_leder
12352847,Z 75,Väster Arådalen - Tossåsen samt separat skoterled vid Arådalen + skoterled Buhösten,224.024778131014,"{""OBJECTID"": 12352847, ""STATLIGLED"": ""Z 75"", ""STATLIGLEDNAMN"": ""Väster Arådalen - Tossåsen samt separat skoterled vid Arådalen + skoterled Buhösten"", ""SHAPE.LEN"": 224.024778131014}",13.469212467120332,62.91446002782776,LineString,224.02477813075643,0.0,https://www.openstreetmap.org/?mlat=62.9144600&mlon=13.4692125#map=18/62.9144600/13.4692125,coordinate_fallback,,,statliga_leder
12352846,Z 75,Väster Arådalen - Tossåsen samt separat skoterled vid Arådalen + skoterled Buhösten,3605.43831732642,"{""OBJECTID"": 12352846, ""STATLIGLED"": ""Z 75"", ""STATLIGLEDNAMN"": ""Väster Arådalen - Tossåsen samt separat skoterled vid Arådalen + skoterled Buhösten"", ""SHAPE.LEN"": 3605.43831732642}",13.34306614812158,62.94808132594614,LineString,3605.4383173339147,0.0,https://www.openstreetmap.org/?mlat=62.9480813&mlon=13.3430661#map=18/62.9480813/13.3430661,coordinate_fallback,,,statliga_leder
12352845,Z 75,Väster Arådalen - Tossåsen samt separat skoterled vid Arådalen + skoterled Buhösten,497.591057629413,"{""OBJECTID"": 12352845, ""STATLIGLED"": ""Z 75"", ""STATLIGLEDNAMN"": ""Väster Arådalen - Tossåsen samt separat skoterled vid Arådalen + skoterled Buhösten"", ""SHAPE.LEN"": 497.591057629413}",13.480399204832544,62.92337169817422,LineString,497.59105762897474,0.0,https://www.openstreetmap.org/?mlat=62.9233717&mlon=13.4803992#map=18/62.9233717/13.4803992,coordinate_fallback,,,statliga_leder
12352844,Z 75,Väster Arådalen - Tossåsen samt separat skoterled vid Arådalen + skoterled Buhösten,552.693037332132,"{""OBJECTID"": 12352844, ""STATLIGLED"": ""Z 75"", ""STATLIGLEDNAMN"": ""Väster Arådalen - Tossåsen samt separat skoterled vid Arådalen + skoterled Buhösten"", ""SHAPE.LEN"": 552.693037332132}",13.43293894393156,62.91310083034305,LineString,552.6930373322466,0.0,https://www.openstreetmap.org/?mlat=62.9131008&mlon=13.4329389#map=18/62.9131008/13.4329389,coordinate_fallback,,,statliga_leder
12352825,Z 75,Väster Arådalen - Tossåsen samt separat skoterled vid Arådalen + skoterled Buhösten,3429.60233308659,"{""OBJECTID"": 12352825, ""STATLIGLED"": ""Z 75"", ""STATLIGLEDNAMN"": ""Väster Arådalen - Tossåsen samt separat skoterled vid Arådalen + skoterled Buhösten"", ""SHAPE.LEN"": 3429.60233308659}",13.404926863198307,62.95162714886481,LineString,3429.6023330864487,0.0,https://www.openstreetmap.org/?mlat=62.9516271&mlon=13.4049269#map=18/62.9516271/13.4049269,coordinate_fallback,,,statliga_leder
12352493,Z 75,Väster Arådalen - Tossåsen samt separat skoterled vid Arådalen + skoterled Buhösten,213.102170423159,"{""OBJECTID"": 12352493, ""STATLIGLED"": ""Z 75"", ""STATLIGLEDNAMN"": ""Väster Arådalen - Tossåsen samt separat skoterled vid Arådalen + skoterled Buhösten"", ""SHAPE.LEN"": 213.102170423159}",13.484781220004967,62.92532596830279,LineString,213.10217042236198,0.0,https://www.openstreetmap.org/?mlat=62.9253260&mlon=13.4847812#map=18/62.9253260/13.4847812,coordinate_fallback,,,statliga_leder
12352492,Z 75,Väster Arådalen - Tossåsen samt separat skoterled vid Arådalen + skoterled Buhösten,1006.55715146932,"{""OBJECTID"": 12352492, ""STATLIGLED"": ""Z 75"", ""STATLIGLEDNAMN"": ""Väster Arådalen - Tossåsen samt separat skoterled vid Arådalen + skoterled Buhösten"", ""SHAPE.LEN"": 1006.55715146932}",13.572304282228945,62.94971426791108,LineString,1006.5571514691228,0.0,https://www.openstreetmap.org/?mlat=62.9497143&mlon=13.5723043#map=18/62.9497143/13.5723043,coordinate_fallback,,,statliga_leder
12352491,Z 75,Väster Arådalen - Tossåsen samt separat skoterled vid Arådalen + skoterled Buhösten,313.885440684479,"{""OBJECTID"": 12352491, ""STATLIGLED"": ""Z 75"", ""STATLIGLEDNAMN"": ""Väster Arådalen - Tossåsen samt separat skoterled vid Arådalen + skoterled Buhösten"", ""SHAPE.LEN"": 313.885440684479}",13.371170502706592,62.952158394356665,LineString,313.8854406855253,0.0,https://www.openstreetmap.org/?mlat=62.9521584&mlon=13.3711705#map=18/62.9521584/13.3711705,coordinate_fallback,,,statliga_leder
12352490,Z 75,Väster Arådalen - Tossåsen samt separat skoterled vid Arådalen + skoterled Buhösten,6881.1084805924,"{""OBJECTID"": 12352490, ""STATLIGLED"": ""Z 75"", ""STATLIGLEDNAMN"": ""Väster Arådalen - Tossåsen samt separat skoterled vid Arådalen + skoterled Buhösten"", ""SHAPE.LEN"": 6881.1084805924}",13.500347393646173,62.95219717403979,LineString,6881.108480589531,0.0,https://www.openstreetmap.org/?mlat=62.9521972&mlon=13.5003474#map=18/62.9521972/13.5003474,coordinate_fallback,,,statliga_leder
12352489,Z 75,Väster Arådalen - Tossåsen samt separat skoterled vid Arådalen + skoterled Buhösten,978.294068209283,"{""OBJECTID"": 12352489, ""STATLIGLED"": ""Z 75"", ""STATLIGLEDNAMN"": ""Väster Arådalen - Tossåsen samt separat skoterled vid Arådalen + skoterled Buhösten"", ""SHAPE.LEN"": 978.294068209283}",13.459382709797541,62.912072146617064,LineString,978.2940682081822,0.0,https://www.openstreetmap.org/?mlat=62.9120721&mlon=13.4593827#map=18/62.9120721/13.4593827,coordinate_fallback,,,statliga_leder
12352752,Z 67,Anarisstugan - Hosjöbottnarna,473.593801767945,"{""OBJECTID"": 12352752, ""STATLIGLED"": ""Z 67"", ""STATLIGLEDNAMN"": ""Anarisstugan - Hosjöbottnarna"", ""SHAPE.LEN"": 473.593801767945}",13.392819048571566,63.08774124697013,LineString,473.5938017680183,0.0,https://www.openstreetmap.org/?mlat=63.0877412&mlon=13.3928190#map=18/63.0877412/13.3928190,coordinate_fallback,,,statliga_leder
12352751,Z 67,Anarisstugan - Hosjöbottnarna,364.331332730294,"{""OBJECTID"": 12352751, ""STATLIGLED"": ""Z 67"", ""STATLIGLEDNAMN"": ""Anarisstugan - Hosjöbottnarna"", ""SHAPE.LEN"": 364.331332730294}",13.537410060008,63.10098510025737,LineString,364.33133273102635,0.0,https://www.openstreetmap.org/?mlat=63.1009851&mlon=13.5374101#map=18/63.1009851/13.5374101,coordinate_fallback,,,statliga_leder
12352750,Z 67,Anarisstugan - Hosjöbottnarna,49.8217851993483,"{""OBJECTID"": 12352750, ""STATLIGLED"": ""Z 67"", ""STATLIGLEDNAMN"": ""Anarisstugan - Hosjöbottnarna"", ""SHAPE.LEN"": 49.8217851993483}",13.512257289193654,63.10998281594581,LineString,49.82178519979244,0.0,https://www.openstreetmap.org/?mlat=63.1099828&mlon=13.5122573#map=18/63.1099828/13.5122573,coordinate_fallback,,,statliga_leder
12352749,Z 67,Anarisstugan - Hosjöbottnarna,604.194966664282,"{""OBJECTID"": 12352749, ""STATLIGLED"": ""Z 67"", ""STATLIGLEDNAMN"": ""Anarisstugan - Hosjöbottnarna"", ""SHAPE.LEN"": 604.194966664282}",13.449717405568661,63.09571732440086,LineString,604.1949666657198,0.0,https://www.openstreetmap.org/?mlat=63.0957173&mlon=13.4497174#map=18/63.0957173/13.4497174,coordinate_fallback,,,statliga_leder
12352748,Z 67,Anarisstugan - Hosjöbottnarna,25.0877845272765,"{""OBJECTID"": 12352748, ""STATLIGLED"": ""Z 67"", ""STATLIGLEDNAMN"": ""Anarisstugan - Hosjöbottnarna"", ""SHAPE.LEN"": 25.0877845272765}",13.38383953034463,63.08657052456217,LineString,25.08778452696361,0.0,https://www.openstreetmap.org/?mlat=63.0865705&mlon=13.3838395#map=18/63.0865705/13.3838395,coordinate_fallback,,,statliga_leder
12352747,Z 67,Anarisstugan - Hosjöbottnarna,21.0617780505351,"{""OBJECTID"": 12352747, ""STATLIGLED"": ""Z 67"", ""STATLIGLEDNAMN"": ""Anarisstugan - Hosjöbottnarna"", ""SHAPE.LEN"": 21.0617780505351}",13.472988539430867,63.10003468619757,LineString,21.061778049658013,0.0,https://www.openstreetmap.org/?mlat=63.1000347&mlon=13.4729885#map=18/63.1000347/13.4729885,coordinate_fallback,,,statliga_leder
12352746,Z 67,Anarisstugan - Hosjöbottnarna,72.9342013909989,"{""OBJECTID"": 12352746, ""STATLIGLED"": ""Z 67"", ""STATLIGLEDNAMN"": ""Anarisstugan - Hosjöbottnarna"", ""SHAPE.LEN"": 72.9342013909989}",13.470940020758292,63.09955220595022,LineString,72.93420139121575,0.0,https://www.openstreetmap.org/?mlat=63.0995522&mlon=13.4709400#map=18/63.0995522/13.4709400,coordinate_fallback,,,statliga_leder
12352745,Z 67,Anarisstugan - Hosjöbottnarna,67.8398191231547,"{""OBJECTID"": 12352745, ""STATLIGLED"": ""Z 67"", ""STATLIGLEDNAMN"": ""Anarisstugan - Hosjöbottnarna"", ""SHAPE.LEN"": 67.8398191231547}",13.479497010258672,63.10184731711142,LineString,67.83981912312248,0.0,https://www.openstreetmap.org/?mlat=63.1018473&mlon=13.4794970#map=18/63.1018473/13.4794970,coordinate_fallback,,,statliga_leder
12352744,Z 67,Anarisstugan - Hosjöbottnarna,427.454578512129,"{""OBJECTID"": 12352744, ""STATLIGLED"": ""Z 67"", ""STATLIGLEDNAMN"": ""Anarisstugan - Hosjöbottnarna"", ""SHAPE.LEN"": 427.454578512129}",13.515368478355963,63.10915216363648,LineString,427.4545785109185,0.0,https://www.openstreetmap.org/?mlat=63.1091522&mlon=13.5153685#map=18/63.1091522/13.5153685,coordinate_fallback,,,statliga_leder
12352743,Z 67,Anarisstugan - Hosjöbottnarna,240.66635334903,"{""OBJECTID"": 12352743, ""STATLIGLED"": ""Z 67"", ""STATLIGLEDNAMN"": ""Anarisstugan - Hosjöbottnarna"", ""SHAPE.LEN"": 240.66635334903}",13.504930873523435,63.10402831087103,LineString,240.66635334888255,0.0,https://www.openstreetmap.org/?mlat=63.1040283&mlon=13.5049309#map=18/63.1040283/13.5049309,coordinate_fallback,,,statliga_leder
12352742,Z 67,Anarisstugan - Hosjöbottnarna,1647.75481987066,"{""OBJECTID"": 12352742, ""STATLIGLED"": ""Z 67"", ""STATLIGLEDNAMN"": ""Anarisstugan - Hosjöbottnarna"", ""SHAPE.LEN"": 1647.75481987066}",13.538111332881202,63.09171802484271,LineString,1647.7548198703976,0.0,https://www.openstreetmap.org/?mlat=63.0917180&mlon=13.5381113#map=18/63.0917180/13.5381113,coordinate_fallback,,,statliga_leder
12352741,Z 67,Anarisstugan - Hosjöbottnarna,18.9478327467814,"{""OBJECTID"": 12352741, ""STATLIGLED"": ""Z 67"", ""STATLIGLEDNAMN"": ""Anarisstugan - Hosjöbottnarna"", ""SHAPE.LEN"": 18.9478327467814}",13.511797036177192,63.109755275644986,LineString,18.947832748741707,0.0,https://www.openstreetmap.org/?mlat=63.1097553&mlon=13.5117970#map=18/63.1097553/13.5117970,coordinate_fallback,,,statliga_leder
12352740,Z 67,Anarisstugan - Hosjöbottnarna,20.8412775926027,"{""OBJECTID"": 12352740, ""STATLIGLED"": ""Z 67"", ""STATLIGLEDNAMN"": ""Anarisstugan - Hosjöbottnarna"", ""SHAPE.LEN"": 20.8412775926027}",13.48026688774089,63.102030270186084,LineString,20.841277592607344,0.0,https://www.openstreetmap.org/?mlat=63.1020303&mlon=13.4802669#map=18/63.1020303/13.4802669,coordinate_fallback,,,statliga_leder
12352739,Z 67,Anarisstugan - Hosjöbottnarna,52.0158754266426,"{""OBJECTID"": 12352739, ""STATLIGLED"": ""Z 67"", ""STATLIGLEDNAMN"": ""Anarisstugan - Hosjöbottnarna"", ""SHAPE.LEN"": 52.0158754266426}",13.485142641527432,63.10154183989342,LineString,52.015875426819576,0.0,https://www.openstreetmap.org/?mlat=63.1015418&mlon=13.4851426#map=18/63.1015418/13.4851426,coordinate_fallback,,,statliga_leder
12352738,Z 67,Anarisstugan - Hosjöbottnarna,583.81482897101,"{""OBJECTID"": 12352738, ""STATLIGLED"": ""Z 67"", ""STATLIGLEDNAMN"": ""Anarisstugan - Hosjöbottnarna"", ""SHAPE.LEN"": 583.81482897101}",13.378769581106196,63.088024842754855,LineString,583.8148289715192,0.0,https://www.openstreetmap.org/?mlat=63.0880248&mlon=13.3787696#map=18/63.0880248/13.3787696,coordinate_fallback,,,statliga_leder
12352737,Z 67,Anarisstugan - Hosjöbottnarna,13.7260791954585,"{""OBJECTID"": 12352737, ""STATLIGLED"": ""Z 67"", ""STATLIGLEDNAMN"": ""Anarisstugan - Hosjöbottnarna"", ""SHAPE.LEN"": 13.7260791954585}",13.484514522915978,63.101619631455506,LineString,13.72607919517248,0.0,https://www.openstreetmap.org/?mlat=63.1016196&mlon=13.4845145#map=18/63.1016196/13.4845145,coordinate_fallback,,,statliga_leder
12352736,Z 67,Anarisstugan - Hosjöbottnarna,239.632485283465,"{""OBJECTID"": 12352736, ""STATLIGLED"": ""Z 67"", ""STATLIGLEDNAMN"": ""Anarisstugan - Hosjöbottnarna"", ""SHAPE.LEN"": 239.632485283465}",13.476888143537332,63.10113679757833,LineString,239.63248528395098,0.0,https://www.openstreetmap.org/?mlat=63.1011368&mlon=13.4768881#map=18/63.1011368/13.4768881,coordinate_fallback,,,statliga_leder
12352822,Z 67,Anarisstugan - Hosjöbottnarna,329.699767964644,"{""OBJECTID"": 12352822, ""STATLIGLED"": ""Z 67"", ""STATLIGLEDNAMN"": ""Anarisstugan - Hosjöbottnarna"", ""SHAPE.LEN"": 329.699767964644}",13.500517513111856,63.102648300545184,LineString,329.699767964496,0.0,https://www.openstreetmap.org/?mlat=63.1026483&mlon=13.5005175#map=18/63.1026483/13.5005175,coordinate_fallback,,,statliga_leder
12352821,Z 67,Anarisstugan - Hosjöbottnarna,294.933238650573,"{""OBJECTID"": 12352821, ""STATLIGLED"": ""Z 67"", ""STATLIGLEDNAMN"": ""Anarisstugan - Hosjöbottnarna"", ""SHAPE.LEN"": 294.933238650573}",13.545867419980523,63.085021238855155,LineString,294.93323865154287,0.0,https://www.openstreetmap.org/?mlat=63.0850212&mlon=13.5458674#map=18/63.0850212/13.5458674,coordinate_fallback,,,statliga_leder
12352820,Z 67,Anarisstugan - Hosjöbottnarna,36.4151032033463,"{""OBJECTID"": 12352820, ""STATLIGLED"": ""Z 67"", ""STATLIGLEDNAMN"": ""Anarisstugan - Hosjöbottnarna"", ""SHAPE.LEN"": 36.4151032033463}",13.480408471686376,63.10205783345033,LineString,36.4151032016314,0.0,https://www.openstreetmap.org/?mlat=63.1020578&mlon=13.4804085#map=18/63.1020578/13.4804085,coordinate_fallback,,,statliga_leder
12352819,Z 67,Anarisstugan - Hosjöbottnarna,101.674794028068,"{""OBJECTID"": 12352819, ""STATLIGLED"": ""Z 67"", ""STATLIGLEDNAMN"": ""Anarisstugan - Hosjöbottnarna"", ""SHAPE.LEN"": 101.674794028068}",13.47401992709299,63.10032619898474,LineString,101.67479402763486,0.0,https://www.openstreetmap.org/?mlat=63.1003262&mlon=13.4740199#map=18/63.1003262/13.4740199,coordinate_fallback,,,statliga_leder
12352818,Z 67,Anarisstugan - Hosjöbottnarna,914.362194235137,"{""OBJECTID"": 12352818, ""STATLIGLED"": ""Z 67"", ""STATLIGLEDNAMN"": ""Anarisstugan - Hosjöbottnarna"", ""SHAPE.LEN"": 914.362194235137}",13.437875351657063,63.091430780989086,LineString,914.3621942362247,0.0,https://www.openstreetmap.org/?mlat=63.0914308&mlon=13.4378754#map=18/63.0914308/13.4378754,coordinate_fallback,,,statliga_leder
12352817,Z 67,Anarisstugan - Hosjöbottnarna,617.768929291348,"{""OBJECTID"": 12352817, ""STATLIGLED"": ""Z 67"", ""STATLIGLEDNAMN"": ""Anarisstugan - Hosjöbottnarna"", ""SHAPE.LEN"": 617.768929291348}",13.491515491873985,63.10154824585158,LineString,617.7689292908539,0.0,https://www.openstreetmap.org/?mlat=63.1015482&mlon=13.4915155#map=18/63.1015482/13.4915155,coordinate_fallback,,,statliga_leder
12352816,Z 67,Anarisstugan - Hosjöbottnarna,10.2004483984774,"{""OBJECTID"": 12352816, ""STATLIGLED"": ""Z 67"", ""STATLIGLEDNAMN"": ""Anarisstugan - Hosjöbottnarna"", ""SHAPE.LEN"": 10.2004483984774}",13.444066247591135,63.09408732456318,LineString,10.20044839876221,0.0,https://www.openstreetmap.org/?mlat=63.0940873&mlon=13.4440662#map=18/63.0940873/13.4440662,coordinate_fallback,,,statliga_leder
12352815,Z 67,Anarisstugan - Hosjöbottnarna,70.2600178447173,"{""OBJECTID"": 12352815, ""STATLIGLED"": ""Z 67"", ""STATLIGLEDNAMN"": ""Anarisstugan - Hosjöbottnarna"", ""SHAPE.LEN"": 70.2600178447173}",13.472221159935575,63.09981777920608,LineString,70.26001784459321,0.0,https://www.openstreetmap.org/?mlat=63.0998178&mlon=13.4722212#map=18/63.0998178/13.4722212,coordinate_fallback,,,statliga_leder
12352814,Z 67,Anarisstugan - Hosjöbottnarna,118.609205747878,"{""OBJECTID"": 12352814, ""STATLIGLED"": ""Z 67"", ""STATLIGLEDNAMN"": ""Anarisstugan - Hosjöbottnarna"", ""SHAPE.LEN"": 118.609205747878}",13.40007334596538,63.089249611919364,LineString,118.60920574795907,0.0,https://www.openstreetmap.org/?mlat=63.0892496&mlon=13.4000733#map=18/63.0892496/13.4000733,coordinate_fallback,,,statliga_leder
12352813,Z 67,Anarisstugan - Hosjöbottnarna,7.80538796537366,"{""OBJECTID"": 12352813, ""STATLIGLED"": ""Z 67"", ""STATLIGLEDNAMN"": ""Anarisstugan - Hosjöbottnarna"", ""SHAPE.LEN"": 7.80538796537366}",13.480660559292698,63.10209686288908,LineString,7.805387965298424,0.0,https://www.openstreetmap.org/?mlat=63.1020969&mlon=13.4806606#map=18/63.1020969/13.4806606,coordinate_fallback,,,statliga_leder
12352812,Z 67,Anarisstugan - Hosjöbottnarna,50.0262913838314,"{""OBJECTID"": 12352812, ""STATLIGLED"": ""Z 67"", ""STATLIGLEDNAMN"": ""Anarisstugan - Hosjöbottnarna"", ""SHAPE.LEN"": 50.0262913838314}",13.397556263228351,63.088700736749644,LineString,50.026291382827225,0.0,https://www.openstreetmap.org/?mlat=63.0887007&mlon=13.3975563#map=18/63.0887007/13.3975563,coordinate_fallback,,,statliga_leder
12352811,Z 67,Anarisstugan - Hosjöbottnarna,504.230914446063,"{""OBJECTID"": 12352811, ""STATLIGLED"": ""Z 67"", ""STATLIGLEDNAMN"": ""Anarisstugan - Hosjöbottnarna"", ""SHAPE.LEN"": 504.230914446063}",13.508976275618522,63.10806785002668,LineString,504.2309144442003,0.0,https://www.openstreetmap.org/?mlat=63.1080679&mlon=13.5089763#map=18/63.1080679/13.5089763,coordinate_fallback,,,statliga_leder
12352810,Z 67,Anarisstugan - Hosjöbottnarna,2453.9157678103,"{""OBJECTID"": 12352810, ""STATLIGLED"": ""Z 67"", ""STATLIGLEDNAMN"": ""Anarisstugan - Hosjöbottnarna"", ""SHAPE.LEN"": 2453.9157678103}",13.423891283205908,63.09031609566726,LineString,2453.9157678130696,0.0,https://www.openstreetmap.org/?mlat=63.0903161&mlon=13.4238913#map=18/63.0903161/13.4238913,coordinate_fallback,,,statliga_leder
12352809,Z 67,Anarisstugan - Hosjöbottnarna,43.7955434757923,"{""OBJECTID"": 12352809, ""STATLIGLED"": ""Z 67"", ""STATLIGLEDNAMN"": ""Anarisstugan - Hosjöbottnarna"", ""SHAPE.LEN"": 43.7955434757923}",13.444559438288655,63.09425804161343,LineString,43.79554347477471,0.0,https://www.openstreetmap.org/?mlat=63.0942580&mlon=13.4445594#map=18/63.0942580/13.4445594,coordinate_fallback,,,statliga_leder
12352808,Z 67,Anarisstugan - Hosjöbottnarna,1109.55385793227,"{""OBJECTID"": 12352808, ""STATLIGLED"": ""Z 67"", ""STATLIGLEDNAMN"": ""Anarisstugan - Hosjöbottnarna"", ""SHAPE.LEN"": 1109.55385793227}",13.527322605681668,63.10562772738999,LineString,1109.553857932884,0.0,https://www.openstreetmap.org/?mlat=63.1056277&mlon=13.5273226#map=18/63.1056277/13.5273226,coordinate_fallback,,,statliga_leder
12352807,Z 67,Anarisstugan - Hosjöbottnarna,190.917444317695,"{""OBJECTID"": 12352807, ""STATLIGLED"": ""Z 67"", ""STATLIGLEDNAMN"": ""Anarisstugan - Hosjöbottnarna"", ""SHAPE.LEN"": 190.917444317695}",13.482559258270275,63.10186175121821,LineString,190.91744431771818,0.0,https://www.openstreetmap.org/?mlat=63.1018618&mlon=13.4825593#map=18/63.1018618/13.4825593,coordinate_fallback,,,statliga_leder
12352806,Z 67,Anarisstugan - Hosjöbottnarna,14.3948673433246,"{""OBJECTID"": 12352806, ""STATLIGLED"": ""Z 67"", ""STATLIGLEDNAMN"": ""Anarisstugan - Hosjöbottnarna"", ""SHAPE.LEN"": 14.3948673433246}",13.444239799087907,63.094166852401194,LineString,14.39486734145132,0.0,https://www.openstreetmap.org/?mlat=63.0941669&mlon=13.4442398#map=18/63.0941669/13.4442398,coordinate_fallback,,,statliga_leder
12352805,Z 67,Anarisstugan - Hosjöbottnarna,1976.57337831255,"{""OBJECTID"": 12352805, ""STATLIGLED"": ""Z 67"", ""STATLIGLEDNAMN"": ""Anarisstugan - Hosjöbottnarna"", ""SHAPE.LEN"": 1976.57337831255}",13.357080482858274,63.092214005992844,LineString,1976.5733783146213,0.0,https://www.openstreetmap.org/?mlat=63.0922140&mlon=13.3570805#map=18/63.0922140/13.3570805,coordinate_fallback,,,statliga_leder
12352804,Z 67,Anarisstugan - Hosjöbottnarna,13.0672709721655,"{""OBJECTID"": 12352804, ""STATLIGLED"": ""Z 67"", ""STATLIGLEDNAMN"": ""Anarisstugan - Hosjöbottnarna"", ""SHAPE.LEN"": 13.0672709721655}",13.398930568028742,63.08897907865345,LineString,13.067270972427538,0.0,https://www.openstreetmap.org/?mlat=63.0889791&mlon=13.3989306#map=18/63.0889791/13.3989306,coordinate_fallback,,,statliga_leder
12352803,Z 67,Anarisstugan - Hosjöbottnarna,109.869433535675,"{""OBJECTID"": 12352803, ""STATLIGLED"": ""Z 67"", ""STATLIGLEDNAMN"": ""Anarisstugan - Hosjöbottnarna"", ""SHAPE.LEN"": 109.869433535675}",13.402019752818772,63.08978181490797,LineString,109.86943353474265,0.0,https://www.openstreetmap.org/?mlat=63.0897818&mlon=13.4020198#map=18/63.0897818/13.4020198,coordinate_fallback,,,statliga_leder
12352802,Z 67,Anarisstugan - Hosjöbottnarna,831.05754790104,"{""OBJECTID"": 12352802, ""STATLIGLED"": ""Z 67"", ""STATLIGLEDNAMN"": ""Anarisstugan - Hosjöbottnarna"", ""SHAPE.LEN"": 831.05754790104}",13.462321534583584,63.09845967474069,LineString,831.0575479012501,0.0,https://www.openstreetmap.org/?mlat=63.0984597&mlon=13.4623215#map=18/63.0984597/13.4623215,coordinate_fallback,,,statliga_leder
12352801,Z 67,Anarisstugan - Hosjöbottnarna,44.4737444568385,"{""OBJECTID"": 12352801, ""STATLIGLED"": ""Z 67"", ""STATLIGLEDNAMN"": ""Anarisstugan - Hosjöbottnarna"", ""SHAPE.LEN"": 44.4737444568385}",13.39841044984821,63.08887373975209,LineString,44.47374445731997,0.0,https://www.openstreetmap.org/?mlat=63.0888737&mlon=13.3984104#map=18/63.0888737/13.3984104,coordinate_fallback,,,statliga_leder
12352800,Z 67,Anarisstugan - Hosjöbottnarna,105.975153944782,"{""OBJECTID"": 12352800, ""STATLIGLED"": ""Z 67"", ""STATLIGLEDNAMN"": ""Anarisstugan - Hosjöbottnarna"", ""SHAPE.LEN"": 105.975153944782}",13.506449774955788,63.10541795742313,LineString,105.9751539462147,0.0,https://www.openstreetmap.org/?mlat=63.1054180&mlon=13.5064498#map=18/63.1054180/13.5064498,coordinate_fallback,,,statliga_leder
12352799,Z 67,Anarisstugan - Hosjöbottnarna,227.648384367164,"{""OBJECTID"": 12352799, ""STATLIGLED"": ""Z 67"", ""STATLIGLEDNAMN"": ""Anarisstugan - Hosjöbottnarna"", ""SHAPE.LEN"": 227.648384367164}",13.386303952560027,63.08673736795404,LineString,227.64838436710951,0.0,https://www.openstreetmap.org/?mlat=63.0867374&mlon=13.3863040#map=18/63.0867374/13.3863040,coordinate_fallback,,,statliga_leder
12350989,Z 71,Hosjöbottnarna - Höglekardalen,818.883617099029,"{""OBJECTID"": 12350989, ""STATLIGLED"": ""Z 71"", ""STATLIGLEDNAMN"": ""Hosjöbottnarna - Höglekardalen"", ""SHAPE.LEN"": 818.883617099029}",13.638638449784201,63.069578932582175,LineString,818.883617098038,0.0,https://www.openstreetmap.org/?mlat=63.0695789&mlon=13.6386384#map=18/63.0695789/13.6386384,coordinate_fallback,,,statliga_leder
12350988,Z 71,Hosjöbottnarna - Höglekardalen,33.7859445263855,"{""OBJECTID"": 12350988, ""STATLIGLED"": ""Z 71"", ""STATLIGLEDNAMN"": ""Hosjöbottnarna - Höglekardalen"", ""SHAPE.LEN"": 33.7859445263855}",13.646188005196446,63.067922501156374,LineString,33.7859445271575,0.0,https://www.openstreetmap.org/?mlat=63.0679225&mlon=13.6461880#map=18/63.0679225/13.6461880,coordinate_fallback,,,statliga_leder
12350987,Z 71,Hosjöbottnarna - Höglekardalen,4841.03990606761,"{""OBJECTID"": 12350987, ""STATLIGLED"": ""Z 71"", ""STATLIGLEDNAMN"": ""Hosjöbottnarna - Höglekardalen"", ""SHAPE.LEN"": 4841.03990606761}",13.58851824169128,63.0809452272868,LineString,4841.039906067736,0.0,https://www.openstreetmap.org/?mlat=63.0809452&mlon=13.5885182#map=18/63.0809452/13.5885182,coordinate_fallback,,,statliga_leder
12350986,Z 71,Hosjöbottnarna - Höglekardalen,36.6269769697145,"{""OBJECTID"": 12350986, ""STATLIGLED"": ""Z 71"", ""STATLIGLEDNAMN"": ""Hosjöbottnarna - Höglekardalen"", ""SHAPE.LEN"": 36.6269769697145}",13.631100081983956,63.071368325463496,LineString,36.62697697102345,0.0,https://www.openstreetmap.org/?mlat=63.0713683&mlon=13.6311001#map=18/63.0713683/13.6311001,coordinate_fallback,,,statliga_leder
12350985,Z 71,Hosjöbottnarna - Höglekardalen,14.8935410487231,"{""OBJECTID"": 12350985, ""STATLIGLED"": ""Z 71"", ""STATLIGLEDNAMN"": ""Hosjöbottnarna - Höglekardalen"", ""SHAPE.LEN"": 14.8935410487231}",13.653522079843295,63.06640067711887,LineString,14.89354104913329,0.0,https://www.openstreetmap.org/?mlat=63.0664007&mlon=13.6535221#map=18/63.0664007/13.6535221,coordinate_fallback,,,statliga_leder
12350984,Z 71,Hosjöbottnarna - Höglekardalen,5569.39706438014,"{""OBJECTID"": 12350984, ""STATLIGLED"": ""Z 71"", ""STATLIGLEDNAMN"": ""Hosjöbottnarna - Höglekardalen"", ""SHAPE.LEN"": 5569.39706438014}",13.699182579978634,63.06612707937785,LineString,5569.397064381631,0.0,https://www.openstreetmap.org/?mlat=63.0661271&mlon=13.6991826#map=18/63.0661271/13.6991826,coordinate_fallback,,,statliga_leder
12350983,Z 71,Hosjöbottnarna - Höglekardalen,22.7482304283212,"{""OBJECTID"": 12350983, ""STATLIGLED"": ""Z 71"", ""STATLIGLEDNAMN"": ""Hosjöbottnarna - Höglekardalen"", ""SHAPE.LEN"": 22.7482304283212}",13.647641692272643,63.067620903422494,LineString,22.748230429799616,0.0,https://www.openstreetmap.org/?mlat=63.0676209&mlon=13.6476417#map=18/63.0676209/13.6476417,coordinate_fallback,,,statliga_leder
12350982,Z 71,Hosjöbottnarna - Höglekardalen,43.0153602225996,"{""OBJECTID"": 12350982, ""STATLIGLED"": ""Z 71"", ""STATLIGLEDNAMN"": ""Hosjöbottnarna - Höglekardalen"", ""SHAPE.LEN"": 43.0153602225996}",13.648233355654835,63.06749814360446,LineString,43.01536022275736,0.0,https://www.openstreetmap.org/?mlat=63.0674981&mlon=13.6482334#map=18/63.0674981/13.6482334,coordinate_fallback,,,statliga_leder
12350981,Z 71,Hosjöbottnarna - Höglekardalen,4.93885522768182,"{""OBJECTID"": 12350981, ""STATLIGLED"": ""Z 71"", ""STATLIGLEDNAMN"": ""Hosjöbottnarna - Höglekardalen"", ""SHAPE.LEN"": 4.93885522768182}",13.647392595376566,63.067672585181505,LineString,4.938855227793127,0.0,https://www.openstreetmap.org/?mlat=63.0676726&mlon=13.6473926#map=18/63.0676726/13.6473926,coordinate_fallback,,,statliga_leder
12350980,Z 71,Hosjöbottnarna - Höglekardalen,264.979037115958,"{""OBJECTID"": 12350980, ""STATLIGLED"": ""Z 71"", ""STATLIGLEDNAMN"": ""Hosjöbottnarna - Höglekardalen"", ""SHAPE.LEN"": 264.979037115958}",13.651004225996928,63.06692316550194,LineString,264.9790371140011,0.0,https://www.openstreetmap.org/?mlat=63.0669232&mlon=13.6510042#map=18/63.0669232/13.6510042,coordinate_fallback,,,statliga_leder
12350979,Z 71,Hosjöbottnarna - Höglekardalen,47.5816975742774,"{""OBJECTID"": 12350979, ""STATLIGLED"": ""Z 71"", ""STATLIGLEDNAMN"": ""Hosjöbottnarna - Höglekardalen"", ""SHAPE.LEN"": 47.5816975742774}",13.646920070462329,63.067770621191464,LineString,47.58169757340951,0.0,https://www.openstreetmap.org/?mlat=63.0677706&mlon=13.6469201#map=18/63.0677706/13.6469201,coordinate_fallback,,,statliga_leder
12348677,Z 73,Höglekardalen - Väster Arådalen (Glen),7228.98365644523,"{""OBJECTID"": 12348677, ""STATLIGLED"": ""Z 73"", ""STATLIGLEDNAMN"": ""Höglekardalen - Väster Arådalen (Glen)"", ""SHAPE.LEN"": 7228.98365644523}",13.630269287942076,62.97468838350942,LineString,7228.98365644023,0.0,https://www.openstreetmap.org/?mlat=62.9746884&mlon=13.6302693#map=18/62.9746884/13.6302693,coordinate_fallback,,,statliga_leder
12352091,Z 73,Höglekardalen - Väster Arådalen (Glen),7460.72553377682,"{""OBJECTID"": 12352091, ""STATLIGLED"": ""Z 73"", ""STATLIGLEDNAMN"": ""Höglekardalen - Väster Arådalen (Glen)"", ""SHAPE.LEN"": 7460.72553377682}",13.667252035162477,63.038853443058244,LineString,7460.725533779003,0.0,https://www.openstreetmap.org/?mlat=63.0388534&mlon=13.6672520#map=18/63.0388534/13.6672520,coordinate_fallback,,,statliga_leder
12344887,Z 74,Höglekardalen - Gräftåvallen - Väster Arådalen + skoterled  Stor-Gräftån,4772.69546267892,"{""OBJECTID"": 12344887, ""STATLIGLED"": ""Z 74"", ""STATLIGLEDNAMN"": ""Höglekardalen - Gräftåvallen - Väster Arådalen + skoterled  Stor-Gräftån"", ""SHAPE.LEN"": 4772.69546267892}",13.867860788065892,62.96117724208622,LineString,4772.695462677565,0.0,https://www.openstreetmap.org/?mlat=62.9611772&mlon=13.8678608#map=18/62.9611772/13.8678608,coordinate_fallback,,,statliga_leder
12344886,Z 74,Höglekardalen - Gräftåvallen - Väster Arådalen + skoterled  Stor-Gräftån,357.63248616338,"{""OBJECTID"": 12344886, ""STATLIGLED"": ""Z 74"", ""STATLIGLEDNAMN"": ""Höglekardalen - Gräftåvallen - Väster Arådalen + skoterled  Stor-Gräftån"", ""SHAPE.LEN"": 357.63248616338}",13.643664491983436,62.94023342138375,LineString,357.6324861629707,0.0,https://www.openstreetmap.org/?mlat=62.9402334&mlon=13.6436645#map=18/62.9402334/13.6436645,coordinate_fallback,,,statliga_leder
12344885,Z 74,Höglekardalen - Gräftåvallen - Väster Arådalen + skoterled  Stor-Gräftån,1702.96360981999,"{""OBJECTID"": 12344885, ""STATLIGLED"": ""Z 74"", ""STATLIGLEDNAMN"": ""Höglekardalen - Gräftåvallen - Väster Arådalen + skoterled  Stor-Gräftån"", ""SHAPE.LEN"": 1702.96360981999}",13.823532302264063,62.95397109804041,LineString,1702.963609819242,0.0,https://www.openstreetmap.org/?mlat=62.9539711&mlon=13.8235323#map=18/62.9539711/13.8235323,coordinate_fallback,,,statliga_leder
12344884,Z 74,Höglekardalen - Gräftåvallen - Väster Arådalen + skoterled  Stor-Gräftån,10.2602951307455,"{""OBJECTID"": 12344884, ""STATLIGLED"": ""Z 74"", ""STATLIGLEDNAMN"": ""Höglekardalen - Gräftåvallen - Väster Arådalen + skoterled  Stor-Gräftån"", ""SHAPE.LEN"": 10.2602951307455}",13.649532775352208,62.93965342071141,LineString,10.260295130762731,0.0,https://www.openstreetmap.org/?mlat=62.9396534&mlon=13.6495328#map=18/62.9396534/13.6495328,coordinate_fallback,,,statliga_leder
12344883,Z 74,Höglekardalen - Gräftåvallen - Väster Arådalen + skoterled  Stor-Gräftån,4143.13537992321,"{""OBJECTID"": 12344883, ""STATLIGLED"": ""Z 74"", ""STATLIGLEDNAMN"": ""Höglekardalen - Gräftåvallen - Väster Arådalen + skoterled  Stor-Gräftån"", ""SHAPE.LEN"": 4143.13537992321}",13.877730925017108,62.99180867630312,LineString,4143.135379924157,0.0,https://www.openstreetmap.org/?mlat=62.9918087&mlon=13.8777309#map=18/62.9918087/13.8777309,coordinate_fallback,,,statliga_leder
12344836,Z 74,Höglekardalen - Gräftåvallen - Väster Arådalen + skoterled  Stor-Gräftån,8.70175752017947,"{""OBJECTID"": 12344836, ""STATLIGLED"": ""Z 74"", ""STATLIGLEDNAMN"": ""Höglekardalen - Gräftåvallen - Väster Arådalen + skoterled  Stor-Gräftån"", ""SHAPE.LEN"": 8.70175752017947}",13.808967866190162,62.95078959901562,LineString,8.701757520381141,0.0,https://www.openstreetmap.org/?mlat=62.9507896&mlon=13.8089679#map=18/62.9507896/13.8089679,coordinate_fallback,,,statliga_leder
12344835,Z 74,Höglekardalen - Gräftåvallen - Väster Arådalen + skoterled  Stor-Gräftån,25.5658458152669,"{""OBJECTID"": 12344835, ""STATLIGLED"": ""Z 74"", ""STATLIGLEDNAMN"": ""Höglekardalen - Gräftåvallen - Väster Arådalen + skoterled  Stor-Gräftån"", ""SHAPE.LEN"": 25.5658458152669}",13.64988159364449,62.9396777942634,LineString,25.565845815871974,0.0,https://www.openstreetmap.org/?mlat=62.9396778&mlon=13.6498816#map=18/62.9396778/13.6498816,coordinate_fallback,,,statliga_leder
12344834,Z 74,Höglekardalen - Gräftåvallen - Väster Arådalen + skoterled  Stor-Gräftån,10989.9984559191,"{""OBJECTID"": 12344834, ""STATLIGLED"": ""Z 74"", ""STATLIGLEDNAMN"": ""Höglekardalen - Gräftåvallen - Väster Arådalen + skoterled  Stor-Gräftån"", ""SHAPE.LEN"": 10989.9984559191}",13.824687623837713,63.03761344673816,LineString,10989.99845592361,0.0,https://www.openstreetmap.org/?mlat=63.0376134&mlon=13.8246876#map=18/63.0376134/13.8246876,coordinate_fallback,,,statliga_leder
12344833,Z 74,Höglekardalen - Gräftåvallen - Väster Arådalen + skoterled  Stor-Gräftån,22.2888699419688,"{""OBJECTID"": 12344833, ""STATLIGLED"": ""Z 74"", ""STATLIGLEDNAMN"": ""Höglekardalen - Gräftåvallen - Väster Arådalen + skoterled  Stor-Gräftån"", ""SHAPE.LEN"": 22.2888699419688}",13.646966980125935,62.93947411010527,LineString,22.28886994211414,0.0,https://www.openstreetmap.org/?mlat=62.9394741&mlon=13.6469670#map=18/62.9394741/13.6469670,coordinate_fallback,,,statliga_leder
12344832,Z 74,Höglekardalen - Gräftåvallen - Väster Arådalen + skoterled  Stor-Gräftån,32.9394401125763,"{""OBJECTID"": 12344832, ""STATLIGLED"": ""Z 74"", ""STATLIGLEDNAMN"": ""Höglekardalen - Gräftåvallen - Väster Arådalen + skoterled  Stor-Gräftån"", ""SHAPE.LEN"": 32.9394401125763}",13.808573091550462,62.95084057619655,LineString,32.93944011238706,0.0,https://www.openstreetmap.org/?mlat=62.9508406&mlon=13.8085731#map=18/62.9508406/13.8085731,coordinate_fallback,,,statliga_leder
12344831,Z 74,Höglekardalen - Gräftåvallen - Väster Arådalen + skoterled  Stor-Gräftån,29.603513481342,"{""OBJECTID"": 12344831, ""STATLIGLED"": ""Z 74"", ""STATLIGLEDNAMN"": ""Höglekardalen - Gräftåvallen - Väster Arådalen + skoterled  Stor-Gräftån"", ""SHAPE.LEN"": 29.603513481342}",13.80933101299011,62.95074270401571,LineString,29.603513481880267,0.0,https://www.openstreetmap.org/?mlat=62.9507427&mlon=13.8093310#map=18/62.9507427/13.8093310,coordinate_fallback,,,statliga_leder
12344830,Z 74,Höglekardalen - Gräftåvallen - Väster Arådalen + skoterled  Stor-Gräftån,664.898991770411,"{""OBJECTID"": 12344830, ""STATLIGLED"": ""Z 74"", ""STATLIGLEDNAMN"": ""Höglekardalen - Gräftåvallen - Väster Arådalen + skoterled  Stor-Gräftån"", ""SHAPE.LEN"": 664.898991770411}",13.888212435924082,62.97918627866726,LineString,664.8989917680699,0.0,https://www.openstreetmap.org/?mlat=62.9791863&mlon=13.8882124#map=18/62.9791863/13.8882124,coordinate_fallback,,,statliga_leder
12344829,Z 74,Höglekardalen - Gräftåvallen - Väster Arådalen + skoterled  Stor-Gräftån,2998.35008808188,"{""OBJECTID"": 12344829, ""STATLIGLED"": ""Z 74"", ""STATLIGLEDNAMN"": ""Höglekardalen - Gräftåvallen - Väster Arådalen + skoterled  Stor-Gräftån"", ""SHAPE.LEN"": 2998.35008808188}",13.904876063628322,63.01628456349554,LineString,2998.350088079523,0.0,https://www.openstreetmap.org/?mlat=63.0162846&mlon=13.9048761#map=18/63.0162846/13.9048761,coordinate_fallback,,,statliga_leder
12344828,Z 74,Höglekardalen - Gräftåvallen - Väster Arådalen + skoterled  Stor-Gräftån,8983.47082270236,"{""OBJECTID"": 12344828, ""STATLIGLED"": ""Z 74"", ""STATLIGLEDNAMN"": ""Höglekardalen - Gräftåvallen - Väster Arådalen + skoterled  Stor-Gräftån"", ""SHAPE.LEN"": 8983.47082270236}",13.728315191094262,62.94470490359392,LineString,8983.470822702873,0.0,https://www.openstreetmap.org/?mlat=62.9447049&mlon=13.7283152#map=18/62.9447049/13.7283152,coordinate_fallback,,,statliga_leder
12344827,Z 74,Höglekardalen - Gräftåvallen - Väster Arådalen + skoterled  Stor-Gräftån,115.489144427561,"{""OBJECTID"": 12344827, ""STATLIGLED"": ""Z 74"", ""STATLIGLEDNAMN"": ""Höglekardalen - Gräftåvallen - Väster Arådalen + skoterled  Stor-Gräftån"", ""SHAPE.LEN"": 115.489144427561}",13.648308434025868,62.93956785890235,LineString,115.48914442704742,0.0,https://www.openstreetmap.org/?mlat=62.9395679&mlon=13.6483084#map=18/62.9395679/13.6483084,coordinate_fallback,,,statliga_leder
12344826,Z 74,Höglekardalen - Gräftåvallen - Väster Arådalen + skoterled  Stor-Gräftån,4.40522370460211,"{""OBJECTID"": 12344826, ""STATLIGLED"": ""Z 74"", ""STATLIGLEDNAMN"": ""Höglekardalen - Gräftåvallen - Väster Arådalen + skoterled  Stor-Gräftån"", ""SHAPE.LEN"": 4.40522370460211}",13.881888026651522,63.00853989533397,LineString,4.405223704485145,0.0,https://www.openstreetmap.org/?mlat=63.0085399&mlon=13.8818880#map=18/63.0085399/13.8818880,coordinate_fallback,,,statliga_leder
12344825,Z 74,Höglekardalen - Gräftåvallen - Väster Arådalen + skoterled  Stor-Gräftån,23.5956073560313,"{""OBJECTID"": 12344825, ""STATLIGLED"": ""Z 74"", ""STATLIGLEDNAMN"": ""Höglekardalen - Gräftåvallen - Väster Arådalen + skoterled  Stor-Gräftån"", ""SHAPE.LEN"": 23.5956073560313}",13.838125120193045,62.956497813537624,LineString,23.595607356259762,0.0,https://www.openstreetmap.org/?mlat=62.9564978&mlon=13.8381251#map=18/62.9564978/13.8381251,coordinate_fallback,,,statliga_leder
12344824,Z 74,Höglekardalen - Gräftåvallen - Väster Arådalen + skoterled  Stor-Gräftån,1302.09769727766,"{""OBJECTID"": 12344824, ""STATLIGLED"": ""Z 74"", ""STATLIGLEDNAMN"": ""Höglekardalen - Gräftåvallen - Väster Arådalen + skoterled  Stor-Gräftån"", ""SHAPE.LEN"": 1302.09769727766}",13.636857566114234,62.9440135529399,LineString,1302.097697279198,0.0,https://www.openstreetmap.org/?mlat=62.9440136&mlon=13.6368576#map=18/62.9440136/13.6368576,coordinate_fallback,,,statliga_leder
12352477,Z 74,Höglekardalen - Gräftåvallen - Väster Arådalen + skoterled  Stor-Gräftån,357.63248616338,"{""OBJECTID"": 12352477, ""STATLIGLED"": ""Z 74"", ""STATLIGLEDNAMN"": ""Höglekardalen - Gräftåvallen - Väster Arådalen + skoterled  Stor-Gräftån"", ""SHAPE.LEN"": 357.63248616338}",13.643664491983436,62.94023342138375,LineString,357.6324861629707,0.0,https://www.openstreetmap.org/?mlat=62.9402334&mlon=13.6436645#map=18/62.9402334/13.6436645,coordinate_fallback,,,statliga_leder
12352580,Z 74,Höglekardalen - Gräftåvallen - Väster Arådalen + skoterled  Stor-Gräftån,23.5956073560313,"{""OBJECTID"": 12352580, ""STATLIGLED"": ""Z 74"", ""STATLIGLEDNAMN"": ""Höglekardalen - Gräftåvallen - Väster Arådalen + skoterled  Stor-Gräftån"", ""SHAPE.LEN"": 23.5956073560313}",13.838125120193045,62.956497813537624,LineString,23.595607356259762,0.0,https://www.openstreetmap.org/?mlat=62.9564978&mlon=13.8381251#map=18/62.9564978/13.8381251,coordinate_fallback,,,statliga_leder
12352579,Z 74,Höglekardalen - Gräftåvallen - Väster Arådalen + skoterled  Stor-Gräftån,29.603513481342,"{""OBJECTID"": 12352579, ""STATLIGLED"": ""Z 74"", ""STATLIGLEDNAMN"": ""Höglekardalen - Gräftåvallen - Väster Arådalen + skoterled  Stor-Gräftån"", ""SHAPE.LEN"": 29.603513481342}",13.80933101299011,62.95074270401571,LineString,29.603513481880267,0.0,https://www.openstreetmap.org/?mlat=62.9507427&mlon=13.8093310#map=18/62.9507427/13.8093310,coordinate_fallback,,,statliga_leder
12352578,Z 74,Höglekardalen - Gräftåvallen - Väster Arådalen + skoterled  Stor-Gräftån,22.2888699419688,"{""OBJECTID"": 12352578, ""STATLIGLED"": ""Z 74"", ""STATLIGLEDNAMN"": ""Höglekardalen - Gräftåvallen - Väster Arådalen + skoterled  Stor-Gräftån"", ""SHAPE.LEN"": 22.2888699419688}",13.646966980125935,62.93947411010527,LineString,22.28886994211414,0.0,https://www.openstreetmap.org/?mlat=62.9394741&mlon=13.6469670#map=18/62.9394741/13.6469670,coordinate_fallback,,,statliga_leder
12352577,Z 74,Höglekardalen - Gräftåvallen - Väster Arådalen + skoterled  Stor-Gräftån,8.70175752017947,"{""OBJECTID"": 12352577, ""STATLIGLED"": ""Z 74"", ""STATLIGLEDNAMN"": ""Höglekardalen - Gräftåvallen - Väster Arådalen + skoterled  Stor-Gräftån"", ""SHAPE.LEN"": 8.70175752017947}",13.808967866190162,62.95078959901562,LineString,8.701757520381141,0.0,https://www.openstreetmap.org/?mlat=62.9507896&mlon=13.8089679#map=18/62.9507896/13.8089679,coordinate_fallback,,,statliga_leder
12352576,Z 74,Höglekardalen - Gräftåvallen - Väster Arådalen + skoterled  Stor-Gräftån,25.5658458152669,"{""OBJECTID"": 12352576, ""STATLIGLED"": ""Z 74"", ""STATLIGLEDNAMN"": ""Höglekardalen - Gräftåvallen - Väster Arådalen + skoterled  Stor-Gräftån"", ""SHAPE.LEN"": 25.5658458152669}",13.64988159364449,62.9396777942634,LineString,25.565845815871974,0.0,https://www.openstreetmap.org/?mlat=62.9396778&mlon=13.6498816#map=18/62.9396778/13.6498816,coordinate_fallback,,,statliga_leder
12352575,Z 74,Höglekardalen - Gräftåvallen - Väster Arådalen + skoterled  Stor-Gräftån,32.9394401125763,"{""OBJECTID"": 12352575, ""STATLIGLED"": ""Z 74"", ""STATLIGLEDNAMN"": ""Höglekardalen - Gräftåvallen - Väster Arådalen + skoterled  Stor-Gräftån"", ""SHAPE.LEN"": 32.9394401125763}",13.808573091550462,62.95084057619655,LineString,32.93944011238706,0.0,https://www.openstreetmap.org/?mlat=62.9508406&mlon=13.8085731#map=18/62.9508406/13.8085731,coordinate_fallback,,,statliga_leder
12352574,Z 74,Höglekardalen - Gräftåvallen - Väster Arådalen + skoterled  Stor-Gräftån,9130.04318814394,"{""OBJECTID"": 12352574, ""STATLIGLED"": ""Z 74"", ""STATLIGLEDNAMN"": ""Höglekardalen - Gräftåvallen - Väster Arådalen + skoterled  Stor-Gräftån"", ""SHAPE.LEN"": 9130.04318814394}",13.891881024498208,62.975186102245175,LineString,9130.043188141888,0.0,https://www.openstreetmap.org/?mlat=62.9751861&mlon=13.8918810#map=18/62.9751861/13.8918810,coordinate_fallback,,,statliga_leder
12352573,Z 74,Höglekardalen - Gräftåvallen - Väster Arådalen + skoterled  Stor-Gräftån,726.996644739704,"{""OBJECTID"": 12352573, ""STATLIGLED"": ""Z 74"", ""STATLIGLEDNAMN"": ""Höglekardalen - Gräftåvallen - Väster Arådalen + skoterled  Stor-Gräftån"", ""SHAPE.LEN"": 726.996644739704}",13.636170477854302,62.94246681965462,LineString,726.9966447404938,0.0,https://www.openstreetmap.org/?mlat=62.9424668&mlon=13.6361705#map=18/62.9424668/13.6361705,coordinate_fallback,,,statliga_leder
12352572,Z 74,Höglekardalen - Gräftåvallen - Väster Arådalen + skoterled  Stor-Gräftån,115.489144427561,"{""OBJECTID"": 12352572, ""STATLIGLED"": ""Z 74"", ""STATLIGLEDNAMN"": ""Höglekardalen - Gräftåvallen - Väster Arådalen + skoterled  Stor-Gräftån"", ""SHAPE.LEN"": 115.489144427561}",13.648308434025868,62.93956785890235,LineString,115.48914442704742,0.0,https://www.openstreetmap.org/?mlat=62.9395679&mlon=13.6483084#map=18/62.9395679/13.6483084,coordinate_fallback,,,statliga_leder
12346570,Z 74,Höglekardalen - Gräftåvallen - Väster Arådalen + skoterled  Stor-Gräftån,8982.71587965616,"{""OBJECTID"": 12346570, ""STATLIGLED"": ""Z 74"", ""STATLIGLEDNAMN"": ""Höglekardalen - Gräftåvallen - Väster Arådalen + skoterled  Stor-Gräftån"", ""SHAPE.LEN"": 8982.71587965616}",13.72831795170231,62.944705097073935,LineString,8982.715879657446,0.0,https://www.openstreetmap.org/?mlat=62.9447051&mlon=13.7283180#map=18/62.9447051/13.7283180,coordinate_fallback,,,statliga_leder
12346569,Z 74,Höglekardalen - Gräftåvallen - Väster Arådalen + skoterled  Stor-Gräftån,10.2602951307455,"{""OBJECTID"": 12346569, ""STATLIGLED"": ""Z 74"", ""STATLIGLEDNAMN"": ""Höglekardalen - Gräftåvallen - Väster Arådalen + skoterled  Stor-Gräftån"", ""SHAPE.LEN"": 10.2602951307455}",13.649532775352208,62.93965342071141,LineString,10.260295130762731,0.0,https://www.openstreetmap.org/?mlat=62.9396534&mlon=13.6495328#map=18/62.9396534/13.6495328,coordinate_fallback,,,statliga_leder
12346567,Z 74,Höglekardalen - Gräftåvallen - Väster Arådalen + skoterled  Stor-Gräftån,25.5658458152669,"{""OBJECTID"": 12346567, ""STATLIGLED"": ""Z 74"", ""STATLIGLEDNAMN"": ""Höglekardalen - Gräftåvallen - Väster Arådalen + skoterled  Stor-Gräftån"", ""SHAPE.LEN"": 25.5658458152669}",13.64988159364449,62.9396777942634,LineString,25.565845815871974,0.0,https://www.openstreetmap.org/?mlat=62.9396778&mlon=13.6498816#map=18/62.9396778/13.6498816,coordinate_fallback,,,statliga_leder
12346532,Z 74,Höglekardalen - Gräftåvallen - Väster Arådalen + skoterled  Stor-Gräftån,1702.96360981999,"{""OBJECTID"": 12346532, ""STATLIGLED"": ""Z 74"", ""STATLIGLEDNAMN"": ""Höglekardalen - Gräftåvallen - Väster Arådalen + skoterled  Stor-Gräftån"", ""SHAPE.LEN"": 1702.96360981999}",13.823532302264063,62.95397109804041,LineString,1702.963609819242,0.0,https://www.openstreetmap.org/?mlat=62.9539711&mlon=13.8235323#map=18/62.9539711/13.8235323,coordinate_fallback,,,statliga_leder
12348520,Z 67,Anarisstugan - Hosjöbottnarna,118.609205747878,"{""OBJECTID"": 12348520, ""STATLIGLED"": ""Z 67"", ""STATLIGLEDNAMN"": ""Anarisstugan - Hosjöbottnarna"", ""SHAPE.LEN"": 118.609205747878}",13.40007334596538,63.089249611919364,LineString,118.60920574795907,0.0,https://www.openstreetmap.org/?mlat=63.0892496&mlon=13.4000733#map=18/63.0892496/13.4000733,coordinate_fallback,,,statliga_leder
12348519,Z 67,Anarisstugan - Hosjöbottnarna,562.101271532599,"{""OBJECTID"": 12348519, ""STATLIGLED"": ""Z 67"", ""STATLIGLEDNAMN"": ""Anarisstugan - Hosjöbottnarna"", ""SHAPE.LEN"": 562.101271532599}",13.521974856183585,63.091814881257605,LineString,562.1012715319109,0.0,https://www.openstreetmap.org/?mlat=63.0918149&mlon=13.5219749#map=18/63.0918149/13.5219749,coordinate_fallback,,,statliga_leder
12348518,Z 67,Anarisstugan - Hosjöbottnarna,7.9039765308356,"{""OBJECTID"": 12348518, ""STATLIGLED"": ""Z 67"", ""STATLIGLEDNAMN"": ""Anarisstugan - Hosjöbottnarna"", ""SHAPE.LEN"": 7.9039765308356}",13.512874857815131,63.09200559488936,LineString,7.903976530686065,0.0,https://www.openstreetmap.org/?mlat=63.0920056&mlon=13.5128749#map=18/63.0920056/13.5128749,coordinate_fallback,,,statliga_leder
12348517,Z 67,Anarisstugan - Hosjöbottnarna,1309.46644312083,"{""OBJECTID"": 12348517, ""STATLIGLED"": ""Z 67"", ""STATLIGLEDNAMN"": ""Anarisstugan - Hosjöbottnarna"", ""SHAPE.LEN"": 1309.46644312083}",13.48684780231978,63.08829802030674,LineString,1309.4664431208002,0.0,https://www.openstreetmap.org/?mlat=63.0882980&mlon=13.4868478#map=18/63.0882980/13.4868478,coordinate_fallback,,,statliga_leder
12348516,Z 67,Anarisstugan - Hosjöbottnarna,122.273219168495,"{""OBJECTID"": 12348516, ""STATLIGLED"": ""Z 67"", ""STATLIGLEDNAMN"": ""Anarisstugan - Hosjöbottnarna"", ""SHAPE.LEN"": 122.273219168495}",13.514664006206706,63.09206234262471,LineString,122.27321916920674,0.0,https://www.openstreetmap.org/?mlat=63.0920623&mlon=13.5146640#map=18/63.0920623/13.5146640,coordinate_fallback,,,statliga_leder
12348515,Z 67,Anarisstugan - Hosjöbottnarna,318.096183649616,"{""OBJECTID"": 12348515, ""STATLIGLED"": ""Z 67"", ""STATLIGLEDNAMN"": ""Anarisstugan - Hosjöbottnarna"", ""SHAPE.LEN"": 318.096183649616}",13.501724138223697,63.09104864202999,LineString,318.096183649251,0.0,https://www.openstreetmap.org/?mlat=63.0910486&mlon=13.5017241#map=18/63.0910486/13.5017241,coordinate_fallback,,,statliga_leder
12348514,Z 67,Anarisstugan - Hosjöbottnarna,7.28511195864552,"{""OBJECTID"": 12348514, ""STATLIGLED"": ""Z 67"", ""STATLIGLEDNAMN"": ""Anarisstugan - Hosjöbottnarna"", ""SHAPE.LEN"": 7.28511195864552}",13.505787523797544,63.09151791909876,LineString,7.285111959080037,0.0,https://www.openstreetmap.org/?mlat=63.0915179&mlon=13.5057875#map=18/63.0915179/13.5057875,coordinate_fallback,,,statliga_leder
12348513,Z 67,Anarisstugan - Hosjöbottnarna,49.060350208697,"{""OBJECTID"": 12348513, ""STATLIGLED"": ""Z 67"", ""STATLIGLEDNAMN"": ""Anarisstugan - Hosjöbottnarna"", ""SHAPE.LEN"": 49.060350208697}",13.505246892841342,63.091455493635465,LineString,49.060350208823095,0.0,https://www.openstreetmap.org/?mlat=63.0914555&mlon=13.5052469#map=18/63.0914555/13.5052469,coordinate_fallback,,,statliga_leder
12348512,Z 67,Anarisstugan - Hosjöbottnarna,583.81482897101,"{""OBJECTID"": 12348512, ""STATLIGLED"": ""Z 67"", ""STATLIGLEDNAMN"": ""Anarisstugan - Hosjöbottnarna"", ""SHAPE.LEN"": 583.81482897101}",13.378769581106196,63.088024842754855,LineString,583.8148289715192,0.0,https://www.openstreetmap.org/?mlat=63.0880248&mlon=13.3787696#map=18/63.0880248/13.3787696,coordinate_fallback,,,statliga_leder
12348511,Z 67,Anarisstugan - Hosjöbottnarna,50.0262913838314,"{""OBJECTID"": 12348511, ""STATLIGLED"": ""Z 67"", ""STATLIGLEDNAMN"": ""Anarisstugan - Hosjöbottnarna"", ""SHAPE.LEN"": 50.0262913838314}",13.397556263228351,63.088700736749644,LineString,50.026291382827225,0.0,https://www.openstreetmap.org/?mlat=63.0887007&mlon=13.3975563#map=18/63.0887007/13.3975563,coordinate_fallback,,,statliga_leder
12348510,Z 67,Anarisstugan - Hosjöbottnarna,473.593801767945,"{""OBJECTID"": 12348510, ""STATLIGLED"": ""Z 67"", ""STATLIGLEDNAMN"": ""Anarisstugan - Hosjöbottnarna"", ""SHAPE.LEN"": 473.593801767945}",13.392819048571566,63.08774124697013,LineString,473.5938017680183,0.0,https://www.openstreetmap.org/?mlat=63.0877412&mlon=13.3928190#map=18/63.0877412/13.3928190,coordinate_fallback,,,statliga_leder
12348509,Z 67,Anarisstugan - Hosjöbottnarna,24.1750823473261,"{""OBJECTID"": 12348509, ""STATLIGLED"": ""Z 67"", ""STATLIGLEDNAMN"": ""Anarisstugan - Hosjöbottnarna"", ""SHAPE.LEN"": 24.1750823473261}",13.51255989747467,63.09198695062547,LineString,24.17508234692643,0.0,https://www.openstreetmap.org/?mlat=63.0919870&mlon=13.5125599#map=18/63.0919870/13.5125599,coordinate_fallback,,,statliga_leder
12348508,Z 67,Anarisstugan - Hosjöbottnarna,3824.83983624187,"{""OBJECTID"": 12348508, ""STATLIGLED"": ""Z 67"", ""STATLIGLEDNAMN"": ""Anarisstugan - Hosjöbottnarna"", ""SHAPE.LEN"": 3824.83983624187}",13.438891287307735,63.08891983346768,LineString,3824.8398362452417,0.0,https://www.openstreetmap.org/?mlat=63.0889198&mlon=13.4388913#map=18/63.0889198/13.4388913,coordinate_fallback,,,statliga_leder
12348507,Z 67,Anarisstugan - Hosjöbottnarna,13.0672709721655,"{""OBJECTID"": 12348507, ""STATLIGLED"": ""Z 67"", ""STATLIGLEDNAMN"": ""Anarisstugan - Hosjöbottnarna"", ""SHAPE.LEN"": 13.0672709721655}",13.398930568028742,63.08897907865345,LineString,13.067270972427538,0.0,https://www.openstreetmap.org/?mlat=63.0889791&mlon=13.3989306#map=18/63.0889791/13.3989306,coordinate_fallback,,,statliga_leder
12348506,Z 67,Anarisstugan - Hosjöbottnarna,25.7703555049208,"{""OBJECTID"": 12348506, ""STATLIGLED"": ""Z 67"", ""STATLIGLEDNAMN"": ""Anarisstugan - Hosjöbottnarna"", ""SHAPE.LEN"": 25.7703555049208}",13.51320548169124,63.092025164954634,LineString,25.770355504377218,0.0,https://www.openstreetmap.org/?mlat=63.0920252&mlon=13.5132055#map=18/63.0920252/13.5132055,coordinate_fallback,,,statliga_leder
12348505,Z 67,Anarisstugan - Hosjöbottnarna,32.8105379104031,"{""OBJECTID"": 12348505, ""STATLIGLED"": ""Z 67"", ""STATLIGLEDNAMN"": ""Anarisstugan - Hosjöbottnarna"", ""SHAPE.LEN"": 32.8105379104031}",13.506172241329686,63.09156233914123,LineString,32.810537910308206,0.0,https://www.openstreetmap.org/?mlat=63.0915623&mlon=13.5061722#map=18/63.0915623/13.5061722,coordinate_fallback,,,statliga_leder
12348504,Z 67,Anarisstugan - Hosjöbottnarna,32.1610962580569,"{""OBJECTID"": 12348504, ""STATLIGLED"": ""Z 67"", ""STATLIGLEDNAMN"": ""Anarisstugan - Hosjöbottnarna"", ""SHAPE.LEN"": 32.1610962580569}",13.516188043330887,63.09202982701135,LineString,32.16109625829531,0.0,https://www.openstreetmap.org/?mlat=63.0920298&mlon=13.5161880#map=18/63.0920298/13.5161880,coordinate_fallback,,,statliga_leder
12348503,Z 67,Anarisstugan - Hosjöbottnarna,109.869433535675,"{""OBJECTID"": 12348503, ""STATLIGLED"": ""Z 67"", ""STATLIGLEDNAMN"": ""Anarisstugan - Hosjöbottnarna"", ""SHAPE.LEN"": 109.869433535675}",13.402019752818772,63.08978181490797,LineString,109.86943353474265,0.0,https://www.openstreetmap.org/?mlat=63.0897818&mlon=13.4020198#map=18/63.0897818/13.4020198,coordinate_fallback,,,statliga_leder
12348502,Z 67,Anarisstugan - Hosjöbottnarna,1976.57337831255,"{""OBJECTID"": 12348502, ""STATLIGLED"": ""Z 67"", ""STATLIGLEDNAMN"": ""Anarisstugan - Hosjöbottnarna"", ""SHAPE.LEN"": 1976.57337831255}",13.357080482858274,63.092214005992844,LineString,1976.5733783146213,0.0,https://www.openstreetmap.org/?mlat=63.0922140&mlon=13.3570805#map=18/63.0922140/13.3570805,coordinate_fallback,,,statliga_leder
12348501,Z 67,Anarisstugan - Hosjöbottnarna,227.648384367164,"{""OBJECTID"": 12348501, ""STATLIGLED"": ""Z 67"", ""STATLIGLEDNAMN"": ""Anarisstugan - Hosjöbottnarna"", ""SHAPE.LEN"": 227.648384367164}",13.386303952560027,63.08673736795404,LineString,227.64838436710951,0.0,https://www.openstreetmap.org/?mlat=63.0867374&mlon=13.3863040#map=18/63.0867374/13.3863040,coordinate_fallback,,,statliga_leder
12348500,Z 67,Anarisstugan - Hosjöbottnarna,25.0877845272765,"{""OBJECTID"": 12348500, ""STATLIGLED"": ""Z 67"", ""STATLIGLEDNAMN"": ""Anarisstugan - Hosjöbottnarna"", ""SHAPE.LEN"": 25.0877845272765}",13.38383953034463,63.08657052456217,LineString,25.08778452696361,0.0,https://www.openstreetmap.org/?mlat=63.0865705&mlon=13.3838395#map=18/63.0865705/13.3838395,coordinate_fallback,,,statliga_leder
12348499,Z 67,Anarisstugan - Hosjöbottnarna,297.782029993353,"{""OBJECTID"": 12348499, ""STATLIGLED"": ""Z 67"", ""STATLIGLEDNAMN"": ""Anarisstugan - Hosjöbottnarna"", ""SHAPE.LEN"": 297.782029993353}",13.509403664826555,63.091798796031036,LineString,297.78202999396643,0.0,https://www.openstreetmap.org/?mlat=63.0917988&mlon=13.5094037#map=18/63.0917988/13.5094037,coordinate_fallback,,,statliga_leder
12348498,Z 67,Anarisstugan - Hosjöbottnarna,44.4737444568385,"{""OBJECTID"": 12348498, ""STATLIGLED"": ""Z 67"", ""STATLIGLEDNAMN"": ""Anarisstugan - Hosjöbottnarna"", ""SHAPE.LEN"": 44.4737444568385}",13.39841044984821,63.08887373975209,LineString,44.47374445731997,0.0,https://www.openstreetmap.org/?mlat=63.0888737&mlon=13.3984104#map=18/63.0888737/13.3984104,coordinate_fallback,,,statliga_leder
12350905,Z 75,Väster Arådalen - Tossåsen samt separat skoterled vid Arådalen + skoterled Buhösten,536.034557804639,"{""OBJECTID"": 12350905, ""STATLIGLED"": ""Z 75"", ""STATLIGLEDNAMN"": ""Väster Arådalen - Tossåsen samt separat skoterled vid Arådalen + skoterled Buhösten"", ""SHAPE.LEN"": 536.034557804639}",13.584557379935406,62.94612546800119,LineString,536.0345578046671,0.0,https://www.openstreetmap.org/?mlat=62.9461255&mlon=13.5845574#map=18/62.9461255/13.5845574,coordinate_fallback,,,statliga_leder
12350904,Z 75,Väster Arådalen - Tossåsen samt separat skoterled vid Arådalen + skoterled Buhösten,497.591057629413,"{""OBJECTID"": 12350904, ""STATLIGLED"": ""Z 75"", ""STATLIGLEDNAMN"": ""Väster Arådalen - Tossåsen samt separat skoterled vid Arådalen + skoterled Buhösten"", ""SHAPE.LEN"": 497.591057629413}",13.480399204832544,62.92337169817422,LineString,497.59105762897474,0.0,https://www.openstreetmap.org/?mlat=62.9233717&mlon=13.4803992#map=18/62.9233717/13.4803992,coordinate_fallback,,,statliga_leder
12350879,Z 75,Väster Arådalen - Tossåsen samt separat skoterled vid Arådalen + skoterled Buhösten,1006.55715146932,"{""OBJECTID"": 12350879, ""STATLIGLED"": ""Z 75"", ""STATLIGLEDNAMN"": ""Väster Arådalen - Tossåsen samt separat skoterled vid Arådalen + skoterled Buhösten"", ""SHAPE.LEN"": 1006.55715146932}",13.572304282228945,62.94971426791108,LineString,1006.5571514691228,0.0,https://www.openstreetmap.org/?mlat=62.9497143&mlon=13.5723043#map=18/62.9497143/13.5723043,coordinate_fallback,,,statliga_leder
12350872,Z 75,Väster Arådalen - Tossåsen samt separat skoterled vid Arådalen + skoterled Buhösten,224.024778131014,"{""OBJECTID"": 12350872, ""STATLIGLED"": ""Z 75"", ""STATLIGLEDNAMN"": ""Väster Arådalen - Tossåsen samt separat skoterled vid Arådalen + skoterled Buhösten"", ""SHAPE.LEN"": 224.024778131014}",13.469212467120332,62.91446002782776,LineString,224.02477813075643,0.0,https://www.openstreetmap.org/?mlat=62.9144600&mlon=13.4692125#map=18/62.9144600/13.4692125,coordinate_fallback,,,statliga_leder
12350871,Z 75,Väster Arådalen - Tossåsen samt separat skoterled vid Arådalen + skoterled Buhösten,186.691791911509,"{""OBJECTID"": 12350871, ""STATLIGLED"": ""Z 75"", ""STATLIGLEDNAMN"": ""Väster Arådalen - Tossåsen samt separat skoterled vid Arådalen + skoterled Buhösten"", ""SHAPE.LEN"": 186.691791911509}",13.474130237114732,62.923259029838746,LineString,186.69179191079272,0.0,https://www.openstreetmap.org/?mlat=62.9232590&mlon=13.4741302#map=18/62.9232590/13.4741302,coordinate_fallback,,,statliga_leder
12350870,Z 75,Väster Arådalen - Tossåsen samt separat skoterled vid Arådalen + skoterled Buhösten,3475.00592907616,"{""OBJECTID"": 12350870, ""STATLIGLED"": ""Z 75"", ""STATLIGLEDNAMN"": ""Väster Arådalen - Tossåsen samt separat skoterled vid Arådalen + skoterled Buhösten"", ""SHAPE.LEN"": 3475.00592907616}",13.594695403669736,62.95612308288883,LineString,3475.005929073704,0.0,https://www.openstreetmap.org/?mlat=62.9561231&mlon=13.5946954#map=18/62.9561231/13.5946954,coordinate_fallback,,,statliga_leder
12350869,Z 75,Väster Arådalen - Tossåsen samt separat skoterled vid Arådalen + skoterled Buhösten,213.102170423159,"{""OBJECTID"": 12350869, ""STATLIGLED"": ""Z 75"", ""STATLIGLEDNAMN"": ""Väster Arådalen - Tossåsen samt separat skoterled vid Arådalen + skoterled Buhösten"", ""SHAPE.LEN"": 213.102170423159}",13.484781220004967,62.92532596830279,LineString,213.10217042236198,0.0,https://www.openstreetmap.org/?mlat=62.9253260&mlon=13.4847812#map=18/62.9253260/13.4847812,coordinate_fallback,,,statliga_leder
12350868,Z 75,Väster Arådalen - Tossåsen samt separat skoterled vid Arådalen + skoterled Buhösten,1071.50638038133,"{""OBJECTID"": 12350868, ""STATLIGLED"": ""Z 75"", ""STATLIGLEDNAMN"": ""Väster Arådalen - Tossåsen samt separat skoterled vid Arådalen + skoterled Buhösten"", ""SHAPE.LEN"": 1071.50638038133}",13.490432732127886,62.93489183395073,LineString,1071.5063803826945,0.0,https://www.openstreetmap.org/?mlat=62.9348918&mlon=13.4904327#map=18/62.9348918/13.4904327,coordinate_fallback,,,statliga_leder
12344858,Z 75,Väster Arådalen - Tossåsen samt separat skoterled vid Arådalen + skoterled Buhösten,346.548588482135,"{""OBJECTID"": 12344858, ""STATLIGLED"": ""Z 75"", ""STATLIGLEDNAMN"": ""Väster Arådalen - Tossåsen samt separat skoterled vid Arådalen + skoterled Buhösten"", ""SHAPE.LEN"": 346.548588482135}",13.485850117941363,62.92778059503283,LineString,346.54858848224694,0.0,https://www.openstreetmap.org/?mlat=62.9277806&mlon=13.4858501#map=18/62.9277806/13.4858501,coordinate_fallback,,,statliga_leder
12344857,Z 75,Väster Arådalen - Tossåsen samt separat skoterled vid Arådalen + skoterled Buhösten,135.304898473706,"{""OBJECTID"": 12344857, ""STATLIGLED"": ""Z 75"", ""STATLIGLEDNAMN"": ""Väster Arådalen - Tossåsen samt separat skoterled vid Arådalen + skoterled Buhösten"", ""SHAPE.LEN"": 135.304898473706}",13.486551102138465,62.92988835514079,LineString,135.30489847335872,0.0,https://www.openstreetmap.org/?mlat=62.9298884&mlon=13.4865511#map=18/62.9298884/13.4865511,coordinate_fallback,,,statliga_leder
12344856,Z 75,Väster Arådalen - Tossåsen samt separat skoterled vid Arådalen + skoterled Buhösten,1927.03135593248,"{""OBJECTID"": 12344856, ""STATLIGLED"": ""Z 75"", ""STATLIGLEDNAMN"": ""Väster Arådalen - Tossåsen samt separat skoterled vid Arådalen + skoterled Buhösten"", ""SHAPE.LEN"": 1927.03135593248}",13.50704000198196,62.94497786968711,LineString,1927.0313559330684,0.0,https://www.openstreetmap.org/?mlat=62.9449779&mlon=13.5070400#map=18/62.9449779/13.5070400,coordinate_fallback,,,statliga_leder
12344855,Z 75,Väster Arådalen - Tossåsen samt separat skoterled vid Arådalen + skoterled Buhösten,1122.36233722728,"{""OBJECTID"": 12344855, ""STATLIGLED"": ""Z 75"", ""STATLIGLEDNAMN"": ""Väster Arådalen - Tossåsen samt separat skoterled vid Arådalen + skoterled Buhösten"", ""SHAPE.LEN"": 1122.36233722728}",13.440412786769647,62.91381311361458,LineString,1122.36233722877,0.0,https://www.openstreetmap.org/?mlat=62.9138131&mlon=13.4404128#map=18/62.9138131/13.4404128,coordinate_fallback,,,statliga_leder
12344854,Z 75,Väster Arådalen - Tossåsen samt separat skoterled vid Arådalen + skoterled Buhösten,978.294068209283,"{""OBJECTID"": 12344854, ""STATLIGLED"": ""Z 75"", ""STATLIGLEDNAMN"": ""Väster Arådalen - Tossåsen samt separat skoterled vid Arådalen + skoterled Buhösten"", ""SHAPE.LEN"": 978.294068209283}",13.459382709797541,62.912072146617064,LineString,978.2940682081822,0.0,https://www.openstreetmap.org/?mlat=62.9120721&mlon=13.4593827#map=18/62.9120721/13.4593827,coordinate_fallback,,,statliga_leder
12344853,Z 75,Väster Arådalen - Tossåsen samt separat skoterled vid Arådalen + skoterled Buhösten,4044.6936933517,"{""OBJECTID"": 12344853, ""STATLIGLED"": ""Z 75"", ""STATLIGLEDNAMN"": ""Väster Arådalen - Tossåsen samt separat skoterled vid Arådalen + skoterled Buhösten"", ""SHAPE.LEN"": 4044.6936933517}",13.275687976551081,62.94055494319277,LineString,4044.693693350043,0.0,https://www.openstreetmap.org/?mlat=62.9405549&mlon=13.2756880#map=18/62.9405549/13.2756880,coordinate_fallback,,,statliga_leder
12344822,Z 75,Väster Arådalen - Tossåsen samt separat skoterled vid Arådalen + skoterled Buhösten,1224.64648460187,"{""OBJECTID"": 12344822, ""STATLIGLED"": ""Z 75"", ""STATLIGLEDNAMN"": ""Väster Arådalen - Tossåsen samt separat skoterled vid Arådalen + skoterled Buhösten"", ""SHAPE.LEN"": 1224.64648460187}",13.46832009752276,62.9200821273782,LineString,1224.646484601404,0.0,https://www.openstreetmap.org/?mlat=62.9200821&mlon=13.4683201#map=18/62.9200821/13.4683201,coordinate_fallback,,,statliga_leder
12344821,Z 75,Väster Arådalen - Tossåsen samt separat skoterled vid Arådalen + skoterled Buhösten,3139.60311354261,"{""OBJECTID"": 12344821, ""STATLIGLED"": ""Z 75"", ""STATLIGLEDNAMN"": ""Väster Arådalen - Tossåsen samt separat skoterled vid Arådalen + skoterled Buhösten"", ""SHAPE.LEN"": 3139.60311354261}",13.61432048794918,62.94283454989211,LineString,3139.6031135439225,0.0,https://www.openstreetmap.org/?mlat=62.9428345&mlon=13.6143205#map=18/62.9428345/13.6143205,coordinate_fallback,,,statliga_leder
12344820,Z 75,Väster Arådalen - Tossåsen samt separat skoterled vid Arådalen + skoterled Buhösten,552.693037332132,"{""OBJECTID"": 12344820, ""STATLIGLED"": ""Z 75"", ""STATLIGLEDNAMN"": ""Väster Arådalen - Tossåsen samt separat skoterled vid Arådalen + skoterled Buhösten"", ""SHAPE.LEN"": 552.693037332132}",13.43293894393156,62.91310083034305,LineString,552.6930373322466,0.0,https://www.openstreetmap.org/?mlat=62.9131008&mlon=13.4329389#map=18/62.9131008/13.4329389,coordinate_fallback,,,statliga_leder
12345543,Z 75,Väster Arådalen - Tossåsen samt separat skoterled vid Arådalen + skoterled Buhösten,2518.0493791363,"{""OBJECTID"": 12345543, ""STATLIGLED"": ""Z 75"", ""STATLIGLEDNAMN"": ""Väster Arådalen - Tossåsen samt separat skoterled vid Arådalen + skoterled Buhösten"", ""SHAPE.LEN"": 2518.0493791363}",13.540841837292998,62.95331480386201,LineString,2518.0493791349973,0.0,https://www.openstreetmap.org/?mlat=62.9533148&mlon=13.5408418#map=18/62.9533148/13.5408418,coordinate_fallback,,,statliga_leder
12352970,Z 101,Tännäs - Lillvålvallen (led 100),6872.46046877625,"{""OBJECTID"": 12352970, ""STATLIGLED"": ""Z 101"", ""STATLIGLEDNAMN"": ""Tännäs - Lillvålvallen (led 100)"", ""SHAPE.LEN"": 6872.46046877625}",12.567795568777102,62.37387115255806,LineString,6872.460468776435,0.0,https://www.openstreetmap.org/?mlat=62.3738712&mlon=12.5677956#map=18/62.3738712/12.5677956,coordinate_fallback,,,statliga_leder
12347362,Z 101,Tännäs - Lillvålvallen (led 100),282.033349672782,"{""OBJECTID"": 12347362, ""STATLIGLED"": ""Z 101"", ""STATLIGLEDNAMN"": ""Tännäs - Lillvålvallen (led 100)"", ""SHAPE.LEN"": 282.033349672782}",12.564826916691581,62.40029715346826,LineString,282.03334967327737,0.0,https://www.openstreetmap.org/?mlat=62.4002972&mlon=12.5648269#map=18/62.4002972/12.5648269,coordinate_fallback,,,statliga_leder
12346838,Z 101,Tännäs - Lillvålvallen (led 100),8875.4410966504,"{""OBJECTID"": 12346838, ""STATLIGLED"": ""Z 101"", ""STATLIGLEDNAMN"": ""Tännäs - Lillvålvallen (led 100)"", ""SHAPE.LEN"": 8875.4410966504}",12.60011719661064,62.42229240093387,LineString,8875.441096655302,0.0,https://www.openstreetmap.org/?mlat=62.4222924&mlon=12.6001172#map=18/62.4222924/12.6001172,coordinate_fallback,,,statliga_leder
12346889,Z 100,Lillvålvallen - slinga runt Falkhöjden (justerad),5813.71771163682,"{""OBJECTID"": 12346889, ""STATLIGLED"": ""Z 100"", ""STATLIGLEDNAMN"": ""Lillvålvallen - slinga runt Falkhöjden (justerad)"", ""SHAPE.LEN"": 5813.71771163682}",12.534902135495251,62.41801063055035,LineString,5813.7177116356115,0.0,https://www.openstreetmap.org/?mlat=62.4180106&mlon=12.5349021#map=18/62.4180106/12.5349021,coordinate_fallback,,,statliga_leder
12352654,Z 73,Höglekardalen - Väster Arådalen (Glen),7457.96330268887,"{""OBJECTID"": 12352654, ""STATLIGLED"": ""Z 73"", ""STATLIGLEDNAMN"": ""Höglekardalen - Väster Arådalen (Glen)"", ""SHAPE.LEN"": 7457.96330268887}",13.630532982715431,62.97390960610476,LineString,7457.963302684824,0.0,https://www.openstreetmap.org/?mlat=62.9739096&mlon=13.6305330#map=18/62.9739096/13.6305330,coordinate_fallback,,,statliga_leder
12352653,Z 73,Höglekardalen - Väster Arådalen (Glen),460.513005191534,"{""OBJECTID"": 12352653, ""STATLIGLED"": ""Z 73"", ""STATLIGLEDNAMN"": ""Höglekardalen - Väster Arådalen (Glen)"", ""SHAPE.LEN"": 460.513005191534}",13.637224716996068,63.0082785552544,LineString,460.5130051930359,0.0,https://www.openstreetmap.org/?mlat=63.0082786&mlon=13.6372247#map=18/63.0082786/13.6372247,coordinate_fallback,,,statliga_leder
12352325,BD 38,Sälka - Singi,3941.90850342234,"{""OBJECTID"": 12352325, ""STATLIGLED"": ""BD 38"", ""STATLIGLEDNAMN"": ""Sälka - Singi"", ""SHAPE.LEN"": 3941.90850342234}",18.288409782622285,67.92846209057706,LineString,3941.908503420516,0.0,https://www.openstreetmap.org/?mlat=67.9284621&mlon=18.2884098#map=18/67.9284621/18.2884098,coordinate_fallback,,,statliga_leder
12349636,BD 38,Sälka - Singi,8005.77669023035,"{""OBJECTID"": 12349636, ""STATLIGLED"": ""BD 38"", ""STATLIGLEDNAMN"": ""Sälka - Singi"", ""SHAPE.LEN"": 8005.77669023035}",18.31704472356092,67.88362526807474,LineString,8005.776690227656,0.0,https://www.openstreetmap.org/?mlat=67.8836253&mlon=18.3170447#map=18/67.8836253/18.3170447,coordinate_fallback,,,statliga_leder
12348097,AC 4,Norska gränsen (Lilluman) - Mjölkbäcken,7582.22474946066,"{""OBJECTID"": 12348097, ""STATLIGLED"": ""AC 4"", ""STATLIGLEDNAMN"": ""Norska gränsen (Lilluman) - Mjölkbäcken"", ""SHAPE.LEN"": 7582.22474946066}",14.898767283527302,66.12153562642693,LineString,7582.224749452145,0.0,https://www.openstreetmap.org/?mlat=66.1215356&mlon=14.8987673#map=18/66.1215356/14.8987673,coordinate_fallback,,,statliga_leder
12348285,AC 2,Tärnasjöstugorna - Syterstugorna (Kungsleden),14497.7989919826,"{""OBJECTID"": 12348285, ""STATLIGLED"": ""AC 2"", ""STATLIGLEDNAMN"": ""Tärnasjöstugorna - Syterstugorna (Kungsleden)"", ""SHAPE.LEN"": 14497.7989919826}",15.467998852598448,65.92923428535346,LineString,14497.798991982268,0.0,https://www.openstreetmap.org/?mlat=65.9292343&mlon=15.4679989#map=18/65.9292343/15.4679989,coordinate_fallback,,,statliga_leder
12349589,AC 10,Hemavan Laisaliden,6957.21887212054,"{""OBJECTID"": 12349589, ""STATLIGLED"": ""AC 10"", ""STATLIGLEDNAMN"": ""Hemavan Laisaliden"", ""SHAPE.LEN"": 6957.21887212054}",15.148214461199954,65.79898434497494,LineString,6957.218872123658,0.0,https://www.openstreetmap.org/?mlat=65.7989843&mlon=15.1482145#map=18/65.7989843/15.1482145,coordinate_fallback,,,statliga_leder
12349332,AC 8,Syterstugorna - Sytertoppen - Viterskalstugan,4737.40557358143,"{""OBJECTID"": 12349332, ""STATLIGLED"": ""AC 8"", ""STATLIGLEDNAMN"": ""Syterstugorna - Sytertoppen - Viterskalstugan"", ""SHAPE.LEN"": 4737.40557358143}",15.213793443933113,65.89449263439802,LineString,4737.405573581902,0.0,https://www.openstreetmap.org/?mlat=65.8944926&mlon=15.2137934#map=18/65.8944926/15.2137934,coordinate_fallback,,,statliga_leder
12349329,AC 8,Syterstugorna - Sytertoppen - Viterskalstugan,585.951624615008,"{""OBJECTID"": 12349329, ""STATLIGLED"": ""AC 8"", ""STATLIGLEDNAMN"": ""Syterstugorna - Sytertoppen - Viterskalstugan"", ""SHAPE.LEN"": 585.951624615008}",15.262962683732303,65.89248526965255,LineString,585.9516246138298,0.0,https://www.openstreetmap.org/?mlat=65.8924853&mlon=15.2629627#map=18/65.8924853/15.2629627,coordinate_fallback,,,statliga_leder
12349325,AC 8,Syterstugorna - Sytertoppen - Viterskalstugan,8599.27682947666,"{""OBJECTID"": 12349325, ""STATLIGLED"": ""AC 8"", ""STATLIGLEDNAMN"": ""Syterstugorna - Sytertoppen - Viterskalstugan"", ""SHAPE.LEN"": 8599.27682947666}",15.321358661861897,65.90126595766475,LineString,8599.276829476777,0.0,https://www.openstreetmap.org/?mlat=65.9012660&mlon=15.3213587#map=18/65.9012660/15.3213587,coordinate_fallback,,,statliga_leder
12353487,AC 9,Syterbäcken (led 3) - Klippen,4298.02813922985,"{""OBJECTID"": 12353487, ""STATLIGLED"": ""AC 9"", ""STATLIGLEDNAMN"": ""Syterbäcken (led 3) - Klippen"", ""SHAPE.LEN"": 4298.02813922985}",15.075864523559797,65.85641818043833,LineString,4298.028139230833,0.0,https://www.openstreetmap.org/?mlat=65.8564182&mlon=15.0758645#map=18/65.8564182/15.0758645,coordinate_fallback,,,statliga_leder
12349048,AC 6,Umasjöstugorna - Syterstugorna,21310.9929980867,"{""OBJECTID"": 12349048, ""STATLIGLED"": ""AC 6"", ""STATLIGLEDNAMN"": ""Umasjöstugorna - Syterstugorna"", ""SHAPE.LEN"": 21310.9929980867}",15.240922018825401,65.95992607426125,LineString,21310.992998081514,0.0,https://www.openstreetmap.org/?mlat=65.9599261&mlon=15.2409220#map=18/65.9599261/15.2409220,coordinate_fallback,,,statliga_leder
12348204,AC 12,Ö Syterbäcken (led 3) - Solberg,13087.835360262,"{""OBJECTID"": 12348204, ""STATLIGLED"": ""AC 12"", ""STATLIGLEDNAMN"": ""Ö Syterbäcken (led 3) - Solberg"", ""SHAPE.LEN"": 13087.835360262}",15.344744874399828,65.81254133321488,LineString,13087.835360261888,0.0,https://www.openstreetmap.org/?mlat=65.8125413&mlon=15.3447449#map=18/65.8125413/15.3447449,coordinate_fallback,,,statliga_leder
12348205,AC 13,Syterstugorna - Norra Fjällnäs,15949.4084261998,"{""OBJECTID"": 12348205, ""STATLIGLED"": ""AC 13"", ""STATLIGLEDNAMN"": ""Syterstugorna - Norra Fjällnäs"", ""SHAPE.LEN"": 15949.4084261998}",15.459763739710976,65.83911382064673,LineString,15949.408426196735,0.0,https://www.openstreetmap.org/?mlat=65.8391138&mlon=15.4597637#map=18/65.8391138/15.4597637,coordinate_fallback,,,statliga_leder
12354175,W 5,Gördalen - Brottbäcksstugan,3239.36946571843,"{""OBJECTID"": 12354175, ""STATLIGLED"": ""W 5"", ""STATLIGLEDNAMN"": ""Gördalen - Brottbäcksstugan"", ""SHAPE.LEN"": 3239.36946571843}",12.65308413263454,61.61792690343145,LineString,3239.369465715639,0.0,https://www.openstreetmap.org/?mlat=61.6179269&mlon=12.6530841#map=18/61.6179269/12.6530841,coordinate_fallback,,,statliga_leder
12347146,W 5,Gördalen - Brottbäcksstugan,612.270498657238,"{""OBJECTID"": 12347146, ""STATLIGLED"": ""W 5"", ""STATLIGLEDNAMN"": ""Gördalen - Brottbäcksstugan"", ""SHAPE.LEN"": 612.270498657238}",12.501703150572189,61.59615464508503,LineString,612.270498656957,0.0,https://www.openstreetmap.org/?mlat=61.5961546&mlon=12.5017032#map=18/61.5961546/12.5017032,coordinate_fallback,,,statliga_leder
12347626,W 5,Gördalen - Brottbäcksstugan,7462.75604800585,"{""OBJECTID"": 12347626, ""STATLIGLED"": ""W 5"", ""STATLIGLEDNAMN"": ""Gördalen - Brottbäcksstugan"", ""SHAPE.LEN"": 7462.75604800585}",12.569023365085508,61.60047273853637,LineString,7462.756048005806,0.0,https://www.openstreetmap.org/?mlat=61.6004727&mlon=12.5690234#map=18/61.6004727/12.5690234,coordinate_fallback,,,statliga_leder
12346338,W 5,Gördalen - Brottbäcksstugan,266.687707528351,"{""OBJECTID"": 12346338, ""STATLIGLED"": ""W 5"", ""STATLIGLEDNAMN"": ""Gördalen - Brottbäcksstugan"", ""SHAPE.LEN"": 266.687707528351}",12.67661715323017,61.62379130827927,LineString,266.6877075292815,0.0,https://www.openstreetmap.org/?mlat=61.6237913&mlon=12.6766172#map=18/61.6237913/12.6766172,coordinate_fallback,,,statliga_leder
12348452,W 6,Rösjöstugorna - Storbron,9588.07752888903,"{""OBJECTID"": 12348452, ""STATLIGLED"": ""W 6"", ""STATLIGLEDNAMN"": ""Rösjöstugorna - Storbron"", ""SHAPE.LEN"": 9588.07752888903}",12.85811602183543,61.44500772522486,LineString,9588.077528890437,0.0,https://www.openstreetmap.org/?mlat=61.4450077&mlon=12.8581160#map=18/61.4450077/12.8581160,coordinate_fallback,,,statliga_leder
12354447,W 6,Rösjöstugorna - Storbron,5066.82216744254,"{""OBJECTID"": 12354447, ""STATLIGLED"": ""W 6"", ""STATLIGLEDNAMN"": ""Rösjöstugorna - Storbron"", ""SHAPE.LEN"": 5066.82216744254}",12.704679609218719,61.608611089230365,LineString,5066.822167442213,0.0,https://www.openstreetmap.org/?mlat=61.6086111&mlon=12.7046796#map=18/61.6086111/12.7046796,coordinate_fallback,,,statliga_leder
12354185,W 6,Rösjöstugorna - Storbron,9904.49839107593,"{""OBJECTID"": 12354185, ""STATLIGLED"": ""W 6"", ""STATLIGLEDNAMN"": ""Rösjöstugorna - Storbron"", ""SHAPE.LEN"": 9904.49839107593}",12.79813400559136,61.525189231928834,LineString,9904.49839107526,0.0,https://www.openstreetmap.org/?mlat=61.5251892&mlon=12.7981340#map=18/61.5251892/12.7981340,coordinate_fallback,,,statliga_leder
12355287,W 6,Rösjöstugorna - Storbron,4300.2323926156,"{""OBJECTID"": 12355287, ""STATLIGLED"": ""W 6"", ""STATLIGLEDNAMN"": ""Rösjöstugorna - Storbron"", ""SHAPE.LEN"": 4300.2323926156}",12.735632295274279,61.57211547124471,LineString,4300.2323926141835,0.0,https://www.openstreetmap.org/?mlat=61.5721155&mlon=12.7356323#map=18/61.5721155/12.7356323,coordinate_fallback,,,statliga_leder
12349393,W 6,Rösjöstugorna - Storbron,2951.73052422238,"{""OBJECTID"": 12349393, ""STATLIGLED"": ""W 6"", ""STATLIGLEDNAMN"": ""Rösjöstugorna - Storbron"", ""SHAPE.LEN"": 2951.73052422238}",12.845269304706026,61.400362374898734,LineString,2951.7305242231914,0.0,https://www.openstreetmap.org/?mlat=61.4003624&mlon=12.8452693#map=18/61.4003624/12.8452693,coordinate_fallback,,,statliga_leder
12351232,W 5,Gördalen - Brottbäcksstugan,654.440947642289,"{""OBJECTID"": 12351232, ""STATLIGLED"": ""W 5"", ""STATLIGLEDNAMN"": ""Gördalen - Brottbäcksstugan"", ""SHAPE.LEN"": 654.440947642289}",12.765923527574317,61.60374061887517,LineString,654.4409476415167,0.0,https://www.openstreetmap.org/?mlat=61.6037406&mlon=12.7659235#map=18/61.6037406/12.7659235,coordinate_fallback,,,statliga_leder
12346467,W 5,Gördalen - Brottbäcksstugan,2525.08749260718,"{""OBJECTID"": 12346467, ""STATLIGLED"": ""W 5"", ""STATLIGLEDNAMN"": ""Gördalen - Brottbäcksstugan"", ""SHAPE.LEN"": 2525.08749260718}",12.744558605946624,61.596735527872134,LineString,2525.087492605067,0.0,https://www.openstreetmap.org/?mlat=61.5967355&mlon=12.7445586#map=18/61.5967355/12.7445586,coordinate_fallback,,,statliga_leder
12351232,W 5,Gördalen - Brottbäcksstugan,654.440947642289,"{""OBJECTID"": 12351232, ""STATLIGLED"": ""W 5"", ""STATLIGLEDNAMN"": ""Gördalen - Brottbäcksstugan"", ""SHAPE.LEN"": 654.440947642289}",12.765923527574317,61.60374061887517,LineString,654.4409476415167,0.0,https://www.openstreetmap.org/?mlat=61.6037406&mlon=12.7659235#map=18/61.6037406/12.7659235,coordinate_fallback,,,statliga_leder
12346467,W 5,Gördalen - Brottbäcksstugan,2525.08749260718,"{""OBJECTID"": 12346467, ""STATLIGLED"": ""W 5"", ""STATLIGLEDNAMN"": ""Gördalen - Brottbäcksstugan"", ""SHAPE.LEN"": 2525.08749260718}",12.744558605946624,61.596735527872134,LineString,2525.087492605067,0.0,https://www.openstreetmap.org/?mlat=61.5967355&mlon=12.7445586#map=18/61.5967355/12.7445586,coordinate_fallback,,,statliga_leder
12348395,AC 16,Tärnasjöstugorna - Servestugan - Aigertstugan - Ammarnäs (Kungsleden),39461.8426814839,"{""OBJECTID"": 12348395, ""STATLIGLED"": ""AC 16"", ""STATLIGLEDNAMN"": ""Tärnasjöstugorna - Servestugan - Aigertstugan - Ammarnäs (Kungsleden)"", ""SHAPE.LEN"": 39461.8426814839}",15.853621474185841,65.95531091058149,LineString,39461.84268149529,0.0,https://www.openstreetmap.org/?mlat=65.9553109&mlon=15.8536215#map=18/65.9553109/15.8536215,coordinate_fallback,,,statliga_leder
12347770,AC 17,Vuomejukke (led 16) - Lill och Stortjulträsket - Ammarnäs,12943.9766640822,"{""OBJECTID"": 12347770, ""STATLIGLED"": ""AC 17"", ""STATLIGLEDNAMN"": ""Vuomejukke (led 16) - Lill och Stortjulträsket - Ammarnäs"", ""SHAPE.LEN"": 12943.9766640822}",15.9197212263923,65.96963780037986,LineString,12943.976664085083,0.0,https://www.openstreetmap.org/?mlat=65.9696378&mlon=15.9197212#map=18/65.9696378/15.9197212,coordinate_fallback,,,statliga_leder
12354302,AC 18,Tjulträsket - Vuometjåkke - Biellojaure,21770.5427929422,"{""OBJECTID"": 12354302, ""STATLIGLED"": ""AC 18"", ""STATLIGLEDNAMN"": ""Tjulträsket - Vuometjåkke - Biellojaure"", ""SHAPE.LEN"": 21770.5427929422}",15.827438048151379,65.8778250892589,LineString,21770.542792942488,0.0,https://www.openstreetmap.org/?mlat=65.8778251&mlon=15.8274380#map=18/65.8778251/15.8274380,coordinate_fallback,,,statliga_leder
12354295,AC 19,Guongenjukke (led 16) - Slätvik - Biellojaure - Biellojukke,49389.7078159802,"{""OBJECTID"": 12354295, ""STATLIGLED"": ""AC 19"", ""STATLIGLEDNAMN"": ""Guongenjukke (led 16) - Slätvik - Biellojaure - Biellojukke"", ""SHAPE.LEN"": 49389.7078159802}",15.907539739759638,65.80471889705538,LineString,49389.707815986614,0.0,https://www.openstreetmap.org/?mlat=65.8047189&mlon=15.9075397#map=18/65.8047189/15.9075397,coordinate_fallback,,,statliga_leder
12353268,AC 1,Riksgränsen - Vindelkroken - Dalovardo - Tärnasjöstugorna,26316.4022788394,"{""OBJECTID"": 12353268, ""STATLIGLED"": ""AC 1"", ""STATLIGLEDNAMN"": ""Riksgränsen - Vindelkroken - Dalovardo - Tärnasjöstugorna"", ""SHAPE.LEN"": 26316.4022788394}",15.568836631615726,66.08637394000041,LineString,26316.40227884249,0.0,https://www.openstreetmap.org/?mlat=66.0863739&mlon=15.5688366#map=18/66.0863739/15.5688366,coordinate_fallback,,,statliga_leder
12353240,AC 1,Riksgränsen - Vindelkroken - Dalovardo - Tärnasjöstugorna,16660.8492597018,"{""OBJECTID"": 12353240, ""STATLIGLED"": ""AC 1"", ""STATLIGLEDNAMN"": ""Riksgränsen - Vindelkroken - Dalovardo - Tärnasjöstugorna"", ""SHAPE.LEN"": 16660.8492597018}",15.591915401750787,66.24483669940487,LineString,16660.849259703133,0.0,https://www.openstreetmap.org/?mlat=66.2448367&mlon=15.5919154#map=18/66.2448367/15.5919154,coordinate_fallback,,,statliga_leder
12353486,AC 3,Syterstugorna - Viterskalstugan - Hemavan,23199.725791129,"{""OBJECTID"": 12353486, ""STATLIGLED"": ""AC 3"", ""STATLIGLEDNAMN"": ""Syterstugorna - Viterskalstugan - Hemavan"", ""SHAPE.LEN"": 23199.725791129}",15.21602359883675,65.8676930043371,LineString,23199.725791123794,0.0,https://www.openstreetmap.org/?mlat=65.8676930&mlon=15.2160236#map=18/65.8676930/15.2160236,coordinate_fallback,,,statliga_leder
12354212,AC 11,Dåresjukke (led 12) - Laisaliden,6125.8090892635,"{""OBJECTID"": 12354212, ""STATLIGLED"": ""AC 11"", ""STATLIGLEDNAMN"": ""Dåresjukke (led 12) - Laisaliden"", ""SHAPE.LEN"": 6125.8090892635}",15.189893077698317,65.77894526828112,LineString,6125.809089259703,0.0,https://www.openstreetmap.org/?mlat=65.7789453&mlon=15.1898931#map=18/65.7789453/15.1898931,coordinate_fallback,,,statliga_leder
12348325,AC 11,Dåresjukke (led 12) - Laisaliden,3263.20056824653,"{""OBJECTID"": 12348325, ""STATLIGLED"": ""AC 11"", ""STATLIGLEDNAMN"": ""Dåresjukke (led 12) - Laisaliden"", ""SHAPE.LEN"": 3263.20056824653}",15.176800604778464,65.80643447031568,LineString,3263.2005682368504,0.0,https://www.openstreetmap.org/?mlat=65.8064345&mlon=15.1768006#map=18/65.8064345/15.1768006,coordinate_fallback,,,statliga_leder
12353488,AC 11,Dåresjukke (led 12) - Laisaliden,8652.68696649111,"{""OBJECTID"": 12353488, ""STATLIGLED"": ""AC 11"", ""STATLIGLEDNAMN"": ""Dåresjukke (led 12) - Laisaliden"", ""SHAPE.LEN"": 8652.68696649111}",15.269752413531137,65.82252719901658,LineString,8652.686966491321,0.0,https://www.openstreetmap.org/?mlat=65.8225272&mlon=15.2697524#map=18/65.8225272/15.2697524,coordinate_fallback,,,statliga_leder
12348394,AC 15,Åike lappläger (led 1) - Salvibäcken (led 17),16691.4001011541,"{""OBJECTID"": 12348394, ""STATLIGLED"": ""AC 15"", ""STATLIGLEDNAMN"": ""Åike lappläger (led 1) - Salvibäcken (led 17)"", ""SHAPE.LEN"": 16691.4001011541}",15.69967003778118,66.01643083083248,LineString,16691.4001011635,0.0,https://www.openstreetmap.org/?mlat=66.0164308&mlon=15.6996700#map=18/66.0164308/15.6996700,coordinate_fallback,,,statliga_leder
12348393,AC 14,Dalovardo - Ammarnäs,3160.79056977506,"{""OBJECTID"": 12348393, ""STATLIGLED"": ""AC 14"", ""STATLIGLEDNAMN"": ""Dalovardo - Ammarnäs"", ""SHAPE.LEN"": 3160.79056977506}",16.143195242859946,66.0853131933923,LineString,3160.7905697749875,0.0,https://www.openstreetmap.org/?mlat=66.0853132&mlon=16.1431952#map=18/66.0853132/16.1431952,coordinate_fallback,,,statliga_leder
12348392,AC 14,Dalovardo - Ammarnäs,4572.4593986442,"{""OBJECTID"": 12348392, ""STATLIGLED"": ""AC 14"", ""STATLIGLEDNAMN"": ""Dalovardo - Ammarnäs"", ""SHAPE.LEN"": 4572.4593986442}",16.18071676962196,66.05699764930796,LineString,4572.459398644641,0.0,https://www.openstreetmap.org/?mlat=66.0569976&mlon=16.1807168#map=18/66.0569976/16.1807168,coordinate_fallback,,,statliga_leder
12348391,AC 14,Dalovardo - Ammarnäs,27995.5622778469,"{""OBJECTID"": 12348391, ""STATLIGLED"": ""AC 14"", ""STATLIGLEDNAMN"": ""Dalovardo - Ammarnäs"", ""SHAPE.LEN"": 27995.5622778469}",15.898134772445333,66.16120933290094,LineString,27995.562277846464,0.0,https://www.openstreetmap.org/?mlat=66.1612093&mlon=15.8981348#map=18/66.1612093/15.8981348,coordinate_fallback,,,statliga_leder
12348607,AC 20,Norrbottensgränsen - Ammarnäs (Kungsleden),10791.8582200987,"{""OBJECTID"": 12348607, ""STATLIGLED"": ""AC 20"", ""STATLIGLEDNAMN"": ""Norrbottensgränsen - Ammarnäs (Kungsleden)"", ""SHAPE.LEN"": 10791.8582200987}",16.251373078587417,66.0828467233928,LineString,10791.858220096085,0.0,https://www.openstreetmap.org/?mlat=66.0828467&mlon=16.2513731#map=18/66.0828467/16.2513731,coordinate_fallback,,,statliga_leder
12348606,AC 20,Norrbottensgränsen - Ammarnäs (Kungsleden),23400.2198931513,"{""OBJECTID"": 12348606, ""STATLIGLED"": ""AC 20"", ""STATLIGLEDNAMN"": ""Norrbottensgränsen - Ammarnäs (Kungsleden)"", ""SHAPE.LEN"": 23400.2198931513}",16.11971902649793,66.0316629723871,LineString,23400.219893157173,0.0,https://www.openstreetmap.org/?mlat=66.0316630&mlon=16.1197190#map=18/66.0316630/16.1197190,coordinate_fallback,,,statliga_leder
12344521,AC 20,Norrbottensgränsen - Ammarnäs (Kungsleden),888.609040687141,"{""OBJECTID"": 12344521, ""STATLIGLED"": ""AC 20"", ""STATLIGLEDNAMN"": ""Norrbottensgränsen - Ammarnäs (Kungsleden)"", ""SHAPE.LEN"": 888.609040687141}",16.252292332521318,66.03557951643208,LineString,888.6090406871587,0.0,https://www.openstreetmap.org/?mlat=66.0355795&mlon=16.2522923#map=18/66.0355795/16.2522923,coordinate_fallback,,,statliga_leder
12344520,AC 20,Norrbottensgränsen - Ammarnäs (Kungsleden),2908.89448576237,"{""OBJECTID"": 12344520, ""STATLIGLED"": ""AC 20"", ""STATLIGLEDNAMN"": ""Norrbottensgränsen - Ammarnäs (Kungsleden)"", ""SHAPE.LEN"": 2908.89448576237}",16.220978920629914,66.03848821240935,LineString,2908.8944857624356,0.0,https://www.openstreetmap.org/?mlat=66.0384882&mlon=16.2209789#map=18/66.0384882/16.2209789,coordinate_fallback,,,statliga_leder
12344694,AC 20,Norrbottensgränsen - Ammarnäs (Kungsleden),3160.79056977506,"{""OBJECTID"": 12344694, ""STATLIGLED"": ""AC 20"", ""STATLIGLEDNAMN"": ""Norrbottensgränsen - Ammarnäs (Kungsleden)"", ""SHAPE.LEN"": 3160.79056977506}",16.143195242859946,66.0853131933923,LineString,3160.7905697749875,0.0,https://www.openstreetmap.org/?mlat=66.0853132&mlon=16.1431952#map=18/66.0853132/16.1431952,coordinate_fallback,,,statliga_leder
12353855,AC 20,Norrbottensgränsen - Ammarnäs (Kungsleden),5205.29961943496,"{""OBJECTID"": 12353855, ""STATLIGLED"": ""AC 20"", ""STATLIGLEDNAMN"": ""Norrbottensgränsen - Ammarnäs (Kungsleden)"", ""SHAPE.LEN"": 5205.29961943496}",16.270057146298438,66.056060602838,LineString,5205.299619435771,0.0,https://www.openstreetmap.org/?mlat=66.0560606&mlon=16.2700571#map=18/66.0560606/16.2700571,coordinate_fallback,,,statliga_leder
12354075,AC 22,Tvärbäcken (led21) - Kraddsele,24398.0524528687,"{""OBJECTID"": 12354075, ""STATLIGLED"": ""AC 22"", ""STATLIGLEDNAMN"": ""Tvärbäcken (led21) - Kraddsele"", ""SHAPE.LEN"": 24398.0524528687}",16.510482831577402,65.95050546727893,LineString,24398.05245287627,0.0,https://www.openstreetmap.org/?mlat=65.9505055&mlon=16.5104828#map=18/65.9505055/16.5104828,coordinate_fallback,,,statliga_leder
12354291,AC 23,Kraddsele - Överstjuktan - Boksjö,46812.8065558867,"{""OBJECTID"": 12354291, ""STATLIGLED"": ""AC 23"", ""STATLIGLEDNAMN"": ""Kraddsele - Överstjuktan - Boksjö"", ""SHAPE.LEN"": 46812.8065558867}",16.190267962565542,65.72544738276983,LineString,46812.806555903655,0.0,https://www.openstreetmap.org/?mlat=65.7254474&mlon=16.1902680#map=18/65.7254474/16.1902680,coordinate_fallback,,,statliga_leder
12348608,AC 26,Atostugan - Skalmodal,4146.51043620394,"{""OBJECTID"": 12348608, ""STATLIGLED"": ""AC 26"", ""STATLIGLEDNAMN"": ""Atostugan - Skalmodal"", ""SHAPE.LEN"": 4146.51043620394}",14.605139921123033,65.66601680199176,LineString,4146.510436213654,0.0,https://www.openstreetmap.org/?mlat=65.6660168&mlon=14.6051399#map=18/65.6660168/14.6051399,coordinate_fallback,,,statliga_leder
12348567,AC 26,Atostugan - Skalmodal,32928.824610533,"{""OBJECTID"": 12348567, ""STATLIGLED"": ""AC 26"", ""STATLIGLEDNAMN"": ""Atostugan - Skalmodal"", ""SHAPE.LEN"": 32928.824610533}",14.561597260164891,65.51627776841909,LineString,32928.82461053849,0.0,https://www.openstreetmap.org/?mlat=65.5162778&mlon=14.5615973#map=18/65.5162778/14.5615973,coordinate_fallback,,,statliga_leder
12348715,AC 47,Marsfjällskåtan - Marsliden,2284.54311211795,"{""OBJECTID"": 12348715, ""STATLIGLED"": ""AC 47"", ""STATLIGLEDNAMN"": ""Marsfjällskåtan - Marsliden"", ""SHAPE.LEN"": 2284.54311211795}",15.357845893308006,65.10307226905998,LineString,2284.5431121167785,0.0,https://www.openstreetmap.org/?mlat=65.1030723&mlon=15.3578459#map=18/65.1030723/15.3578459,coordinate_fallback,,,statliga_leder
12348714,AC 47,Marsfjällskåtan - Marsliden,37.3939226661357,"{""OBJECTID"": 12348714, ""STATLIGLED"": ""AC 47"", ""STATLIGLEDNAMN"": ""Marsfjällskåtan - Marsliden"", ""SHAPE.LEN"": 37.3939226661357}",15.33139930441232,65.0857621083729,LineString,37.393922665087345,0.0,https://www.openstreetmap.org/?mlat=65.0857621&mlon=15.3313993#map=18/65.0857621/15.3313993,coordinate_fallback,,,statliga_leder
12348713,AC 47,Marsfjällskåtan - Marsliden,7138.38663721677,"{""OBJECTID"": 12348713, ""STATLIGLED"": ""AC 47"", ""STATLIGLEDNAMN"": ""Marsfjällskåtan - Marsliden"", ""SHAPE.LEN"": 7138.38663721677}",15.298892477107968,65.09767064198493,LineString,7138.386637215478,0.0,https://www.openstreetmap.org/?mlat=65.0976706&mlon=15.2988925#map=18/65.0976706/15.2988925,coordinate_fallback,,,statliga_leder
12348609,AC 47,Marsfjällskåtan - Marsliden,7466.22801391939,"{""OBJECTID"": 12348609, ""STATLIGLED"": ""AC 47"", ""STATLIGLEDNAMN"": ""Marsfjällskåtan - Marsliden"", ""SHAPE.LEN"": 7466.22801391939}",15.356799988974403,65.05644399364776,LineString,7466.228013917282,0.0,https://www.openstreetmap.org/?mlat=65.0564440&mlon=15.3568000#map=18/65.0564440/15.3568000,coordinate_fallback,,,statliga_leder
12348746,AC 47,Marsfjällskåtan - Marsliden,1929.595803588,"{""OBJECTID"": 12348746, ""STATLIGLED"": ""AC 47"", ""STATLIGLEDNAMN"": ""Marsfjällskåtan - Marsliden"", ""SHAPE.LEN"": 1929.595803588}",15.328478083776096,65.09272581097235,LineString,1929.5958035886547,0.0,https://www.openstreetmap.org/?mlat=65.0927258&mlon=15.3284781#map=18/65.0927258/15.3284781,coordinate_fallback,,,statliga_leder
12349049,AC 39,Stekenjokk - Ransarån - Klimpfjäll,17023.243575389,"{""OBJECTID"": 12349049, ""STATLIGLED"": ""AC 39"", ""STATLIGLEDNAMN"": ""Stekenjokk - Ransarån - Klimpfjäll"", ""SHAPE.LEN"": 17023.243575389}",14.47531943506202,65.15975786113005,LineString,17023.243575382498,0.0,https://www.openstreetmap.org/?mlat=65.1597579&mlon=14.4753194#map=18/65.1597579/14.4753194,coordinate_fallback,,,statliga_leder
12349008,AC 39,Stekenjokk - Ransarån - Klimpfjäll,1447.48325232396,"{""OBJECTID"": 12349008, ""STATLIGLED"": ""AC 39"", ""STATLIGLEDNAMN"": ""Stekenjokk - Ransarån - Klimpfjäll"", ""SHAPE.LEN"": 1447.48325232396}",14.572035941202731,65.17835491574692,LineString,1447.4832523257548,0.0,https://www.openstreetmap.org/?mlat=65.1783549&mlon=14.5720359#map=18/65.1783549/14.5720359,coordinate_fallback,,,statliga_leder
12348953,AC 39,Stekenjokk - Ransarån - Klimpfjäll,490.542798550716,"{""OBJECTID"": 12348953, ""STATLIGLED"": ""AC 39"", ""STATLIGLEDNAMN"": ""Stekenjokk - Ransarån - Klimpfjäll"", ""SHAPE.LEN"": 490.542798550716}",14.56721588149888,65.18658637150995,LineString,490.54279855110997,0.0,https://www.openstreetmap.org/?mlat=65.1865864&mlon=14.5672159#map=18/65.1865864/14.5672159,coordinate_fallback,,,statliga_leder
12351875,AC 39,Stekenjokk - Ransarån - Klimpfjäll,3048.50022756666,"{""OBJECTID"": 12351875, ""STATLIGLED"": ""AC 39"", ""STATLIGLEDNAMN"": ""Stekenjokk - Ransarån - Klimpfjäll"", ""SHAPE.LEN"": 3048.50022756666}",14.76951863143453,65.077312314056,LineString,3048.500227565549,0.0,https://www.openstreetmap.org/?mlat=65.0773123&mlon=14.7695186#map=18/65.0773123/14.7695186,coordinate_fallback,,,statliga_leder
12348210,AC 39,Stekenjokk - Ransarån - Klimpfjäll,14586.2194378684,"{""OBJECTID"": 12348210, ""STATLIGLED"": ""AC 39"", ""STATLIGLEDNAMN"": ""Stekenjokk - Ransarån - Klimpfjäll"", ""SHAPE.LEN"": 14586.2194378684}",14.673119169602685,65.13655815797684,LineString,14586.219437873207,0.0,https://www.openstreetmap.org/?mlat=65.1365582&mlon=14.6731192#map=18/65.1365582/14.6731192,coordinate_fallback,,,statliga_leder
12348359,AC 46,Blerikstugan - Marsfjällskåtan - Fatmomakke,16566.0903736872,"{""OBJECTID"": 12348359, ""STATLIGLED"": ""AC 46"", ""STATLIGLEDNAMN"": ""Blerikstugan - Marsfjällskåtan - Fatmomakke"", ""SHAPE.LEN"": 16566.0903736872}",15.266966154140766,65.117210836371,LineString,16566.0903736804,0.0,https://www.openstreetmap.org/?mlat=65.1172108&mlon=15.2669662#map=18/65.1172108/15.2669662,coordinate_fallback,,,statliga_leder
12349009,AC 40,Klimpfjäll - Slipsiken (länsgränsen),971.873793420976,"{""OBJECTID"": 12349009, ""STATLIGLED"": ""AC 40"", ""STATLIGLEDNAMN"": ""Klimpfjäll - Slipsiken (länsgränsen)"", ""SHAPE.LEN"": 971.873793420976}",14.711948601119097,64.98007367635017,LineString,971.8737934201646,0.0,https://www.openstreetmap.org/?mlat=64.9800737&mlon=14.7119486#map=18/64.9800737/14.7119486,coordinate_fallback,,,statliga_leder
12348954,AC 40,Klimpfjäll - Slipsiken (länsgränsen),8214.54344095379,"{""OBJECTID"": 12348954, ""STATLIGLED"": ""AC 40"", ""STATLIGLEDNAMN"": ""Klimpfjäll - Slipsiken (länsgränsen)"", ""SHAPE.LEN"": 8214.54344095379}",14.728973747991217,65.01769528206388,LineString,8214.543440952168,0.0,https://www.openstreetmap.org/?mlat=65.0176953&mlon=14.7289737#map=18/65.0176953/14.7289737,coordinate_fallback,,,statliga_leder
12348797,AC 28,Kanan - Virisen - Gränsjö,52222.0796022521,"{""OBJECTID"": 12348797, ""STATLIGLED"": ""AC 28"", ""STATLIGLEDNAMN"": ""Kanan - Virisen - Gränsjö"", ""SHAPE.LEN"": 52222.0796022521}",15.267357703652083,65.41055728049326,LineString,52222.07960225961,0.0,https://www.openstreetmap.org/?mlat=65.4105573&mlon=15.2673577#map=18/65.4105573/15.2673577,coordinate_fallback,,,statliga_leder
12351874,AC 30,Granån - (led 28) - Fättjaur,12091.3147008666,"{""OBJECTID"": 12351874, ""STATLIGLED"": ""AC 30"", ""STATLIGLEDNAMN"": ""Granån - (led 28) - Fättjaur"", ""SHAPE.LEN"": 12091.3147008666}",15.328280789907968,65.36881353509153,LineString,12091.314700868177,0.0,https://www.openstreetmap.org/?mlat=65.3688135&mlon=15.3282808#map=18/65.3688135/15.3282808,coordinate_fallback,,,statliga_leder
12351956,AC 34,Åtnikstugan - Remdalen,8626.76711115614,"{""OBJECTID"": 12351956, ""STATLIGLED"": ""AC 34"", ""STATLIGLEDNAMN"": ""Åtnikstugan - Remdalen"", ""SHAPE.LEN"": 8626.76711115614}",14.556387230189086,65.26844392046769,LineString,8626.767111157904,0.0,https://www.openstreetmap.org/?mlat=65.2684439&mlon=14.5563872#map=18/65.2684439/14.5563872,coordinate_fallback,,,statliga_leder
12349635,AC 38,Norska gränsen - Remdalen - Tjåkkolastugan,5172.22931903133,"{""OBJECTID"": 12349635, ""STATLIGLED"": ""AC 38"", ""STATLIGLEDNAMN"": ""Norska gränsen - Remdalen - Tjåkkolastugan"", ""SHAPE.LEN"": 5172.22931903133}",14.481887527829121,65.26700327973352,LineString,5172.229319032559,0.0,https://www.openstreetmap.org/?mlat=65.2670033&mlon=14.4818875#map=18/65.2670033/14.4818875,coordinate_fallback,,,statliga_leder
12349630,AC 38,Norska gränsen - Remdalen - Tjåkkolastugan,7744.96101996391,"{""OBJECTID"": 12349630, ""STATLIGLED"": ""AC 38"", ""STATLIGLEDNAMN"": ""Norska gränsen - Remdalen - Tjåkkolastugan"", ""SHAPE.LEN"": 7744.96101996391}",14.5364901629921,65.21721043799215,LineString,7744.961019961077,0.0,https://www.openstreetmap.org/?mlat=65.2172104&mlon=14.5364902#map=18/65.2172104/14.5364902,coordinate_fallback,,,statliga_leder
12350895,AC 27,Forsmark - Matsdal - Grönfjäll - Henriksfjäll,16990.2361029086,"{""OBJECTID"": 12350895, ""STATLIGLED"": ""AC 27"", ""STATLIGLEDNAMN"": ""Forsmark - Matsdal - Grönfjäll - Henriksfjäll"", ""SHAPE.LEN"": 16990.2361029086}",15.834418122318409,65.40778198449057,LineString,16990.236102912833,0.0,https://www.openstreetmap.org/?mlat=65.4077820&mlon=15.8344181#map=18/65.4077820/15.8344181,coordinate_fallback,,,statliga_leder
12354282,AC 27,Forsmark - Matsdal - Grönfjäll - Henriksfjäll,10953.1886474144,"{""OBJECTID"": 12354282, ""STATLIGLED"": ""AC 27"", ""STATLIGLEDNAMN"": ""Forsmark - Matsdal - Grönfjäll - Henriksfjäll"", ""SHAPE.LEN"": 10953.1886474144}",15.7575457452058,65.30290781596256,LineString,10953.188647421945,0.0,https://www.openstreetmap.org/?mlat=65.3029078&mlon=15.7575457#map=18/65.3029078/15.7575457,coordinate_fallback,,,statliga_leder
12348745,AC 29,Gränsjö - Vardofjäll - Åtnikstugan - Norska gränsen,21833.2593796897,"{""OBJECTID"": 12348745, ""STATLIGLED"": ""AC 29"", ""STATLIGLEDNAMN"": ""Gränsjö - Vardofjäll - Åtnikstugan - Norska gränsen"", ""SHAPE.LEN"": 21833.2593796897}",14.733452041859605,65.34060522649567,LineString,21833.259379684314,0.0,https://www.openstreetmap.org/?mlat=65.3406052&mlon=14.7334520#map=18/65.3406052/14.7334520,coordinate_fallback,,,statliga_leder
12348795,AC 36,Gielas - Ransarluspen,19135.1182894811,"{""OBJECTID"": 12348795, ""STATLIGLED"": ""AC 36"", ""STATLIGLEDNAMN"": ""Gielas - Ransarluspen"", ""SHAPE.LEN"": 19135.1182894811}",15.052904614798859,65.2531096490148,LineString,19135.11828948173,0.0,https://www.openstreetmap.org/?mlat=65.2531096&mlon=15.0529046#map=18/65.2531096/15.0529046,coordinate_fallback,,,statliga_leder
12348399,AC 43,Borkan - Fatmomakke,24859.2207764922,"{""OBJECTID"": 12348399, ""STATLIGLED"": ""AC 43"", ""STATLIGLEDNAMN"": ""Borkan - Fatmomakke"", ""SHAPE.LEN"": 24859.2207764922}",15.231667453490042,65.17594479013171,LineString,24859.22077648177,0.0,https://www.openstreetmap.org/?mlat=65.1759448&mlon=15.2316675#map=18/65.1759448/15.2316675,coordinate_fallback,,,statliga_leder
12354203,AC 44,Grönfjäll - Kittelfjäll - Svartbäcken,29610.1565888227,"{""OBJECTID"": 12354203, ""STATLIGLED"": ""AC 44"", ""STATLIGLEDNAMN"": ""Grönfjäll - Kittelfjäll - Svartbäcken"", ""SHAPE.LEN"": 29610.1565888227}",15.44579357234832,65.22101626233152,LineString,29610.15658882911,0.0,https://www.openstreetmap.org/?mlat=65.2210163&mlon=15.4457936#map=18/65.2210163/15.4457936,coordinate_fallback,,,statliga_leder
12350514,AC 49,Saxnäs - Mellanrissjön,26655.720004611,"{""OBJECTID"": 12350514, ""STATLIGLED"": ""AC 49"", ""STATLIGLEDNAMN"": ""Saxnäs - Mellanrissjön"", ""SHAPE.LEN"": 26655.720004611}",15.456621004534908,64.86264259683148,LineString,26655.720004607138,0.0,https://www.openstreetmap.org/?mlat=64.8626426&mlon=15.4566210#map=18/64.8626426/15.4566210,coordinate_fallback,,,statliga_leder
12344537,AC 45,V Klitvallsbäcken (led 27) - Klitvallen,8132.61966484399,"{""OBJECTID"": 12344537, ""STATLIGLED"": ""AC 45"", ""STATLIGLEDNAMN"": ""V Klitvallsbäcken (led 27) - Klitvallen"", ""SHAPE.LEN"": 8132.61966484399}",15.812332443080173,65.28630677078881,LineString,8132.619664837913,0.0,https://www.openstreetmap.org/?mlat=65.2863068&mlon=15.8123324#map=18/65.2863068/15.8123324,coordinate_fallback,,,statliga_leder
12348747,AC 48,Saxnäs - Borga,13788.2129787848,"{""OBJECTID"": 12348747, ""STATLIGLED"": ""AC 48"", ""STATLIGLEDNAMN"": ""Saxnäs - Borga"", ""SHAPE.LEN"": 13788.2129787848}",15.183938445936,64.90341009902124,LineString,13788.212978790578,0.0,https://www.openstreetmap.org/?mlat=64.9034101&mlon=15.1839384#map=18/64.9034101/15.1839384,coordinate_fallback,,,statliga_leder
12348212,AC 41,Tjåkkolastugan - Stekenjokk,7335.1326835828,"{""OBJECTID"": 12348212, ""STATLIGLED"": ""AC 41"", ""STATLIGLEDNAMN"": ""Tjåkkolastugan - Stekenjokk"", ""SHAPE.LEN"": 7335.1326835828}",14.553221517390156,65.14518161295763,LineString,7335.132683583812,0.0,https://www.openstreetmap.org/?mlat=65.1451816&mlon=14.5532215#map=18/65.1451816/14.5532215,coordinate_fallback,,,statliga_leder
12348211,AC 41,Tjåkkolastugan - Stekenjokk,1447.48325232396,"{""OBJECTID"": 12348211, ""STATLIGLED"": ""AC 41"", ""STATLIGLEDNAMN"": ""Tjåkkolastugan - Stekenjokk"", ""SHAPE.LEN"": 1447.48325232396}",14.572035941202731,65.17835491574692,LineString,1447.4832523257548,0.0,https://www.openstreetmap.org/?mlat=65.1783549&mlon=14.5720359#map=18/65.1783549/14.5720359,coordinate_fallback,,,statliga_leder
12352002,AC 35,Fättjaur (led 30) - Grönfjäll,21842.6896090321,"{""OBJECTID"": 12352002, ""STATLIGLED"": ""AC 35"", ""STATLIGLEDNAMN"": ""Fättjaur (led 30) - Grönfjäll"", ""SHAPE.LEN"": 21842.6896090321}",15.49026757595914,65.32846480252176,LineString,21842.6896090231,0.0,https://www.openstreetmap.org/?mlat=65.3284648&mlon=15.4902676#map=18/65.3284648/15.4902676,coordinate_fallback,,,statliga_leder
12349095,W 3,Jakobshöjden (led 1) - Foskros,1924.37235131779,"{""OBJECTID"": 12349095, ""STATLIGLED"": ""W 3"", ""STATLIGLEDNAMN"": ""Jakobshöjden (led 1) - Foskros"", ""SHAPE.LEN"": 1924.37235131779}",12.42389945031452,62.04619477351334,LineString,1924.3723513199009,0.0,https://www.openstreetmap.org/?mlat=62.0461948&mlon=12.4238995#map=18/62.0461948/12.4238995,coordinate_fallback,,,statliga_leder
12348915,W 3,Jakobshöjden (led 1) - Foskros,526.092463437673,"{""OBJECTID"": 12348915, ""STATLIGLED"": ""W 3"", ""STATLIGLEDNAMN"": ""Jakobshöjden (led 1) - Foskros"", ""SHAPE.LEN"": 526.092463437673}",12.404109760873572,62.0486830429394,LineString,526.092463436508,0.0,https://www.openstreetmap.org/?mlat=62.0486830&mlon=12.4041098#map=18/62.0486830/12.4041098,coordinate_fallback,,,statliga_leder
12354415,W 3,Jakobshöjden (led 1) - Foskros,3448.29646864757,"{""OBJECTID"": 12354415, ""STATLIGLED"": ""W 3"", ""STATLIGLEDNAMN"": ""Jakobshöjden (led 1) - Foskros"", ""SHAPE.LEN"": 3448.29646864757}",12.465859079763215,62.03306679401013,LineString,3448.2964686490072,0.0,https://www.openstreetmap.org/?mlat=62.0330668&mlon=12.4658591#map=18/62.0330668/12.4658591,coordinate_fallback,,,statliga_leder
12354414,W 3,Jakobshöjden (led 1) - Foskros,9676.08826208299,"{""OBJECTID"": 12354414, ""STATLIGLED"": ""W 3"", ""STATLIGLEDNAMN"": ""Jakobshöjden (led 1) - Foskros"", ""SHAPE.LEN"": 9676.08826208299}",12.576041021713452,62.016545546818655,LineString,9676.088262080775,0.0,https://www.openstreetmap.org/?mlat=62.0165455&mlon=12.5760410#map=18/62.0165455/12.5760410,coordinate_fallback,,,statliga_leder
12350958,AC 13,Syterstugorna - Norra Fjällnäs,19806.8105602657,"{""OBJECTID"": 12350958, ""STATLIGLED"": ""AC 13"", ""STATLIGLEDNAMN"": ""Syterstugorna - Norra Fjällnäs"", ""SHAPE.LEN"": 19806.8105602657}",15.478449287249456,65.820850456605,LineString,19806.810560268448,0.0,https://www.openstreetmap.org/?mlat=65.8208505&mlon=15.4784493#map=18/65.8208505/15.4784493,coordinate_fallback,,,statliga_leder
12354759,AC 12,Ö Syterbäcken (led 3) - Solberg,12749.3630183074,"{""OBJECTID"": 12354759, ""STATLIGLED"": ""AC 12"", ""STATLIGLEDNAMN"": ""Ö Syterbäcken (led 3) - Solberg"", ""SHAPE.LEN"": 12749.3630183074}",15.3449848115887,65.81034854005375,LineString,12749.363018305938,0.0,https://www.openstreetmap.org/?mlat=65.8103485&mlon=15.3449848#map=18/65.8103485/15.3449848,coordinate_fallback,,,statliga_leder
12349227,AC 16,Tärnasjöstugorna - Servestugan - Aigertstugan - Ammarnäs (Kungsleden),22057.7654118365,"{""OBJECTID"": 12349227, ""STATLIGLED"": ""AC 16"", ""STATLIGLEDNAMN"": ""Tärnasjöstugorna - Servestugan - Aigertstugan - Ammarnäs (Kungsleden)"", ""SHAPE.LEN"": 22057.7654118365}",15.978040350256608,65.93654900836735,LineString,22057.765411837267,0.0,https://www.openstreetmap.org/?mlat=65.9365490&mlon=15.9780404#map=18/65.9365490/15.9780404,coordinate_fallback,,,statliga_leder
12356012,AC 16,Tärnasjöstugorna - Servestugan - Aigertstugan - Ammarnäs (Kungsleden),4562.27390490767,"{""OBJECTID"": 12356012, ""STATLIGLED"": ""AC 16"", ""STATLIGLEDNAMN"": ""Tärnasjöstugorna - Servestugan - Aigertstugan - Ammarnäs (Kungsleden)"", ""SHAPE.LEN"": 4562.27390490767}",15.541672545465646,65.98601914251212,LineString,4562.273904909126,0.0,https://www.openstreetmap.org/?mlat=65.9860191&mlon=15.5416725#map=18/65.9860191/15.5416725,coordinate_fallback,,,statliga_leder
12356011,AC 14,Dalovardo - Ammarnäs,7549.2336822306,"{""OBJECTID"": 12356011, ""STATLIGLED"": ""AC 14"", ""STATLIGLEDNAMN"": ""Dalovardo - Ammarnäs"", ""SHAPE.LEN"": 7549.2336822306}",16.162247413099877,66.0710667341043,LineString,7549.233682232592,0.0,https://www.openstreetmap.org/?mlat=66.0710667&mlon=16.1622474#map=18/66.0710667/16.1622474,coordinate_fallback,,,statliga_leder
12356008,AC 14,Dalovardo - Ammarnäs,28069.2992215503,"{""OBJECTID"": 12356008, ""STATLIGLED"": ""AC 14"", ""STATLIGLEDNAMN"": ""Dalovardo - Ammarnäs"", ""SHAPE.LEN"": 28069.2992215503}",15.894072050310914,66.16172859954791,LineString,28069.299221546953,0.0,https://www.openstreetmap.org/?mlat=66.1617286&mlon=15.8940721#map=18/66.1617286/15.8940721,coordinate_fallback,,,statliga_leder
12355321,AC 9,Syterbäcken (led 3) - Klippen,4568.64294899756,"{""OBJECTID"": 12355321, ""STATLIGLED"": ""AC 9"", ""STATLIGLEDNAMN"": ""Syterbäcken (led 3) - Klippen"", ""SHAPE.LEN"": 4568.64294899756}",15.065870179597303,65.86091530082638,LineString,4568.642948997305,0.0,https://www.openstreetmap.org/?mlat=65.8609153&mlon=15.0658702#map=18/65.8609153/15.0658702,coordinate_fallback,,,statliga_leder
12355318,AC 7,Tärnasjö - Gurratsnjuone (led 13),8417.34358734079,"{""OBJECTID"": 12355318, ""STATLIGLED"": ""AC 7"", ""STATLIGLEDNAMN"": ""Tärnasjö - Gurratsnjuone (led 13)"", ""SHAPE.LEN"": 8417.34358734079}",15.485663123661315,65.88003475869164,LineString,8417.343587344401,0.0,https://www.openstreetmap.org/?mlat=65.8800348&mlon=15.4856631#map=18/65.8800348/15.4856631,coordinate_fallback,,,statliga_leder
12355322,AC 11,Dåresjukke (led 12) - Laisaliden,12672.9096546869,"{""OBJECTID"": 12355322, ""STATLIGLED"": ""AC 11"", ""STATLIGLEDNAMN"": ""Dåresjukke (led 12) - Laisaliden"", ""SHAPE.LEN"": 12672.9096546869}",15.251411166543202,65.80496415764789,LineString,12672.909654688003,0.0,https://www.openstreetmap.org/?mlat=65.8049642&mlon=15.2514112#map=18/65.8049642/15.2514112,coordinate_fallback,,,statliga_leder
12356010,AC 10,Hemavan Laisaliden,8088.38775654927,"{""OBJECTID"": 12356010, ""STATLIGLED"": ""AC 10"", ""STATLIGLEDNAMN"": ""Hemavan Laisaliden"", ""SHAPE.LEN"": 8088.38775654927}",15.147522446975834,65.80556251515374,LineString,8088.387756548694,0.0,https://www.openstreetmap.org/?mlat=65.8055625&mlon=15.1475224#map=18/65.8055625/15.1475224,coordinate_fallback,,,statliga_leder
12344700,AC 22,Tvärbäcken (led21) - Kraddsele,23185.7651644561,"{""OBJECTID"": 12344700, ""STATLIGLED"": ""AC 22"", ""STATLIGLEDNAMN"": ""Tvärbäcken (led21) - Kraddsele"", ""SHAPE.LEN"": 23185.7651644561}",16.510426931358257,65.95118972728378,LineString,23185.765164450575,0.0,https://www.openstreetmap.org/?mlat=65.9511897&mlon=16.5104269#map=18/65.9511897/16.5104269,coordinate_fallback,,,statliga_leder
12353886,AC 21,Norrbottensgränsen - Bräirajaure - Ammarnäs,22455.4592825397,"{""OBJECTID"": 12353886, ""STATLIGLED"": ""AC 21"", ""STATLIGLEDNAMN"": ""Norrbottensgränsen - Bräirajaure - Ammarnäs"", ""SHAPE.LEN"": 22455.4592825397}",16.450919125897364,66.00725644190587,LineString,22455.45928254573,0.0,https://www.openstreetmap.org/?mlat=66.0072564&mlon=16.4509191#map=18/66.0072564/16.4509191,coordinate_fallback,,,statliga_leder
12356056,AC 18,Tjulträsket - Vuometjåkke - Biellojaure,18723.7486585496,"{""OBJECTID"": 12356056, ""STATLIGLED"": ""AC 18"", ""STATLIGLEDNAMN"": ""Tjulträsket - Vuometjåkke - Biellojaure"", ""SHAPE.LEN"": 18723.7486585496}",15.809560784857565,65.86517970283657,LineString,18723.74865854902,0.0,https://www.openstreetmap.org/?mlat=65.8651797&mlon=15.8095608#map=18/65.8651797/15.8095608,coordinate_fallback,,,statliga_leder
12349107,AC 20,Norrbottensgränsen - Ammarnäs (Kungsleden),40873.0704247646,"{""OBJECTID"": 12349107, ""STATLIGLED"": ""AC 20"", ""STATLIGLEDNAMN"": ""Norrbottensgränsen - Ammarnäs (Kungsleden)"", ""SHAPE.LEN"": 40873.0704247646}",16.16857551963755,66.05244867264008,LineString,40873.070424773316,0.0,https://www.openstreetmap.org/?mlat=66.0524487&mlon=16.1685755#map=18/66.0524487/16.1685755,coordinate_fallback,,,statliga_leder
12356054,AC 17,Vuomejukke (led 16) - Lill och Stortjulträsket - Ammarnäs,10685.1809245708,"{""OBJECTID"": 12356054, ""STATLIGLED"": ""AC 17"", ""STATLIGLEDNAMN"": ""Vuomejukke (led 16) - Lill och Stortjulträsket - Ammarnäs"", ""SHAPE.LEN"": 10685.1809245708}",15.938348819054694,65.96930023549686,LineString,10685.180924566404,0.0,https://www.openstreetmap.org/?mlat=65.9693002&mlon=15.9383488#map=18/65.9693002/15.9383488,coordinate_fallback,,,statliga_leder
12349108,AC 20,Norrbottensgränsen - Ammarnäs (Kungsleden),12665.7460389517,"{""OBJECTID"": 12349108, ""STATLIGLED"": ""AC 20"", ""STATLIGLEDNAMN"": ""Norrbottensgränsen - Ammarnäs (Kungsleden)"", ""SHAPE.LEN"": 12665.7460389517}",16.268475244246954,66.06655434525358,LineString,12665.746038949192,0.0,https://www.openstreetmap.org/?mlat=66.0665543&mlon=16.2684752#map=18/66.0665543/16.2684752,coordinate_fallback,,,statliga_leder
12348179,AC 19,Guongenjukke (led 16) - Slätvik - Biellojaure - Biellojukke,6862.48080896763,"{""OBJECTID"": 12348179, ""STATLIGLED"": ""AC 19"", ""STATLIGLEDNAMN"": ""Guongenjukke (led 16) - Slätvik - Biellojaure - Biellojukke"", ""SHAPE.LEN"": 6862.48080896763}",15.653617186647063,65.78366523526198,LineString,6862.480808967716,0.0,https://www.openstreetmap.org/?mlat=65.7836652&mlon=15.6536172#map=18/65.7836652/15.6536172,coordinate_fallback,,,statliga_leder
12348178,AC 19,Guongenjukke (led 16) - Slätvik - Biellojaure - Biellojukke,9475.65935779147,"{""OBJECTID"": 12348178, ""STATLIGLED"": ""AC 19"", ""STATLIGLEDNAMN"": ""Guongenjukke (led 16) - Slätvik - Biellojaure - Biellojukke"", ""SHAPE.LEN"": 9475.65935779147}",16.080295640691126,65.78826658910545,LineString,9475.659357793364,0.0,https://www.openstreetmap.org/?mlat=65.7882666&mlon=16.0802956#map=18/65.7882666/16.0802956,coordinate_fallback,,,statliga_leder
12355633,AC 1,Riksgränsen - Vindelkroken - Dalovardo - Tärnasjöstugorna,15805.833563566,"{""OBJECTID"": 12355633, ""STATLIGLED"": ""AC 1"", ""STATLIGLEDNAMN"": ""Riksgränsen - Vindelkroken - Dalovardo - Tärnasjöstugorna"", ""SHAPE.LEN"": 15805.833563566}",15.590944170187718,66.2459428416224,LineString,15805.833563569675,0.0,https://www.openstreetmap.org/?mlat=66.2459428&mlon=15.5909442#map=18/66.2459428/15.5909442,coordinate_fallback,,,statliga_leder
12355632,AC 1,Riksgränsen - Vindelkroken - Dalovardo - Tärnasjöstugorna,27049.3885585497,"{""OBJECTID"": 12355632, ""STATLIGLED"": ""AC 1"", ""STATLIGLEDNAMN"": ""Riksgränsen - Vindelkroken - Dalovardo - Tärnasjöstugorna"", ""SHAPE.LEN"": 27049.3885585497}",15.565636939887836,66.08916383783641,LineString,27049.388558550105,0.0,https://www.openstreetmap.org/?mlat=66.0891638&mlon=15.5656369#map=18/66.0891638/15.5656369,coordinate_fallback,,,statliga_leder
12351239,AC 24,Överstjuktan - Brånaberg,28369.3136396873,"{""OBJECTID"": 12351239, ""STATLIGLED"": ""AC 24"", ""STATLIGLEDNAMN"": ""Överstjuktan - Brånaberg"", ""SHAPE.LEN"": 28369.3136396873}",16.180557614586657,65.67596035270819,LineString,28369.313639685628,0.0,https://www.openstreetmap.org/?mlat=65.6759604&mlon=16.1805576#map=18/65.6759604/16.1805576,coordinate_fallback,,,statliga_leder
12353939,AC 3,Syterstugorna - Viterskalstugan - Hemavan,3422.1254276789,"{""OBJECTID"": 12353939, ""STATLIGLED"": ""AC 3"", ""STATLIGLEDNAMN"": ""Syterstugorna - Viterskalstugan - Hemavan"", ""SHAPE.LEN"": 3422.1254276789}",15.071453426594589,65.84466430660238,LineString,3422.125427680625,0.0,https://www.openstreetmap.org/?mlat=65.8446643&mlon=15.0714534#map=18/65.8446643/15.0714534,coordinate_fallback,,,statliga_leder
12348183,AC 25,Gåsbäcken (led 19) - Överstjuktan,17138.2213727629,"{""OBJECTID"": 12348183, ""STATLIGLED"": ""AC 25"", ""STATLIGLEDNAMN"": ""Gåsbäcken (led 19) - Överstjuktan"", ""SHAPE.LEN"": 17138.2213727629}",16.210752895461038,65.83103887846731,LineString,17138.22137276343,0.0,https://www.openstreetmap.org/?mlat=65.8310389&mlon=16.2107529#map=18/65.8310389/16.2107529,coordinate_fallback,,,statliga_leder
12354385,AC 28,Kanan - Virisen - Gränsjö,34803.7078557515,"{""OBJECTID"": 12354385, ""STATLIGLED"": ""AC 28"", ""STATLIGLEDNAMN"": ""Kanan - Virisen - Gränsjö"", ""SHAPE.LEN"": 34803.7078557515}",15.095811245866603,65.42109848514792,LineString,34803.707855760505,0.0,https://www.openstreetmap.org/?mlat=65.4210985&mlon=15.0958112#map=18/65.4210985/15.0958112,coordinate_fallback,,,statliga_leder
12345126,AC 27,Forsmark - Matsdal - Grönfjäll - Henriksfjäll,16481.42860151,"{""OBJECTID"": 12345126, ""STATLIGLED"": ""AC 27"", ""STATLIGLEDNAMN"": ""Forsmark - Matsdal - Grönfjäll - Henriksfjäll"", ""SHAPE.LEN"": 16481.42860151}",15.836937636708816,65.40888875982824,LineString,16481.42860151291,0.0,https://www.openstreetmap.org/?mlat=65.4088888&mlon=15.8369376#map=18/65.4088888/15.8369376,coordinate_fallback,,,statliga_leder
12349279,AC 34,Åtnikstugan - Remdalen,8320.09089154872,"{""OBJECTID"": 12349279, ""STATLIGLED"": ""AC 34"", ""STATLIGLEDNAMN"": ""Åtnikstugan - Remdalen"", ""SHAPE.LEN"": 8320.09089154872}",14.557122554882305,65.26859354155994,LineString,8320.090891548623,0.0,https://www.openstreetmap.org/?mlat=65.2685935&mlon=14.5571226#map=18/65.2685935/14.5571226,coordinate_fallback,,,statliga_leder
12351027,AC 33,Vardofjäll - Ljusliden,12958.3722606542,"{""OBJECTID"": 12351027, ""STATLIGLED"": ""AC 33"", ""STATLIGLEDNAMN"": ""Vardofjäll - Ljusliden"", ""SHAPE.LEN"": 12958.3722606542}",14.834302301731812,65.28829451821474,LineString,12958.372260653017,0.0,https://www.openstreetmap.org/?mlat=65.2882945&mlon=14.8343023#map=18/65.2882945/14.8343023,coordinate_fallback,,,statliga_leder
12350845,AC 36,Gielas - Ransarluspen,18544.2241073412,"{""OBJECTID"": 12350845, ""STATLIGLED"": ""AC 36"", ""STATLIGLEDNAMN"": ""Gielas - Ransarluspen"", ""SHAPE.LEN"": 18544.2241073412}",15.053608528116746,65.25188112538751,LineString,18544.224107342037,0.0,https://www.openstreetmap.org/?mlat=65.2518811&mlon=15.0536085#map=18/65.2518811/15.0536085,coordinate_fallback,,,statliga_leder
12350844,AC 36,Gielas - Ransarluspen,18990.6056896762,"{""OBJECTID"": 12350844, ""STATLIGLED"": ""AC 36"", ""STATLIGLEDNAMN"": ""Gielas - Ransarluspen"", ""SHAPE.LEN"": 18990.6056896762}",15.052996097151151,65.25313143347378,LineString,18990.60568967161,0.0,https://www.openstreetmap.org/?mlat=65.2531314&mlon=15.0529961#map=18/65.2531314/15.0529961,coordinate_fallback,,,statliga_leder
12351113,AC 36,Gielas - Ransarluspen,404.779772876561,"{""OBJECTID"": 12351113, ""STATLIGLED"": ""AC 36"", ""STATLIGLEDNAMN"": ""Gielas - Ransarluspen"", ""SHAPE.LEN"": 404.779772876561}",15.053636384289664,65.23099802007249,LineString,404.7797728758797,0.0,https://www.openstreetmap.org/?mlat=65.2309980&mlon=15.0536364#map=18/65.2309980/15.0536364,coordinate_fallback,,,statliga_leder
12352263,AC 35,Fättjaur (led 30) - Grönfjäll,23352.7873718859,"{""OBJECTID"": 12352263, ""STATLIGLED"": ""AC 35"", ""STATLIGLEDNAMN"": ""Fättjaur (led 30) - Grönfjäll"", ""SHAPE.LEN"": 23352.7873718859}",15.50172579916371,65.32852144840749,LineString,23352.787371893428,0.0,https://www.openstreetmap.org/?mlat=65.3285214&mlon=15.5017258#map=18/65.3285214/15.5017258,coordinate_fallback,,,statliga_leder
12345129,AC 30,Granån - (led 28) - Fättjaur,2005.49122003752,"{""OBJECTID"": 12345129, ""STATLIGLED"": ""AC 30"", ""STATLIGLEDNAMN"": ""Granån - (led 28) - Fättjaur"", ""SHAPE.LEN"": 2005.49122003752}",15.300246419785339,65.35763225539627,LineString,2005.4912200373692,0.0,https://www.openstreetmap.org/?mlat=65.3576323&mlon=15.3002464#map=18/65.3576323/15.3002464,coordinate_fallback,,,statliga_leder
12345128,AC 30,Granån - (led 28) - Fättjaur,6613.54848957858,"{""OBJECTID"": 12345128, ""STATLIGLED"": ""AC 30"", ""STATLIGLEDNAMN"": ""Granån - (led 28) - Fättjaur"", ""SHAPE.LEN"": 6613.54848957858}",15.346995817110816,65.38371707541145,LineString,6613.548489581209,0.0,https://www.openstreetmap.org/?mlat=65.3837171&mlon=15.3469958#map=18/65.3837171/15.3469958,coordinate_fallback,,,statliga_leder
12345127,AC 30,Granån - (led 28) - Fättjaur,3467.60762238504,"{""OBJECTID"": 12345127, ""STATLIGLED"": ""AC 30"", ""STATLIGLEDNAMN"": ""Granån - (led 28) - Fättjaur"", ""SHAPE.LEN"": 3467.60762238504}",15.293999421956762,65.335394332642,LineString,3467.6076223869486,0.0,https://www.openstreetmap.org/?mlat=65.3353943&mlon=15.2939994#map=18/65.3353943/15.2939994,coordinate_fallback,,,statliga_leder
12352546,AC 29,Gränsjö - Vardofjäll - Åtnikstugan - Norska gränsen,20577.9436699871,"{""OBJECTID"": 12352546, ""STATLIGLED"": ""AC 29"", ""STATLIGLEDNAMN"": ""Gränsjö - Vardofjäll - Åtnikstugan - Norska gränsen"", ""SHAPE.LEN"": 20577.9436699871}",14.727302680326826,65.33529377292454,LineString,20577.943669982855,0.0,https://www.openstreetmap.org/?mlat=65.3352938&mlon=14.7273027#map=18/65.3352938/14.7273027,coordinate_fallback,,,statliga_leder
12354030,AC 32,Gielas - Gottern,9314.28645514897,"{""OBJECTID"": 12354030, ""STATLIGLED"": ""AC 32"", ""STATLIGLEDNAMN"": ""Gielas - Gottern"", ""SHAPE.LEN"": 9314.28645514897}",14.969476637960296,65.33383810292331,LineString,9314.286455147994,0.0,https://www.openstreetmap.org/?mlat=65.3338381&mlon=14.9694766#map=18/65.3338381/14.9694766,coordinate_fallback,,,statliga_leder
12345300,AC 31,Virisen - Silisen (led 30),3620.63426989354,"{""OBJECTID"": 12345300, ""STATLIGLED"": ""AC 31"", ""STATLIGLEDNAMN"": ""Virisen - Silisen (led 30)"", ""SHAPE.LEN"": 3620.63426989354}",15.29499493906812,65.3811111949176,LineString,3620.6342698936846,0.0,https://www.openstreetmap.org/?mlat=65.3811112&mlon=15.2949949#map=18/65.3811112/15.2949949,coordinate_fallback,,,statliga_leder
12352284,AC 39,Stekenjokk - Ransarån - Klimpfjäll,6227.92035860962,"{""OBJECTID"": 12352284, ""STATLIGLED"": ""AC 39"", ""STATLIGLEDNAMN"": ""Stekenjokk - Ransarån - Klimpfjäll"", ""SHAPE.LEN"": 6227.92035860962}",14.55068628972707,65.14186065734735,LineString,6227.920358608635,0.0,https://www.openstreetmap.org/?mlat=65.1418607&mlon=14.5506863#map=18/65.1418607/14.5506863,coordinate_fallback,,,statliga_leder
12352284,AC 41,Tjåkkolastugan - Stekenjokk,6227.92035860962,"{""OBJECTID"": 12352284, ""STATLIGLED"": ""AC 41"", ""STATLIGLEDNAMN"": ""Tjåkkolastugan - Stekenjokk"", ""SHAPE.LEN"": 6227.92035860962}",14.55068628972707,65.14186065734735,LineString,6227.920358608635,0.0,https://www.openstreetmap.org/?mlat=65.1418607&mlon=14.5506863#map=18/65.1418607/14.5506863,coordinate_fallback,,,statliga_leder
12354828,AC 40,Klimpfjäll - Slipsiken (länsgränsen),982.463259737056,"{""OBJECTID"": 12354828, ""STATLIGLED"": ""AC 40"", ""STATLIGLEDNAMN"": ""Klimpfjäll - Slipsiken (länsgränsen)"", ""SHAPE.LEN"": 982.463259737056}",14.711627266992124,64.9802011610806,LineString,982.4632597392723,0.0,https://www.openstreetmap.org/?mlat=64.9802012&mlon=14.7116273#map=18/64.9802012/14.7116273,coordinate_fallback,,,statliga_leder
12344837,AC 40,Klimpfjäll - Slipsiken (länsgränsen),8127.6527532311,"{""OBJECTID"": 12344837, ""STATLIGLED"": ""AC 40"", ""STATLIGLEDNAMN"": ""Klimpfjäll - Slipsiken (länsgränsen)"", ""SHAPE.LEN"": 8127.6527532311}",14.728349386544094,65.0203419461129,LineString,8127.652753227694,0.0,https://www.openstreetmap.org/?mlat=65.0203419&mlon=14.7283494#map=18/65.0203419/14.7283494,coordinate_fallback,,,statliga_leder
12353988,AC 42,Ransaren - Durrenstugan,24367.9383129259,"{""OBJECTID"": 12353988, ""STATLIGLED"": ""AC 42"", ""STATLIGLEDNAMN"": ""Ransaren - Durrenstugan"", ""SHAPE.LEN"": 24367.9383129259}",14.88678485375265,65.18795155777693,LineString,24367.938312927366,0.0,https://www.openstreetmap.org/?mlat=65.1879516&mlon=14.8867849#map=18/65.1879516/14.8867849,coordinate_fallback,,,statliga_leder
12344768,AC 38,Norska gränsen - Remdalen - Tjåkkolastugan,7390.1848077164,"{""OBJECTID"": 12344768, ""STATLIGLED"": ""AC 38"", ""STATLIGLEDNAMN"": ""Norska gränsen - Remdalen - Tjåkkolastugan"", ""SHAPE.LEN"": 7390.1848077164}",14.5251610552888,65.218848529734,LineString,7390.184807718339,0.0,https://www.openstreetmap.org/?mlat=65.2188485&mlon=14.5251611#map=18/65.2188485/14.5251611,coordinate_fallback,,,statliga_leder
12344767,AC 38,Norska gränsen - Remdalen - Tjåkkolastugan,4612.45536434683,"{""OBJECTID"": 12344767, ""STATLIGLED"": ""AC 38"", ""STATLIGLEDNAMN"": ""Norska gränsen - Remdalen - Tjåkkolastugan"", ""SHAPE.LEN"": 4612.45536434683}",14.479823678668286,65.26824058407391,LineString,4612.455364345379,0.0,https://www.openstreetmap.org/?mlat=65.2682406&mlon=14.4798237#map=18/65.2682406/14.4798237,coordinate_fallback,,,statliga_leder
12351112,AC 21,Norrbottensgränsen - Bräirajaure - Ammarnäs,16223.779878548,"{""OBJECTID"": 12351112, ""STATLIGLED"": ""AC 21"", ""STATLIGLEDNAMN"": ""Norrbottensgränsen - Bräirajaure - Ammarnäs"", ""SHAPE.LEN"": 16223.779878548}",16.514635727402663,66.02115520068044,LineString,16223.779878546493,0.0,https://www.openstreetmap.org/?mlat=66.0211552&mlon=16.5146357#map=18/66.0211552/16.5146357,coordinate_fallback,,,statliga_leder
12349276,AC 37,Ransarviken (led 36) - Ljusliden - Tjåkkolastugan,4893.60032763771,"{""OBJECTID"": 12349276, ""STATLIGLED"": ""AC 37"", ""STATLIGLEDNAMN"": ""Ransarviken (led 36) - Ljusliden - Tjåkkolastugan"", ""SHAPE.LEN"": 4893.60032763771}",15.00340107618345,65.28977898593735,LineString,4893.600327637682,0.0,https://www.openstreetmap.org/?mlat=65.2897790&mlon=15.0034011#map=18/65.2897790/15.0034011,coordinate_fallback,,,statliga_leder
12354763,AC 37,Ransarviken (led 36) - Ljusliden - Tjåkkolastugan,706.303403724773,"{""OBJECTID"": 12354763, ""STATLIGLED"": ""AC 37"", ""STATLIGLEDNAMN"": ""Ransarviken (led 36) - Ljusliden - Tjåkkolastugan"", ""SHAPE.LEN"": 706.303403724773}",15.004659849678411,65.2674389635028,LineString,706.303403724145,0.0,https://www.openstreetmap.org/?mlat=65.2674390&mlon=15.0046598#map=18/65.2674390/15.0046598,coordinate_fallback,,,statliga_leder
12354762,AC 37,Ransarviken (led 36) - Ljusliden - Tjåkkolastugan,24843.8998989172,"{""OBJECTID"": 12354762, ""STATLIGLED"": ""AC 37"", ""STATLIGLEDNAMN"": ""Ransarviken (led 36) - Ljusliden - Tjåkkolastugan"", ""SHAPE.LEN"": 24843.8998989172}",14.784537914277843,65.22434095001775,LineString,24843.899898915482,0.0,https://www.openstreetmap.org/?mlat=65.2243410&mlon=14.7845379#map=18/65.2243410/14.7845379,coordinate_fallback,,,statliga_leder
12352594,AC 39,Stekenjokk - Ransarån - Klimpfjäll,5903.11539644393,"{""OBJECTID"": 12352594, ""STATLIGLED"": ""AC 39"", ""STATLIGLEDNAMN"": ""Stekenjokk - Ransarån - Klimpfjäll"", ""SHAPE.LEN"": 5903.11539644393}",14.748526681353797,65.06641563278998,LineString,5903.11539644373,0.0,https://www.openstreetmap.org/?mlat=65.0664156&mlon=14.7485267#map=18/65.0664156/14.7485267,coordinate_fallback,,,statliga_leder
12351723,AC 48,Saxnäs - Borga,7452.95467539075,"{""OBJECTID"": 12351723, ""STATLIGLED"": ""AC 48"", ""STATLIGLEDNAMN"": ""Saxnäs - Borga"", ""SHAPE.LEN"": 7452.95467539075}",15.28503640811351,64.93531696049496,LineString,7452.954675389665,0.0,https://www.openstreetmap.org/?mlat=64.9353170&mlon=15.2850364#map=18/64.9353170/15.2850364,coordinate_fallback,,,statliga_leder
12355323,AC 6,Umasjöstugorna - Syterstugorna,16141.7242486142,"{""OBJECTID"": 12355323, ""STATLIGLED"": ""AC 6"", ""STATLIGLEDNAMN"": ""Umasjöstugorna - Syterstugorna"", ""SHAPE.LEN"": 16141.7242486142}",15.284115071700782,65.95089222100167,LineString,16141.724248615612,0.0,https://www.openstreetmap.org/?mlat=65.9508922&mlon=15.2841151#map=18/65.9508922/15.2841151,coordinate_fallback,,,statliga_leder
12348177,AC 5,Umasjö - Tärnasjön - Seitäk (led 16),2996.66081918612,"{""OBJECTID"": 12348177, ""STATLIGLED"": ""AC 5"", ""STATLIGLEDNAMN"": ""Umasjö - Tärnasjön - Seitäk (led 16)"", ""SHAPE.LEN"": 2996.66081918612}",15.129024346380577,65.98986291343235,LineString,2996.6608191839887,0.0,https://www.openstreetmap.org/?mlat=65.9898629&mlon=15.1290243#map=18/65.9898629/15.1290243,coordinate_fallback,,,statliga_leder
12348176,AC 5,Umasjö - Tärnasjön - Seitäk (led 16),18885.5445160327,"{""OBJECTID"": 12348176, ""STATLIGLED"": ""AC 5"", ""STATLIGLEDNAMN"": ""Umasjö - Tärnasjön - Seitäk (led 16)"", ""SHAPE.LEN"": 18885.5445160327}",15.331698879734578,66.00915419366154,LineString,18885.544516034846,0.0,https://www.openstreetmap.org/?mlat=66.0091542&mlon=15.3316989#map=18/66.0091542/15.3316989,coordinate_fallback,,,statliga_leder
12348175,AC 5,Umasjö - Tärnasjön - Seitäk (led 16),6781.56418072783,"{""OBJECTID"": 12348175, ""STATLIGLED"": ""AC 5"", ""STATLIGLEDNAMN"": ""Umasjö - Tärnasjön - Seitäk (led 16)"", ""SHAPE.LEN"": 6781.56418072783}",15.538049615272334,66.00036775468872,LineString,6781.564180726552,0.0,https://www.openstreetmap.org/?mlat=66.0003678&mlon=15.5380496#map=18/66.0003678/15.5380496,coordinate_fallback,,,statliga_leder
12356009,AC 5,Umasjö - Tärnasjön - Seitäk (led 16),1393.73972796613,"{""OBJECTID"": 12356009, ""STATLIGLED"": ""AC 5"", ""STATLIGLEDNAMN"": ""Umasjö - Tärnasjön - Seitäk (led 16)"", ""SHAPE.LEN"": 1393.73972796613}",15.084391096498189,65.9878339750843,LineString,1393.7397279652637,0.0,https://www.openstreetmap.org/?mlat=65.9878340&mlon=15.0843911#map=18/65.9878340/15.0843911,coordinate_fallback,,,statliga_leder
12351026,AC 43,Borkan - Fatmomakke,22477.2963215921,"{""OBJECTID"": 12351026, ""STATLIGLED"": ""AC 43"", ""STATLIGLEDNAMN"": ""Borkan - Fatmomakke"", ""SHAPE.LEN"": 22477.2963215921}",15.251726114839343,65.18403864885197,LineString,22477.296321589376,0.0,https://www.openstreetmap.org/?mlat=65.1840386&mlon=15.2517261#map=18/65.1840386/15.2517261,coordinate_fallback,,,statliga_leder
12352545,AC 47,Marsfjällskåtan - Marsliden,11112.7674762362,"{""OBJECTID"": 12352545, ""STATLIGLED"": ""AC 47"", ""STATLIGLEDNAMN"": ""Marsfjällskåtan - Marsliden"", ""SHAPE.LEN"": 11112.7674762362}",15.33078319433765,65.07235333524605,LineString,11112.767476235496,0.0,https://www.openstreetmap.org/?mlat=65.0723533&mlon=15.3307832#map=18/65.0723533/15.3307832,coordinate_fallback,,,statliga_leder
12350680,AC 46,Blerikstugan - Marsfjällskåtan - Fatmomakke,17053.9709944991,"{""OBJECTID"": 12350680, ""STATLIGLED"": ""AC 46"", ""STATLIGLEDNAMN"": ""Blerikstugan - Marsfjällskåtan - Fatmomakke"", ""SHAPE.LEN"": 17053.9709944991}",15.264930726631347,65.11842801172058,LineString,17053.970994498817,0.0,https://www.openstreetmap.org/?mlat=65.1184280&mlon=15.2649307#map=18/65.1184280/15.2649307,coordinate_fallback,,,statliga_leder
12351876,AC 44,Grönfjäll - Kittelfjäll - Svartbäcken,6410.15198104917,"{""OBJECTID"": 12351876, ""STATLIGLED"": ""AC 44"", ""STATLIGLEDNAMN"": ""Grönfjäll - Kittelfjäll - Svartbäcken"", ""SHAPE.LEN"": 6410.15198104917}",15.42481895115158,65.18522471178473,LineString,6410.15198104812,0.0,https://www.openstreetmap.org/?mlat=65.1852247&mlon=15.4248190#map=18/65.1852247/15.4248190,coordinate_fallback,,,statliga_leder
12351645,AC 44,Grönfjäll - Kittelfjäll - Svartbäcken,5498.84785888952,"{""OBJECTID"": 12351645, ""STATLIGLED"": ""AC 44"", ""STATLIGLEDNAMN"": ""Grönfjäll - Kittelfjäll - Svartbäcken"", ""SHAPE.LEN"": 5498.84785888952}",15.310286209289012,65.17526781581738,LineString,5498.847858889851,0.0,https://www.openstreetmap.org/?mlat=65.1752678&mlon=15.3102862#map=18/65.1752678/15.3102862,coordinate_fallback,,,statliga_leder
12351644,AC 44,Grönfjäll - Kittelfjäll - Svartbäcken,1835.02805059576,"{""OBJECTID"": 12351644, ""STATLIGLED"": ""AC 44"", ""STATLIGLEDNAMN"": ""Grönfjäll - Kittelfjäll - Svartbäcken"", ""SHAPE.LEN"": 1835.02805059576}",15.493900463973002,65.20170737693473,LineString,1835.028050596275,0.0,https://www.openstreetmap.org/?mlat=65.2017074&mlon=15.4939005#map=18/65.2017074/15.4939005,coordinate_fallback,,,statliga_leder
12351643,AC 44,Grönfjäll - Kittelfjäll - Svartbäcken,7143.34348047052,"{""OBJECTID"": 12351643, ""STATLIGLED"": ""AC 44"", ""STATLIGLEDNAMN"": ""Grönfjäll - Kittelfjäll - Svartbäcken"", ""SHAPE.LEN"": 7143.34348047052}",15.420973167504052,65.19060327481037,LineString,7143.343480472515,0.0,https://www.openstreetmap.org/?mlat=65.1906033&mlon=15.4209732#map=18/65.1906033/15.4209732,coordinate_fallback,,,statliga_leder
12355394,AC 2,Tärnasjöstugorna - Syterstugorna (Kungsleden),11336.6422685269,"{""OBJECTID"": 12355394, ""STATLIGLED"": ""AC 2"", ""STATLIGLEDNAMN"": ""Tärnasjöstugorna - Syterstugorna (Kungsleden)"", ""SHAPE.LEN"": 11336.6422685269}",15.485583281381642,65.94084878664401,LineString,11336.642268529517,0.0,https://www.openstreetmap.org/?mlat=65.9408488&mlon=15.4855833#map=18/65.9408488/15.4855833,coordinate_fallback,,,statliga_leder
12353938,AC 3,Syterstugorna - Viterskalstugan - Hemavan,17555.4758112302,"{""OBJECTID"": 12353938, ""STATLIGLED"": ""AC 3"", ""STATLIGLEDNAMN"": ""Syterstugorna - Viterskalstugan - Hemavan"", ""SHAPE.LEN"": 17555.4758112302}",15.240892312239279,65.87757419921901,LineString,17555.475811232445,0.0,https://www.openstreetmap.org/?mlat=65.8775742&mlon=15.2408923#map=18/65.8775742/15.2408923,coordinate_fallback,,,statliga_leder
12348182,AC 16,Tärnasjöstugorna - Servestugan - Aigertstugan - Ammarnäs (Kungsleden),3366.98626726768,"{""OBJECTID"": 12348182, ""STATLIGLED"": ""AC 16"", ""STATLIGLEDNAMN"": ""Tärnasjöstugorna - Servestugan - Aigertstugan - Ammarnäs (Kungsleden)"", ""SHAPE.LEN"": 3366.98626726768}",16.184818155073632,65.93912924336779,LineString,3366.9862672715462,0.0,https://www.openstreetmap.org/?mlat=65.9391292&mlon=16.1848182#map=18/65.9391292/16.1848182,coordinate_fallback,,,statliga_leder
12356013,AC 16,Tärnasjöstugorna - Servestugan - Aigertstugan - Ammarnäs (Kungsleden),11785.3633944945,"{""OBJECTID"": 12356013, ""STATLIGLED"": ""AC 16"", ""STATLIGLEDNAMN"": ""Tärnasjöstugorna - Servestugan - Aigertstugan - Ammarnäs (Kungsleden)"", ""SHAPE.LEN"": 11785.3633944945}",15.69093398349276,65.96879386519412,LineString,11785.363394499465,0.0,https://www.openstreetmap.org/?mlat=65.9687939&mlon=15.6909340#map=18/65.9687939/15.6909340,coordinate_fallback,,,statliga_leder
12356014,AC 17,Vuomejukke (led 16) - Lill och Stortjulträsket - Ammarnäs,13627.4336781735,"{""OBJECTID"": 12356014, ""STATLIGLED"": ""AC 17"", ""STATLIGLEDNAMN"": ""Vuomejukke (led 16) - Lill och Stortjulträsket - Ammarnäs"", ""SHAPE.LEN"": 13627.4336781735}",15.971415284312618,65.96465525299165,LineString,13627.433678174815,0.0,https://www.openstreetmap.org/?mlat=65.9646553&mlon=15.9714153#map=18/65.9646553/15.9714153,coordinate_fallback,,,statliga_leder
12356025,AC 19,Guongenjukke (led 16) - Slätvik - Biellojaure - Biellojukke,7030.56802153948,"{""OBJECTID"": 12356025, ""STATLIGLED"": ""AC 19"", ""STATLIGLEDNAMN"": ""Guongenjukke (led 16) - Slätvik - Biellojaure - Biellojukke"", ""SHAPE.LEN"": 7030.56802153948}",15.655403538780366,65.77867989306277,LineString,7030.568021540159,0.0,https://www.openstreetmap.org/?mlat=65.7786799&mlon=15.6554035#map=18/65.7786799/15.6554035,coordinate_fallback,,,statliga_leder
12356015,AC 19,Guongenjukke (led 16) - Slätvik - Biellojaure - Biellojukke,19137.6206734995,"{""OBJECTID"": 12356015, ""STATLIGLED"": ""AC 19"", ""STATLIGLEDNAMN"": ""Guongenjukke (led 16) - Slätvik - Biellojaure - Biellojukke"", ""SHAPE.LEN"": 19137.6206734995}",16.093337045436293,65.819983302408,LineString,19137.620673494795,0.0,https://www.openstreetmap.org/?mlat=65.8199833&mlon=16.0933370#map=18/65.8199833/16.0933370,coordinate_fallback,,,statliga_leder
12353622,AC 38,Norska gränsen - Remdalen - Tjåkkolastugan,1688.2288787418,"{""OBJECTID"": 12353622, ""STATLIGLED"": ""AC 38"", ""STATLIGLEDNAMN"": ""Norska gränsen - Remdalen - Tjåkkolastugan"", ""SHAPE.LEN"": 1688.2288787418}",14.558633156089758,65.18888882309126,LineString,1688.2288787403706,0.0,https://www.openstreetmap.org/?mlat=65.1888888&mlon=14.5586332#map=18/65.1888888/14.5586332,coordinate_fallback,,,statliga_leder
12353072,AC 23,Kraddsele - Överstjuktan - Boksjö,21053.2025196063,"{""OBJECTID"": 12353072, ""STATLIGLED"": ""AC 23"", ""STATLIGLEDNAMN"": ""Kraddsele - Överstjuktan - Boksjö"", ""SHAPE.LEN"": 21053.2025196063}",16.376519070206943,65.75179772055796,LineString,21053.20251961286,0.0,https://www.openstreetmap.org/?mlat=65.7517977&mlon=16.3765191#map=18/65.7517977/16.3765191,coordinate_fallback,,,statliga_leder
12353940,AC 23,Kraddsele - Överstjuktan - Boksjö,2586.50554994218,"{""OBJECTID"": 12353940, ""STATLIGLED"": ""AC 23"", ""STATLIGLEDNAMN"": ""Kraddsele - Överstjuktan - Boksjö"", ""SHAPE.LEN"": 2586.50554994218}",16.47107357831064,65.84271930926167,LineString,2586.5055499417995,0.0,https://www.openstreetmap.org/?mlat=65.8427193&mlon=16.4710736#map=18/65.8427193/16.4710736,coordinate_fallback,,,statliga_leder
12348682,AC 52,Rödingträsket - Metsjöarna - Suojale (AC 24) (ny),13389.8290696586,"{""OBJECTID"": 12348682, ""STATLIGLED"": ""AC 52"", ""STATLIGLEDNAMN"": ""Rödingträsket - Metsjöarna - Suojale (AC 24) (ny)"", ""SHAPE.LEN"": 13389.8290696586}",16.247825752306323,65.61243747350825,LineString,13389.82906965659,0.0,https://www.openstreetmap.org/?mlat=65.6124375&mlon=16.2478258#map=18/65.6124375/16.2478258,coordinate_fallback,,,statliga_leder
12353888,AC 52,Rödingträsket - Metsjöarna - Suojale (AC 24) (ny),5630.59117155697,"{""OBJECTID"": 12353888, ""STATLIGLED"": ""AC 52"", ""STATLIGLEDNAMN"": ""Rödingträsket - Metsjöarna - Suojale (AC 24) (ny)"", ""SHAPE.LEN"": 5630.59117155697}",16.31440151347188,65.54719125346237,LineString,5630.591171554714,0.0,https://www.openstreetmap.org/?mlat=65.5471913&mlon=16.3144015#map=18/65.5471913/16.3144015,coordinate_fallback,,,statliga_leder
12353887,AC 52,Rödingträsket - Metsjöarna - Suojale (AC 24) (ny),5352.79997918693,"{""OBJECTID"": 12353887, ""STATLIGLED"": ""AC 52"", ""STATLIGLEDNAMN"": ""Rödingträsket - Metsjöarna - Suojale (AC 24) (ny)"", ""SHAPE.LEN"": 5352.79997918693}",16.346050298061417,65.58203270684257,LineString,5352.799979186669,0.0,https://www.openstreetmap.org/?mlat=65.5820327&mlon=16.3460503#map=18/65.5820327/16.3460503,coordinate_fallback,,,statliga_leder
12349191,AC 53,Boksjö - Giemtsjön - Vatjosjön (AC 19) (ny),12930.9806442442,"{""OBJECTID"": 12349191, ""STATLIGLED"": ""AC 53"", ""STATLIGLEDNAMN"": ""Boksjö - Giemtsjön - Vatjosjön (AC 19) (ny)"", ""SHAPE.LEN"": 12930.9806442442}",15.82807546251196,65.72387028938833,LineString,12930.980644241235,0.0,https://www.openstreetmap.org/?mlat=65.7238703&mlon=15.8280755#map=18/65.7238703/15.8280755,coordinate_fallback,,,statliga_leder
12354387,AC 53,Boksjö - Giemtsjön - Vatjosjön (AC 19) (ny),14511.725563895,"{""OBJECTID"": 12354387, ""STATLIGLED"": ""AC 53"", ""STATLIGLEDNAMN"": ""Boksjö - Giemtsjön - Vatjosjön (AC 19) (ny)"", ""SHAPE.LEN"": 14511.725563895}",15.91989145311885,65.6706732840136,LineString,14511.725563898617,0.0,https://www.openstreetmap.org/?mlat=65.6706733&mlon=15.9198915#map=18/65.6706733/15.9198915,coordinate_fallback,,,statliga_leder
12354827,AC 54,Grytsjö - Rissjön (AC 44) (ny),23528.5286317136,"{""OBJECTID"": 12354827, ""STATLIGLED"": ""AC 54"", ""STATLIGLEDNAMN"": ""Grytsjö - Rissjön (AC 44) (ny)"", ""SHAPE.LEN"": 23528.5286317136}",15.524839259980968,65.10892663428291,LineString,23528.528631707686,0.0,https://www.openstreetmap.org/?mlat=65.1089266&mlon=15.5248393#map=18/65.1089266/15.5248393,coordinate_fallback,,,statliga_leder
12351174,AC 55,Blaikliden - Korssjön - Valliegietjie (ny),12577.7816127228,"{""OBJECTID"": 12351174, ""STATLIGLED"": ""AC 55"", ""STATLIGLEDNAMN"": ""Blaikliden - Korssjön - Valliegietjie (ny)"", ""SHAPE.LEN"": 12577.7816127228}",15.667994527941163,65.07268034587074,LineString,12577.781612719626,0.0,https://www.openstreetmap.org/?mlat=65.0726803&mlon=15.6679945#map=18/65.0726803/15.6679945,coordinate_fallback,,,statliga_leder
12351858,BD 25,Abiskojaure - Unna Allakas,18072.4767048448,"{""OBJECTID"": 12351858, ""STATLIGLED"": ""BD 25"", ""STATLIGLEDNAMN"": ""Abiskojaure - Unna Allakas"", ""SHAPE.LEN"": 18072.4767048448}",18.377440433258595,68.22864867447466,LineString,18072.47670484648,0.0,https://www.openstreetmap.org/?mlat=68.2286487&mlon=18.3774404#map=18/68.2286487/18.3774404,coordinate_fallback,,,statliga_leder
12352119,BD 25,Abiskojaure - Unna Allakas,1025.043864788,"{""OBJECTID"": 12352119, ""STATLIGLED"": ""BD 25"", ""STATLIGLEDNAMN"": ""Abiskojaure - Unna Allakas"", ""SHAPE.LEN"": 1025.043864788}",18.191249692843982,68.20803849008568,LineString,1025.0438647880828,0.0,https://www.openstreetmap.org/?mlat=68.2080385&mlon=18.1912497#map=18/68.2080385/18.1912497,coordinate_fallback,,,statliga_leder
12352368,AC 39,Stekenjokk - Ransarån - Klimpfjäll,13907.256090449,"{""OBJECTID"": 12352368, ""STATLIGLED"": ""AC 39"", ""STATLIGLEDNAMN"": ""Stekenjokk - Ransarån - Klimpfjäll"", ""SHAPE.LEN"": 13907.256090449}",14.676050223015269,65.1394655869004,LineString,13907.256090449624,0.0,https://www.openstreetmap.org/?mlat=65.1394656&mlon=14.6760502#map=18/65.1394656/14.6760502,coordinate_fallback,,,statliga_leder
12352285,AC 39,Stekenjokk - Ransarån - Klimpfjäll,2753.0021049614,"{""OBJECTID"": 12352285, ""STATLIGLED"": ""AC 39"", ""STATLIGLEDNAMN"": ""Stekenjokk - Ransarån - Klimpfjäll"", ""SHAPE.LEN"": 2753.0021049614}",14.775816950880857,65.0796659801861,LineString,2753.002104962407,0.0,https://www.openstreetmap.org/?mlat=65.0796660&mlon=14.7758170#map=18/65.0796660/14.7758170,coordinate_fallback,,,statliga_leder
12352547,AC 56,Jämtlandsgränsen - Stekenjokk - Saxån (AC 41) (ny),7084.25997474123,"{""OBJECTID"": 12352547, ""STATLIGLED"": ""AC 56"", ""STATLIGLEDNAMN"": ""Jämtlandsgränsen - Stekenjokk - Saxån (AC 41) (ny)"", ""SHAPE.LEN"": 7084.25997474123}",14.472235781818254,65.09934359524158,LineString,7084.259974741962,0.0,https://www.openstreetmap.org/?mlat=65.0993436&mlon=14.4722358#map=18/65.0993436/14.4722358,coordinate_fallback,,,statliga_leder
12351957,AC 33,Vardofjäll - Ljusliden,12967.613038649,"{""OBJECTID"": 12351957, ""STATLIGLED"": ""AC 33"", ""STATLIGLEDNAMN"": ""Vardofjäll - Ljusliden"", ""SHAPE.LEN"": 12967.613038649}",14.833366366967494,65.28849228484947,LineString,12967.613038645597,0.0,https://www.openstreetmap.org/?mlat=65.2884923&mlon=14.8333664#map=18/65.2884923/14.8333664,coordinate_fallback,,,statliga_leder
12349432,AC 37,Ransarviken (led 36) - Ljusliden - Tjåkkolastugan,24728.4341866615,"{""OBJECTID"": 12349432, ""STATLIGLED"": ""AC 37"", ""STATLIGLEDNAMN"": ""Ransarviken (led 36) - Ljusliden - Tjåkkolastugan"", ""SHAPE.LEN"": 24728.4341866615}",14.784315532428574,65.22434912398639,LineString,24728.434186660335,0.0,https://www.openstreetmap.org/?mlat=65.2243491&mlon=14.7843155#map=18/65.2243491/14.7843155,coordinate_fallback,,,statliga_leder
12353840,BD 1,Gappohyttan - Pältsa,10968.1618701474,"{""OBJECTID"": 12353840, ""STATLIGLED"": ""BD 1"", ""STATLIGLEDNAMN"": ""Gappohyttan - Pältsa"", ""SHAPE.LEN"": 10968.1618701474}",20.315363943472747,69.0155856601608,LineString,10968.16187015417,0.0,https://www.openstreetmap.org/?mlat=69.0155857&mlon=20.3153639#map=18/69.0155857/20.3153639,coordinate_fallback,,,statliga_leder
12349113,BD 2,Treriksröset - Pältsa,4242.27009792814,"{""OBJECTID"": 12349113, ""STATLIGLED"": ""BD 2"", ""STATLIGLEDNAMN"": ""Treriksröset - Pältsa"", ""SHAPE.LEN"": 4242.27009792814}",20.52564265047648,69.04714956000718,LineString,4242.270097931489,0.0,https://www.openstreetmap.org/?mlat=69.0471496&mlon=20.5256427#map=18/69.0471496/20.5256427,coordinate_fallback,,,statliga_leder
12349111,BD 2,Treriksröset - Pältsa,9164.13166852068,"{""OBJECTID"": 12349111, ""STATLIGLED"": ""BD 2"", ""STATLIGLEDNAMN"": ""Treriksröset - Pältsa"", ""SHAPE.LEN"": 9164.13166852068}",20.44582777686363,68.9952147251304,LineString,9164.131668518321,0.0,https://www.openstreetmap.org/?mlat=68.9952147&mlon=20.4458278#map=18/68.9952147/20.4458278,coordinate_fallback,,,statliga_leder
12349131,BD 3,Koltoluokta - leden Treriksröset - Pältsa,4700.75173204496,"{""OBJECTID"": 12349131, ""STATLIGLED"": ""BD 3"", ""STATLIGLEDNAMN"": ""Koltoluokta - leden Treriksröset - Pältsa"", ""SHAPE.LEN"": 4700.75173204496}",20.562541482903466,69.04077372244214,LineString,4700.751732042937,0.0,https://www.openstreetmap.org/?mlat=69.0407737&mlon=20.5625415#map=18/69.0407737/20.5625415,coordinate_fallback,,,statliga_leder
12355108,BD 4,Treriksröset - Nilsivaara,2999.2184727318,"{""OBJECTID"": 12355108, ""STATLIGLED"": ""BD 4"", ""STATLIGLEDNAMN"": ""Treriksröset - Nilsivaara"", ""SHAPE.LEN"": 2999.2184727318}",20.577912489283932,69.05217283411528,LineString,2999.218472729922,0.0,https://www.openstreetmap.org/?mlat=69.0521728&mlon=20.5779125#map=18/69.0521728/20.5779125,coordinate_fallback,,,statliga_leder
12355172,BD 4,Treriksröset - Nilsivaara,16408.5103352769,"{""OBJECTID"": 12355172, ""STATLIGLED"": ""BD 4"", ""STATLIGLEDNAMN"": ""Treriksröset - Nilsivaara"", ""SHAPE.LEN"": 16408.5103352769}",20.703458086253956,68.99011123562362,LineString,16408.5103352787,0.0,https://www.openstreetmap.org/?mlat=68.9901112&mlon=20.7034581#map=18/68.9901112/20.7034581,coordinate_fallback,,,statliga_leder
12349139,BD 5,Pältsa - Kummavuopio (Keinovuopio),5088.80811399138,"{""OBJECTID"": 12349139, ""STATLIGLED"": ""BD 5"", ""STATLIGLEDNAMN"": ""Pältsa - Kummavuopio (Keinovuopio)"", ""SHAPE.LEN"": 5088.80811399138}",20.81521092794153,68.91124114064775,LineString,5088.808113990016,0.0,https://www.openstreetmap.org/?mlat=68.9112411&mlon=20.8152109#map=18/68.9112411/20.8152109,coordinate_fallback,,,statliga_leder
12349138,BD 5,Pältsa - Kummavuopio (Keinovuopio),18682.857796047,"{""OBJECTID"": 12349138, ""STATLIGLED"": ""BD 5"", ""STATLIGLEDNAMN"": ""Pältsa - Kummavuopio (Keinovuopio)"", ""SHAPE.LEN"": 18682.857796047}",20.56522272908672,68.94153262745587,LineString,18682.857796054905,0.0,https://www.openstreetmap.org/?mlat=68.9415326&mlon=20.5652227#map=18/68.9415326/20.5652227,coordinate_fallback,,,statliga_leder
12354829,BD 9,Keinovuopio - Pulsujärvi,10094.6971471846,"{""OBJECTID"": 12354829, ""STATLIGLED"": ""BD 9"", ""STATLIGLEDNAMN"": ""Keinovuopio - Pulsujärvi"", ""SHAPE.LEN"": 10094.6971471846}",20.95445737881192,68.85512031429924,LineString,10094.697147179026,0.0,https://www.openstreetmap.org/?mlat=68.8551203&mlon=20.9544574#map=18/68.8551203/20.9544574,coordinate_fallback,,,statliga_leder
12354028,AC 21,Norrbottensgränsen - Bräirajaure - Ammarnäs,22445.6146297097,"{""OBJECTID"": 12354028, ""STATLIGLED"": ""AC 21"", ""STATLIGLEDNAMN"": ""Norrbottensgränsen - Bräirajaure - Ammarnäs"", ""SHAPE.LEN"": 22445.6146297097}",16.450946746893436,66.00726221009798,LineString,22445.6146297159,0.0,https://www.openstreetmap.org/?mlat=66.0072622&mlon=16.4509467#map=18/66.0072622/16.4509467,coordinate_fallback,,,statliga_leder
12349095,W 3,Jakobshöjden (led 1) - Foskros,1924.37235131779,"{""OBJECTID"": 12349095, ""STATLIGLED"": ""W 3"", ""STATLIGLEDNAMN"": ""Jakobshöjden (led 1) - Foskros"", ""SHAPE.LEN"": 1924.37235131779}",12.42389945031452,62.04619477351334,LineString,1924.3723513199009,0.0,https://www.openstreetmap.org/?mlat=62.0461948&mlon=12.4238995#map=18/62.0461948/12.4238995,coordinate_fallback,,,statliga_leder
12348915,W 3,Jakobshöjden (led 1) - Foskros,526.092463437673,"{""OBJECTID"": 12348915, ""STATLIGLED"": ""W 3"", ""STATLIGLEDNAMN"": ""Jakobshöjden (led 1) - Foskros"", ""SHAPE.LEN"": 526.092463437673}",12.404109760873572,62.0486830429394,LineString,526.092463436508,0.0,https://www.openstreetmap.org/?mlat=62.0486830&mlon=12.4041098#map=18/62.0486830/12.4041098,coordinate_fallback,,,statliga_leder
12351105,W 3,Jakobshöjden (led 1) - Foskros,3887.75191787729,"{""OBJECTID"": 12351105, ""STATLIGLED"": ""W 3"", ""STATLIGLEDNAMN"": ""Jakobshöjden (led 1) - Foskros"", ""SHAPE.LEN"": 3887.75191787729}",12.37492734776027,62.093450940376634,LineString,3887.7519178780612,0.0,https://www.openstreetmap.org/?mlat=62.0934509&mlon=12.3749273#map=18/62.0934509/12.3749273,coordinate_fallback,,,statliga_leder
12351104,W 3,Jakobshöjden (led 1) - Foskros,1344.2686763988,"{""OBJECTID"": 12351104, ""STATLIGLED"": ""W 3"", ""STATLIGLEDNAMN"": ""Jakobshöjden (led 1) - Foskros"", ""SHAPE.LEN"": 1344.2686763988}",12.351985495192167,62.11246245404027,LineString,1344.2686763986603,0.0,https://www.openstreetmap.org/?mlat=62.1124625&mlon=12.3519855#map=18/62.1124625/12.3519855,coordinate_fallback,,,statliga_leder
12354416,W 3,Jakobshöjden (led 1) - Foskros,211.994282504408,"{""OBJECTID"": 12354416, ""STATLIGLED"": ""W 3"", ""STATLIGLEDNAMN"": ""Jakobshöjden (led 1) - Foskros"", ""SHAPE.LEN"": 211.994282504408}",12.409997271374545,62.05027092390956,LineString,211.994282504672,0.0,https://www.openstreetmap.org/?mlat=62.0502709&mlon=12.4099973#map=18/62.0502709/12.4099973,coordinate_fallback,,,statliga_leder
12354415,W 3,Jakobshöjden (led 1) - Foskros,3448.29646864757,"{""OBJECTID"": 12354415, ""STATLIGLED"": ""W 3"", ""STATLIGLEDNAMN"": ""Jakobshöjden (led 1) - Foskros"", ""SHAPE.LEN"": 3448.29646864757}",12.465859079763215,62.03306679401013,LineString,3448.2964686490072,0.0,https://www.openstreetmap.org/?mlat=62.0330668&mlon=12.4658591#map=18/62.0330668/12.4658591,coordinate_fallback,,,statliga_leder
12354414,W 3,Jakobshöjden (led 1) - Foskros,9676.08826208299,"{""OBJECTID"": 12354414, ""STATLIGLED"": ""W 3"", ""STATLIGLEDNAMN"": ""Jakobshöjden (led 1) - Foskros"", ""SHAPE.LEN"": 9676.08826208299}",12.576041021713452,62.016545546818655,LineString,9676.088262080775,0.0,https://www.openstreetmap.org/?mlat=62.0165455&mlon=12.5760410#map=18/62.0165455/12.5760410,coordinate_fallback,,,statliga_leder
12344498,W 3,Jakobshöjden (led 1) - Foskros,2101.03525253225,"{""OBJECTID"": 12344498, ""STATLIGLED"": ""W 3"", ""STATLIGLEDNAMN"": ""Jakobshöjden (led 1) - Foskros"", ""SHAPE.LEN"": 2101.03525253225}",12.409612055100373,62.072234433365246,LineString,2101.035252532437,0.0,https://www.openstreetmap.org/?mlat=62.0722344&mlon=12.4096121#map=18/62.0722344/12.4096121,coordinate_fallback,,,statliga_leder
12344646,W 3,Jakobshöjden (led 1) - Foskros,688.62633256187,"{""OBJECTID"": 12344646, ""STATLIGLED"": ""W 3"", ""STATLIGLEDNAMN"": ""Jakobshöjden (led 1) - Foskros"", ""SHAPE.LEN"": 688.62633256187}",12.421203879555364,62.06232244331241,LineString,688.6263325632546,0.0,https://www.openstreetmap.org/?mlat=62.0623224&mlon=12.4212039#map=18/62.0623224/12.4212039,coordinate_fallback,,,statliga_leder
12344645,W 3,Jakobshöjden (led 1) - Foskros,1055.40856575671,"{""OBJECTID"": 12344645, ""STATLIGLED"": ""W 3"", ""STATLIGLEDNAMN"": ""Jakobshöjden (led 1) - Foskros"", ""SHAPE.LEN"": 1055.40856575671}",12.41574549046635,62.05510024603139,LineString,1055.4085657580233,0.0,https://www.openstreetmap.org/?mlat=62.0551002&mlon=12.4157455#map=18/62.0551002/12.4157455,coordinate_fallback,,,statliga_leder
12344686,W 2,Länsgränsen (via Våndsjön) - Hävlingestugorna,3077.31065280953,"{""OBJECTID"": 12344686, ""STATLIGLED"": ""W 2"", ""STATLIGLEDNAMN"": ""Länsgränsen (via Våndsjön) - Hävlingestugorna"", ""SHAPE.LEN"": 3077.31065280953}",12.349214698083918,62.24314604629804,LineString,3077.3106528061044,0.0,https://www.openstreetmap.org/?mlat=62.2431460&mlon=12.3492147#map=18/62.2431460/12.3492147,coordinate_fallback,,,statliga_leder
12344685,W 2,Länsgränsen (via Våndsjön) - Hävlingestugorna,5540.30661782657,"{""OBJECTID"": 12344685, ""STATLIGLED"": ""W 2"", ""STATLIGLEDNAMN"": ""Länsgränsen (via Våndsjön) - Hävlingestugorna"", ""SHAPE.LEN"": 5540.30661782657}",12.368644866408458,62.20876070632111,LineString,5540.306617825332,0.0,https://www.openstreetmap.org/?mlat=62.2087607&mlon=12.3686449#map=18/62.2087607/12.3686449,coordinate_fallback,,,statliga_leder
12344625,BD 7,Kummavoupio - Vuoskojaure - Laimoviken,76790.3515053867,"{""OBJECTID"": 12344625, ""STATLIGLED"": ""BD 7"", ""STATLIGLEDNAMN"": ""Kummavoupio - Vuoskojaure - Laimoviken"", ""SHAPE.LEN"": 76790.3515053867}",20.47868868146638,68.65515468616086,LineString,76790.3515053828,0.0,https://www.openstreetmap.org/?mlat=68.6551547&mlon=20.4786887#map=18/68.6551547/20.4786887,coordinate_fallback,,,statliga_leder
12344618,BD 7,Kummavoupio - Vuoskojaure - Laimoviken,13446.1368211917,"{""OBJECTID"": 12344618, ""STATLIGLED"": ""BD 7"", ""STATLIGLEDNAMN"": ""Kummavoupio - Vuoskojaure - Laimoviken"", ""SHAPE.LEN"": 13446.1368211917}",19.94604876784303,68.35015549903405,LineString,13446.13682119394,0.0,https://www.openstreetmap.org/?mlat=68.3501555&mlon=19.9460488#map=18/68.3501555/19.9460488,coordinate_fallback,,,statliga_leder
12344676,BD 11,Vuoskojaure - Järämä,40814.1877993559,"{""OBJECTID"": 12344676, ""STATLIGLED"": ""BD 11"", ""STATLIGLEDNAMN"": ""Vuoskojaure - Järämä"", ""SHAPE.LEN"": 40814.1877993559}",20.52551810455806,68.37552421469525,LineString,40814.18779934821,0.0,https://www.openstreetmap.org/?mlat=68.3755242&mlon=20.5255181#map=18/68.3755242/20.5255181,coordinate_fallback,,,statliga_leder
12354896,BD 12,Vuoskojaure - Kattuvouma,12732.9584033045,"{""OBJECTID"": 12354896, ""STATLIGLED"": ""BD 12"", ""STATLIGLEDNAMN"": ""Vuoskojaure - Kattuvouma"", ""SHAPE.LEN"": 12732.9584033045}",19.992982229254128,68.32462194704938,LineString,12732.958403305303,0.0,https://www.openstreetmap.org/?mlat=68.3246219&mlon=19.9929822#map=18/68.3246219/19.9929822,coordinate_fallback,,,statliga_leder
12354895,BD 12,Vuoskojaure - Kattuvouma,140.212421717544,"{""OBJECTID"": 12354895, ""STATLIGLED"": ""BD 12"", ""STATLIGLEDNAMN"": ""Vuoskojaure - Kattuvouma"", ""SHAPE.LEN"": 140.212421717544}",20.075814753213,68.37152144276446,LineString,140.2124217165776,0.0,https://www.openstreetmap.org/?mlat=68.3715214&mlon=20.0758148#map=18/68.3715214/20.0758148,coordinate_fallback,,,statliga_leder
12350792,BD 16,"Norska gränsen - Tornehamn, Njuoraätno - Njuorajaure",11390.092173939,"{""OBJECTID"": 12350792, ""STATLIGLED"": ""BD 16"", ""STATLIGLEDNAMN"": ""Norska gränsen - Tornehamn, Njuoraätno - Njuorajaure"", ""SHAPE.LEN"": 11390.092173939}",18.611903031779548,68.460455833932,LineString,11390.092173944005,0.0,https://www.openstreetmap.org/?mlat=68.4604558&mlon=18.6119030#map=18/68.4604558/18.6119030,coordinate_fallback,,,statliga_leder
12347794,BD 16A,Kopparåsen - Vadvetjåkka nationalpark,9935.72685881317,"{""OBJECTID"": 12347794, ""STATLIGLED"": ""BD 16A"", ""STATLIGLEDNAMN"": ""Kopparåsen - Vadvetjåkka nationalpark"", ""SHAPE.LEN"": 9935.72685881317}",18.4571530021173,68.4646161211732,LineString,9935.726858811038,0.0,https://www.openstreetmap.org/?mlat=68.4646161&mlon=18.4571530#map=18/68.4646161/18.4571530,coordinate_fallback,,,statliga_leder
12354566,BD 17,Riksgränsen - Njuorajaure - Norska gränsen,14645.1688854107,"{""OBJECTID"": 12354566, ""STATLIGLED"": ""BD 17"", ""STATLIGLEDNAMN"": ""Riksgränsen - Njuorajaure - Norska gränsen"", ""SHAPE.LEN"": 14645.1688854107}",18.151392817501712,68.4858700588076,LineString,14645.168885413395,0.0,https://www.openstreetmap.org/?mlat=68.4858701&mlon=18.1513928#map=18/68.4858701/18.1513928,coordinate_fallback,,,statliga_leder
12347819,BD 18,Låktatjåkka - Måndalen - Abisko,21558.9889766362,"{""OBJECTID"": 12347819, ""STATLIGLED"": ""BD 18"", ""STATLIGLEDNAMN"": ""Låktatjåkka - Måndalen - Abisko"", ""SHAPE.LEN"": 21558.9889766362}",18.476374427096534,68.39016487686737,LineString,21558.988976631674,0.0,https://www.openstreetmap.org/?mlat=68.3901649&mlon=18.4763744#map=18/68.3901649/18.4763744,coordinate_fallback,,,statliga_leder
12347793,BD 18,Låktatjåkka - Måndalen - Abisko,6124.80376865526,"{""OBJECTID"": 12347793, ""STATLIGLED"": ""BD 18"", ""STATLIGLEDNAMN"": ""Låktatjåkka - Måndalen - Abisko"", ""SHAPE.LEN"": 6124.80376865526}",18.71172666007527,68.3640023564793,LineString,6124.803768653738,0.0,https://www.openstreetmap.org/?mlat=68.3640024&mlon=18.7117267#map=18/68.3640024/18.7117267,coordinate_fallback,,,statliga_leder
12350838,BD 18,Låktatjåkka - Måndalen - Abisko,330.745241405408,"{""OBJECTID"": 12350838, ""STATLIGLED"": ""BD 18"", ""STATLIGLEDNAMN"": ""Låktatjåkka - Måndalen - Abisko"", ""SHAPE.LEN"": 330.745241405408}",18.777649716888128,68.35891585641888,LineString,330.74524140852134,0.0,https://www.openstreetmap.org/?mlat=68.3589159&mlon=18.7776497#map=18/68.3589159/18.7776497,coordinate_fallback,,,statliga_leder
12350837,BD 18,Låktatjåkka - Måndalen - Abisko,733.942562867224,"{""OBJECTID"": 12350837, ""STATLIGLED"": ""BD 18"", ""STATLIGLEDNAMN"": ""Låktatjåkka - Måndalen - Abisko"", ""SHAPE.LEN"": 733.942562867224}",18.76986242860258,68.35741115277807,LineString,733.9425628704744,0.0,https://www.openstreetmap.org/?mlat=68.3574112&mlon=18.7698624#map=18/68.3574112/18.7698624,coordinate_fallback,,,statliga_leder
12350839,BD 19,Björkliden - Kårsavagge,3360.65705409141,"{""OBJECTID"": 12350839, ""STATLIGLED"": ""BD 19"", ""STATLIGLEDNAMN"": ""Björkliden - Kårsavagge"", ""SHAPE.LEN"": 3360.65705409141}",18.670216112992822,68.39372006704609,LineString,3360.657054092822,0.0,https://www.openstreetmap.org/?mlat=68.3937201&mlon=18.6702161#map=18/68.3937201/18.6702161,coordinate_fallback,,,statliga_leder
12349186,BD 20,Kuoblavagge - Kårsavagge - Abisko,12416.7556653375,"{""OBJECTID"": 12349186, ""STATLIGLED"": ""BD 20"", ""STATLIGLEDNAMN"": ""Kuoblavagge - Kårsavagge - Abisko"", ""SHAPE.LEN"": 12416.7556653375}",18.635097516451093,68.33994385887968,LineString,12416.755665349272,0.0,https://www.openstreetmap.org/?mlat=68.3399439&mlon=18.6350975#map=18/68.3399439/18.6350975,coordinate_fallback,,,statliga_leder
12344531,BD 20,Kuoblavagge - Kårsavagge - Abisko,330.745241405408,"{""OBJECTID"": 12344531, ""STATLIGLED"": ""BD 20"", ""STATLIGLEDNAMN"": ""Kuoblavagge - Kårsavagge - Abisko"", ""SHAPE.LEN"": 330.745241405408}",18.777649716888128,68.35891585641888,LineString,330.74524140852134,0.0,https://www.openstreetmap.org/?mlat=68.3589159&mlon=18.7776497#map=18/68.3589159/18.7776497,coordinate_fallback,,,statliga_leder
12344530,BD 20,Kuoblavagge - Kårsavagge - Abisko,733.942562867224,"{""OBJECTID"": 12344530, ""STATLIGLED"": ""BD 20"", ""STATLIGLEDNAMN"": ""Kuoblavagge - Kårsavagge - Abisko"", ""SHAPE.LEN"": 733.942562867224}",18.76986242860258,68.35741115277807,LineString,733.9425628704744,0.0,https://www.openstreetmap.org/?mlat=68.3574112&mlon=18.7698624#map=18/68.3574112/18.7698624,coordinate_fallback,,,statliga_leder
12349333,BD 22,Abisko Östra - Abiskojåkka,3526.03170751672,"{""OBJECTID"": 12349333, ""STATLIGLED"": ""BD 22"", ""STATLIGLEDNAMN"": ""Abisko Östra - Abiskojåkka"", ""SHAPE.LEN"": 3526.03170751672}",18.792638155604962,68.33903906437581,LineString,3526.03170751607,0.0,https://www.openstreetmap.org/?mlat=68.3390391&mlon=18.7926382#map=18/68.3390391/18.7926382,coordinate_fallback,,,statliga_leder
12354825,BD 23,Riksgränsen - Unna Allakas,1236.8721812447,"{""OBJECTID"": 12354825, ""STATLIGLED"": ""BD 23"", ""STATLIGLEDNAMN"": ""Riksgränsen - Unna Allakas"", ""SHAPE.LEN"": 1236.8721812447}",18.191415088923762,68.2085551526279,LineString,1236.872181245523,0.0,https://www.openstreetmap.org/?mlat=68.2085552&mlon=18.1914151#map=18/68.2085552/18.1914151,coordinate_fallback,,,statliga_leder
12354824,BD 23,Riksgränsen - Unna Allakas,30655.7268054543,"{""OBJECTID"": 12354824, ""STATLIGLED"": ""BD 23"", ""STATLIGLEDNAMN"": ""Riksgränsen - Unna Allakas"", ""SHAPE.LEN"": 30655.7268054543}",18.159821962428925,68.31688354499559,LineString,30655.726805481194,0.0,https://www.openstreetmap.org/?mlat=68.3168835&mlon=18.1598220#map=18/68.3168835/18.1598220,coordinate_fallback,,,statliga_leder
12354956,BD 25,Abiskojaure - Unna Allakas,7554.51726794179,"{""OBJECTID"": 12354956, ""STATLIGLED"": ""BD 25"", ""STATLIGLEDNAMN"": ""Abiskojaure - Unna Allakas"", ""SHAPE.LEN"": 7554.51726794179}",18.535130648874404,68.26999183838028,LineString,7554.517267943302,0.0,https://www.openstreetmap.org/?mlat=68.2699918&mlon=18.5351306#map=18/68.2699918/18.5351306,coordinate_fallback,,,statliga_leder
12349533,BD 25,Abiskojaure - Unna Allakas,14586.1638625783,"{""OBJECTID"": 12349533, ""STATLIGLED"": ""BD 25"", ""STATLIGLEDNAMN"": ""Abiskojaure - Unna Allakas"", ""SHAPE.LEN"": 14586.1638625783}",18.341273576962372,68.22701882764093,LineString,14586.163862575993,0.0,https://www.openstreetmap.org/?mlat=68.2270188&mlon=18.3412736#map=18/68.2270188/18.3412736,coordinate_fallback,,,statliga_leder
12349532,BD 25,Abiskojaure - Unna Allakas,1236.8721812447,"{""OBJECTID"": 12349532, ""STATLIGLED"": ""BD 25"", ""STATLIGLEDNAMN"": ""Abiskojaure - Unna Allakas"", ""SHAPE.LEN"": 1236.8721812447}",18.191415088923762,68.2085551526279,LineString,1236.872181245523,0.0,https://www.openstreetmap.org/?mlat=68.2085552&mlon=18.1914151#map=18/68.2085552/18.1914151,coordinate_fallback,,,statliga_leder
12348646,BD 26,Abiskojaure - Alesjaure,7789.25291445727,"{""OBJECTID"": 12348646, ""STATLIGLED"": ""BD 26"", ""STATLIGLEDNAMN"": ""Abiskojaure - Alesjaure"", ""SHAPE.LEN"": 7789.25291445727}",18.588794746785286,68.2529349171153,LineString,7789.252914457894,0.0,https://www.openstreetmap.org/?mlat=68.2529349&mlon=18.5887947#map=18/68.2529349/18.5887947,coordinate_fallback,,,statliga_leder
12348926,BD 26,Abiskojaure - Alesjaure,11561.1126053943,"{""OBJECTID"": 12348926, ""STATLIGLED"": ""BD 26"", ""STATLIGLEDNAMN"": ""Abiskojaure - Alesjaure"", ""SHAPE.LEN"": 11561.1126053943}",18.490507777823897,68.18795009058543,LineString,11561.112605399387,0.0,https://www.openstreetmap.org/?mlat=68.1879501&mlon=18.4905078#map=18/68.1879501/18.4905078,coordinate_fallback,,,statliga_leder
12348925,BD 26,Abiskojaure - Alesjaure,1021.15186143667,"{""OBJECTID"": 12348925, ""STATLIGLED"": ""BD 26"", ""STATLIGLEDNAMN"": ""Abiskojaure - Alesjaure"", ""SHAPE.LEN"": 1021.15186143667}",18.41342224218097,68.14027120157603,LineString,1021.1518614368479,0.0,https://www.openstreetmap.org/?mlat=68.1402712&mlon=18.4134222#map=18/68.1402712/18.4134222,coordinate_fallback,,,statliga_leder
12349640,BD 26,Abiskojaure - Alesjaure,255.878483814825,"{""OBJECTID"": 12349640, ""STATLIGLED"": ""BD 26"", ""STATLIGLEDNAMN"": ""Abiskojaure - Alesjaure"", ""SHAPE.LEN"": 255.878483814825}",18.590174677225775,68.2849091719215,LineString,255.87848381138406,0.0,https://www.openstreetmap.org/?mlat=68.2849092&mlon=18.5901747#map=18/68.2849092/18.5901747,coordinate_fallback,,,statliga_leder
12354322,BD 27,Unna Allakas - Alesjaure,1068.1029482882,"{""OBJECTID"": 12354322, ""STATLIGLED"": ""BD 27"", ""STATLIGLEDNAMN"": ""Unna Allakas - Alesjaure"", ""SHAPE.LEN"": 1068.1029482882}",18.413122198925812,68.13991111987072,LineString,1068.102948291109,0.0,https://www.openstreetmap.org/?mlat=68.1399111&mlon=18.4131222#map=18/68.1399111/18.4131222,coordinate_fallback,,,statliga_leder
12354321,BD 27,Unna Allakas - Alesjaure,14005.503082109,"{""OBJECTID"": 12354321, ""STATLIGLED"": ""BD 27"", ""STATLIGLEDNAMN"": ""Unna Allakas - Alesjaure"", ""SHAPE.LEN"": 14005.503082109}",18.29784977574112,68.17358561487099,LineString,14005.503082108791,0.0,https://www.openstreetmap.org/?mlat=68.1735856&mlon=18.2978498#map=18/68.1735856/18.2978498,coordinate_fallback,,,statliga_leder
12351213,BD 28,Kaisepakte -Råvetievvakåtorna,5096.9697612483,"{""OBJECTID"": 12351213, ""STATLIGLED"": ""BD 28"", ""STATLIGLEDNAMN"": ""Kaisepakte -Råvetievvakåtorna"", ""SHAPE.LEN"": 5096.9697612483}",18.526641734831777,68.23258544696203,LineString,5096.9697612473865,0.0,https://www.openstreetmap.org/?mlat=68.2325854&mlon=18.5266417#map=18/68.2325854/18.5266417,coordinate_fallback,,,statliga_leder
12354131,BD 28,Kaisepakte -Råvetievvakåtorna,25199.5640788987,"{""OBJECTID"": 12354131, ""STATLIGLED"": ""BD 28"", ""STATLIGLEDNAMN"": ""Kaisepakte -Råvetievvakåtorna"", ""SHAPE.LEN"": 25199.5640788987}",19.072324119596473,68.22284298000879,LineString,25199.564078903702,0.0,https://www.openstreetmap.org/?mlat=68.2228430&mlon=19.0723241#map=18/68.2228430/19.0723241,coordinate_fallback,,,statliga_leder
12354130,BD 28,Kaisepakte -Råvetievvakåtorna,14061.8378011721,"{""OBJECTID"": 12354130, ""STATLIGLED"": ""BD 28"", ""STATLIGLEDNAMN"": ""Kaisepakte -Råvetievvakåtorna"", ""SHAPE.LEN"": 14061.8378011721}",18.7072427584108,68.1891898836754,LineString,14061.837801173633,0.0,https://www.openstreetmap.org/?mlat=68.1891899&mlon=18.7072428#map=18/68.1891899/18.7072428,coordinate_fallback,,,statliga_leder
12349283,BD 29,Alesjaure - Alesätno - Årosjokk (justerad),247.392619157564,"{""OBJECTID"": 12349283, ""STATLIGLED"": ""BD 29"", ""STATLIGLEDNAMN"": ""Alesjaure - Alesätno - Årosjokk (justerad)"", ""SHAPE.LEN"": 247.392619157564}",18.837986026075566,68.15194218041998,LineString,247.39261915786153,0.0,https://www.openstreetmap.org/?mlat=68.1519422&mlon=18.8379860#map=18/68.1519422/18.8379860,coordinate_fallback,,,statliga_leder
12349293,BD 29,Alesjaure - Alesätno - Årosjokk (justerad),1509.70111238537,"{""OBJECTID"": 12349293, ""STATLIGLED"": ""BD 29"", ""STATLIGLEDNAMN"": ""Alesjaure - Alesätno - Årosjokk (justerad)"", ""SHAPE.LEN"": 1509.70111238537}",18.430052245509145,68.13765877196036,LineString,1509.7011123839918,0.0,https://www.openstreetmap.org/?mlat=68.1376588&mlon=18.4300522#map=18/68.1376588/18.4300522,coordinate_fallback,,,statliga_leder
12349165,BD 29,Alesjaure - Alesätno - Årosjokk (justerad),21868.3070563744,"{""OBJECTID"": 12349165, ""STATLIGLED"": ""BD 29"", ""STATLIGLEDNAMN"": ""Alesjaure - Alesätno - Årosjokk (justerad)"", ""SHAPE.LEN"": 21868.3070563744}",18.62896840546694,68.17258432833457,LineString,21868.307056360743,0.0,https://www.openstreetmap.org/?mlat=68.1725843&mlon=18.6289684#map=18/68.1725843/18.6289684,coordinate_fallback,,,statliga_leder
12349164,BD 29,Alesjaure - Alesätno - Årosjokk (justerad),42028.2769000238,"{""OBJECTID"": 12349164, ""STATLIGLED"": ""BD 29"", ""STATLIGLEDNAMN"": ""Alesjaure - Alesätno - Årosjokk (justerad)"", ""SHAPE.LEN"": 42028.2769000238}",19.11920780264597,68.03424767474952,LineString,42028.276900026154,0.0,https://www.openstreetmap.org/?mlat=68.0342477&mlon=19.1192078#map=18/68.0342477/19.1192078,coordinate_fallback,,,statliga_leder
12349344,BD 29,Alesjaure - Alesätno - Årosjokk (justerad),245.273934912812,"{""OBJECTID"": 12349344, ""STATLIGLED"": ""BD 29"", ""STATLIGLEDNAMN"": ""Alesjaure - Alesätno - Årosjokk (justerad)"", ""SHAPE.LEN"": 245.273934912812}",18.414955888084886,68.1360351232997,LineString,245.27393491468573,0.0,https://www.openstreetmap.org/?mlat=68.1360351&mlon=18.4149559#map=18/68.1360351/18.4149559,coordinate_fallback,,,statliga_leder
12353624,BD 31,Alesjaure - Sälka,25154.3097980506,"{""OBJECTID"": 12353624, ""STATLIGLED"": ""BD 31"", ""STATLIGLEDNAMN"": ""Alesjaure - Sälka"", ""SHAPE.LEN"": 25154.3097980506}",18.298497362371663,68.05607946314211,LineString,25154.30979804668,0.0,https://www.openstreetmap.org/?mlat=68.0560795&mlon=18.2984974#map=18/68.0560795/18.2984974,coordinate_fallback,,,statliga_leder
12344532,BD 32,Alesjaure - Vistas,431.495267420539,"{""OBJECTID"": 12344532, ""STATLIGLED"": ""BD 32"", ""STATLIGLEDNAMN"": ""Alesjaure - Vistas"", ""SHAPE.LEN"": 431.495267420539}",18.593286193940767,68.03298514009688,LineString,431.4952674209879,0.0,https://www.openstreetmap.org/?mlat=68.0329851&mlon=18.5932862#map=18/68.0329851/18.5932862,coordinate_fallback,,,statliga_leder
12344984,BD 32,Alesjaure - Vistas,15937.4135615978,"{""OBJECTID"": 12344984, ""STATLIGLED"": ""BD 32"", ""STATLIGLEDNAMN"": ""Alesjaure - Vistas"", ""SHAPE.LEN"": 15937.4135615978}",18.522840931225794,68.09198192840321,LineString,15937.413561603895,0.0,https://www.openstreetmap.org/?mlat=68.0919819&mlon=18.5228409#map=18/68.0919819/18.5228409,coordinate_fallback,,,statliga_leder
12344982,BD 32,Alesjaure - Vistas,1509.70111238537,"{""OBJECTID"": 12344982, ""STATLIGLED"": ""BD 32"", ""STATLIGLEDNAMN"": ""Alesjaure - Vistas"", ""SHAPE.LEN"": 1509.70111238537}",18.430052245509145,68.13765877196036,LineString,1509.7011123839918,0.0,https://www.openstreetmap.org/?mlat=68.1376588&mlon=18.4300522#map=18/68.1376588/18.4300522,coordinate_fallback,,,statliga_leder
12344935,BD 32,Alesjaure - Vistas,245.273934912812,"{""OBJECTID"": 12344935, ""STATLIGLED"": ""BD 32"", ""STATLIGLEDNAMN"": ""Alesjaure - Vistas"", ""SHAPE.LEN"": 245.273934912812}",18.414955888084886,68.1360351232997,LineString,245.27393491468573,0.0,https://www.openstreetmap.org/?mlat=68.1360351&mlon=18.4149559#map=18/68.1360351/18.4149559,coordinate_fallback,,,statliga_leder
12349268,BD 35,Vistas - Tarfala - Kebnekaise,4529.46599619943,"{""OBJECTID"": 12349268, ""STATLIGLED"": ""BD 35"", ""STATLIGLEDNAMN"": ""Vistas - Tarfala - Kebnekaise"", ""SHAPE.LEN"": 4529.46599619943}",18.63906770641514,68.02031812734583,LineString,4529.465996202706,0.0,https://www.openstreetmap.org/?mlat=68.0203181&mlon=18.6390677#map=18/68.0203181/18.6390677,coordinate_fallback,,,statliga_leder
12344677,BD 35,Vistas - Tarfala - Kebnekaise,6761.90807428622,"{""OBJECTID"": 12344677, ""STATLIGLED"": ""BD 35"", ""STATLIGLEDNAMN"": ""Vistas - Tarfala - Kebnekaise"", ""SHAPE.LEN"": 6761.90807428622}",18.69707008921602,67.98518236290194,LineString,6761.908074284033,0.0,https://www.openstreetmap.org/?mlat=67.9851824&mlon=18.6970701#map=18/67.9851824/18.6970701,coordinate_fallback,,,statliga_leder
12352454,BD 35,Vistas - Tarfala - Kebnekaise,1461.38241784044,"{""OBJECTID"": 12352454, ""STATLIGLED"": ""BD 35"", ""STATLIGLEDNAMN"": ""Vistas - Tarfala - Kebnekaise"", ""SHAPE.LEN"": 1461.38241784044}",18.635777109130224,67.86836618461496,LineString,1461.3824178425793,0.0,https://www.openstreetmap.org/?mlat=67.8683662&mlon=18.6357771#map=18/67.8683662/18.6357771,coordinate_fallback,,,statliga_leder
12349622,BD 35,Vistas - Tarfala - Kebnekaise,6301.75583777501,"{""OBJECTID"": 12349622, ""STATLIGLED"": ""BD 35"", ""STATLIGLEDNAMN"": ""Vistas - Tarfala - Kebnekaise"", ""SHAPE.LEN"": 6301.75583777501}",18.6332882161025,67.89610411303782,LineString,6301.755837776469,0.0,https://www.openstreetmap.org/?mlat=67.8961041&mlon=18.6332882#map=18/67.8961041/18.6332882,coordinate_fallback,,,statliga_leder
12352593,BD 36,Vistas - Nikkaluokta,4611.11583714825,"{""OBJECTID"": 12352593, ""STATLIGLED"": ""BD 36"", ""STATLIGLEDNAMN"": ""Vistas - Nikkaluokta"", ""SHAPE.LEN"": 4611.11583714825}",18.63902789527622,68.02027581874582,LineString,4611.115837156717,0.0,https://www.openstreetmap.org/?mlat=68.0202758&mlon=18.6390279#map=18/68.0202758/18.6390279,coordinate_fallback,,,statliga_leder
12352528,BD 36,Vistas - Nikkaluokta,26306.6429226871,"{""OBJECTID"": 12352528, ""STATLIGLED"": ""BD 36"", ""STATLIGLEDNAMN"": ""Vistas - Nikkaluokta"", ""SHAPE.LEN"": 26306.6429226871}",18.875866363952575,67.95418698736201,LineString,26306.642922675288,0.0,https://www.openstreetmap.org/?mlat=67.9541870&mlon=18.8758664#map=18/67.9541870/18.8758664,coordinate_fallback,,,statliga_leder
12349067,BD 39,Touolpanjunnje - Hukejaure - Ivarsten,2205.23927932481,"{""OBJECTID"": 12349067, ""STATLIGLED"": ""BD 39"", ""STATLIGLEDNAMN"": ""Touolpanjunnje - Hukejaure - Ivarsten"", ""SHAPE.LEN"": 2205.23927932481}",17.98939478135391,67.93755708412446,LineString,2205.2392793246995,0.0,https://www.openstreetmap.org/?mlat=67.9375571&mlon=17.9893948#map=18/67.9375571/17.9893948,coordinate_fallback,,,statliga_leder
12349033,BD 39,Touolpanjunnje - Hukejaure - Ivarsten,14939.6393880329,"{""OBJECTID"": 12349033, ""STATLIGLED"": ""BD 39"", ""STATLIGLEDNAMN"": ""Touolpanjunnje - Hukejaure - Ivarsten"", ""SHAPE.LEN"": 14939.6393880329}",18.1530164831442,67.91874593166246,LineString,14939.639388034939,0.0,https://www.openstreetmap.org/?mlat=67.9187459&mlon=18.1530165#map=18/67.9187459/18.1530165,coordinate_fallback,,,statliga_leder
12349094,BD 42,Nikkaluokta - Kaitum hpl,8536.38965736447,"{""OBJECTID"": 12349094, ""STATLIGLED"": ""BD 42"", ""STATLIGLEDNAMN"": ""Nikkaluokta - Kaitum hpl"", ""SHAPE.LEN"": 8536.38965736447}",20.022035260214473,67.56632957861885,LineString,8536.389657356505,0.0,https://www.openstreetmap.org/?mlat=67.5663296&mlon=20.0220353#map=18/67.5663296/20.0220353,coordinate_fallback,,,statliga_leder
12349213,BD 42,Nikkaluokta - Kaitum hpl,26518.9442318268,"{""OBJECTID"": 12349213, ""STATLIGLED"": ""BD 42"", ""STATLIGLEDNAMN"": ""Nikkaluokta - Kaitum hpl"", ""SHAPE.LEN"": 26518.9442318268}",19.67376559720949,67.60403941073461,LineString,26518.944231839054,0.0,https://www.openstreetmap.org/?mlat=67.6040394&mlon=19.6737656#map=18/67.6040394/19.6737656,coordinate_fallback,,,statliga_leder
12352395,BD 42,Nikkaluokta - Kaitum hpl,6475.69026346073,"{""OBJECTID"": 12352395, ""STATLIGLED"": ""BD 42"", ""STATLIGLEDNAMN"": ""Nikkaluokta - Kaitum hpl"", ""SHAPE.LEN"": 6475.69026346073}",19.070471782901368,67.83639005203884,LineString,6475.690263461533,0.0,https://www.openstreetmap.org/?mlat=67.8363901&mlon=19.0704718#map=18/67.8363901/19.0704718,coordinate_fallback,,,statliga_leder
12354565,BD 42,Nikkaluokta - Kaitum hpl,34318.1219421418,"{""OBJECTID"": 12354565, ""STATLIGLED"": ""BD 42"", ""STATLIGLEDNAMN"": ""Nikkaluokta - Kaitum hpl"", ""SHAPE.LEN"": 34318.1219421418}",19.364850555272135,67.73620013481234,LineString,34318.12194214413,0.0,https://www.openstreetmap.org/?mlat=67.7362001&mlon=19.3648506#map=18/67.7362001/19.3648506,coordinate_fallback,,,statliga_leder
12351109,BD 44,Pårraskårsa - Tjuonajåkk,606.764646538817,"{""OBJECTID"": 12351109, ""STATLIGLED"": ""BD 44"", ""STATLIGLEDNAMN"": ""Pårraskårsa - Tjuonajåkk"", ""SHAPE.LEN"": 606.764646538817}",19.018604937169712,67.61542887019058,LineString,606.7646465420665,0.0,https://www.openstreetmap.org/?mlat=67.6154289&mlon=19.0186049#map=18/67.6154289/19.0186049,coordinate_fallback,,,statliga_leder
12352837,BD 44,Pårraskårsa - Tjuonajåkk,24394.7200890342,"{""OBJECTID"": 12352837, ""STATLIGLED"": ""BD 44"", ""STATLIGLEDNAMN"": ""Pårraskårsa - Tjuonajåkk"", ""SHAPE.LEN"": 24394.7200890342}",19.060521908137634,67.72419201951531,LineString,24394.720089029932,0.0,https://www.openstreetmap.org/?mlat=67.7241920&mlon=19.0605219#map=18/67.7241920/19.0605219,coordinate_fallback,,,statliga_leder
12352478,BD 45,Tjuonajåkk - Nejtokåbba - Kaska Kaitumjaure,17143.7115565263,"{""OBJECTID"": 12352478, ""STATLIGLED"": ""BD 45"", ""STATLIGLEDNAMN"": ""Tjuonajåkk - Nejtokåbba - Kaska Kaitumjaure"", ""SHAPE.LEN"": 17143.7115565263}",19.210977764480795,67.62802800575687,LineString,17143.711556519418,0.0,https://www.openstreetmap.org/?mlat=67.6280280&mlon=19.2109778#map=18/67.6280280/19.2109778,coordinate_fallback,,,statliga_leder
12354576,BD 45,Tjuonajåkk - Nejtokåbba - Kaska Kaitumjaure,606.764646538817,"{""OBJECTID"": 12354576, ""STATLIGLED"": ""BD 45"", ""STATLIGLEDNAMN"": ""Tjuonajåkk - Nejtokåbba - Kaska Kaitumjaure"", ""SHAPE.LEN"": 606.764646538817}",19.018604937169712,67.61542887019058,LineString,606.7646465420665,0.0,https://www.openstreetmap.org/?mlat=67.6154289&mlon=19.0186049#map=18/67.6154289/19.0186049,coordinate_fallback,,,statliga_leder
12354632,BD 45,Tjuonajåkk - Nejtokåbba - Kaska Kaitumjaure,35055.3338891913,"{""OBJECTID"": 12354632, ""STATLIGLED"": ""BD 45"", ""STATLIGLEDNAMN"": ""Tjuonajåkk - Nejtokåbba - Kaska Kaitumjaure"", ""SHAPE.LEN"": 35055.3338891913}",19.750609363484756,67.59571894578117,LineString,35055.33388919556,0.0,https://www.openstreetmap.org/?mlat=67.5957189&mlon=19.7506094#map=18/67.5957189/19.7506094,coordinate_fallback,,,statliga_leder
12355035,BD 46,Singi - Kaitumjaure,12456.903635234,"{""OBJECTID"": 12355035, ""STATLIGLED"": ""BD 46"", ""STATLIGLEDNAMN"": ""Singi - Kaitumjaure"", ""SHAPE.LEN"": 12456.903635234}",18.301152317703256,67.79748187415917,LineString,12456.903635233492,0.0,https://www.openstreetmap.org/?mlat=67.7974819&mlon=18.3011523#map=18/67.7974819/18.3011523,coordinate_fallback,,,statliga_leder
12349075,BD 47,Hukejaure - Sitasjaure,19729.9723868842,"{""OBJECTID"": 12349075, ""STATLIGLED"": ""BD 47"", ""STATLIGLEDNAMN"": ""Hukejaure - Sitasjaure"", ""SHAPE.LEN"": 19729.9723868842}",17.80720467736838,67.88390702862024,LineString,19729.972386881276,0.0,https://www.openstreetmap.org/?mlat=67.8839070&mlon=17.8072047#map=18/67.8839070/17.8072047,coordinate_fallback,,,statliga_leder
12353799,BD 49,Kaitumjaure - Teusajaure,8937.86989917606,"{""OBJECTID"": 12353799, ""STATLIGLED"": ""BD 49"", ""STATLIGLEDNAMN"": ""Kaitumjaure - Teusajaure"", ""SHAPE.LEN"": 8937.86989917606}",18.225178891722525,67.72123611126018,LineString,8937.869899175555,0.0,https://www.openstreetmap.org/?mlat=67.7212361&mlon=18.2251789#map=18/67.7212361/18.2251789,coordinate_fallback,,,statliga_leder
12354346,BD 50,Teusajaure - Vakkotavare,13890.3993215944,"{""OBJECTID"": 12354346, ""STATLIGLED"": ""BD 50"", ""STATLIGLEDNAMN"": ""Teusajaure - Vakkotavare"", ""SHAPE.LEN"": 13890.3993215944}",18.110041598675505,67.64172094441406,LineString,13890.399321599823,0.0,https://www.openstreetmap.org/?mlat=67.6417209&mlon=18.1100416#map=18/67.6417209/18.1100416,coordinate_fallback,,,statliga_leder
12354347,BD 50,Teusajaure - Vakkotavare,820.085894706768,"{""OBJECTID"": 12354347, ""STATLIGLED"": ""BD 50"", ""STATLIGLEDNAMN"": ""Teusajaure - Vakkotavare"", ""SHAPE.LEN"": 820.085894706768}",18.148709276213296,67.69172371884349,LineString,820.0858947074672,0.0,https://www.openstreetmap.org/?mlat=67.6917237&mlon=18.1487093#map=18/67.6917237/18.1487093,coordinate_fallback,,,statliga_leder
12346861,BD 54,Norska gränsen - Vaisaluokta,32119.8717226313,"{""OBJECTID"": 12346861, ""STATLIGLED"": ""BD 54"", ""STATLIGLEDNAMN"": ""Norska gränsen - Vaisaluokta"", ""SHAPE.LEN"": 32119.8717226313}",16.970496088655782,67.76982108585644,LineString,32119.871722649954,0.0,https://www.openstreetmap.org/?mlat=67.7698211&mlon=16.9704961#map=18/67.7698211/16.9704961,coordinate_fallback,,,statliga_leder
12354349,BD 55,Vaisaluokta - Kutjaurestugan,15595.8432926405,"{""OBJECTID"": 12354349, ""STATLIGLED"": ""BD 55"", ""STATLIGLEDNAMN"": ""Vaisaluokta - Kutjaurestugan"", ""SHAPE.LEN"": 15595.8432926405}",17.150374280500706,67.62820766772036,LineString,15595.843292645586,0.0,https://www.openstreetmap.org/?mlat=67.6282077&mlon=17.1503743#map=18/67.6282077/17.1503743,coordinate_fallback,,,statliga_leder
12354390,BD 57,Kutjaure - Låddejåkkstugorna,6268.05620617725,"{""OBJECTID"": 12354390, ""STATLIGLED"": ""BD 57"", ""STATLIGLEDNAMN"": ""Kutjaure - Låddejåkkstugorna"", ""SHAPE.LEN"": 6268.05620617725}",16.999412936271494,67.56302995216795,LineString,6268.056206183114,0.0,https://www.openstreetmap.org/?mlat=67.5630300&mlon=16.9994129#map=18/67.5630300/16.9994129,coordinate_fallback,,,statliga_leder
12353766,BD 57,Kutjaure - Låddejåkkstugorna,11104.212881851,"{""OBJECTID"": 12353766, ""STATLIGLED"": ""BD 57"", ""STATLIGLEDNAMN"": ""Kutjaure - Låddejåkkstugorna"", ""SHAPE.LEN"": 11104.212881851}",16.912710545149945,67.51216228291509,LineString,11104.21288184827,0.0,https://www.openstreetmap.org/?mlat=67.5121623&mlon=16.9127105#map=18/67.5121623/16.9127105,coordinate_fallback,,,statliga_leder
12352838,BD 58,Vaisaluokta - Akkastugorna - Kisurisstugorna - Sallohaure,22722.7216477096,"{""OBJECTID"": 12352838, ""STATLIGLED"": ""BD 58"", ""STATLIGLEDNAMN"": ""Vaisaluokta - Akkastugorna - Kisurisstugorna - Sallohaure"", ""SHAPE.LEN"": 22722.7216477096}",17.174235543062217,67.57068774906261,LineString,22722.721647699174,0.0,https://www.openstreetmap.org/?mlat=67.5706877&mlon=17.1742355#map=18/67.5706877/17.1742355,coordinate_fallback,,,statliga_leder
12347513,BD 58,Vaisaluokta - Akkastugorna - Kisurisstugorna - Sallohaure,1767.08055133316,"{""OBJECTID"": 12347513, ""STATLIGLED"": ""BD 58"", ""STATLIGLEDNAMN"": ""Vaisaluokta - Akkastugorna - Kisurisstugorna - Sallohaure"", ""SHAPE.LEN"": 1767.08055133316}",17.259933881645555,67.68169995754337,LineString,1767.080551332057,0.0,https://www.openstreetmap.org/?mlat=67.6817000&mlon=17.2599339#map=18/67.6817000/17.2599339,coordinate_fallback,,,statliga_leder
12346862,BD 58,Vaisaluokta - Akkastugorna - Kisurisstugorna - Sallohaure,9132.91447088304,"{""OBJECTID"": 12346862, ""STATLIGLED"": ""BD 58"", ""STATLIGLEDNAMN"": ""Vaisaluokta - Akkastugorna - Kisurisstugorna - Sallohaure"", ""SHAPE.LEN"": 9132.91447088304}",17.330271555987938,67.65303886868602,LineString,9132.91447088521,0.0,https://www.openstreetmap.org/?mlat=67.6530389&mlon=17.3302716#map=18/67.6530389/17.3302716,coordinate_fallback,,,statliga_leder
12349050,BD 59,Lådejåkkstugorna - Arasluoktastugorna,13000.8993662172,"{""OBJECTID"": 12349050, ""STATLIGLED"": ""BD 59"", ""STATLIGLEDNAMN"": ""Lådejåkkstugorna - Arasluoktastugorna"", ""SHAPE.LEN"": 13000.8993662172}",16.854786169312863,67.42131324236024,LineString,13000.89936621523,0.0,https://www.openstreetmap.org/?mlat=67.4213132&mlon=16.8547862#map=18/67.4213132/16.8547862,coordinate_fallback,,,statliga_leder
12349212,BD 60,Arasluoktastugorna - Staloluokta,10144.4866743048,"{""OBJECTID"": 12349212, ""STATLIGLED"": ""BD 60"", ""STATLIGLEDNAMN"": ""Arasluoktastugorna - Staloluokta"", ""SHAPE.LEN"": 10144.4866743048}",16.739742620942696,67.35317476455513,LineString,10144.486674302558,0.0,https://www.openstreetmap.org/?mlat=67.3531748&mlon=16.7397426#map=18/67.3531748/16.7397426,coordinate_fallback,,,statliga_leder
12354356,BD 61,Pietsaure - Saltoluokta,1261.36936234608,"{""OBJECTID"": 12354356, ""STATLIGLED"": ""BD 61"", ""STATLIGLEDNAMN"": ""Pietsaure - Saltoluokta"", ""SHAPE.LEN"": 1261.36936234608}",18.517406548263356,67.39120638023414,LineString,1261.3693623486768,0.0,https://www.openstreetmap.org/?mlat=67.3912064&mlon=18.5174065#map=18/67.3912064/18.5174065,coordinate_fallback,,,statliga_leder
12354355,BD 61,Pietsaure - Saltoluokta,4351.74405759748,"{""OBJECTID"": 12354355, ""STATLIGLED"": ""BD 61"", ""STATLIGLEDNAMN"": ""Pietsaure - Saltoluokta"", ""SHAPE.LEN"": 4351.74405759748}",18.46344367757432,67.38750777945484,LineString,4351.744057599987,0.0,https://www.openstreetmap.org/?mlat=67.3875078&mlon=18.4634437#map=18/67.3875078/18.4634437,coordinate_fallback,,,statliga_leder
12354358,BD 62,Saltoluokta - Sitojaure,18574.2361368212,"{""OBJECTID"": 12354358, ""STATLIGLED"": ""BD 62"", ""STATLIGLEDNAMN"": ""Saltoluokta - Sitojaure"", ""SHAPE.LEN"": 18574.2361368212}",18.483447058501927,67.30889773910248,LineString,18574.236136822088,0.0,https://www.openstreetmap.org/?mlat=67.3088977&mlon=18.4834471#map=18/67.3088977/18.4834471,coordinate_fallback,,,statliga_leder
12354357,BD 62,Saltoluokta - Sitojaure,1261.36936234608,"{""OBJECTID"": 12354357, ""STATLIGLED"": ""BD 62"", ""STATLIGLEDNAMN"": ""Saltoluokta - Sitojaure"", ""SHAPE.LEN"": 1261.36936234608}",18.517406548263356,67.39120638023414,LineString,1261.3693623486768,0.0,https://www.openstreetmap.org/?mlat=67.3912064&mlon=18.5174065#map=18/67.3912064/18.5174065,coordinate_fallback,,,statliga_leder
12354360,BD 63,Sitojaure - Aktse,8590.41224151949,"{""OBJECTID"": 12354360, ""STATLIGLED"": ""BD 63"", ""STATLIGLEDNAMN"": ""Sitojaure - Aktse"", ""SHAPE.LEN"": 8590.41224151949}",18.361711566869598,67.17512857377466,LineString,8590.41224151648,0.0,https://www.openstreetmap.org/?mlat=67.1751286&mlon=18.3617116#map=18/67.1751286/18.3617116,coordinate_fallback,,,statliga_leder
12354359,BD 63,Sitojaure - Aktse,849.255774291815,"{""OBJECTID"": 12354359, ""STATLIGLED"": ""BD 63"", ""STATLIGLEDNAMN"": ""Sitojaure - Aktse"", ""SHAPE.LEN"": 849.255774291815}",18.294433760063487,67.14646827225955,LineString,849.2557742940248,0.0,https://www.openstreetmap.org/?mlat=67.1464683&mlon=18.2944338#map=18/67.1464683/18.2944338,coordinate_fallback,,,statliga_leder
12354361,BD 64,Svine - Sitoälvsbron / Aktse - Sitoälvsbron,6058.47847698713,"{""OBJECTID"": 12354361, ""STATLIGLED"": ""BD 64"", ""STATLIGLEDNAMN"": ""Svine - Sitoälvsbron / Aktse - Sitoälvsbron"", ""SHAPE.LEN"": 6058.47847698713}",18.355989604450574,67.13351643693707,LineString,6058.478476988537,0.0,https://www.openstreetmap.org/?mlat=67.1335164&mlon=18.3559896#map=18/67.1335164/18.3559896,coordinate_fallback,,,statliga_leder
12349197,BD 65,Aktse - Pårtestugorna,19749.3627429888,"{""OBJECTID"": 12349197, ""STATLIGLED"": ""BD 65"", ""STATLIGLEDNAMN"": ""Aktse - Pårtestugorna"", ""SHAPE.LEN"": 19749.3627429888}",18.114094058592844,67.08496594046126,LineString,19749.36274299869,0.0,https://www.openstreetmap.org/?mlat=67.0849659&mlon=18.1140941#map=18/67.0849659/18.1140941,coordinate_fallback,,,statliga_leder
12354362,BD 65,Aktse - Pårtestugorna,2887.03091026975,"{""OBJECTID"": 12354362, ""STATLIGLED"": ""BD 65"", ""STATLIGLEDNAMN"": ""Aktse - Pårtestugorna"", ""SHAPE.LEN"": 2887.03091026975}",18.289838724614828,67.13034419767216,LineString,2887.0309102690053,0.0,https://www.openstreetmap.org/?mlat=67.1303442&mlon=18.2898387#map=18/67.1303442/18.2898387,coordinate_fallback,,,statliga_leder
12351214,BD 67,Staloluokta - Staddajåkk,1082.15275355198,"{""OBJECTID"": 12351214, ""STATLIGLED"": ""BD 67"", ""STATLIGLEDNAMN"": ""Staloluokta - Staddajåkk"", ""SHAPE.LEN"": 1082.15275355198}",16.6915060899533,67.31517203449933,LineString,1082.152753551909,0.0,https://www.openstreetmap.org/?mlat=67.3151720&mlon=16.6915061#map=18/67.3151720/16.6915061,coordinate_fallback,,,statliga_leder
12351190,BD 67,Staloluokta - Staddajåkk,10912.8200041103,"{""OBJECTID"": 12351190, ""STATLIGLED"": ""BD 67"", ""STATLIGLEDNAMN"": ""Staloluokta - Staddajåkk"", ""SHAPE.LEN"": 10912.8200041103}",16.663731067518857,67.26785034469523,LineString,10912.820004116855,0.0,https://www.openstreetmap.org/?mlat=67.2678503&mlon=16.6637311#map=18/67.2678503/16.6637311,coordinate_fallback,,,statliga_leder
12354174,BD 68,Stadajåkk - Norska gränsen,421.607941809547,"{""OBJECTID"": 12354174, ""STATLIGLED"": ""BD 68"", ""STATLIGLEDNAMN"": ""Stadajåkk - Norska gränsen"", ""SHAPE.LEN"": 421.607941809547}",16.588918237409253,67.23885522681186,LineString,421.60794181003587,0.0,https://www.openstreetmap.org/?mlat=67.2388552&mlon=16.5889182#map=18/67.2388552/16.5889182,coordinate_fallback,,,statliga_leder
12353997,BD 68,Stadajåkk - Norska gränsen,9393.81430121856,"{""OBJECTID"": 12353997, ""STATLIGLED"": ""BD 68"", ""STATLIGLEDNAMN"": ""Stadajåkk - Norska gränsen"", ""SHAPE.LEN"": 9393.81430121856}",16.48751048001738,67.23022777822683,LineString,9393.814301216386,0.0,https://www.openstreetmap.org/?mlat=67.2302278&mlon=16.4875105#map=18/67.2302278/16.4875105,coordinate_fallback,,,statliga_leder
12351214,BD 69,Staloluokta - Touttarstugorna - Tarraluoppalstugorna,1082.15275355198,"{""OBJECTID"": 12351214, ""STATLIGLED"": ""BD 69"", ""STATLIGLEDNAMN"": ""Staloluokta - Touttarstugorna - Tarraluoppalstugorna"", ""SHAPE.LEN"": 1082.15275355198}",16.6915060899533,67.31517203449933,LineString,1082.152753551909,0.0,https://www.openstreetmap.org/?mlat=67.3151720&mlon=16.6915061#map=18/67.3151720/16.6915061,coordinate_fallback,,,statliga_leder
12353998,BD 69,Staloluokta - Touttarstugorna - Tarraluoppalstugorna,26559.4549674604,"{""OBJECTID"": 12353998, ""STATLIGLED"": ""BD 69"", ""STATLIGLEDNAMN"": ""Staloluokta - Touttarstugorna - Tarraluoppalstugorna"", ""SHAPE.LEN"": 26559.4549674604}",16.923895847202022,67.27363119866199,LineString,26559.454967452944,0.0,https://www.openstreetmap.org/?mlat=67.2736312&mlon=16.9238958#map=18/67.2736312/16.9238958,coordinate_fallback,,,statliga_leder
12350689,BD 70,Tarraluoppalstugorna - Såmmarluoppastugan - Tarrekaisestugorna,2768.7909246862,"{""OBJECTID"": 12350689, ""STATLIGLED"": ""BD 70"", ""STATLIGLEDNAMN"": ""Tarraluoppalstugorna - Såmmarluoppastugan - Tarrekaisestugorna"", ""SHAPE.LEN"": 2768.7909246862}",17.272512283558328,67.00093594230925,LineString,2768.7909246803374,0.0,https://www.openstreetmap.org/?mlat=67.0009359&mlon=17.2725123#map=18/67.0009359/17.2725123,coordinate_fallback,,,statliga_leder
12350688,BD 70,Tarraluoppalstugorna - Såmmarluoppastugan - Tarrekaisestugorna,23844.1528297331,"{""OBJECTID"": 12350688, ""STATLIGLED"": ""BD 70"", ""STATLIGLEDNAMN"": ""Tarraluoppalstugorna - Såmmarluoppastugan - Tarrekaisestugorna"", ""SHAPE.LEN"": 23844.1528297331}",17.17009270134796,67.09006603605695,LineString,23844.15282972125,0.0,https://www.openstreetmap.org/?mlat=67.0900660&mlon=17.1700927#map=18/67.0900660/17.1700927,coordinate_fallback,,,statliga_leder
12347612,BD 71,Tarrekaisestugorna - Kvikkjokk,22684.0757754383,"{""OBJECTID"": 12347612, ""STATLIGLED"": ""BD 71"", ""STATLIGLEDNAMN"": ""Tarrekaisestugorna - Kvikkjokk"", ""SHAPE.LEN"": 22684.0757754383}",17.50089954773863,66.95713277496996,LineString,22684.07577542476,0.0,https://www.openstreetmap.org/?mlat=66.9571328&mlon=17.5008995#map=18/66.9571328/17.5008995,coordinate_fallback,,,statliga_leder
12354174,BD 72,Staddajåkkstugorna - Varvek - Mavas,421.607941809547,"{""OBJECTID"": 12354174, ""STATLIGLED"": ""BD 72"", ""STATLIGLEDNAMN"": ""Staddajåkkstugorna - Varvek - Mavas"", ""SHAPE.LEN"": 421.607941809547}",16.588918237409253,67.23885522681186,LineString,421.60794181003587,0.0,https://www.openstreetmap.org/?mlat=67.2388552&mlon=16.5889182#map=18/67.2388552/16.5889182,coordinate_fallback,,,statliga_leder
12350691,BD 72,Staddajåkkstugorna - Varvek - Mavas,25298.6747259897,"{""OBJECTID"": 12350691, ""STATLIGLED"": ""BD 72"", ""STATLIGLEDNAMN"": ""Staddajåkkstugorna - Varvek - Mavas"", ""SHAPE.LEN"": 25298.6747259897}",16.405281599868314,66.9987610883463,LineString,25298.674726002508,0.0,https://www.openstreetmap.org/?mlat=66.9987611&mlon=16.4052816#map=18/66.9987611/16.4052816,coordinate_fallback,,,statliga_leder
12350690,BD 72,Staddajåkkstugorna - Varvek - Mavas,28466.2021519209,"{""OBJECTID"": 12350690, ""STATLIGLED"": ""BD 72"", ""STATLIGLEDNAMN"": ""Staddajåkkstugorna - Varvek - Mavas"", ""SHAPE.LEN"": 28466.2021519209}",16.61679120966085,67.12416537333633,LineString,28466.202151919824,0.0,https://www.openstreetmap.org/?mlat=67.1241654&mlon=16.6167912#map=18/67.1241654/16.6167912,coordinate_fallback,,,statliga_leder
12350692,BD 73,Sulitelma - Pieskehaure - Tarraälvshyddan,40333.46468392,"{""OBJECTID"": 12350692, ""STATLIGLED"": ""BD 73"", ""STATLIGLEDNAMN"": ""Sulitelma - Pieskehaure - Tarraälvshyddan"", ""SHAPE.LEN"": 40333.46468392}",16.885988645887736,67.03084157492961,LineString,40333.46468392126,0.0,https://www.openstreetmap.org/?mlat=67.0308416&mlon=16.8859886#map=18/67.0308416/16.8859886,coordinate_fallback,,,statliga_leder
12353999,BD 77,Kvikkjokk - Västerfjäll,3202.41193995945,"{""OBJECTID"": 12353999, ""STATLIGLED"": ""BD 77"", ""STATLIGLEDNAMN"": ""Kvikkjokk - Västerfjäll"", ""SHAPE.LEN"": 3202.41193995945}",17.72631149060677,66.93635044355375,LineString,3202.411939960337,0.0,https://www.openstreetmap.org/?mlat=66.9363504&mlon=17.7263115#map=18/66.9363504/17.7263115,coordinate_fallback,,,statliga_leder
12350696,BD 78,Västerfjäll - Jäckvik,11417.1854032533,"{""OBJECTID"": 12350696, ""STATLIGLED"": ""BD 78"", ""STATLIGLEDNAMN"": ""Västerfjäll - Jäckvik"", ""SHAPE.LEN"": 11417.1854032533}",17.03606154374226,66.45289203900633,LineString,11417.18540326682,0.0,https://www.openstreetmap.org/?mlat=66.4528920&mlon=17.0360615#map=18/66.4528920/17.0360615,coordinate_fallback,,,statliga_leder
12350695,BD 78,Västerfjäll - Jäckvik,6365.54220212387,"{""OBJECTID"": 12350695, ""STATLIGLED"": ""BD 78"", ""STATLIGLEDNAMN"": ""Västerfjäll - Jäckvik"", ""SHAPE.LEN"": 6365.54220212387}",16.966709761667147,66.4055293410783,LineString,6365.542202136797,0.0,https://www.openstreetmap.org/?mlat=66.4055293&mlon=16.9667098#map=18/66.4055293/16.9667098,coordinate_fallback,,,statliga_leder
12350694,BD 78,Västerfjäll - Jäckvik,30769.750067009,"{""OBJECTID"": 12350694, ""STATLIGLED"": ""BD 78"", ""STATLIGLEDNAMN"": ""Västerfjäll - Jäckvik"", ""SHAPE.LEN"": 30769.750067009}",17.285310708561354,66.61734622320792,LineString,30769.750066999575,0.0,https://www.openstreetmap.org/?mlat=66.6173462&mlon=17.2853107#map=18/66.6173462/17.2853107,coordinate_fallback,,,statliga_leder
12350697,BD 78,Västerfjäll - Jäckvik,5710.72140320267,"{""OBJECTID"": 12350697, ""STATLIGLED"": ""BD 78"", ""STATLIGLEDNAMN"": ""Västerfjäll - Jäckvik"", ""SHAPE.LEN"": 5710.72140320267}",17.18263669039301,66.49172474540323,LineString,5710.721403201979,0.0,https://www.openstreetmap.org/?mlat=66.4917247&mlon=17.1826367#map=18/66.4917247/17.1826367,coordinate_fallback,,,statliga_leder
12350698,BD 78,Västerfjäll - Jäckvik,250.787590280553,"{""OBJECTID"": 12350698, ""STATLIGLED"": ""BD 78"", ""STATLIGLEDNAMN"": ""Västerfjäll - Jäckvik"", ""SHAPE.LEN"": 250.787590280553}",16.94733854590032,66.42450402835568,LineString,250.78759028210644,0.0,https://www.openstreetmap.org/?mlat=66.4245040&mlon=16.9473385#map=18/66.4245040/16.9473385,coordinate_fallback,,,statliga_leder
12354000,BD 79,Mavas - Silvervägen - Njallajaure,21936.2388829674,"{""OBJECTID"": 12354000, ""STATLIGLED"": ""BD 79"", ""STATLIGLEDNAMN"": ""Mavas - Silvervägen - Njallajaure"", ""SHAPE.LEN"": 21936.2388829674}",16.2325869299516,66.83623199156382,LineString,21936.23888297003,0.0,https://www.openstreetmap.org/?mlat=66.8362320&mlon=16.2325869#map=18/66.8362320/16.2325869,coordinate_fallback,,,statliga_leder
12355895,BD 79,Mavas - Silvervägen - Njallajaure,6864.63678075373,"{""OBJECTID"": 12355895, ""STATLIGLED"": ""BD 79"", ""STATLIGLEDNAMN"": ""Mavas - Silvervägen - Njallajaure"", ""SHAPE.LEN"": 6864.63678075373}",15.919301227961197,66.73990911664582,LineString,6864.636780753245,0.0,https://www.openstreetmap.org/?mlat=66.7399091&mlon=15.9193012#map=18/66.7399091/15.9193012,coordinate_fallback,,,statliga_leder
12349392,BD 79,Mavas - Silvervägen - Njallajaure,7144.62578171786,"{""OBJECTID"": 12349392, ""STATLIGLED"": ""BD 79"", ""STATLIGLEDNAMN"": ""Mavas - Silvervägen - Njallajaure"", ""SHAPE.LEN"": 7144.62578171786}",16.042683653112075,66.75908795278895,LineString,7144.625781724207,0.0,https://www.openstreetmap.org/?mlat=66.7590880&mlon=16.0426837#map=18/66.7590880/16.0426837,coordinate_fallback,,,statliga_leder
12349070,BD 79,Mavas - Silvervägen - Njallajaure,2480.92539213965,"{""OBJECTID"": 12349070, ""STATLIGLED"": ""BD 79"", ""STATLIGLEDNAMN"": ""Mavas - Silvervägen - Njallajaure"", ""SHAPE.LEN"": 2480.92539213965}",16.388001884917532,66.89797081507638,LineString,2480.9253921384206,0.0,https://www.openstreetmap.org/?mlat=66.8979708&mlon=16.3880019#map=18/66.8979708/16.3880019,coordinate_fallback,,,statliga_leder
12354133,BD 81,Jurun - Vuoggatjålme,19481.3362096241,"{""OBJECTID"": 12354133, ""STATLIGLED"": ""BD 81"", ""STATLIGLEDNAMN"": ""Jurun - Vuoggatjålme"", ""SHAPE.LEN"": 19481.3362096241}",16.206020671934752,66.71509836860821,LineString,19481.33620963784,0.0,https://www.openstreetmap.org/?mlat=66.7150984&mlon=16.2060207#map=18/66.7150984/16.2060207,coordinate_fallback,,,statliga_leder
12349574,BD 81,Jurun - Vuoggatjålme,8583.00028434012,"{""OBJECTID"": 12349574, ""STATLIGLED"": ""BD 81"", ""STATLIGLEDNAMN"": ""Jurun - Vuoggatjålme"", ""SHAPE.LEN"": 8583.00028434012}",16.33368099745795,66.60989373939287,LineString,8583.000284343887,0.0,https://www.openstreetmap.org/?mlat=66.6098937&mlon=16.3336810#map=18/66.6098937/16.3336810,coordinate_fallback,,,statliga_leder
12348449,BD 82,Sieldutvagge - Silvervägen,22.8059972972023,"{""OBJECTID"": 12348449, ""STATLIGLED"": ""BD 82"", ""STATLIGLEDNAMN"": ""Sieldutvagge - Silvervägen"", ""SHAPE.LEN"": 22.8059972972023}",16.269674840619263,66.62105311274814,LineString,22.805997297355795,0.0,https://www.openstreetmap.org/?mlat=66.6210531&mlon=16.2696748#map=18/66.6210531/16.2696748,coordinate_fallback,,,statliga_leder
12350699,BD 82,Sieldutvagge - Silvervägen,6546.49016609071,"{""OBJECTID"": 12350699, ""STATLIGLED"": ""BD 82"", ""STATLIGLEDNAMN"": ""Sieldutvagge - Silvervägen"", ""SHAPE.LEN"": 6546.49016609071}",16.276628778526998,66.62277600376986,LineString,6546.490166087378,0.0,https://www.openstreetmap.org/?mlat=66.6227760&mlon=16.2766288#map=18/66.6227760/16.2766288,coordinate_fallback,,,statliga_leder
12348803,BD 83,Silvervägen - Guijaure - Vouggatjålme,11304.3279083401,"{""OBJECTID"": 12348803, ""STATLIGLED"": ""BD 83"", ""STATLIGLEDNAMN"": ""Silvervägen - Guijaure - Vouggatjålme"", ""SHAPE.LEN"": 11304.3279083401}",16.2720648989703,66.52957584705736,LineString,11304.327908340581,0.0,https://www.openstreetmap.org/?mlat=66.5295758&mlon=16.2720649#map=18/66.5295758/16.2720649,coordinate_fallback,,,statliga_leder
12349637,BD 83,Silvervägen - Guijaure - Vouggatjålme,9679.01802888625,"{""OBJECTID"": 12349637, ""STATLIGLED"": ""BD 83"", ""STATLIGLEDNAMN"": ""Silvervägen - Guijaure - Vouggatjålme"", ""SHAPE.LEN"": 9679.01802888625}",16.10345256223667,66.54120244438535,LineString,9679.018028887793,0.0,https://www.openstreetmap.org/?mlat=66.5412024&mlon=16.1034526#map=18/66.5412024/16.1034526,coordinate_fallback,,,statliga_leder
12349651,BD 83,Silvervägen - Guijaure - Vouggatjålme,33744.1280728885,"{""OBJECTID"": 12349651, ""STATLIGLED"": ""BD 83"", ""STATLIGLEDNAMN"": ""Silvervägen - Guijaure - Vouggatjålme"", ""SHAPE.LEN"": 33744.1280728885}",15.89352296937377,66.6716339236672,LineString,33744.12807288229,0.0,https://www.openstreetmap.org/?mlat=66.6716339&mlon=15.8935230#map=18/66.6716339/15.8935230,coordinate_fallback,,,statliga_leder
12349652,BD 84,Guijaure (led 83) - Verdejaure (led 85),24609.6298287253,"{""OBJECTID"": 12349652, ""STATLIGLED"": ""BD 84"", ""STATLIGLEDNAMN"": ""Guijaure (led 83) - Verdejaure (led 85)"", ""SHAPE.LEN"": 24609.6298287253}",15.794146865769958,66.54382182102638,LineString,24609.62982873476,0.0,https://www.openstreetmap.org/?mlat=66.5438218&mlon=15.7941469#map=18/66.5438218/15.7941469,coordinate_fallback,,,statliga_leder
12350700,BD 85,Ruonekjåkkå - Laisstugan - Nasafjället,9599.27126281821,"{""OBJECTID"": 12350700, ""STATLIGLED"": ""BD 85"", ""STATLIGLEDNAMN"": ""Ruonekjåkkå - Laisstugan - Nasafjället"", ""SHAPE.LEN"": 9599.27126281821}",15.472367830121124,66.49024245437214,LineString,9599.271262819202,0.0,https://www.openstreetmap.org/?mlat=66.4902425&mlon=15.4723678#map=18/66.4902425/15.4723678,coordinate_fallback,,,statliga_leder
12353549,BD 85,Ruonekjåkkå - Laisstugan - Nasafjället,3513.32240524336,"{""OBJECTID"": 12353549, ""STATLIGLED"": ""BD 85"", ""STATLIGLEDNAMN"": ""Ruonekjåkkå - Laisstugan - Nasafjället"", ""SHAPE.LEN"": 3513.32240524336}",16.187272409756368,66.51278831568084,LineString,3513.322405236792,0.0,https://www.openstreetmap.org/?mlat=66.5127883&mlon=16.1872724#map=18/66.5127883/16.1872724,coordinate_fallback,,,statliga_leder
12353548,BD 85,Ruonekjåkkå - Laisstugan - Nasafjället,1776.36801808659,"{""OBJECTID"": 12353548, ""STATLIGLED"": ""BD 85"", ""STATLIGLEDNAMN"": ""Ruonekjåkkå - Laisstugan - Nasafjället"", ""SHAPE.LEN"": 1776.36801808659}",16.169583240555536,66.49286570645974,LineString,1776.368018087368,0.0,https://www.openstreetmap.org/?mlat=66.4928657&mlon=16.1695832#map=18/66.4928657/16.1695832,coordinate_fallback,,,statliga_leder
12353621,BD 85,Ruonekjåkkå - Laisstugan - Nasafjället,36486.7159300367,"{""OBJECTID"": 12353621, ""STATLIGLED"": ""BD 85"", ""STATLIGLEDNAMN"": ""Ruonekjåkkå - Laisstugan - Nasafjället"", ""SHAPE.LEN"": 36486.7159300367}",15.873100727400622,66.45308282002972,LineString,36486.71593003647,0.0,https://www.openstreetmap.org/?mlat=66.4530828&mlon=15.8731007#map=18/66.4530828/15.8731007,coordinate_fallback,,,statliga_leder
12349455,BD 87,Jäckvik - Adolfström,129.962882364838,"{""OBJECTID"": 12349455, ""STATLIGLED"": ""BD 87"", ""STATLIGLEDNAMN"": ""Jäckvik - Adolfström"", ""SHAPE.LEN"": 129.962882364838}",16.95908231945087,66.38371017597291,LineString,129.96288236716438,0.0,https://www.openstreetmap.org/?mlat=66.3837102&mlon=16.9590823#map=18/66.3837102/16.9590823,coordinate_fallback,,,statliga_leder
12349453,BD 87,Jäckvik - Adolfström,20930.4069055238,"{""OBJECTID"": 12349453, ""STATLIGLED"": ""BD 87"", ""STATLIGLEDNAMN"": ""Jäckvik - Adolfström"", ""SHAPE.LEN"": 20930.4069055238}",16.80205002900814,66.33440918453968,LineString,20930.406905532247,0.0,https://www.openstreetmap.org/?mlat=66.3344092&mlon=16.8020500#map=18/66.3344092/16.8020500,coordinate_fallback,,,statliga_leder
12353936,BD 88,Adolfström - Länsgränsen,326.523805179879,"{""OBJECTID"": 12353936, ""STATLIGLED"": ""BD 88"", ""STATLIGLEDNAMN"": ""Adolfström - Länsgränsen"", ""SHAPE.LEN"": 326.523805179879}",16.380613540285555,66.21037307773109,LineString,326.5238051755975,0.0,https://www.openstreetmap.org/?mlat=66.2103731&mlon=16.3806135#map=18/66.2103731/16.3806135,coordinate_fallback,,,statliga_leder
12354134,BD 88,Adolfström - Länsgränsen,22681.8361744297,"{""OBJECTID"": 12354134, ""STATLIGLED"": ""BD 88"", ""STATLIGLEDNAMN"": ""Adolfström - Länsgränsen"", ""SHAPE.LEN"": 22681.8361744297}",16.496195388011664,66.27501628384677,LineString,22681.836174434335,0.0,https://www.openstreetmap.org/?mlat=66.2750163&mlon=16.4961954#map=18/66.2750163/16.4961954,coordinate_fallback,,,statliga_leder
12349459,BD 88,Adolfström - Länsgränsen,13031.4735445575,"{""OBJECTID"": 12349459, ""STATLIGLED"": ""BD 88"", ""STATLIGLEDNAMN"": ""Adolfström - Länsgränsen"", ""SHAPE.LEN"": 13031.4735445575}",16.360105991215576,66.1584874706474,LineString,13031.47354456051,0.0,https://www.openstreetmap.org/?mlat=66.1584875&mlon=16.3601060#map=18/66.1584875/16.3601060,coordinate_fallback,,,statliga_leder
12354292,BD 89,V Laisvall - Länsgränsen,25667.4026871665,"{""OBJECTID"": 12354292, ""STATLIGLED"": ""BD 89"", ""STATLIGLEDNAMN"": ""V Laisvall - Länsgränsen"", ""SHAPE.LEN"": 25667.4026871665}",16.90043856212036,66.06947242332906,LineString,25667.402687169117,0.0,https://www.openstreetmap.org/?mlat=66.0694724&mlon=16.9004386#map=18/66.0694724/16.9004386,coordinate_fallback,,,statliga_leder
12350622,BD 90,Pältsa - (Norska gränsen) Rostahytta (Nordkalottenleden) (ny),5768.55120947312,"{""OBJECTID"": 12350622, ""STATLIGLED"": ""BD 90"", ""STATLIGLEDNAMN"": ""Pältsa - (Norska gränsen) Rostahytta (Nordkalottenleden) (ny)"", ""SHAPE.LEN"": 5768.55120947312}",20.325115012166393,68.95517869366091,LineString,5768.5512094706055,0.0,https://www.openstreetmap.org/?mlat=68.9551787&mlon=20.3251150#map=18/68.9551787/20.3251150,coordinate_fallback,,,statliga_leder
12349182,BD 91,Tornehamn - Björkliden (Nordkalottenleden Rallarvägen) (ny),4462.40887286219,"{""OBJECTID"": 12349182, ""STATLIGLED"": ""BD 91"", ""STATLIGLEDNAMN"": ""Tornehamn - Björkliden (Nordkalottenleden Rallarvägen) (ny)"", ""SHAPE.LEN"": 4462.40887286219}",18.669132765987342,68.4201835002593,LineString,4462.408872862772,0.0,https://www.openstreetmap.org/?mlat=68.4201835&mlon=18.6691328#map=18/68.4201835/18.6691328,coordinate_fallback,,,statliga_leder
12355317,BD 92,"Björkliden - Abisko (Nordkalottenleden, Rallarvägen) (ny)",7142.30761267332,"{""OBJECTID"": 12355317, ""STATLIGLED"": ""BD 92"", ""STATLIGLEDNAMN"": ""Björkliden - Abisko (Nordkalottenleden, Rallarvägen) (ny)"", ""SHAPE.LEN"": 7142.30761267332}",18.73666121561266,68.3812635747162,LineString,7142.307612662965,0.0,https://www.openstreetmap.org/?mlat=68.3812636&mlon=18.7366612#map=18/68.3812636/18.7366612,coordinate_fallback,,,statliga_leder
12354964,BD 93,Hukejaure -  (Norska gränsen) Gautelishytta (Nordkalottenleden) (ny),6629.0756933121,"{""OBJECTID"": 12354964, ""STATLIGLED"": ""BD 93"", ""STATLIGLEDNAMN"": ""Hukejaure -  (Norska gränsen) Gautelishytta (Nordkalottenleden) (ny)"", ""SHAPE.LEN"": 6629.0756933121}",17.964873275591543,67.9693386597348,LineString,6629.075693312431,0.0,https://www.openstreetmap.org/?mlat=67.9693387&mlon=17.9648733#map=18/67.9693387/17.9648733,coordinate_fallback,,,statliga_leder
12355026,BD 94,Röysvatn hytta (Norska gränsen) - Paurohytta (Norska gränsen) (Nordkalottenleden)(ny),19244.1669638993,"{""OBJECTID"": 12355026, ""STATLIGLED"": ""BD 94"", ""STATLIGLEDNAMN"": ""Röysvatn hytta (Norska gränsen) - Paurohytta (Norska gränsen) (Nordkalottenleden)(ny)"", ""SHAPE.LEN"": 19244.1669638993}",17.004804186678673,67.95788209231276,LineString,19244.166963901782,0.0,https://www.openstreetmap.org/?mlat=67.9578821&mlon=17.0048042#map=18/67.9578821/17.0048042,coordinate_fallback,,,statliga_leder
12349438,BD 95,Röysvatn hytta (Norska gränsen) - (led 54) (Nordkalottenleden) (ny),24752.8515278443,"{""OBJECTID"": 12349438, ""STATLIGLED"": ""BD 95"", ""STATLIGLEDNAMN"": ""Röysvatn hytta (Norska gränsen) - (led 54) (Nordkalottenleden) (ny)"", ""SHAPE.LEN"": 24752.8515278443}",16.78291214355193,67.87789590987221,LineString,24752.851527849158,0.0,https://www.openstreetmap.org/?mlat=67.8778959&mlon=16.7829121#map=18/67.8778959/16.7829121,coordinate_fallback,,,statliga_leder
12349007,W 15,Flötningen - IdPerssätern (ny),280.599577942038,"{""OBJECTID"": 12349007, ""STATLIGLED"": ""W 15"", ""STATLIGLEDNAMN"": ""Flötningen - IdPerssätern (ny)"", ""SHAPE.LEN"": 280.599577942038}",12.21311555534819,61.85294407379141,LineString,280.599577944475,0.0,https://www.openstreetmap.org/?mlat=61.8529441&mlon=12.2131156#map=18/61.8529441/12.2131156,coordinate_fallback,,,statliga_leder
12349006,W 15,Flötningen - IdPerssätern (ny),5415.68455967044,"{""OBJECTID"": 12349006, ""STATLIGLED"": ""W 15"", ""STATLIGLEDNAMN"": ""Flötningen - IdPerssätern (ny)"", ""SHAPE.LEN"": 5415.68455967044}",12.315147948707681,61.69895022920259,LineString,5415.684559673944,0.0,https://www.openstreetmap.org/?mlat=61.6989502&mlon=12.3151479#map=18/61.6989502/12.3151479,coordinate_fallback,,,statliga_leder
12349348,W 15,Flötningen - IdPerssätern (ny),5367.88488617103,"{""OBJECTID"": 12349348, ""STATLIGLED"": ""W 15"", ""STATLIGLEDNAMN"": ""Flötningen - IdPerssätern (ny)"", ""SHAPE.LEN"": 5367.88488617103}",12.176737234861942,61.71293837586614,LineString,5367.884886170628,0.0,https://www.openstreetmap.org/?mlat=61.7129384&mlon=12.1767372#map=18/61.7129384/12.1767372,coordinate_fallback,,,statliga_leder
12349347,W 15,Flötningen - IdPerssätern (ny),398.491430476271,"{""OBJECTID"": 12349347, ""STATLIGLED"": ""W 15"", ""STATLIGLEDNAMN"": ""Flötningen - IdPerssätern (ny)"", ""SHAPE.LEN"": 398.491430476271}",12.181002231861735,61.766661015262784,LineString,398.4914304760617,0.0,https://www.openstreetmap.org/?mlat=61.7666610&mlon=12.1810022#map=18/61.7666610/12.1810022,coordinate_fallback,,,statliga_leder
12349346,W 15,Flötningen - IdPerssätern (ny),4605.20088973112,"{""OBJECTID"": 12349346, ""STATLIGLED"": ""W 15"", ""STATLIGLEDNAMN"": ""Flötningen - IdPerssätern (ny)"", ""SHAPE.LEN"": 4605.20088973112}",12.237832684260498,61.70585862491149,LineString,4605.2008897364085,0.0,https://www.openstreetmap.org/?mlat=61.7058586&mlon=12.2378327#map=18/61.7058586/12.2378327,coordinate_fallback,,,statliga_leder
12349399,W 15,Flötningen - IdPerssätern (ny),3736.30352024443,"{""OBJECTID"": 12349399, ""STATLIGLED"": ""W 15"", ""STATLIGLEDNAMN"": ""Flötningen - IdPerssätern (ny)"", ""SHAPE.LEN"": 3736.30352024443}",12.18408772833184,61.750409360120756,LineString,3736.303520244914,0.0,https://www.openstreetmap.org/?mlat=61.7504094&mlon=12.1840877#map=18/61.7504094/12.1840877,coordinate_fallback,,,statliga_leder
12349398,W 15,Flötningen - IdPerssätern (ny),10277.197407095,"{""OBJECTID"": 12349398, ""STATLIGLED"": ""W 15"", ""STATLIGLEDNAMN"": ""Flötningen - IdPerssätern (ny)"", ""SHAPE.LEN"": 10277.197407095}",12.203153351832459,61.80842739806698,LineString,10277.197407092273,0.0,https://www.openstreetmap.org/?mlat=61.8084274&mlon=12.2031534#map=18/61.8084274/12.2031534,coordinate_fallback,,,statliga_leder
12349314,W 4,Drevdagen - Gördalen,364.623939009256,"{""OBJECTID"": 12349314, ""STATLIGLED"": ""W 4"", ""STATLIGLEDNAMN"": ""Drevdagen - Gördalen"", ""SHAPE.LEN"": 364.623939009256}",12.46899218956585,61.587971641697386,LineString,364.6239390081211,0.0,https://www.openstreetmap.org/?mlat=61.5879716&mlon=12.4689922#map=18/61.5879716/12.4689922,coordinate_fallback,,,statliga_leder
12354583,W 4,Drevdagen - Gördalen,2808.77936573232,"{""OBJECTID"": 12354583, ""STATLIGLED"": ""W 4"", ""STATLIGLEDNAMN"": ""Drevdagen - Gördalen"", ""SHAPE.LEN"": 2808.77936573232}",12.36080601915758,61.677067670782854,LineString,2808.779365732834,0.0,https://www.openstreetmap.org/?mlat=61.6770677&mlon=12.3608060#map=18/61.6770677/12.3608060,coordinate_fallback,,,statliga_leder
12354581,W 4,Drevdagen - Gördalen,1175.87081187257,"{""OBJECTID"": 12354581, ""STATLIGLED"": ""W 4"", ""STATLIGLEDNAMN"": ""Drevdagen - Gördalen"", ""SHAPE.LEN"": 1175.87081187257}",12.421706889451904,61.75695881616147,LineString,1175.8708118742525,0.0,https://www.openstreetmap.org/?mlat=61.7569588&mlon=12.4217069#map=18/61.7569588/12.4217069,coordinate_fallback,,,statliga_leder
12354580,W 4,Drevdagen - Gördalen,11823.6860776195,"{""OBJECTID"": 12354580, ""STATLIGLED"": ""W 4"", ""STATLIGLEDNAMN"": ""Drevdagen - Gördalen"", ""SHAPE.LEN"": 11823.6860776195}",12.41278695660899,61.71163435439752,LineString,11823.686077622035,0.0,https://www.openstreetmap.org/?mlat=61.7116344&mlon=12.4127870#map=18/61.7116344/12.4127870,coordinate_fallback,,,statliga_leder
12354246,W 4,Drevdagen - Gördalen,1466.38021044338,"{""OBJECTID"": 12354246, ""STATLIGLED"": ""W 4"", ""STATLIGLEDNAMN"": ""Drevdagen - Gördalen"", ""SHAPE.LEN"": 1466.38021044338}",12.48596450435624,61.593086433467484,LineString,1466.380210441292,0.0,https://www.openstreetmap.org/?mlat=61.5930864&mlon=12.4859645#map=18/61.5930864/12.4859645,coordinate_fallback,,,statliga_leder
12354245,W 4,Drevdagen - Gördalen,334.302750502848,"{""OBJECTID"": 12354245, ""STATLIGLED"": ""W 4"", ""STATLIGLEDNAMN"": ""Drevdagen - Gördalen"", ""SHAPE.LEN"": 334.302750502848}",12.473988792964077,61.58855122949038,LineString,334.3027505031321,0.0,https://www.openstreetmap.org/?mlat=61.5885512&mlon=12.4739888#map=18/61.5885512/12.4739888,coordinate_fallback,,,statliga_leder
12344538,W 4,Drevdagen - Gördalen,6057.45549069891,"{""OBJECTID"": 12344538, ""STATLIGLED"": ""W 4"", ""STATLIGLEDNAMN"": ""Drevdagen - Gördalen"", ""SHAPE.LEN"": 6057.45549069891}",12.368822039154303,61.638777246255565,LineString,6057.455490697035,0.0,https://www.openstreetmap.org/?mlat=61.6387772&mlon=12.3688220#map=18/61.6387772/12.3688220,coordinate_fallback,,,statliga_leder
12344539,W 4,Drevdagen - Gördalen,6119.69154344306,"{""OBJECTID"": 12344539, ""STATLIGLED"": ""W 4"", ""STATLIGLEDNAMN"": ""Drevdagen - Gördalen"", ""SHAPE.LEN"": 6119.69154344306}",12.426338675664168,61.60078223489911,LineString,6119.691543447292,0.0,https://www.openstreetmap.org/?mlat=61.6007822&mlon=12.4263387#map=18/61.6007822/12.4263387,coordinate_fallback,,,statliga_leder
12354175,W 5,Gördalen - Brottbäcksstugan,3239.36946571843,"{""OBJECTID"": 12354175, ""STATLIGLED"": ""W 5"", ""STATLIGLEDNAMN"": ""Gördalen - Brottbäcksstugan"", ""SHAPE.LEN"": 3239.36946571843}",12.65308413263454,61.61792690343145,LineString,3239.369465715639,0.0,https://www.openstreetmap.org/?mlat=61.6179269&mlon=12.6530841#map=18/61.6179269/12.6530841,coordinate_fallback,,,statliga_leder
12347146,W 5,Gördalen - Brottbäcksstugan,612.270498657238,"{""OBJECTID"": 12347146, ""STATLIGLED"": ""W 5"", ""STATLIGLEDNAMN"": ""Gördalen - Brottbäcksstugan"", ""SHAPE.LEN"": 612.270498657238}",12.501703150572189,61.59615464508503,LineString,612.270498656957,0.0,https://www.openstreetmap.org/?mlat=61.5961546&mlon=12.5017032#map=18/61.5961546/12.5017032,coordinate_fallback,,,statliga_leder
12347626,W 5,Gördalen - Brottbäcksstugan,7462.75604800585,"{""OBJECTID"": 12347626, ""STATLIGLED"": ""W 5"", ""STATLIGLEDNAMN"": ""Gördalen - Brottbäcksstugan"", ""SHAPE.LEN"": 7462.75604800585}",12.569023365085508,61.60047273853637,LineString,7462.756048005806,0.0,https://www.openstreetmap.org/?mlat=61.6004727&mlon=12.5690234#map=18/61.6004727/12.5690234,coordinate_fallback,,,statliga_leder
12346338,W 5,Gördalen - Brottbäcksstugan,266.687707528351,"{""OBJECTID"": 12346338, ""STATLIGLED"": ""W 5"", ""STATLIGLEDNAMN"": ""Gördalen - Brottbäcksstugan"", ""SHAPE.LEN"": 266.687707528351}",12.67661715323017,61.62379130827927,LineString,266.6877075292815,0.0,https://www.openstreetmap.org/?mlat=61.6237913&mlon=12.6766172#map=18/61.6237913/12.6766172,coordinate_fallback,,,statliga_leder
12351232,W 5,Gördalen - Brottbäcksstugan,654.440947642289,"{""OBJECTID"": 12351232, ""STATLIGLED"": ""W 5"", ""STATLIGLEDNAMN"": ""Gördalen - Brottbäcksstugan"", ""SHAPE.LEN"": 654.440947642289}",12.765923527574317,61.60374061887517,LineString,654.4409476415167,0.0,https://www.openstreetmap.org/?mlat=61.6037406&mlon=12.7659235#map=18/61.6037406/12.7659235,coordinate_fallback,,,statliga_leder
12344598,W 5,Gördalen - Brottbäcksstugan,3143.92494121113,"{""OBJECTID"": 12344598, ""STATLIGLED"": ""W 5"", ""STATLIGLEDNAMN"": ""Gördalen - Brottbäcksstugan"", ""SHAPE.LEN"": 3143.92494121113}",12.734996017155803,61.60579005592735,LineString,3143.9249412125314,0.0,https://www.openstreetmap.org/?mlat=61.6057901&mlon=12.7349960#map=18/61.6057901/12.7349960,coordinate_fallback,,,statliga_leder
12351232,W 5,Gördalen - Brottbäcksstugan,654.440947642289,"{""OBJECTID"": 12351232, ""STATLIGLED"": ""W 5"", ""STATLIGLEDNAMN"": ""Gördalen - Brottbäcksstugan"", ""SHAPE.LEN"": 654.440947642289}",12.765923527574317,61.60374061887517,LineString,654.4409476415167,0.0,https://www.openstreetmap.org/?mlat=61.6037406&mlon=12.7659235#map=18/61.6037406/12.7659235,coordinate_fallback,,,statliga_leder
12344598,W 5,Gördalen - Brottbäcksstugan,3143.92494121113,"{""OBJECTID"": 12344598, ""STATLIGLED"": ""W 5"", ""STATLIGLEDNAMN"": ""Gördalen - Brottbäcksstugan"", ""SHAPE.LEN"": 3143.92494121113}",12.734996017155803,61.60579005592735,LineString,3143.9249412125314,0.0,https://www.openstreetmap.org/?mlat=61.6057901&mlon=12.7349960#map=18/61.6057901/12.7349960,coordinate_fallback,,,statliga_leder
12354523,W 11,Södra Sälenringen,11649.061162709,"{""OBJECTID"": 12354523, ""STATLIGLED"": ""W 11"", ""STATLIGLEDNAMN"": ""Södra Sälenringen"", ""SHAPE.LEN"": 11649.061162709}",13.182601611488327,61.1345579498082,LineString,11649.061162703936,0.0,https://www.openstreetmap.org/?mlat=61.1345579&mlon=13.1826016#map=18/61.1345579/13.1826016,coordinate_fallback,,,statliga_leder
12354344,W 11,Södra Sälenringen,10676.0118883609,"{""OBJECTID"": 12354344, ""STATLIGLED"": ""W 11"", ""STATLIGLEDNAMN"": ""Södra Sälenringen"", ""SHAPE.LEN"": 10676.0118883609}",13.140031906590703,61.106627904482835,LineString,10676.011888365338,0.0,https://www.openstreetmap.org/?mlat=61.1066279&mlon=13.1400319#map=18/61.1066279/13.1400319,coordinate_fallback,,,statliga_leder
12355244,W 11,Södra Sälenringen,14476.1826727991,"{""OBJECTID"": 12355244, ""STATLIGLED"": ""W 11"", ""STATLIGLEDNAMN"": ""Södra Sälenringen"", ""SHAPE.LEN"": 14476.1826727991}",12.982218372293303,61.14500567532637,LineString,14476.18267279505,0.0,https://www.openstreetmap.org/?mlat=61.1450057&mlon=12.9822184#map=18/61.1450057/12.9822184,coordinate_fallback,,,statliga_leder
12352277,Z 119,Långtjärn - Tallsjön (ny),415.335694287729,"{""OBJECTID"": 12352277, ""STATLIGLED"": ""Z 119"", ""STATLIGLEDNAMN"": ""Långtjärn - Tallsjön (ny)"", ""SHAPE.LEN"": 415.335694287729}",13.866627946192253,63.91058298297196,LineString,415.3356942857868,0.0,https://www.openstreetmap.org/?mlat=63.9105830&mlon=13.8666279#map=18/63.9105830/13.8666279,coordinate_fallback,,,statliga_leder
12352276,Z 119,Långtjärn - Tallsjön (ny),2046.34654064931,"{""OBJECTID"": 12352276, ""STATLIGLED"": ""Z 119"", ""STATLIGLEDNAMN"": ""Långtjärn - Tallsjön (ny)"", ""SHAPE.LEN"": 2046.34654064931}",13.865044265569571,63.89924899101639,LineString,2046.3465406508758,0.0,https://www.openstreetmap.org/?mlat=63.8992490&mlon=13.8650443#map=18/63.8992490/13.8650443,coordinate_fallback,,,statliga_leder
12352259,Z 119,Långtjärn - Tallsjön (ny),427.450752288163,"{""OBJECTID"": 12352259, ""STATLIGLED"": ""Z 119"", ""STATLIGLEDNAMN"": ""Långtjärn - Tallsjön (ny)"", ""SHAPE.LEN"": 427.450752288163}",13.868512129796452,63.916782723866014,LineString,427.4507522888846,0.0,https://www.openstreetmap.org/?mlat=63.9167827&mlon=13.8685121#map=18/63.9167827/13.8685121,coordinate_fallback,,,statliga_leder
12352258,Z 119,Långtjärn - Tallsjön (ny),150.201534588443,"{""OBJECTID"": 12352258, ""STATLIGLED"": ""Z 119"", ""STATLIGLEDNAMN"": ""Långtjärn - Tallsjön (ny)"", ""SHAPE.LEN"": 150.201534588443}",13.855836668971795,63.88890439145107,LineString,150.20153458850805,0.0,https://www.openstreetmap.org/?mlat=63.8889044&mlon=13.8558367#map=18/63.8889044/13.8558367,coordinate_fallback,,,statliga_leder
12352257,Z 119,Långtjärn - Tallsjön (ny),17.8860864209969,"{""OBJECTID"": 12352257, ""STATLIGLED"": ""Z 119"", ""STATLIGLEDNAMN"": ""Långtjärn - Tallsjön (ny)"", ""SHAPE.LEN"": 17.8860864209969}",13.867169181505703,63.91421006759769,LineString,17.88608642108409,0.0,https://www.openstreetmap.org/?mlat=63.9142101&mlon=13.8671692#map=18/63.9142101/13.8671692,coordinate_fallback,,,statliga_leder
12352256,Z 119,Långtjärn - Tallsjön (ny),6601.80418277172,"{""OBJECTID"": 12352256, ""STATLIGLED"": ""Z 119"", ""STATLIGLEDNAMN"": ""Långtjärn - Tallsjön (ny)"", ""SHAPE.LEN"": 6601.80418277172}",13.908034008178953,63.942215369641055,LineString,6601.80418276967,0.0,https://www.openstreetmap.org/?mlat=63.9422154&mlon=13.9080340#map=18/63.9422154/13.9080340,coordinate_fallback,,,statliga_leder
12352966,Z 119,Långtjärn - Tallsjön (ny),108.205592602007,"{""OBJECTID"": 12352966, ""STATLIGLED"": ""Z 119"", ""STATLIGLEDNAMN"": ""Långtjärn - Tallsjön (ny)"", ""SHAPE.LEN"": 108.205592602007}",13.866687899959278,63.91319185886728,LineString,108.20559260497214,0.0,https://www.openstreetmap.org/?mlat=63.9131919&mlon=13.8666879#map=18/63.9131919/13.8666879,coordinate_fallback,,,statliga_leder
12344741,Z 119,Långtjärn - Tallsjön (ny),63.0321695581708,"{""OBJECTID"": 12344741, ""STATLIGLED"": ""Z 119"", ""STATLIGLEDNAMN"": ""Långtjärn - Tallsjön (ny)"", ""SHAPE.LEN"": 63.0321695581708}",13.867386904615365,63.91455954562857,LineString,63.032169558370825,0.0,https://www.openstreetmap.org/?mlat=63.9145595&mlon=13.8673869#map=18/63.9145595/13.8673869,coordinate_fallback,,,statliga_leder
12344740,Z 119,Långtjärn - Tallsjön (ny),55.1740271997613,"{""OBJECTID"": 12344740, ""STATLIGLED"": ""Z 119"", ""STATLIGLEDNAMN"": ""Långtjärn - Tallsjön (ny)"", ""SHAPE.LEN"": 55.1740271997613}",13.867000354190747,63.91389013121113,LineString,55.1740271984825,0.0,https://www.openstreetmap.org/?mlat=63.9138901&mlon=13.8670004#map=18/63.9138901/13.8670004,coordinate_fallback,,,statliga_leder
12344739,Z 119,Långtjärn - Tallsjön (ny),25.5586937352049,"{""OBJECTID"": 12344739, ""STATLIGLED"": ""Z 119"", ""STATLIGLEDNAMN"": ""Långtjärn - Tallsjön (ny)"", ""SHAPE.LEN"": 25.5586937352049}",13.866627549915627,63.91257747085663,LineString,25.55869373466808,0.0,https://www.openstreetmap.org/?mlat=63.9125775&mlon=13.8666275#map=18/63.9125775/13.8666275,coordinate_fallback,,,statliga_leder
12344738,Z 119,Långtjärn - Tallsjön (ny),383.681025748309,"{""OBJECTID"": 12344738, ""STATLIGLED"": ""Z 119"", ""STATLIGLEDNAMN"": ""Långtjärn - Tallsjön (ny)"", ""SHAPE.LEN"": 383.681025748309}",13.858603642860885,63.890985503118266,LineString,383.6810257486212,0.0,https://www.openstreetmap.org/?mlat=63.8909855&mlon=13.8586036#map=18/63.8909855/13.8586036,coordinate_fallback,,,statliga_leder
12344737,Z 119,Långtjärn - Tallsjön (ny),176.409715097837,"{""OBJECTID"": 12344737, ""STATLIGLED"": ""Z 119"", ""STATLIGLEDNAMN"": ""Långtjärn - Tallsjön (ny)"", ""SHAPE.LEN"": 176.409715097837}",13.870735477238282,63.919133961708205,LineString,176.40971509826193,0.0,https://www.openstreetmap.org/?mlat=63.9191340&mlon=13.8707355#map=18/63.9191340/13.8707355,coordinate_fallback,,,statliga_leder
12344736,Z 119,Långtjärn - Tallsjön (ny),95.5859578913961,"{""OBJECTID"": 12344736, ""STATLIGLED"": ""Z 119"", ""STATLIGLEDNAMN"": ""Långtjärn - Tallsjön (ny)"", ""SHAPE.LEN"": 95.5859578913961}",13.867061085353718,63.90832592742248,LineString,95.58595789020087,0.0,https://www.openstreetmap.org/?mlat=63.9083259&mlon=13.8670611#map=18/63.9083259/13.8670611,coordinate_fallback,,,statliga_leder
12344851,Z 21,Rörvattnet - Nöjden - Övre Lilla Stensjön,53.7565666725471,"{""OBJECTID"": 12344851, ""STATLIGLED"": ""Z 21"", ""STATLIGLEDNAMN"": ""Rörvattnet - Nöjden - Övre Lilla Stensjön"", ""SHAPE.LEN"": 53.7565666725471}",13.895491078571997,63.9750111218453,LineString,53.75656667307165,0.0,https://www.openstreetmap.org/?mlat=63.9750111&mlon=13.8954911#map=18/63.9750111/13.8954911,coordinate_fallback,,,statliga_leder
12344850,Z 21,Rörvattnet - Nöjden - Övre Lilla Stensjön,2278.17659284173,"{""OBJECTID"": 12344850, ""STATLIGLED"": ""Z 21"", ""STATLIGLEDNAMN"": ""Rörvattnet - Nöjden - Övre Lilla Stensjön"", ""SHAPE.LEN"": 2278.17659284173}",13.94177323531081,63.96726111559034,LineString,2278.1765928415703,0.0,https://www.openstreetmap.org/?mlat=63.9672611&mlon=13.9417732#map=18/63.9672611/13.9417732,coordinate_fallback,,,statliga_leder
12344849,Z 21,Rörvattnet - Nöjden - Övre Lilla Stensjön,52.6284710616792,"{""OBJECTID"": 12344849, ""STATLIGLED"": ""Z 21"", ""STATLIGLEDNAMN"": ""Rörvattnet - Nöjden - Övre Lilla Stensjön"", ""SHAPE.LEN"": 52.6284710616792}",13.925457970089559,63.97176151971187,LineString,52.62847106171578,0.0,https://www.openstreetmap.org/?mlat=63.9717615&mlon=13.9254580#map=18/63.9717615/13.9254580,coordinate_fallback,,,statliga_leder
12344848,Z 21,Rörvattnet - Nöjden - Övre Lilla Stensjön,121.920878975312,"{""OBJECTID"": 12344848, ""STATLIGLED"": ""Z 21"", ""STATLIGLEDNAMN"": ""Rörvattnet - Nöjden - Övre Lilla Stensjön"", ""SHAPE.LEN"": 121.920878975312}",13.923757460408746,63.9715208911953,LineString,121.92087897599838,0.0,https://www.openstreetmap.org/?mlat=63.9715209&mlon=13.9237575#map=18/63.9715209/13.9237575,coordinate_fallback,,,statliga_leder
12344847,Z 21,Rörvattnet - Nöjden - Övre Lilla Stensjön,65.3973298303341,"{""OBJECTID"": 12344847, ""STATLIGLED"": ""Z 21"", ""STATLIGLEDNAMN"": ""Rörvattnet - Nöjden - Övre Lilla Stensjön"", ""SHAPE.LEN"": 65.3973298303341}",13.926618734356014,63.97192575419034,LineString,65.39732983027352,0.0,https://www.openstreetmap.org/?mlat=63.9719258&mlon=13.9266187#map=18/63.9719258/13.9266187,coordinate_fallback,,,statliga_leder
12344846,Z 21,Rörvattnet - Nöjden - Övre Lilla Stensjön,1476.40664316523,"{""OBJECTID"": 12344846, ""STATLIGLED"": ""Z 21"", ""STATLIGLEDNAMN"": ""Rörvattnet - Nöjden - Övre Lilla Stensjön"", ""SHAPE.LEN"": 1476.40664316523}",13.909619862022156,63.973914099879615,LineString,1476.4066431651534,0.0,https://www.openstreetmap.org/?mlat=63.9739141&mlon=13.9096199#map=18/63.9739141/13.9096199,coordinate_fallback,,,statliga_leder
12344845,Z 21,Rörvattnet - Nöjden - Övre Lilla Stensjön,6060.70212103045,"{""OBJECTID"": 12344845, ""STATLIGLED"": ""Z 21"", ""STATLIGLEDNAMN"": ""Rörvattnet - Nöjden - Övre Lilla Stensjön"", ""SHAPE.LEN"": 6060.70212103045}",13.838032143104964,63.97856446678716,LineString,6060.70212103021,0.0,https://www.openstreetmap.org/?mlat=63.9785645&mlon=13.8380321#map=18/63.9785645/13.8380321,coordinate_fallback,,,statliga_leder
12352907,Z 120,Jänsmässholmen - statens mark mot Åkersjön (ny),6119.82762157396,"{""OBJECTID"": 12352907, ""STATLIGLED"": ""Z 120"", ""STATLIGLEDNAMN"": ""Jänsmässholmen - statens mark mot Åkersjön (ny)"", ""SHAPE.LEN"": 6119.82762157396}",13.887536990500124,63.78160874418296,LineString,6119.827621571326,0.0,https://www.openstreetmap.org/?mlat=63.7816087&mlon=13.8875370#map=18/63.7816087/13.8875370,coordinate_fallback,,,statliga_leder
12352860,Z 120,Jänsmässholmen - statens mark mot Åkersjön (ny),2636.34647123918,"{""OBJECTID"": 12352860, ""STATLIGLED"": ""Z 120"", ""STATLIGLEDNAMN"": ""Jänsmässholmen - statens mark mot Åkersjön (ny)"", ""SHAPE.LEN"": 2636.34647123918}",13.964490761850126,63.76827284646372,LineString,2636.346471237301,0.0,https://www.openstreetmap.org/?mlat=63.7682728&mlon=13.9644908#map=18/63.7682728/13.9644908,coordinate_fallback,,,statliga_leder
12352304,Z 5,Raukaselet - Tjärnbäcken - Ankarede - Sipmesjaure + sommarled till Södra Raukasjön,10.4729473472561,"{""OBJECTID"": 12352304, ""STATLIGLED"": ""Z 5"", ""STATLIGLEDNAMN"": ""Raukaselet - Tjärnbäcken - Ankarede - Sipmesjaure + sommarled till Södra Raukasjön"", ""SHAPE.LEN"": 10.4729473472561}",14.359958951061882,64.86220594687133,LineString,10.472947347761437,0.0,https://www.openstreetmap.org/?mlat=64.8622059&mlon=14.3599590#map=18/64.8622059/14.3599590,coordinate_fallback,,,statliga_leder
12352303,Z 5,Raukaselet - Tjärnbäcken - Ankarede - Sipmesjaure + sommarled till Södra Raukasjön,3557.81753891696,"{""OBJECTID"": 12352303, ""STATLIGLED"": ""Z 5"", ""STATLIGLEDNAMN"": ""Raukaselet - Tjärnbäcken - Ankarede - Sipmesjaure + sommarled till Södra Raukasjön"", ""SHAPE.LEN"": 3557.81753891696}",14.385462830602442,64.87080449844811,LineString,3557.8175389139415,0.0,https://www.openstreetmap.org/?mlat=64.8708045&mlon=14.3854628#map=18/64.8708045/14.3854628,coordinate_fallback,,,statliga_leder
12352302,Z 5,Raukaselet - Tjärnbäcken - Ankarede - Sipmesjaure + sommarled till Södra Raukasjön,163.014360962715,"{""OBJECTID"": 12352302, ""STATLIGLED"": ""Z 5"", ""STATLIGLEDNAMN"": ""Raukaselet - Tjärnbäcken - Ankarede - Sipmesjaure + sommarled till Södra Raukasjön"", ""SHAPE.LEN"": 163.014360962715}",14.58590097037565,64.89276591285476,LineString,163.01436096100494,0.0,https://www.openstreetmap.org/?mlat=64.8927659&mlon=14.5859010#map=18/64.8927659/14.5859010,coordinate_fallback,,,statliga_leder
12352301,Z 5,Raukaselet - Tjärnbäcken - Ankarede - Sipmesjaure + sommarled till Södra Raukasjön,6000.34982038038,"{""OBJECTID"": 12352301, ""STATLIGLED"": ""Z 5"", ""STATLIGLEDNAMN"": ""Raukaselet - Tjärnbäcken - Ankarede - Sipmesjaure + sommarled till Södra Raukasjön"", ""SHAPE.LEN"": 6000.34982038038}",14.459781481906715,64.88932854776452,LineString,6000.349820383287,0.0,https://www.openstreetmap.org/?mlat=64.8893285&mlon=14.4597815#map=18/64.8893285/14.4597815,coordinate_fallback,,,statliga_leder
12352275,Z 5,Raukaselet - Tjärnbäcken - Ankarede - Sipmesjaure + sommarled till Södra Raukasjön,39.2111188960789,"{""OBJECTID"": 12352275, ""STATLIGLED"": ""Z 5"", ""STATLIGLEDNAMN"": ""Raukaselet - Tjärnbäcken - Ankarede - Sipmesjaure + sommarled till Södra Raukasjön"", ""SHAPE.LEN"": 39.2111188960789}",14.604005321655059,64.89448547102266,LineString,39.21111889695612,0.0,https://www.openstreetmap.org/?mlat=64.8944855&mlon=14.6040053#map=18/64.8944855/14.6040053,coordinate_fallback,,,statliga_leder
12352274,Z 5,Raukaselet - Tjärnbäcken - Ankarede - Sipmesjaure + sommarled till Södra Raukasjön,39.2111188960789,"{""OBJECTID"": 12352274, ""STATLIGLED"": ""Z 5"", ""STATLIGLEDNAMN"": ""Raukaselet - Tjärnbäcken - Ankarede - Sipmesjaure + sommarled till Södra Raukasjön"", ""SHAPE.LEN"": 39.2111188960789}",14.604005321655059,64.89448547102266,LineString,39.21111889695612,0.0,https://www.openstreetmap.org/?mlat=64.8944855&mlon=14.6040053#map=18/64.8944855/14.6040053,coordinate_fallback,,,statliga_leder
12352273,Z 5,Raukaselet - Tjärnbäcken - Ankarede - Sipmesjaure + sommarled till Södra Raukasjön,0.961013324569436,"{""OBJECTID"": 12352273, ""STATLIGLED"": ""Z 5"", ""STATLIGLEDNAMN"": ""Raukaselet - Tjärnbäcken - Ankarede - Sipmesjaure + sommarled till Södra Raukasjön"", ""SHAPE.LEN"": 0.961013324569436}",14.463305451433815,64.89096189283049,LineString,0.9610133231183732,0.0,https://www.openstreetmap.org/?mlat=64.8909619&mlon=14.4633055#map=18/64.8909619/14.4633055,coordinate_fallback,,,statliga_leder
12352272,Z 5,Raukaselet - Tjärnbäcken - Ankarede - Sipmesjaure + sommarled till Södra Raukasjön,0.0657918687985073,"{""OBJECTID"": 12352272, ""STATLIGLED"": ""Z 5"", ""STATLIGLEDNAMN"": ""Raukaselet - Tjärnbäcken - Ankarede - Sipmesjaure + sommarled till Södra Raukasjön"", ""SHAPE.LEN"": 0.0657918687985073}",14.291053530093837,64.8444946017488,LineString,0.06579187119948356,0.0,https://www.openstreetmap.org/?mlat=64.8444946&mlon=14.2910535#map=18/64.8444946/14.2910535,coordinate_fallback,,,statliga_leder
12352271,Z 5,Raukaselet - Tjärnbäcken - Ankarede - Sipmesjaure + sommarled till Södra Raukasjön,18915.5204273371,"{""OBJECTID"": 12352271, ""STATLIGLED"": ""Z 5"", ""STATLIGLEDNAMN"": ""Raukaselet - Tjärnbäcken - Ankarede - Sipmesjaure + sommarled till Södra Raukasjön"", ""SHAPE.LEN"": 18915.5204273371}",14.302932628706541,64.81135738772586,LineString,18915.520427328025,0.0,https://www.openstreetmap.org/?mlat=64.8113574&mlon=14.3029326#map=18/64.8113574/14.3029326,coordinate_fallback,,,statliga_leder
12352270,Z 5,Raukaselet - Tjärnbäcken - Ankarede - Sipmesjaure + sommarled till Södra Raukasjön,10.4729473472561,"{""OBJECTID"": 12352270, ""STATLIGLED"": ""Z 5"", ""STATLIGLEDNAMN"": ""Raukaselet - Tjärnbäcken - Ankarede - Sipmesjaure + sommarled till Södra Raukasjön"", ""SHAPE.LEN"": 10.4729473472561}",14.359958951061882,64.86220594687133,LineString,10.472947347761437,0.0,https://www.openstreetmap.org/?mlat=64.8622059&mlon=14.3599590#map=18/64.8622059/14.3599590,coordinate_fallback,,,statliga_leder
12352701,Z 5,Raukaselet - Tjärnbäcken - Ankarede - Sipmesjaure + sommarled till Södra Raukasjön,11.0241112204114,"{""OBJECTID"": 12352701, ""STATLIGLED"": ""Z 5"", ""STATLIGLEDNAMN"": ""Raukaselet - Tjärnbäcken - Ankarede - Sipmesjaure + sommarled till Södra Raukasjön"", ""SHAPE.LEN"": 11.0241112204114}",14.519326018448778,64.88930594464306,LineString,11.024111221637913,0.0,https://www.openstreetmap.org/?mlat=64.8893059&mlon=14.5193260#map=18/64.8893059/14.5193260,coordinate_fallback,,,statliga_leder
12352700,Z 5,Raukaselet - Tjärnbäcken - Ankarede - Sipmesjaure + sommarled till Södra Raukasjön,15.7634344994991,"{""OBJECTID"": 12352700, ""STATLIGLED"": ""Z 5"", ""STATLIGLEDNAMN"": ""Raukaselet - Tjärnbäcken - Ankarede - Sipmesjaure + sommarled till Södra Raukasjön"", ""SHAPE.LEN"": 15.7634344994991}",14.359700457380292,64.86216420523255,LineString,15.763434499391053,0.0,https://www.openstreetmap.org/?mlat=64.8621642&mlon=14.3597005#map=18/64.8621642/14.3597005,coordinate_fallback,,,statliga_leder
12352699,Z 5,Raukaselet - Tjärnbäcken - Ankarede - Sipmesjaure + sommarled till Södra Raukasjön,11.7214161362866,"{""OBJECTID"": 12352699, ""STATLIGLED"": ""Z 5"", ""STATLIGLEDNAMN"": ""Raukaselet - Tjärnbäcken - Ankarede - Sipmesjaure + sommarled till Södra Raukasjön"", ""SHAPE.LEN"": 11.7214161362866}",14.36017308174708,64.86224619723751,LineString,11.721416137376426,0.0,https://www.openstreetmap.org/?mlat=64.8622462&mlon=14.3601731#map=18/64.8622462/14.3601731,coordinate_fallback,,,statliga_leder
12352698,Z 5,Raukaselet - Tjärnbäcken - Ankarede - Sipmesjaure + sommarled till Södra Raukasjön,30.4619329655884,"{""OBJECTID"": 12352698, ""STATLIGLED"": ""Z 5"", ""STATLIGLEDNAMN"": ""Raukaselet - Tjärnbäcken - Ankarede - Sipmesjaure + sommarled till Södra Raukasjön"", ""SHAPE.LEN"": 30.4619329655884}",14.603772335429507,64.8941829758543,LineString,30.461932964158137,0.0,https://www.openstreetmap.org/?mlat=64.8941830&mlon=14.6037723#map=18/64.8941830/14.6037723,coordinate_fallback,,,statliga_leder
12352697,Z 5,Raukaselet - Tjärnbäcken - Ankarede - Sipmesjaure + sommarled till Södra Raukasjön,39.1450027666368,"{""OBJECTID"": 12352697, ""STATLIGLED"": ""Z 5"", ""STATLIGLEDNAMN"": ""Raukaselet - Tjärnbäcken - Ankarede - Sipmesjaure + sommarled till Södra Raukasjön"", ""SHAPE.LEN"": 39.1450027666368}",14.241884570845837,64.81863847255116,LineString,39.14500276734958,0.0,https://www.openstreetmap.org/?mlat=64.8186385&mlon=14.2418846#map=18/64.8186385/14.2418846,coordinate_fallback,,,statliga_leder
12352402,Z 5,Raukaselet - Tjärnbäcken - Ankarede - Sipmesjaure + sommarled till Södra Raukasjön,316.712471122304,"{""OBJECTID"": 12352402, ""STATLIGLED"": ""Z 5"", ""STATLIGLEDNAMN"": ""Raukaselet - Tjärnbäcken - Ankarede - Sipmesjaure + sommarled till Södra Raukasjön"", ""SHAPE.LEN"": 316.712471122304}",14.243964532086126,64.81931824100813,LineString,316.7124711222981,0.0,https://www.openstreetmap.org/?mlat=64.8193182&mlon=14.2439645#map=18/64.8193182/14.2439645,coordinate_fallback,,,statliga_leder
12352401,Z 5,Raukaselet - Tjärnbäcken - Ankarede - Sipmesjaure + sommarled till Södra Raukasjön,212.193557377894,"{""OBJECTID"": 12352401, ""STATLIGLED"": ""Z 5"", ""STATLIGLEDNAMN"": ""Raukaselet - Tjärnbäcken - Ankarede - Sipmesjaure + sommarled till Södra Raukasjön"", ""SHAPE.LEN"": 212.193557377894}",14.239417977343908,64.81860619218143,LineString,212.1935573789067,0.0,https://www.openstreetmap.org/?mlat=64.8186062&mlon=14.2394180#map=18/64.8186062/14.2394180,coordinate_fallback,,,statliga_leder
12352400,Z 5,Raukaselet - Tjärnbäcken - Ankarede - Sipmesjaure + sommarled till Södra Raukasjön,0.0001,"{""OBJECTID"": 12352400, ""STATLIGLED"": ""Z 5"", ""STATLIGLEDNAMN"": ""Raukaselet - Tjärnbäcken - Ankarede - Sipmesjaure + sommarled till Södra Raukasjön"", ""SHAPE.LEN"": 0.0001}",14.359857920501806,64.86218693069509,LineString,9.999977191910148e-05,0.0,https://www.openstreetmap.org/?mlat=64.8621869&mlon=14.3598579#map=18/64.8621869/14.3598579,coordinate_fallback,,,statliga_leder
12352399,Z 5,Raukaselet - Tjärnbäcken - Ankarede - Sipmesjaure + sommarled till Södra Raukasjön,0.00748865809073962,"{""OBJECTID"": 12352399, ""STATLIGLED"": ""Z 5"", ""STATLIGLEDNAMN"": ""Raukaselet - Tjärnbäcken - Ankarede - Sipmesjaure + sommarled till Södra Raukasjön"", ""SHAPE.LEN"": 0.00748865809073962}",14.400318717954265,64.88376834057465,LineString,0.0074886580298110204,0.0,https://www.openstreetmap.org/?mlat=64.8837683&mlon=14.4003187#map=18/64.8837683/14.4003187,coordinate_fallback,,,statliga_leder
12352398,Z 5,Raukaselet - Tjärnbäcken - Ankarede - Sipmesjaure + sommarled till Södra Raukasjön,10.4729473472561,"{""OBJECTID"": 12352398, ""STATLIGLED"": ""Z 5"", ""STATLIGLEDNAMN"": ""Raukaselet - Tjärnbäcken - Ankarede - Sipmesjaure + sommarled till Södra Raukasjön"", ""SHAPE.LEN"": 10.4729473472561}",14.359958951061882,64.86220594687133,LineString,10.472947347761437,0.0,https://www.openstreetmap.org/?mlat=64.8622059&mlon=14.3599590#map=18/64.8622059/14.3599590,coordinate_fallback,,,statliga_leder
12352397,Z 5,Raukaselet - Tjärnbäcken - Ankarede - Sipmesjaure + sommarled till Södra Raukasjön,4307.16082244314,"{""OBJECTID"": 12352397, ""STATLIGLED"": ""Z 5"", ""STATLIGLEDNAMN"": ""Raukaselet - Tjärnbäcken - Ankarede - Sipmesjaure + sommarled till Södra Raukasjön"", ""SHAPE.LEN"": 4307.16082244314}",14.5616283265266,64.89059530715534,LineString,4307.16082244535,0.0,https://www.openstreetmap.org/?mlat=64.8905953&mlon=14.5616283#map=18/64.8905953/14.5616283,coordinate_fallback,,,statliga_leder
12352379,Z 5,Raukaselet - Tjärnbäcken - Ankarede - Sipmesjaure + sommarled till Södra Raukasjön,39.2111188960789,"{""OBJECTID"": 12352379, ""STATLIGLED"": ""Z 5"", ""STATLIGLEDNAMN"": ""Raukaselet - Tjärnbäcken - Ankarede - Sipmesjaure + sommarled till Södra Raukasjön"", ""SHAPE.LEN"": 39.2111188960789}",14.604005321655059,64.89448547102266,LineString,39.21111889695612,0.0,https://www.openstreetmap.org/?mlat=64.8944855&mlon=14.6040053#map=18/64.8944855/14.6040053,coordinate_fallback,,,statliga_leder
12352702,Z 5,Raukaselet - Tjärnbäcken - Ankarede - Sipmesjaure + sommarled till Södra Raukasjön,4307.16082244314,"{""OBJECTID"": 12352702, ""STATLIGLED"": ""Z 5"", ""STATLIGLEDNAMN"": ""Raukaselet - Tjärnbäcken - Ankarede - Sipmesjaure + sommarled till Södra Raukasjön"", ""SHAPE.LEN"": 4307.16082244314}",14.5616283265266,64.89059530715534,LineString,4307.16082244535,0.0,https://www.openstreetmap.org/?mlat=64.8905953&mlon=14.5616283#map=18/64.8905953/14.5616283,coordinate_fallback,,,statliga_leder
12352530,Z 5,Raukaselet - Tjärnbäcken - Ankarede - Sipmesjaure + sommarled till Södra Raukasjön,30.4619329655884,"{""OBJECTID"": 12352530, ""STATLIGLED"": ""Z 5"", ""STATLIGLEDNAMN"": ""Raukaselet - Tjärnbäcken - Ankarede - Sipmesjaure + sommarled till Södra Raukasjön"", ""SHAPE.LEN"": 30.4619329655884}",14.603772335429507,64.8941829758543,LineString,30.461932964158137,0.0,https://www.openstreetmap.org/?mlat=64.8941830&mlon=14.6037723#map=18/64.8941830/14.6037723,coordinate_fallback,,,statliga_leder
12352529,Z 5,Raukaselet - Tjärnbäcken - Ankarede - Sipmesjaure + sommarled till Södra Raukasjön,10.4729473472561,"{""OBJECTID"": 12352529, ""STATLIGLED"": ""Z 5"", ""STATLIGLEDNAMN"": ""Raukaselet - Tjärnbäcken - Ankarede - Sipmesjaure + sommarled till Södra Raukasjön"", ""SHAPE.LEN"": 10.4729473472561}",14.359958951061882,64.86220594687133,LineString,10.472947347761437,0.0,https://www.openstreetmap.org/?mlat=64.8622059&mlon=14.3599590#map=18/64.8622059/14.3599590,coordinate_fallback,,,statliga_leder
12352782,Z 5,Raukaselet - Tjärnbäcken - Ankarede - Sipmesjaure + sommarled till Södra Raukasjön,39.2111188960789,"{""OBJECTID"": 12352782, ""STATLIGLED"": ""Z 5"", ""STATLIGLEDNAMN"": ""Raukaselet - Tjärnbäcken - Ankarede - Sipmesjaure + sommarled till Södra Raukasjön"", ""SHAPE.LEN"": 39.2111188960789}",14.604005321655059,64.89448547102266,LineString,39.21111889695612,0.0,https://www.openstreetmap.org/?mlat=64.8944855&mlon=14.6040053#map=18/64.8944855/14.6040053,coordinate_fallback,,,statliga_leder
12352781,Z 5,Raukaselet - Tjärnbäcken - Ankarede - Sipmesjaure + sommarled till Södra Raukasjön,212.193557377894,"{""OBJECTID"": 12352781, ""STATLIGLED"": ""Z 5"", ""STATLIGLEDNAMN"": ""Raukaselet - Tjärnbäcken - Ankarede - Sipmesjaure + sommarled till Södra Raukasjön"", ""SHAPE.LEN"": 212.193557377894}",14.239417977343908,64.81860619218143,LineString,212.1935573789067,0.0,https://www.openstreetmap.org/?mlat=64.8186062&mlon=14.2394180#map=18/64.8186062/14.2394180,coordinate_fallback,,,statliga_leder
12352780,Z 5,Raukaselet - Tjärnbäcken - Ankarede - Sipmesjaure + sommarled till Södra Raukasjön,163.014360962715,"{""OBJECTID"": 12352780, ""STATLIGLED"": ""Z 5"", ""STATLIGLEDNAMN"": ""Raukaselet - Tjärnbäcken - Ankarede - Sipmesjaure + sommarled till Södra Raukasjön"", ""SHAPE.LEN"": 163.014360962715}",14.58590097037565,64.89276591285476,LineString,163.01436096100494,0.0,https://www.openstreetmap.org/?mlat=64.8927659&mlon=14.5859010#map=18/64.8927659/14.5859010,coordinate_fallback,,,statliga_leder
12352779,Z 5,Raukaselet - Tjärnbäcken - Ankarede - Sipmesjaure + sommarled till Södra Raukasjön,11.7214161362866,"{""OBJECTID"": 12352779, ""STATLIGLED"": ""Z 5"", ""STATLIGLEDNAMN"": ""Raukaselet - Tjärnbäcken - Ankarede - Sipmesjaure + sommarled till Södra Raukasjön"", ""SHAPE.LEN"": 11.7214161362866}",14.36017308174708,64.86224619723751,LineString,11.721416137376426,0.0,https://www.openstreetmap.org/?mlat=64.8622462&mlon=14.3601731#map=18/64.8622462/14.3601731,coordinate_fallback,,,statliga_leder
12352778,Z 5,Raukaselet - Tjärnbäcken - Ankarede - Sipmesjaure + sommarled till Södra Raukasjön,15.7634344994991,"{""OBJECTID"": 12352778, ""STATLIGLED"": ""Z 5"", ""STATLIGLEDNAMN"": ""Raukaselet - Tjärnbäcken - Ankarede - Sipmesjaure + sommarled till Södra Raukasjön"", ""SHAPE.LEN"": 15.7634344994991}",14.359700457380292,64.86216420523255,LineString,15.763434499391053,0.0,https://www.openstreetmap.org/?mlat=64.8621642&mlon=14.3597005#map=18/64.8621642/14.3597005,coordinate_fallback,,,statliga_leder
12345123,Z 5,Raukaselet - Tjärnbäcken - Ankarede - Sipmesjaure + sommarled till Södra Raukasjön,7929.48501552971,"{""OBJECTID"": 12345123, ""STATLIGLED"": ""Z 5"", ""STATLIGLEDNAMN"": ""Raukaselet - Tjärnbäcken - Ankarede - Sipmesjaure + sommarled till Södra Raukasjön"", ""SHAPE.LEN"": 7929.48501552971}",14.29991023748006,64.84374233893105,LineString,7929.485015526192,0.0,https://www.openstreetmap.org/?mlat=64.8437423&mlon=14.2999102#map=18/64.8437423/14.2999102,coordinate_fallback,,,statliga_leder
12345121,Z 5,Raukaselet - Tjärnbäcken - Ankarede - Sipmesjaure + sommarled till Södra Raukasjön,6000.34982038038,"{""OBJECTID"": 12345121, ""STATLIGLED"": ""Z 5"", ""STATLIGLEDNAMN"": ""Raukaselet - Tjärnbäcken - Ankarede - Sipmesjaure + sommarled till Södra Raukasjön"", ""SHAPE.LEN"": 6000.34982038038}",14.459781481906715,64.88932854776452,LineString,6000.349820383287,0.0,https://www.openstreetmap.org/?mlat=64.8893285&mlon=14.4597815#map=18/64.8893285/14.4597815,coordinate_fallback,,,statliga_leder
12345313,Z 5,Raukaselet - Tjärnbäcken - Ankarede - Sipmesjaure + sommarled till Södra Raukasjön,3557.81753891696,"{""OBJECTID"": 12345313, ""STATLIGLED"": ""Z 5"", ""STATLIGLEDNAMN"": ""Raukaselet - Tjärnbäcken - Ankarede - Sipmesjaure + sommarled till Södra Raukasjön"", ""SHAPE.LEN"": 3557.81753891696}",14.385462830602442,64.87080449844811,LineString,3557.8175389139415,0.0,https://www.openstreetmap.org/?mlat=64.8708045&mlon=14.3854628#map=18/64.8708045/14.3854628,coordinate_fallback,,,statliga_leder
12345304,Z 5,Raukaselet - Tjärnbäcken - Ankarede - Sipmesjaure + sommarled till Södra Raukasjön,25.7878642814794,"{""OBJECTID"": 12345304, ""STATLIGLED"": ""Z 5"", ""STATLIGLEDNAMN"": ""Raukaselet - Tjärnbäcken - Ankarede - Sipmesjaure + sommarled till Södra Raukasjön"", ""SHAPE.LEN"": 25.7878642814794}",14.2458233049177,64.82062023627937,LineString,25.78786428073587,0.0,https://www.openstreetmap.org/?mlat=64.8206202&mlon=14.2458233#map=18/64.8206202/14.2458233,coordinate_fallback,,,statliga_leder
12353372,Z 5,Raukaselet - Tjärnbäcken - Ankarede - Sipmesjaure + sommarled till Södra Raukasjön,316.712471122304,"{""OBJECTID"": 12353372, ""STATLIGLED"": ""Z 5"", ""STATLIGLEDNAMN"": ""Raukaselet - Tjärnbäcken - Ankarede - Sipmesjaure + sommarled till Södra Raukasjön"", ""SHAPE.LEN"": 316.712471122304}",14.243964532086126,64.81931824100813,LineString,316.7124711222981,0.0,https://www.openstreetmap.org/?mlat=64.8193182&mlon=14.2439645#map=18/64.8193182/14.2439645,coordinate_fallback,,,statliga_leder
12353371,Z 5,Raukaselet - Tjärnbäcken - Ankarede - Sipmesjaure + sommarled till Södra Raukasjön,39.1449218960774,"{""OBJECTID"": 12353371, ""STATLIGLED"": ""Z 5"", ""STATLIGLEDNAMN"": ""Raukaselet - Tjärnbäcken - Ankarede - Sipmesjaure + sommarled till Södra Raukasjön"", ""SHAPE.LEN"": 39.1449218960774}",14.241884569792774,64.81863847254579,LineString,39.144921896880525,0.0,https://www.openstreetmap.org/?mlat=64.8186385&mlon=14.2418846#map=18/64.8186385/14.2418846,coordinate_fallback,,,statliga_leder
12353370,Z 5,Raukaselet - Tjärnbäcken - Ankarede - Sipmesjaure + sommarled till Södra Raukasjön,11.0241112204114,"{""OBJECTID"": 12353370, ""STATLIGLED"": ""Z 5"", ""STATLIGLEDNAMN"": ""Raukaselet - Tjärnbäcken - Ankarede - Sipmesjaure + sommarled till Södra Raukasjön"", ""SHAPE.LEN"": 11.0241112204114}",14.519326018448778,64.88930594464306,LineString,11.024111221637913,0.0,https://www.openstreetmap.org/?mlat=64.8893059&mlon=14.5193260#map=18/64.8893059/14.5193260,coordinate_fallback,,,statliga_leder
12352884,Z 13,Sipmesjaure - Väktarmon - Bleriken - Brattli,51.7077799929923,"{""OBJECTID"": 12352884, ""STATLIGLED"": ""Z 13"", ""STATLIGLEDNAMN"": ""Sipmesjaure - Väktarmon - Bleriken - Brattli"", ""SHAPE.LEN"": 51.7077799929923}",14.309969195279928,64.56782213104515,LineString,51.70777999242934,0.0,https://www.openstreetmap.org/?mlat=64.5678221&mlon=14.3099692#map=18/64.5678221/14.3099692,coordinate_fallback,,,statliga_leder
12352883,Z 13,Sipmesjaure - Väktarmon - Bleriken - Brattli,225.060761025142,"{""OBJECTID"": 12352883, ""STATLIGLED"": ""Z 13"", ""STATLIGLEDNAMN"": ""Sipmesjaure - Väktarmon - Bleriken - Brattli"", ""SHAPE.LEN"": 225.060761025142}",14.308594213677516,64.57028088958387,LineString,225.0607610255996,0.0,https://www.openstreetmap.org/?mlat=64.5702809&mlon=14.3085942#map=18/64.5702809/14.3085942,coordinate_fallback,,,statliga_leder
12352394,Z 13,Sipmesjaure - Väktarmon - Bleriken - Brattli,209.561672855565,"{""OBJECTID"": 12352394, ""STATLIGLED"": ""Z 13"", ""STATLIGLEDNAMN"": ""Sipmesjaure - Väktarmon - Bleriken - Brattli"", ""SHAPE.LEN"": 209.561672855565}",14.3133424246021,64.56515128520135,LineString,209.56167285645907,0.0,https://www.openstreetmap.org/?mlat=64.5651513&mlon=14.3133424#map=18/64.5651513/14.3133424,coordinate_fallback,,,statliga_leder
12352393,Z 13,Sipmesjaure - Väktarmon - Bleriken - Brattli,117.880916390635,"{""OBJECTID"": 12352393, ""STATLIGLED"": ""Z 13"", ""STATLIGLEDNAMN"": ""Sipmesjaure - Väktarmon - Bleriken - Brattli"", ""SHAPE.LEN"": 117.880916390635}",14.309558397210237,64.56872750479724,LineString,117.88091638857316,0.0,https://www.openstreetmap.org/?mlat=64.5687275&mlon=14.3095584#map=18/64.5687275/14.3095584,coordinate_fallback,,,statliga_leder
12352392,Z 13,Sipmesjaure - Väktarmon - Bleriken - Brattli,39.2854108266577,"{""OBJECTID"": 12352392, ""STATLIGLED"": ""Z 13"", ""STATLIGLEDNAMN"": ""Sipmesjaure - Väktarmon - Bleriken - Brattli"", ""SHAPE.LEN"": 39.2854108266577}",14.314672246835752,64.5639041784949,LineString,39.285410828380165,0.0,https://www.openstreetmap.org/?mlat=64.5639042&mlon=14.3146722#map=18/64.5639042/14.3146722,coordinate_fallback,,,statliga_leder
12352391,Z 13,Sipmesjaure - Väktarmon - Bleriken - Brattli,189.494711696738,"{""OBJECTID"": 12352391, ""STATLIGLED"": ""Z 13"", ""STATLIGLEDNAMN"": ""Sipmesjaure - Väktarmon - Bleriken - Brattli"", ""SHAPE.LEN"": 189.494711696738}",14.310985341583725,64.56654564162088,LineString,189.4947116974993,0.0,https://www.openstreetmap.org/?mlat=64.5665456&mlon=14.3109853#map=18/64.5665456/14.3109853,coordinate_fallback,,,statliga_leder
12352390,Z 13,Sipmesjaure - Väktarmon - Bleriken - Brattli,648.333397843097,"{""OBJECTID"": 12352390, ""STATLIGLED"": ""Z 13"", ""STATLIGLEDNAMN"": ""Sipmesjaure - Väktarmon - Bleriken - Brattli"", ""SHAPE.LEN"": 648.333397843097}",14.25484976423871,64.50992628866977,LineString,648.3333978455174,0.0,https://www.openstreetmap.org/?mlat=64.5099263&mlon=14.2548498#map=18/64.5099263/14.2548498,coordinate_fallback,,,statliga_leder
12352389,Z 13,Sipmesjaure - Väktarmon - Bleriken - Brattli,645.771912507232,"{""OBJECTID"": 12352389, ""STATLIGLED"": ""Z 13"", ""STATLIGLEDNAMN"": ""Sipmesjaure - Väktarmon - Bleriken - Brattli"", ""SHAPE.LEN"": 645.771912507232}",14.31543752000877,64.55420120955766,LineString,645.7719125041083,0.0,https://www.openstreetmap.org/?mlat=64.5542012&mlon=14.3154375#map=18/64.5542012/14.3154375,coordinate_fallback,,,statliga_leder
12352376,Z 13,Sipmesjaure - Väktarmon - Bleriken - Brattli,1551.56849711205,"{""OBJECTID"": 12352376, ""STATLIGLED"": ""Z 13"", ""STATLIGLEDNAMN"": ""Sipmesjaure - Väktarmon - Bleriken - Brattli"", ""SHAPE.LEN"": 1551.56849711205}",14.236048859361523,64.50504976306146,LineString,1551.568497111194,0.0,https://www.openstreetmap.org/?mlat=64.5050498&mlon=14.2360489#map=18/64.5050498/14.2360489,coordinate_fallback,,,statliga_leder
12352375,Z 13,Sipmesjaure - Väktarmon - Bleriken - Brattli,1015.35597718155,"{""OBJECTID"": 12352375, ""STATLIGLED"": ""Z 13"", ""STATLIGLEDNAMN"": ""Sipmesjaure - Väktarmon - Bleriken - Brattli"", ""SHAPE.LEN"": 1015.35597718155}",14.319270511664293,64.55978628781742,LineString,1015.355977181766,0.0,https://www.openstreetmap.org/?mlat=64.5597863&mlon=14.3192705#map=18/64.5597863/14.3192705,coordinate_fallback,,,statliga_leder
12352343,Z 13,Sipmesjaure - Väktarmon - Bleriken - Brattli,5519.59266537193,"{""OBJECTID"": 12352343, ""STATLIGLED"": ""Z 13"", ""STATLIGLEDNAMN"": ""Sipmesjaure - Väktarmon - Bleriken - Brattli"", ""SHAPE.LEN"": 5519.59266537193}",14.284799218200721,64.53099217813953,LineString,5519.592665369047,0.0,https://www.openstreetmap.org/?mlat=64.5309922&mlon=14.2847992#map=18/64.5309922/14.2847992,coordinate_fallback,,,statliga_leder
12352342,Z 13,Sipmesjaure - Väktarmon - Bleriken - Brattli,23429.8167742766,"{""OBJECTID"": 12352342, ""STATLIGLED"": ""Z 13"", ""STATLIGLEDNAMN"": ""Sipmesjaure - Väktarmon - Bleriken - Brattli"", ""SHAPE.LEN"": 23429.8167742766}",14.305336903180867,64.64956825775998,LineString,23429.816774273208,0.0,https://www.openstreetmap.org/?mlat=64.6495683&mlon=14.3053369#map=18/64.6495683/14.3053369,coordinate_fallback,,,statliga_leder
12352667,Z 13,Sipmesjaure - Väktarmon - Bleriken - Brattli,0.100137879098101,"{""OBJECTID"": 12352667, ""STATLIGLED"": ""Z 13"", ""STATLIGLEDNAMN"": ""Sipmesjaure - Väktarmon - Bleriken - Brattli"", ""SHAPE.LEN"": 0.100137879098101}",14.264165391404902,64.51607295363215,LineString,0.10013787899949408,0.0,https://www.openstreetmap.org/?mlat=64.5160730&mlon=14.2641654#map=18/64.5160730/14.2641654,coordinate_fallback,,,statliga_leder
12352666,Z 13,Sipmesjaure - Väktarmon - Bleriken - Brattli,189.494711696738,"{""OBJECTID"": 12352666, ""STATLIGLED"": ""Z 13"", ""STATLIGLEDNAMN"": ""Sipmesjaure - Väktarmon - Bleriken - Brattli"", ""SHAPE.LEN"": 189.494711696738}",14.310985341583725,64.56654564162088,LineString,189.4947116974993,0.0,https://www.openstreetmap.org/?mlat=64.5665456&mlon=14.3109853#map=18/64.5665456/14.3109853,coordinate_fallback,,,statliga_leder
12352407,Z 13,Sipmesjaure - Väktarmon - Bleriken - Brattli,39.2854108266577,"{""OBJECTID"": 12352407, ""STATLIGLED"": ""Z 13"", ""STATLIGLEDNAMN"": ""Sipmesjaure - Väktarmon - Bleriken - Brattli"", ""SHAPE.LEN"": 39.2854108266577}",14.314672246835752,64.5639041784949,LineString,39.285410828380165,0.0,https://www.openstreetmap.org/?mlat=64.5639042&mlon=14.3146722#map=18/64.5639042/14.3146722,coordinate_fallback,,,statliga_leder
12352406,Z 13,Sipmesjaure - Väktarmon - Bleriken - Brattli,225.060761025142,"{""OBJECTID"": 12352406, ""STATLIGLED"": ""Z 13"", ""STATLIGLEDNAMN"": ""Sipmesjaure - Väktarmon - Bleriken - Brattli"", ""SHAPE.LEN"": 225.060761025142}",14.308594213677516,64.57028088958387,LineString,225.0607610255996,0.0,https://www.openstreetmap.org/?mlat=64.5702809&mlon=14.3085942#map=18/64.5702809/14.3085942,coordinate_fallback,,,statliga_leder
12352405,Z 13,Sipmesjaure - Väktarmon - Bleriken - Brattli,645.771912507232,"{""OBJECTID"": 12352405, ""STATLIGLED"": ""Z 13"", ""STATLIGLEDNAMN"": ""Sipmesjaure - Väktarmon - Bleriken - Brattli"", ""SHAPE.LEN"": 645.771912507232}",14.31543752000877,64.55420120955766,LineString,645.7719125041083,0.0,https://www.openstreetmap.org/?mlat=64.5542012&mlon=14.3154375#map=18/64.5542012/14.3154375,coordinate_fallback,,,statliga_leder
12352404,Z 13,Sipmesjaure - Väktarmon - Bleriken - Brattli,51.7077799929923,"{""OBJECTID"": 12352404, ""STATLIGLED"": ""Z 13"", ""STATLIGLEDNAMN"": ""Sipmesjaure - Väktarmon - Bleriken - Brattli"", ""SHAPE.LEN"": 51.7077799929923}",14.309969195279928,64.56782213104515,LineString,51.70777999242934,0.0,https://www.openstreetmap.org/?mlat=64.5678221&mlon=14.3099692#map=18/64.5678221/14.3099692,coordinate_fallback,,,statliga_leder
12352555,Z 13,Sipmesjaure - Väktarmon - Bleriken - Brattli,117.880916390635,"{""OBJECTID"": 12352555, ""STATLIGLED"": ""Z 13"", ""STATLIGLEDNAMN"": ""Sipmesjaure - Väktarmon - Bleriken - Brattli"", ""SHAPE.LEN"": 117.880916390635}",14.309558397210237,64.56872750479724,LineString,117.88091638857316,0.0,https://www.openstreetmap.org/?mlat=64.5687275&mlon=14.3095584#map=18/64.5687275/14.3095584,coordinate_fallback,,,statliga_leder
12352554,Z 13,Sipmesjaure - Väktarmon - Bleriken - Brattli,209.561672855565,"{""OBJECTID"": 12352554, ""STATLIGLED"": ""Z 13"", ""STATLIGLEDNAMN"": ""Sipmesjaure - Väktarmon - Bleriken - Brattli"", ""SHAPE.LEN"": 209.561672855565}",14.3133424246021,64.56515128520135,LineString,209.56167285645907,0.0,https://www.openstreetmap.org/?mlat=64.5651513&mlon=14.3133424#map=18/64.5651513/14.3133424,coordinate_fallback,,,statliga_leder
12345167,Z 13,Sipmesjaure - Väktarmon - Bleriken - Brattli,4943.26482192504,"{""OBJECTID"": 12345167, ""STATLIGLED"": ""Z 13"", ""STATLIGLEDNAMN"": ""Sipmesjaure - Väktarmon - Bleriken - Brattli"", ""SHAPE.LEN"": 4943.26482192504}",14.288190020261139,64.53314013296543,LineString,4943.264821925519,0.0,https://www.openstreetmap.org/?mlat=64.5331401&mlon=14.2881900#map=18/64.5331401/14.2881900,coordinate_fallback,,,statliga_leder
12345125,Z 13,Sipmesjaure - Väktarmon - Bleriken - Brattli,2410.25910167347,"{""OBJECTID"": 12345125, ""STATLIGLED"": ""Z 13"", ""STATLIGLEDNAMN"": ""Sipmesjaure - Väktarmon - Bleriken - Brattli"", ""SHAPE.LEN"": 2410.25910167347}",14.290517843304745,64.57872663969057,LineString,2410.2591016733754,0.0,https://www.openstreetmap.org/?mlat=64.5787266&mlon=14.2905178#map=18/64.5787266/14.2905178,coordinate_fallback,,,statliga_leder
12345122,Z 13,Sipmesjaure - Väktarmon - Bleriken - Brattli,1015.35597718155,"{""OBJECTID"": 12345122, ""STATLIGLED"": ""Z 13"", ""STATLIGLEDNAMN"": ""Sipmesjaure - Väktarmon - Bleriken - Brattli"", ""SHAPE.LEN"": 1015.35597718155}",14.319270511664293,64.55978628781742,LineString,1015.355977181766,0.0,https://www.openstreetmap.org/?mlat=64.5597863&mlon=14.3192705#map=18/64.5597863/14.3192705,coordinate_fallback,,,statliga_leder
12350935,Z 113,Hovde - Flyberg - Fiskåvattnet (ny),14344.691682592,"{""OBJECTID"": 12350935, ""STATLIGLED"": ""Z 113"", ""STATLIGLEDNAMN"": ""Hovde - Flyberg - Fiskåvattnet (ny)"", ""SHAPE.LEN"": 14344.691682592}",14.85878953207247,64.44893842672175,LineString,14344.69168259129,0.0,https://www.openstreetmap.org/?mlat=64.4489384&mlon=14.8587895#map=18/64.4489384/14.8587895,coordinate_fallback,,,statliga_leder
12350934,Z 113,Hovde - Flyberg - Fiskåvattnet (ny),119.690049406857,"{""OBJECTID"": 12350934, ""STATLIGLED"": ""Z 113"", ""STATLIGLEDNAMN"": ""Hovde - Flyberg - Fiskåvattnet (ny)"", ""SHAPE.LEN"": 119.690049406857}",15.00391711373286,64.4702451737675,LineString,119.69004940552347,0.0,https://www.openstreetmap.org/?mlat=64.4702452&mlon=15.0039171#map=18/64.4702452/15.0039171,coordinate_fallback,,,statliga_leder
12350933,Z 113,Hovde - Flyberg - Fiskåvattnet (ny),10638.5482963129,"{""OBJECTID"": 12350933, ""STATLIGLED"": ""Z 113"", ""STATLIGLEDNAMN"": ""Hovde - Flyberg - Fiskåvattnet (ny)"", ""SHAPE.LEN"": 10638.5482963129}",15.035143170671995,64.4938321935373,LineString,10638.5482963124,0.0,https://www.openstreetmap.org/?mlat=64.4938322&mlon=15.0351432#map=18/64.4938322/15.0351432,coordinate_fallback,,,statliga_leder
12353079,Z 113,Hovde - Flyberg - Fiskåvattnet (ny),23789.6737732561,"{""OBJECTID"": 12353079, ""STATLIGLED"": ""Z 113"", ""STATLIGLEDNAMN"": ""Hovde - Flyberg - Fiskåvattnet (ny)"", ""SHAPE.LEN"": 23789.6737732561}",14.920763906822408,64.46539878057219,LineString,23789.673773253384,0.0,https://www.openstreetmap.org/?mlat=64.4653988&mlon=14.9207639#map=18/64.4653988/14.9207639,coordinate_fallback,,,statliga_leder
12352648,Z 114,Hovde - Blomhöjdsvägen  (ny),608.190566639675,"{""OBJECTID"": 12352648, ""STATLIGLED"": ""Z 114"", ""STATLIGLEDNAMN"": ""Hovde - Blomhöjdsvägen  (ny)"", ""SHAPE.LEN"": 608.190566639675}",14.877769237308026,64.60482513624062,LineString,608.1905666410495,0.0,https://www.openstreetmap.org/?mlat=64.6048251&mlon=14.8777692#map=18/64.6048251/14.8777692,coordinate_fallback,,,statliga_leder
12352647,Z 114,Hovde - Blomhöjdsvägen  (ny),633.700720824981,"{""OBJECTID"": 12352647, ""STATLIGLED"": ""Z 114"", ""STATLIGLEDNAMN"": ""Hovde - Blomhöjdsvägen  (ny)"", ""SHAPE.LEN"": 633.700720824981}",14.887286503194687,64.6013372506166,LineString,633.7007208221992,0.0,https://www.openstreetmap.org/?mlat=64.6013373&mlon=14.8872865#map=18/64.6013373/14.8872865,coordinate_fallback,,,statliga_leder
12352646,Z 114,Hovde - Blomhöjdsvägen  (ny),123.623076693879,"{""OBJECTID"": 12352646, ""STATLIGLED"": ""Z 114"", ""STATLIGLEDNAMN"": ""Hovde - Blomhöjdsvägen  (ny)"", ""SHAPE.LEN"": 123.623076693879}",15.077494053973195,64.53500193552178,LineString,123.62307669440794,0.0,https://www.openstreetmap.org/?mlat=64.5350019&mlon=15.0774941#map=18/64.5350019/15.0774941,coordinate_fallback,,,statliga_leder
12352614,Z 114,Hovde - Blomhöjdsvägen  (ny),581.6715659005,"{""OBJECTID"": 12352614, ""STATLIGLED"": ""Z 114"", ""STATLIGLEDNAMN"": ""Hovde - Blomhöjdsvägen  (ny)"", ""SHAPE.LEN"": 581.6715659005}",15.073016305674733,64.53728874940602,LineString,581.6715658993184,0.0,https://www.openstreetmap.org/?mlat=64.5372887&mlon=15.0730163#map=18/64.5372887/15.0730163,coordinate_fallback,,,statliga_leder
12356032,Z 116,St Blåsjön - Mesklumpen -Leddelning Flyn - Leipikvattnet (sjöis) (ny),4150.897353244,"{""OBJECTID"": 12356032, ""STATLIGLED"": ""Z 116"", ""STATLIGLEDNAMN"": ""St Blåsjön - Mesklumpen -Leddelning Flyn - Leipikvattnet (sjöis) (ny)"", ""SHAPE.LEN"": 4150.897353244}",14.106212798871306,64.8503581241764,LineString,4150.8973532441605,0.0,https://www.openstreetmap.org/?mlat=64.8503581&mlon=14.1062128#map=18/64.8503581/14.1062128,coordinate_fallback,,,statliga_leder
12348316,Z 42,Storulvån - Tjallingen - Gåsen,17695.8544009289,"{""OBJECTID"": 12348316, ""STATLIGLED"": ""Z 42"", ""STATLIGLEDNAMN"": ""Storulvån - Tjallingen - Gåsen"", ""SHAPE.LEN"": 17695.8544009289}",12.452245827165505,63.09217323787997,LineString,17695.854400929693,0.0,https://www.openstreetmap.org/?mlat=63.0921732&mlon=12.4522458#map=18/63.0921732/12.4522458,coordinate_fallback,,,statliga_leder
12345585,Z 42,Storulvån - Tjallingen - Gåsen,1331.81579945895,"{""OBJECTID"": 12345585, ""STATLIGLED"": ""Z 42"", ""STATLIGLEDNAMN"": ""Storulvån - Tjallingen - Gåsen"", ""SHAPE.LEN"": 1331.81579945895}",12.37478283555864,63.1689919904856,LineString,1331.8157994557873,0.0,https://www.openstreetmap.org/?mlat=63.1689920&mlon=12.3747828#map=18/63.1689920/12.3747828,coordinate_fallback,,,statliga_leder
12349170,Z 62,Vålådalen - Lunndörrstugorna,12.6577957020994,"{""OBJECTID"": 12349170, ""STATLIGLED"": ""Z 62"", ""STATLIGLEDNAMN"": ""Vålådalen - Lunndörrstugorna"", ""SHAPE.LEN"": 12.6577957020994}",12.963910870579005,63.147440541146054,LineString,12.65779570369112,0.0,https://www.openstreetmap.org/?mlat=63.1474405&mlon=12.9639109#map=18/63.1474405/12.9639109,coordinate_fallback,,,statliga_leder
12355012,Z 62,Vålådalen - Lunndörrstugorna,12825.989749709,"{""OBJECTID"": 12355012, ""STATLIGLED"": ""Z 62"", ""STATLIGLEDNAMN"": ""Vålådalen - Lunndörrstugorna"", ""SHAPE.LEN"": 12825.989749709}",13.008576252348515,63.10852909095811,LineString,12825.989749704166,0.0,https://www.openstreetmap.org/?mlat=63.1085291&mlon=13.0085763#map=18/63.1085291/13.0085763,coordinate_fallback,,,statliga_leder
12346878,Z 62,Vålådalen - Lunndörrstugorna,7.16369548986408,"{""OBJECTID"": 12346878, ""STATLIGLED"": ""Z 62"", ""STATLIGLEDNAMN"": ""Vålådalen - Lunndörrstugorna"", ""SHAPE.LEN"": 7.16369548986408}",12.96392817138266,63.14742331315549,LineString,7.163695489388845,0.0,https://www.openstreetmap.org/?mlat=63.1474233&mlon=12.9639282#map=18/63.1474233/12.9639282,coordinate_fallback,,,statliga_leder
12346877,Z 62,Vålådalen - Lunndörrstugorna,28.2764993727357,"{""OBJECTID"": 12346877, ""STATLIGLED"": ""Z 62"", ""STATLIGLEDNAMN"": ""Vålådalen - Lunndörrstugorna"", ""SHAPE.LEN"": 28.2764993727357}",12.963786439113774,63.147570664384176,LineString,28.27649937142189,0.0,https://www.openstreetmap.org/?mlat=63.1475707&mlon=12.9637864#map=18/63.1475707/12.9637864,coordinate_fallback,,,statliga_leder
12348796,AC 57,Hemavan-Atoklimpen,42248.4311639494,"{""OBJECTID"": 12348796, ""STATLIGLED"": ""AC 57"", ""STATLIGLEDNAMN"": ""Hemavan-Atoklimpen"", ""SHAPE.LEN"": 42248.4311639494}",14.825714659500726,65.7660042798848,LineString,42248.43116391723,0.0,https://www.openstreetmap.org/?mlat=65.7660043&mlon=14.8257147#map=18/65.7660043/14.8257147,coordinate_fallback,,,statliga_leder
12348748,AC 58,Skalvattnet-Gränssjö/Ö. Vardofjället,10952.4045203533,"{""OBJECTID"": 12348748, ""STATLIGLED"": ""AC 58"", ""STATLIGLEDNAMN"": ""Skalvattnet-Gränssjö/Ö. Vardofjället"", ""SHAPE.LEN"": 10952.4045203533}",14.728887189135747,65.42044724267954,LineString,10952.404520360325,0.0,https://www.openstreetmap.org/?mlat=65.4204472&mlon=14.7288872#map=18/65.4204472/14.7288872,coordinate_fallback,,,statliga_leder
12354386,AC 58,Skalvattnet-Gränssjö/Ö. Vardofjället,6084.61766946863,"{""OBJECTID"": 12354386, ""STATLIGLED"": ""AC 58"", ""STATLIGLEDNAMN"": ""Skalvattnet-Gränssjö/Ö. Vardofjället"", ""SHAPE.LEN"": 6084.61766946863}",14.750119306215293,65.41522801098773,LineString,6084.617669469389,0.0,https://www.openstreetmap.org/?mlat=65.4152280&mlon=14.7501193#map=18/65.4152280/14.7501193,coordinate_fallback,,,statliga_leder
12352652,AC 57,Hemavan-Atoklimpen,2960.14563301045,"{""OBJECTID"": 12352652, ""STATLIGLED"": ""AC 57"", ""STATLIGLEDNAMN"": ""Hemavan-Atoklimpen"", ""SHAPE.LEN"": 2960.14563301045}",14.865845889104635,65.77853311926454,LineString,2960.1456330077986,0.0,https://www.openstreetmap.org/?mlat=65.7785331&mlon=14.8658459#map=18/65.7785331/14.8658459,coordinate_fallback,,,statliga_leder
12352651,AC 57,Hemavan-Atoklimpen,20868.6554223353,"{""OBJECTID"": 12352651, ""STATLIGLED"": ""AC 57"", ""STATLIGLEDNAMN"": ""Hemavan-Atoklimpen"", ""SHAPE.LEN"": 20868.6554223353}",14.718932010763952,65.74041059741317,LineString,20868.655422333657,0.0,https://www.openstreetmap.org/?mlat=65.7404106&mlon=14.7189320#map=18/65.7404106/14.7189320,coordinate_fallback,,,statliga_leder
12352836,AC 57,Hemavan-Atoklimpen,14686.0731440067,"{""OBJECTID"": 12352836, ""STATLIGLED"": ""AC 57"", ""STATLIGLEDNAMN"": ""Hemavan-Atoklimpen"", ""SHAPE.LEN"": 14686.0731440067}",15.00716728719937,65.7897829568163,LineString,14686.07314400164,0.0,https://www.openstreetmap.org/?mlat=65.7897830&mlon=15.0071673#map=18/65.7897830/15.0071673,coordinate_fallback,,,statliga_leder
12353995,AC 60,Slipsiken-Borgafjäll,28649.7480104255,"{""OBJECTID"": 12353995, ""STATLIGLED"": ""AC 60"", ""STATLIGLEDNAMN"": ""Slipsiken-Borgafjäll"", ""SHAPE.LEN"": 28649.7480104255}",14.915834864372766,64.91418199038753,LineString,28649.748010430223,0.0,https://www.openstreetmap.org/?mlat=64.9141820&mlon=14.9158349#map=18/64.9141820/14.9158349,coordinate_fallback,,,statliga_leder
12348172,AC 60,Slipsiken-Borgafjäll,1654.93282243792,"{""OBJECTID"": 12348172, ""STATLIGLED"": ""AC 60"", ""STATLIGLEDNAMN"": ""Slipsiken-Borgafjäll"", ""SHAPE.LEN"": 1654.93282243792}",15.108984525062128,64.84688341566604,LineString,1654.932822441003,0.0,https://www.openstreetmap.org/?mlat=64.8468834&mlon=15.1089845#map=18/64.8468834/15.1089845,coordinate_fallback,,,statliga_leder
12355561,BD 2,Treriksröset - Pältsa,9423.65049488471,"{""OBJECTID"": 12355561, ""STATLIGLED"": ""BD 2"", ""STATLIGLEDNAMN"": ""Treriksröset - Pältsa"", ""SHAPE.LEN"": 9423.65049488471}",20.444895423268033,68.99522641527848,LineString,9423.650494882695,0.0,https://www.openstreetmap.org/?mlat=68.9952264&mlon=20.4448954#map=18/68.9952264/20.4448954,coordinate_fallback,,,statliga_leder
12355560,BD 2,Treriksröset - Pältsa,4136.76892142035,"{""OBJECTID"": 12355560, ""STATLIGLED"": ""BD 2"", ""STATLIGLEDNAMN"": ""Treriksröset - Pältsa"", ""SHAPE.LEN"": 4136.76892142035}",20.525962255058438,69.0475850997099,LineString,4136.768921422379,0.0,https://www.openstreetmap.org/?mlat=69.0475851&mlon=20.5259623#map=18/69.0475851/20.5259623,coordinate_fallback,,,statliga_leder
12351399,BD 3,Koltoluokta - leden Treriksröset - Pältsa,4568.65524928741,"{""OBJECTID"": 12351399, ""STATLIGLED"": ""BD 3"", ""STATLIGLEDNAMN"": ""Koltoluokta - leden Treriksröset - Pältsa"", ""SHAPE.LEN"": 4568.65524928741}",20.562543531398457,69.04068131675068,LineString,4568.655249288192,0.0,https://www.openstreetmap.org/?mlat=69.0406813&mlon=20.5625435#map=18/69.0406813/20.5625435,coordinate_fallback,,,statliga_leder
12351400,BD 4,Treriksröset - Nilsivaara,3029.69229618857,"{""OBJECTID"": 12351400, ""STATLIGLED"": ""BD 4"", ""STATLIGLEDNAMN"": ""Treriksröset - Nilsivaara"", ""SHAPE.LEN"": 3029.69229618857}",20.577967559362442,69.05197364541753,LineString,3029.692296188612,0.0,https://www.openstreetmap.org/?mlat=69.0519736&mlon=20.5779676#map=18/69.0519736/20.5779676,coordinate_fallback,,,statliga_leder
12351541,BD 5,Pältsa - Kummavuopio (Keinovuopio),23691.8454044039,"{""OBJECTID"": 12351541, ""STATLIGLED"": ""BD 5"", ""STATLIGLEDNAMN"": ""Pältsa - Kummavuopio (Keinovuopio)"", ""SHAPE.LEN"": 23691.8454044039}",20.6181467669102,68.93584138202581,LineString,23691.845404410542,0.0,https://www.openstreetmap.org/?mlat=68.9358414&mlon=20.6181468#map=18/68.9358414/20.6181468,coordinate_fallback,,,statliga_leder
12351543,BD 6,Pältsa - Vurvejåkko - Miehtikursu,8223.9859604215,"{""OBJECTID"": 12351543, ""STATLIGLED"": ""BD 6"", ""STATLIGLEDNAMN"": ""Pältsa - Vurvejåkko - Miehtikursu"", ""SHAPE.LEN"": 8223.9859604215}",20.76504692767771,68.82227209814077,LineString,8223.98596042136,0.0,https://www.openstreetmap.org/?mlat=68.8222721&mlon=20.7650469#map=18/68.8222721/20.7650469,coordinate_fallback,,,statliga_leder
12352197,BD 6,Pältsa - Vurvejåkko - Miehtikursu,23035.8203645139,"{""OBJECTID"": 12352197, ""STATLIGLED"": ""BD 6"", ""STATLIGLEDNAMN"": ""Pältsa - Vurvejåkko - Miehtikursu"", ""SHAPE.LEN"": 23035.8203645139}",20.513571079009818,68.89403448260592,LineString,23035.820364516378,0.0,https://www.openstreetmap.org/?mlat=68.8940345&mlon=20.5135711#map=18/68.8940345/20.5135711,coordinate_fallback,,,statliga_leder
12351675,BD 7,Kummavoupio - Vuoskojaure - Laimoviken,15977.6179923797,"{""OBJECTID"": 12351675, ""STATLIGLED"": ""BD 7"", ""STATLIGLEDNAMN"": ""Kummavoupio - Vuoskojaure - Laimoviken"", ""SHAPE.LEN"": 15977.6179923797}",20.923922953036836,68.84274347965918,LineString,15977.617992380201,0.0,https://www.openstreetmap.org/?mlat=68.8427435&mlon=20.9239230#map=18/68.8427435/20.9239230,coordinate_fallback,,,statliga_leder
12351917,BD 7,Kummavoupio - Vuoskojaure - Laimoviken,2210.96978754504,"{""OBJECTID"": 12351917, ""STATLIGLED"": ""BD 7"", ""STATLIGLEDNAMN"": ""Kummavoupio - Vuoskojaure - Laimoviken"", ""SHAPE.LEN"": 2210.96978754504}",20.583790298966477,68.73968778701924,LineString,2210.969787546685,0.0,https://www.openstreetmap.org/?mlat=68.7396878&mlon=20.5837903#map=18/68.7396878/20.5837903,coordinate_fallback,,,statliga_leder
12351920,BD 7,Kummavoupio - Vuoskojaure - Laimoviken,34264.7462824506,"{""OBJECTID"": 12351920, ""STATLIGLED"": ""BD 7"", ""STATLIGLEDNAMN"": ""Kummavoupio - Vuoskojaure - Laimoviken"", ""SHAPE.LEN"": 34264.7462824506}",20.396002342285882,68.60492717530639,LineString,34264.746282450666,0.0,https://www.openstreetmap.org/?mlat=68.6049272&mlon=20.3960023#map=18/68.6049272/20.3960023,coordinate_fallback,,,statliga_leder
12351919,BD 7,Kummavoupio - Vuoskojaure - Laimoviken,523.709122665942,"{""OBJECTID"": 12351919, ""STATLIGLED"": ""BD 7"", ""STATLIGLEDNAMN"": ""Kummavoupio - Vuoskojaure - Laimoviken"", ""SHAPE.LEN"": 523.709122665942}",20.561708626120964,68.7362939726448,LineString,523.7091226656636,0.0,https://www.openstreetmap.org/?mlat=68.7362940&mlon=20.5617086#map=18/68.7362940/20.5617086,coordinate_fallback,,,statliga_leder
12351918,BD 7,Kummavoupio - Vuoskojaure - Laimoviken,11338.7835731963,"{""OBJECTID"": 12351918, ""STATLIGLED"": ""BD 7"", ""STATLIGLEDNAMN"": ""Kummavoupio - Vuoskojaure - Laimoviken"", ""SHAPE.LEN"": 11338.7835731963}",20.710145703791635,68.77948424071603,LineString,11338.783573196863,0.0,https://www.openstreetmap.org/?mlat=68.7794842&mlon=20.7101457#map=18/68.7794842/20.7101457,coordinate_fallback,,,statliga_leder
12351873,BD 7,Kummavoupio - Vuoskojaure - Laimoviken,15024.284781268,"{""OBJECTID"": 12351873, ""STATLIGLED"": ""BD 7"", ""STATLIGLEDNAMN"": ""Kummavoupio - Vuoskojaure - Laimoviken"", ""SHAPE.LEN"": 15024.284781268}",20.135151939827193,68.42349071867133,LineString,15024.28478127006,0.0,https://www.openstreetmap.org/?mlat=68.4234907&mlon=20.1351519#map=18/68.4234907/20.1351519,coordinate_fallback,,,statliga_leder
12351862,BD 9,Keinovuopio - Pulsujärvi,46225.7489970897,"{""OBJECTID"": 12351862, ""STATLIGLED"": ""BD 9"", ""STATLIGLEDNAMN"": ""Keinovuopio - Pulsujärvi"", ""SHAPE.LEN"": 46225.7489970897}",20.870874381044107,68.63554574106722,LineString,46225.74899709226,0.0,https://www.openstreetmap.org/?mlat=68.6355457&mlon=20.8708744#map=18/68.6355457/20.8708744,coordinate_fallback,,,statliga_leder
12351863,BD 11,Vuoskojaure - Järämä,22731.8430002946,"{""OBJECTID"": 12351863, ""STATLIGLED"": ""BD 11"", ""STATLIGLEDNAMN"": ""Vuoskojaure - Järämä"", ""SHAPE.LEN"": 22731.8430002946}",20.714636469738547,68.36316368092477,LineString,22731.84300029918,0.0,https://www.openstreetmap.org/?mlat=68.3631637&mlon=20.7146365#map=18/68.3631637/20.7146365,coordinate_fallback,,,statliga_leder
12351555,BD 11,Vuoskojaure - Järämä,16691.9982530313,"{""OBJECTID"": 12351555, ""STATLIGLED"": ""BD 11"", ""STATLIGLEDNAMN"": ""Vuoskojaure - Järämä"", ""SHAPE.LEN"": 16691.9982530313}",20.261714160774805,68.3592530861395,LineString,16691.998253031346,0.0,https://www.openstreetmap.org/?mlat=68.3592531&mlon=20.2617142#map=18/68.3592531/20.2617142,coordinate_fallback,,,statliga_leder
12351554,BD 11,Vuoskojaure - Järämä,3265.25362849093,"{""OBJECTID"": 12351554, ""STATLIGLED"": ""BD 11"", ""STATLIGLEDNAMN"": ""Vuoskojaure - Järämä"", ""SHAPE.LEN"": 3265.25362849093}",20.44637874987028,68.36757529748746,LineString,3265.253628490504,0.0,https://www.openstreetmap.org/?mlat=68.3675753&mlon=20.4463787#map=18/68.3675753/20.4463787,coordinate_fallback,,,statliga_leder
12351654,BD 13,Vuoskojåkka - Koojärvi,3637.10915076059,"{""OBJECTID"": 12351654, ""STATLIGLED"": ""BD 13"", ""STATLIGLEDNAMN"": ""Vuoskojåkka - Koojärvi"", ""SHAPE.LEN"": 3637.10915076059}",20.03844219617204,68.36600811162613,LineString,3637.1091507618785,0.0,https://www.openstreetmap.org/?mlat=68.3660081&mlon=20.0384422#map=18/68.3660081/20.0384422,coordinate_fallback,,,statliga_leder
12351585,BD 13,Vuoskojåkka - Koojärvi,7843.42143525069,"{""OBJECTID"": 12351585, ""STATLIGLED"": ""BD 13"", ""STATLIGLEDNAMN"": ""Vuoskojåkka - Koojärvi"", ""SHAPE.LEN"": 7843.42143525069}",20.008451393479664,68.32711142413348,LineString,7843.421435247432,0.0,https://www.openstreetmap.org/?mlat=68.3271114&mlon=20.0084514#map=18/68.3271114/20.0084514,coordinate_fallback,,,statliga_leder
12351940,BD 14,Vuoskojaure - Kattuvouma (sk),9508.51085050679,"{""OBJECTID"": 12351940, ""STATLIGLED"": ""BD 14"", ""STATLIGLEDNAMN"": ""Vuoskojaure - Kattuvouma (sk)"", ""SHAPE.LEN"": 9508.51085050679}",19.949248509970992,68.32511901135939,LineString,9508.51085050572,0.0,https://www.openstreetmap.org/?mlat=68.3251190&mlon=19.9492485#map=18/68.3251190/19.9492485,coordinate_fallback,,,statliga_leder
12351654,BD 14,Vuoskojaure - Kattuvouma (sk),3637.10915076059,"{""OBJECTID"": 12351654, ""STATLIGLED"": ""BD 14"", ""STATLIGLEDNAMN"": ""Vuoskojaure - Kattuvouma (sk)"", ""SHAPE.LEN"": 3637.10915076059}",20.03844219617204,68.36600811162613,LineString,3637.1091507618785,0.0,https://www.openstreetmap.org/?mlat=68.3660081&mlon=20.0384422#map=18/68.3660081/20.0384422,coordinate_fallback,,,statliga_leder
12351914,BD 18,Låktatjåkka - Måndalen - Abisko,3396.84442635533,"{""OBJECTID"": 12351914, ""STATLIGLED"": ""BD 18"", ""STATLIGLEDNAMN"": ""Låktatjåkka - Måndalen - Abisko"", ""SHAPE.LEN"": 3396.84442635533}",18.42698074758652,68.39811698233642,LineString,3396.8444263549986,0.0,https://www.openstreetmap.org/?mlat=68.3981170&mlon=18.4269807#map=18/68.3981170/18.4269807,coordinate_fallback,,,statliga_leder
12351915,BD 18,Låktatjåkka - Måndalen - Abisko,4994.48366193704,"{""OBJECTID"": 12351915, ""STATLIGLED"": ""BD 18"", ""STATLIGLEDNAMN"": ""Låktatjåkka - Måndalen - Abisko"", ""SHAPE.LEN"": 4994.48366193704}",18.348188522825883,68.41750985576647,LineString,4994.483661938328,0.0,https://www.openstreetmap.org/?mlat=68.4175099&mlon=18.3481885#map=18/68.4175099/18.3481885,coordinate_fallback,,,statliga_leder
12351916,BD 20,Kuoblavagge - Kårsavagge - Abisko,13728.26774775,"{""OBJECTID"": 12351916, ""STATLIGLED"": ""BD 20"", ""STATLIGLEDNAMN"": ""Kuoblavagge - Kårsavagge - Abisko"", ""SHAPE.LEN"": 13728.26774775}",18.644253707862227,68.33829083311095,LineString,13728.267747750011,0.0,https://www.openstreetmap.org/?mlat=68.3382908&mlon=18.6442537#map=18/68.3382908/18.6442537,coordinate_fallback,,,statliga_leder
12352116,BD 22,Abisko Östra - Abiskojåkka,4109.45185272768,"{""OBJECTID"": 12352116, ""STATLIGLED"": ""BD 22"", ""STATLIGLEDNAMN"": ""Abisko Östra - Abiskojåkka"", ""SHAPE.LEN"": 4109.45185272768}",18.79096323356502,68.33463580939714,LineString,4109.451852729113,0.0,https://www.openstreetmap.org/?mlat=68.3346358&mlon=18.7909632#map=18/68.3346358/18.7909632,coordinate_fallback,,,statliga_leder
12349938,BD 23,Riksgränsen - Unna Allakas,6887.50758591336,"{""OBJECTID"": 12349938, ""STATLIGLED"": ""BD 23"", ""STATLIGLEDNAMN"": ""Riksgränsen - Unna Allakas"", ""SHAPE.LEN"": 6887.50758591336}",18.21525879635234,68.2375377269098,LineString,6887.507585914606,0.0,https://www.openstreetmap.org/?mlat=68.2375377&mlon=18.2152588#map=18/68.2375377/18.2152588,coordinate_fallback,,,statliga_leder
12352119,BD 23,Riksgränsen - Unna Allakas,1025.043864788,"{""OBJECTID"": 12352119, ""STATLIGLED"": ""BD 23"", ""STATLIGLEDNAMN"": ""Riksgränsen - Unna Allakas"", ""SHAPE.LEN"": 1025.043864788}",18.191249692843982,68.20803849008568,LineString,1025.0438647880828,0.0,https://www.openstreetmap.org/?mlat=68.2080385&mlon=18.1912497#map=18/68.2080385/18.1912497,coordinate_fallback,,,statliga_leder
12352118,BD 23,Riksgränsen - Unna Allakas,12192.0574653476,"{""OBJECTID"": 12352118, ""STATLIGLED"": ""BD 23"", ""STATLIGLEDNAMN"": ""Riksgränsen - Unna Allakas"", ""SHAPE.LEN"": 12192.0574653476}",18.12690120271624,68.3819294682041,LineString,12192.057465346135,0.0,https://www.openstreetmap.org/?mlat=68.3819295&mlon=18.1269012#map=18/68.3819295/18.1269012,coordinate_fallback,,,statliga_leder
12352117,BD 23,Riksgränsen - Unna Allakas,10148.9348303657,"{""OBJECTID"": 12352117, ""STATLIGLED"": ""BD 23"", ""STATLIGLEDNAMN"": ""Riksgränsen - Unna Allakas"", ""SHAPE.LEN"": 10148.9348303657}",18.162204136492974,68.29405579328973,LineString,10148.934830365406,0.0,https://www.openstreetmap.org/?mlat=68.2940558&mlon=18.1622041#map=18/68.2940558/18.1622041,coordinate_fallback,,,statliga_leder
12351913,BD 26,Abiskojaure - Alesjaure,11086.6893438189,"{""OBJECTID"": 12351913, ""STATLIGLED"": ""BD 26"", ""STATLIGLEDNAMN"": ""Abiskojaure - Alesjaure"", ""SHAPE.LEN"": 11086.6893438189}",18.573236952574963,68.23637470086474,LineString,11086.68934381851,0.0,https://www.openstreetmap.org/?mlat=68.2363747&mlon=18.5732370#map=18/68.2363747/18.5732370,coordinate_fallback,,,statliga_leder
12351912,BD 26,Abiskojaure - Alesjaure,957.423073826781,"{""OBJECTID"": 12351912, ""STATLIGLED"": ""BD 26"", ""STATLIGLEDNAMN"": ""Abiskojaure - Alesjaure"", ""SHAPE.LEN"": 957.423073826781}",18.411139117933196,68.13996521928395,LineString,957.4230738276135,0.0,https://www.openstreetmap.org/?mlat=68.1399652&mlon=18.4111391#map=18/68.1399652/18.4111391,coordinate_fallback,,,statliga_leder
12351911,BD 26,Abiskojaure - Alesjaure,875.694017063504,"{""OBJECTID"": 12351911, ""STATLIGLED"": ""BD 26"", ""STATLIGLEDNAMN"": ""Abiskojaure - Alesjaure"", ""SHAPE.LEN"": 875.694017063504}",18.583360377469745,68.28301766194319,LineString,875.6940170641183,0.0,https://www.openstreetmap.org/?mlat=68.2830177&mlon=18.5833604#map=18/68.2830177/18.5833604,coordinate_fallback,,,statliga_leder
12350041,BD 26,Abiskojaure - Alesjaure,7946.75625631333,"{""OBJECTID"": 12350041, ""STATLIGLED"": ""BD 26"", ""STATLIGLEDNAMN"": ""Abiskojaure - Alesjaure"", ""SHAPE.LEN"": 7946.75625631333}",18.465058492227257,68.17649562495876,LineString,7946.756256311571,0.0,https://www.openstreetmap.org/?mlat=68.1764956&mlon=18.4650585#map=18/68.1764956/18.4650585,coordinate_fallback,,,statliga_leder
12351912,BD 27,Unna Allakas - Alesjaure,957.423073826781,"{""OBJECTID"": 12351912, ""STATLIGLED"": ""BD 27"", ""STATLIGLEDNAMN"": ""Unna Allakas - Alesjaure"", ""SHAPE.LEN"": 957.423073826781}",18.411139117933196,68.13996521928395,LineString,957.4230738276135,0.0,https://www.openstreetmap.org/?mlat=68.1399652&mlon=18.4111391#map=18/68.1399652/18.4111391,coordinate_fallback,,,statliga_leder
12350042,BD 27,Unna Allakas - Alesjaure,13974.1709482994,"{""OBJECTID"": 12350042, ""STATLIGLED"": ""BD 27"", ""STATLIGLEDNAMN"": ""Unna Allakas - Alesjaure"", ""SHAPE.LEN"": 13974.1709482994}",18.296198990981,68.17459780154331,LineString,13974.170948299647,0.0,https://www.openstreetmap.org/?mlat=68.1745978&mlon=18.2961990#map=18/68.1745978/18.2961990,coordinate_fallback,,,statliga_leder
12347524,BD 29,Alesjaure - Alesätno - Årosjokk (justerad),35071.1399854769,"{""OBJECTID"": 12347524, ""STATLIGLED"": ""BD 29"", ""STATLIGLEDNAMN"": ""Alesjaure - Alesätno - Årosjokk (justerad)"", ""SHAPE.LEN"": 35071.1399854769}",19.214167085274212,68.00192012315388,LineString,35071.13998547983,0.0,https://www.openstreetmap.org/?mlat=68.0019201&mlon=19.2141671#map=18/68.0019201/19.2141671,coordinate_fallback,,,statliga_leder
12351925,BD 31,Alesjaure - Sälka,8657.68822775275,"{""OBJECTID"": 12351925, ""STATLIGLED"": ""BD 31"", ""STATLIGLEDNAMN"": ""Alesjaure - Sälka"", ""SHAPE.LEN"": 8657.68822775275}",18.259937274904242,67.98497426160031,LineString,8657.688227753111,0.0,https://www.openstreetmap.org/?mlat=67.9849743&mlon=18.2599373#map=18/67.9849743/18.2599373,coordinate_fallback,,,statliga_leder
12351556,BD 31,Alesjaure - Sälka,16241.0042021202,"{""OBJECTID"": 12351556, ""STATLIGLED"": ""BD 31"", ""STATLIGLEDNAMN"": ""Alesjaure - Sälka"", ""SHAPE.LEN"": 16241.0042021202}",18.312843036810538,68.08817093620407,LineString,16241.004202120235,0.0,https://www.openstreetmap.org/?mlat=68.0881709&mlon=18.3128430#map=18/68.0881709/18.3128430,coordinate_fallback,,,statliga_leder
12347527,BD 39,Touolpanjunnje - Hukejaure - Ivarsten,119.022387582883,"{""OBJECTID"": 12347527, ""STATLIGLED"": ""BD 39"", ""STATLIGLEDNAMN"": ""Touolpanjunnje - Hukejaure - Ivarsten"", ""SHAPE.LEN"": 119.022387582883}",17.968634839287162,67.93497890058171,LineString,119.02238758369704,0.0,https://www.openstreetmap.org/?mlat=67.9349789&mlon=17.9686348#map=18/67.9349789/17.9686348,coordinate_fallback,,,statliga_leder
12347525,BD 39,Touolpanjunnje - Hukejaure - Ivarsten,18880.3851564973,"{""OBJECTID"": 12347525, ""STATLIGLED"": ""BD 39"", ""STATLIGLEDNAMN"": ""Touolpanjunnje - Hukejaure - Ivarsten"", ""SHAPE.LEN"": 18880.3851564973}",18.146177904363878,67.91750997262628,LineString,18880.385156496766,0.0,https://www.openstreetmap.org/?mlat=67.9175100&mlon=18.1461779#map=18/67.9175100/18.1461779,coordinate_fallback,,,statliga_leder
12351310,BD 43,Laukkuluspa - Tjåurek - Lietekåbba,12894.5785721011,"{""OBJECTID"": 12351310, ""STATLIGLED"": ""BD 43"", ""STATLIGLEDNAMN"": ""Laukkuluspa - Tjåurek - Lietekåbba"", ""SHAPE.LEN"": 12894.5785721011}",19.452730621585992,67.66376434621583,LineString,12894.578572100765,0.0,https://www.openstreetmap.org/?mlat=67.6637643&mlon=19.4527306#map=18/67.6637643/19.4527306,coordinate_fallback,,,statliga_leder
12351309,BD 43,Laukkuluspa - Tjåurek - Lietekåbba,960.427170256788,"{""OBJECTID"": 12351309, ""STATLIGLED"": ""BD 43"", ""STATLIGLEDNAMN"": ""Laukkuluspa - Tjåurek - Lietekåbba"", ""SHAPE.LEN"": 960.427170256788}",19.523754833731402,67.69994876601153,LineString,960.4271702578372,0.0,https://www.openstreetmap.org/?mlat=67.6999488&mlon=19.5237548#map=18/67.6999488/19.5237548,coordinate_fallback,,,statliga_leder
12351308,BD 43,Laukkuluspa - Tjåurek - Lietekåbba,14876.7324397314,"{""OBJECTID"": 12351308, ""STATLIGLED"": ""BD 43"", ""STATLIGLEDNAMN"": ""Laukkuluspa - Tjåurek - Lietekåbba"", ""SHAPE.LEN"": 14876.7324397314}",19.529903213020905,67.76820377773154,LineString,14876.732439724023,0.0,https://www.openstreetmap.org/?mlat=67.7682038&mlon=19.5299032#map=18/67.7682038/19.5299032,coordinate_fallback,,,statliga_leder
12352064,BD 44,Pårraskårsa - Tjuonajåkk,11634.4925665921,"{""OBJECTID"": 12352064, ""STATLIGLED"": ""BD 44"", ""STATLIGLEDNAMN"": ""Pårraskårsa - Tjuonajåkk"", ""SHAPE.LEN"": 11634.4925665921}",19.028497293751023,67.66145335344135,LineString,11634.49256659243,0.0,https://www.openstreetmap.org/?mlat=67.6614534&mlon=19.0284973#map=18/67.6614534/19.0284973,coordinate_fallback,,,statliga_leder
12352065,BD 44,Pårraskårsa - Tjuonajåkk,13168.6604072286,"{""OBJECTID"": 12352065, ""STATLIGLED"": ""BD 44"", ""STATLIGLEDNAMN"": ""Pårraskårsa - Tjuonajåkk"", ""SHAPE.LEN"": 13168.6604072286}",19.08333634322609,67.77147881504762,LineString,13168.660407229527,0.0,https://www.openstreetmap.org/?mlat=67.7714788&mlon=19.0833363#map=18/67.7714788/19.0833363,coordinate_fallback,,,statliga_leder
12351261,BD 45,Tjuonajåkk - Nejtokåbba - Kaska Kaitumjaure,4116.27522314996,"{""OBJECTID"": 12351261, ""STATLIGLED"": ""BD 45"", ""STATLIGLEDNAMN"": ""Tjuonajåkk - Nejtokåbba - Kaska Kaitumjaure"", ""SHAPE.LEN"": 4116.27522314996}",18.723665313580966,67.6637712980682,LineString,4116.275223146393,0.0,https://www.openstreetmap.org/?mlat=67.6637713&mlon=18.7236653#map=18/67.6637713/18.7236653,coordinate_fallback,,,statliga_leder
12352198,BD 46,Singi - Kaitumjaure,12496.4919887637,"{""OBJECTID"": 12352198, ""STATLIGLED"": ""BD 46"", ""STATLIGLEDNAMN"": ""Singi - Kaitumjaure"", ""SHAPE.LEN"": 12496.4919887637}",18.299444121942194,67.79486326798659,LineString,12496.491988758993,0.0,https://www.openstreetmap.org/?mlat=67.7948633&mlon=18.2994441#map=18/67.7948633/18.2994441,coordinate_fallback,,,statliga_leder
12347527,BD 47,Hukejaure - Sitasjaure,119.022387582883,"{""OBJECTID"": 12347527, ""STATLIGLED"": ""BD 47"", ""STATLIGLEDNAMN"": ""Hukejaure - Sitasjaure"", ""SHAPE.LEN"": 119.022387582883}",17.968634839287162,67.93497890058171,LineString,119.02238758369704,0.0,https://www.openstreetmap.org/?mlat=67.9349789&mlon=17.9686348#map=18/67.9349789/17.9686348,coordinate_fallback,,,statliga_leder
12350043,BD 47,Hukejaure - Sitasjaure,19070.5865927448,"{""OBJECTID"": 12350043, ""STATLIGLED"": ""BD 47"", ""STATLIGLEDNAMN"": ""Hukejaure - Sitasjaure"", ""SHAPE.LEN"": 19070.5865927448}",17.798139520133798,67.89053038043313,LineString,19070.586592743624,0.0,https://www.openstreetmap.org/?mlat=67.8905304&mlon=17.7981395#map=18/67.8905304/17.7981395,coordinate_fallback,,,statliga_leder
12347863,BD 56,Änonjalme - Kutjaure,11645.1884710024,"{""OBJECTID"": 12347863, ""STATLIGLED"": ""BD 56"", ""STATLIGLEDNAMN"": ""Änonjalme - Kutjaure"", ""SHAPE.LEN"": 11645.1884710024}",17.407876689176327,67.68056351131773,LineString,11645.188471004478,0.0,https://www.openstreetmap.org/?mlat=67.6805635&mlon=17.4078767#map=18/67.6805635/17.4078767,coordinate_fallback,,,statliga_leder
12347864,BD 61,Pietsaure - Saltoluokta,4546.66646268879,"{""OBJECTID"": 12347864, ""STATLIGLED"": ""BD 61"", ""STATLIGLEDNAMN"": ""Pietsaure - Saltoluokta"", ""SHAPE.LEN"": 4546.66646268879}",18.52867444103322,67.38535927330922,LineString,4546.666462682716,0.0,https://www.openstreetmap.org/?mlat=67.3853593&mlon=18.5286744#map=18/67.3853593/18.5286744,coordinate_fallback,,,statliga_leder
12349955,BD 61,Pietsaure - Saltoluokta,5941.29734613702,"{""OBJECTID"": 12349955, ""STATLIGLED"": ""BD 61"", ""STATLIGLEDNAMN"": ""Pietsaure - Saltoluokta"", ""SHAPE.LEN"": 5941.29734613702}",18.465024329800237,67.37261801210227,LineString,5941.297346135363,0.0,https://www.openstreetmap.org/?mlat=67.3726180&mlon=18.4650243#map=18/67.3726180/18.4650243,coordinate_fallback,,,statliga_leder
12348469,AC 60,Slipsiken-Borgafjäll,28260.1993502462,"{""OBJECTID"": 12348469, ""STATLIGLED"": ""AC 60"", ""STATLIGLEDNAMN"": ""Slipsiken-Borgafjäll"", ""SHAPE.LEN"": 28260.1993502462}",14.918782298722084,64.91210206742474,LineString,28260.199350251944,0.0,https://www.openstreetmap.org/?mlat=64.9121021&mlon=14.9187823#map=18/64.9121021/14.9187823,coordinate_fallback,,,statliga_leder
12355486,BD 74,Varvek - Pieskehaure - Mavas,7466.96811542588,"{""OBJECTID"": 12355486, ""STATLIGLED"": ""BD 74"", ""STATLIGLEDNAMN"": ""Varvek - Pieskehaure - Mavas"", ""SHAPE.LEN"": 7466.96811542588}",16.47468698965278,67.00627233231833,LineString,7466.968115425769,0.0,https://www.openstreetmap.org/?mlat=67.0062723&mlon=16.4746870#map=18/67.0062723/16.4746870,coordinate_fallback,,,statliga_leder
12352090,BD 74,Varvek - Pieskehaure - Mavas,314.127390383267,"{""OBJECTID"": 12352090, ""STATLIGLED"": ""BD 74"", ""STATLIGLEDNAMN"": ""Varvek - Pieskehaure - Mavas"", ""SHAPE.LEN"": 314.127390383267}",16.375050937290606,66.90669235367726,LineString,314.127390383276,0.0,https://www.openstreetmap.org/?mlat=66.9066924&mlon=16.3750509#map=18/66.9066924/16.3750509,coordinate_fallback,,,statliga_leder
12352089,BD 74,Varvek - Pieskehaure - Mavas,10209.2005984396,"{""OBJECTID"": 12352089, ""STATLIGLED"": ""BD 74"", ""STATLIGLEDNAMN"": ""Varvek - Pieskehaure - Mavas"", ""SHAPE.LEN"": 10209.2005984396}",16.41290962509699,66.94211230870413,LineString,10209.200598441565,0.0,https://www.openstreetmap.org/?mlat=66.9421123&mlon=16.4129096#map=18/66.9421123/16.4129096,coordinate_fallback,,,statliga_leder
12355533,BD 75,Mavas - Miekak - Västerfjäll,480.044838315848,"{""OBJECTID"": 12355533, ""STATLIGLED"": ""BD 75"", ""STATLIGLEDNAMN"": ""Mavas - Miekak - Västerfjäll"", ""SHAPE.LEN"": 480.044838315848}",16.369562773297023,66.90544878356874,LineString,480.0448383169842,0.0,https://www.openstreetmap.org/?mlat=66.9054488&mlon=16.3695628#map=18/66.9054488/16.3695628,coordinate_fallback,,,statliga_leder
12355489,BD 75,Mavas - Miekak - Västerfjäll,31548.3052042865,"{""OBJECTID"": 12355489, ""STATLIGLED"": ""BD 75"", ""STATLIGLEDNAMN"": ""Mavas - Miekak - Västerfjäll"", ""SHAPE.LEN"": 31548.3052042865}",17.15797560233844,66.79952546224877,LineString,31548.305204289823,0.0,https://www.openstreetmap.org/?mlat=66.7995255&mlon=17.1579756#map=18/66.7995255/17.1579756,coordinate_fallback,,,statliga_leder
12355488,BD 75,Mavas - Miekak - Västerfjäll,25678.2653759342,"{""OBJECTID"": 12355488, ""STATLIGLED"": ""BD 75"", ""STATLIGLEDNAMN"": ""Mavas - Miekak - Västerfjäll"", ""SHAPE.LEN"": 25678.2653759342}",16.64539943255777,66.88221517673666,LineString,25678.265375931944,0.0,https://www.openstreetmap.org/?mlat=66.8822152&mlon=16.6453994#map=18/66.8822152/16.6453994,coordinate_fallback,,,statliga_leder
12355487,BD 75,Mavas - Miekak - Västerfjäll,763.723904994221,"{""OBJECTID"": 12355487, ""STATLIGLED"": ""BD 75"", ""STATLIGLEDNAMN"": ""Mavas - Miekak - Västerfjäll"", ""SHAPE.LEN"": 763.723904994221}",16.926845860540602,66.85617288657838,LineString,763.7239049948474,0.0,https://www.openstreetmap.org/?mlat=66.8561729&mlon=16.9268459#map=18/66.8561729/16.9268459,coordinate_fallback,,,statliga_leder
12352090,BD 75,Mavas - Miekak - Västerfjäll,314.127390383267,"{""OBJECTID"": 12352090, ""STATLIGLED"": ""BD 75"", ""STATLIGLEDNAMN"": ""Mavas - Miekak - Västerfjäll"", ""SHAPE.LEN"": 314.127390383267}",16.375050937290606,66.90669235367726,LineString,314.127390383276,0.0,https://www.openstreetmap.org/?mlat=66.9066924&mlon=16.3750509#map=18/66.9066924/16.3750509,coordinate_fallback,,,statliga_leder
12355487,BD 76,Miekak - Pieskehaure,763.723904994221,"{""OBJECTID"": 12355487, ""STATLIGLED"": ""BD 76"", ""STATLIGLEDNAMN"": ""Miekak - Pieskehaure"", ""SHAPE.LEN"": 763.723904994221}",16.926845860540602,66.85617288657838,LineString,763.7239049948474,0.0,https://www.openstreetmap.org/?mlat=66.8561729&mlon=16.9268459#map=18/66.8561729/16.9268459,coordinate_fallback,,,statliga_leder
12356058,BD 76,Miekak - Pieskehaure,7612.45085749318,"{""OBJECTID"": 12356058, ""STATLIGLED"": ""BD 76"", ""STATLIGLEDNAMN"": ""Miekak - Pieskehaure"", ""SHAPE.LEN"": 7612.45085749318}",16.883255990974533,66.88645957388525,LineString,7612.450857491897,0.0,https://www.openstreetmap.org/?mlat=66.8864596&mlon=16.8832560#map=18/66.8864596/16.8832560,coordinate_fallback,,,statliga_leder
12351478,BD 80,Mavas - Jurunvagge,7832.55114348935,"{""OBJECTID"": 12351478, ""STATLIGLED"": ""BD 80"", ""STATLIGLEDNAMN"": ""Mavas - Jurunvagge"", ""SHAPE.LEN"": 7832.55114348935}",16.271516295639838,66.85005472030137,LineString,7832.551143489874,0.0,https://www.openstreetmap.org/?mlat=66.8500547&mlon=16.2715163#map=18/66.8500547/16.2715163,coordinate_fallback,,,statliga_leder
12351427,BD 80,Mavas - Jurunvagge,4081.67472381031,"{""OBJECTID"": 12351427, ""STATLIGLED"": ""BD 80"", ""STATLIGLEDNAMN"": ""Mavas - Jurunvagge"", ""SHAPE.LEN"": 4081.67472381031}",16.160840249269942,66.82396984448457,LineString,4081.674723808556,0.0,https://www.openstreetmap.org/?mlat=66.8239698&mlon=16.1608402#map=18/66.8239698/16.1608402,coordinate_fallback,,,statliga_leder
12355533,BD 80,Mavas - Jurunvagge,480.044838315848,"{""OBJECTID"": 12355533, ""STATLIGLED"": ""BD 80"", ""STATLIGLEDNAMN"": ""Mavas - Jurunvagge"", ""SHAPE.LEN"": 480.044838315848}",16.369562773297023,66.90544878356874,LineString,480.0448383169842,0.0,https://www.openstreetmap.org/?mlat=66.9054488&mlon=16.3695628#map=18/66.9054488/16.3695628,coordinate_fallback,,,statliga_leder
12352090,BD 80,Mavas - Jurunvagge,314.127390383267,"{""OBJECTID"": 12352090, ""STATLIGLED"": ""BD 80"", ""STATLIGLEDNAMN"": ""Mavas - Jurunvagge"", ""SHAPE.LEN"": 314.127390383267}",16.375050937290606,66.90669235367726,LineString,314.127390383276,0.0,https://www.openstreetmap.org/?mlat=66.9066924&mlon=16.3750509#map=18/66.9066924/16.3750509,coordinate_fallback,,,statliga_leder
12352067,BD 80,Mavas - Jurunvagge,15309.2736578012,"{""OBJECTID"": 12352067, ""STATLIGLED"": ""BD 80"", ""STATLIGLEDNAMN"": ""Mavas - Jurunvagge"", ""SHAPE.LEN"": 15309.2736578012}",15.978625646401268,66.78048171658828,LineString,15309.273657801687,0.0,https://www.openstreetmap.org/?mlat=66.7804817&mlon=15.9786256#map=18/66.7804817/15.9786256,coordinate_fallback,,,statliga_leder
12352066,BD 80,Mavas - Jurunvagge,3647.19609436806,"{""OBJECTID"": 12352066, ""STATLIGLED"": ""BD 80"", ""STATLIGLEDNAMN"": ""Mavas - Jurunvagge"", ""SHAPE.LEN"": 3647.19609436806}",16.352353137115657,66.88860906241277,LineString,3647.1960943669274,0.0,https://www.openstreetmap.org/?mlat=66.8886091&mlon=16.3523531#map=18/66.8886091/16.3523531,coordinate_fallback,,,statliga_leder
12351473,BD 83,Silvervägen - Guijaure - Vouggatjålme,2362.91699147505,"{""OBJECTID"": 12351473, ""STATLIGLED"": ""BD 83"", ""STATLIGLEDNAMN"": ""Silvervägen - Guijaure - Vouggatjålme"", ""SHAPE.LEN"": 2362.91699147505}",16.037507141604827,66.55127687691895,LineString,2362.9169914768718,0.0,https://www.openstreetmap.org/?mlat=66.5512769&mlon=16.0375071#map=18/66.5512769/16.0375071,coordinate_fallback,,,statliga_leder
12351544,BD 83,Silvervägen - Guijaure - Vouggatjålme,8150.75711442925,"{""OBJECTID"": 12351544, ""STATLIGLED"": ""BD 83"", ""STATLIGLEDNAMN"": ""Silvervägen - Guijaure - Vouggatjålme"", ""SHAPE.LEN"": 8150.75711442925}",15.952261915793983,66.58953230825531,LineString,8150.757114426991,0.0,https://www.openstreetmap.org/?mlat=66.5895323&mlon=15.9522619#map=18/66.5895323/15.9522619,coordinate_fallback,,,statliga_leder
12351516,BD 83,Silvervägen - Guijaure - Vouggatjålme,5509.52660720185,"{""OBJECTID"": 12351516, ""STATLIGLED"": ""BD 83"", ""STATLIGLEDNAMN"": ""Silvervägen - Guijaure - Vouggatjålme"", ""SHAPE.LEN"": 5509.52660720185}",15.852936801694304,66.62989087551928,LineString,5509.526607201862,0.0,https://www.openstreetmap.org/?mlat=66.6298909&mlon=15.8529368#map=18/66.6298909/15.8529368,coordinate_fallback,,,statliga_leder
12351515,BD 83,Silvervägen - Guijaure - Vouggatjålme,3679.77259085462,"{""OBJECTID"": 12351515, ""STATLIGLED"": ""BD 83"", ""STATLIGLEDNAMN"": ""Silvervägen - Guijaure - Vouggatjålme"", ""SHAPE.LEN"": 3679.77259085462}",16.09252226277596,66.53842910734897,LineString,3679.7725908543225,0.0,https://www.openstreetmap.org/?mlat=66.5384291&mlon=16.0925223#map=18/66.5384291/16.0925223,coordinate_fallback,,,statliga_leder
12355620,BD 83,Silvervägen - Guijaure - Vouggatjålme,13441.6127417617,"{""OBJECTID"": 12355620, ""STATLIGLED"": ""BD 83"", ""STATLIGLEDNAMN"": ""Silvervägen - Guijaure - Vouggatjålme"", ""SHAPE.LEN"": 13441.6127417617}",15.826870379358226,66.70808636361807,LineString,13441.612741763298,0.0,https://www.openstreetmap.org/?mlat=66.7080864&mlon=15.8268704#map=18/66.7080864/15.8268704,coordinate_fallback,,,statliga_leder
12355619,BD 83,Silvervägen - Guijaure - Vouggatjålme,883.806175247388,"{""OBJECTID"": 12355619, ""STATLIGLED"": ""BD 83"", ""STATLIGLEDNAMN"": ""Silvervägen - Guijaure - Vouggatjålme"", ""SHAPE.LEN"": 883.806175247388}",16.021228374459508,66.56421137548186,LineString,883.8061752465298,0.0,https://www.openstreetmap.org/?mlat=66.5642114&mlon=16.0212284#map=18/66.5642114/16.0212284,coordinate_fallback,,,statliga_leder
12355618,BD 83,Silvervägen - Guijaure - Vouggatjålme,5774.68334543241,"{""OBJECTID"": 12355618, ""STATLIGLED"": ""BD 83"", ""STATLIGLEDNAMN"": ""Silvervägen - Guijaure - Vouggatjålme"", ""SHAPE.LEN"": 5774.68334543241}",16.247526941479894,66.52038898974936,LineString,5774.683345436323,0.0,https://www.openstreetmap.org/?mlat=66.5203890&mlon=16.2475269#map=18/66.5203890/16.2475269,coordinate_fallback,,,statliga_leder
12356059,BD 83,Silvervägen - Guijaure - Vouggatjålme,2683.70686604991,"{""OBJECTID"": 12356059, ""STATLIGLED"": ""BD 83"", ""STATLIGLEDNAMN"": ""Silvervägen - Guijaure - Vouggatjålme"", ""SHAPE.LEN"": 2683.70686604991}",16.158731082546172,66.52931886256117,LineString,2683.70686604684,0.0,https://www.openstreetmap.org/?mlat=66.5293189&mlon=16.1587311#map=18/66.5293189/16.1587311,coordinate_fallback,,,statliga_leder
12351847,BD 84,Guijaure (led 83) - Verdejaure (led 85),22067.8351958486,"{""OBJECTID"": 12351847, ""STATLIGLED"": ""BD 84"", ""STATLIGLEDNAMN"": ""Guijaure (led 83) - Verdejaure (led 85)"", ""SHAPE.LEN"": 22067.8351958486}",15.796846030015773,66.54100135105311,LineString,22067.8351958513,0.0,https://www.openstreetmap.org/?mlat=66.5410014&mlon=15.7968460#map=18/66.5410014/15.7968460,coordinate_fallback,,,statliga_leder
12350554,BD 85,Ruonekjåkkå - Laisstugan - Nasafjället,8862.63016992231,"{""OBJECTID"": 12350554, ""STATLIGLED"": ""BD 85"", ""STATLIGLEDNAMN"": ""Ruonekjåkkå - Laisstugan - Nasafjället"", ""SHAPE.LEN"": 8862.63016992231}",15.486820208897955,66.49253641428253,LineString,8862.630169922422,0.0,https://www.openstreetmap.org/?mlat=66.4925364&mlon=15.4868202#map=18/66.4925364/15.4868202,coordinate_fallback,,,statliga_leder
12352123,BD 85,Ruonekjåkkå - Laisstugan - Nasafjället,19214.4402868264,"{""OBJECTID"": 12352123, ""STATLIGLED"": ""BD 85"", ""STATLIGLEDNAMN"": ""Ruonekjåkkå - Laisstugan - Nasafjället"", ""SHAPE.LEN"": 19214.4402868264}",16.067690989572387,66.45604815721087,LineString,19214.44028682878,0.0,https://www.openstreetmap.org/?mlat=66.4560482&mlon=16.0676910#map=18/66.4560482/16.0676910,coordinate_fallback,,,statliga_leder
12352122,BD 85,Ruonekjåkkå - Laisstugan - Nasafjället,19298.9155176713,"{""OBJECTID"": 12352122, ""STATLIGLED"": ""BD 85"", ""STATLIGLEDNAMN"": ""Ruonekjåkkå - Laisstugan - Nasafjället"", ""SHAPE.LEN"": 19298.9155176713}",15.753880356037902,66.4543934930868,LineString,19298.915517671678,0.0,https://www.openstreetmap.org/?mlat=66.4543935&mlon=15.7538804#map=18/66.4543935/15.7538804,coordinate_fallback,,,statliga_leder
12352245,BD 87,Jäckvik - Adolfström,4316.75826046989,"{""OBJECTID"": 12352245, ""STATLIGLED"": ""BD 87"", ""STATLIGLEDNAMN"": ""Jäckvik - Adolfström"", ""SHAPE.LEN"": 4316.75826046989}",16.928561372165735,66.37637658528519,LineString,4316.758260467238,0.0,https://www.openstreetmap.org/?mlat=66.3763766&mlon=16.9285614#map=18/66.3763766/16.9285614,coordinate_fallback,,,statliga_leder
12352240,BD 87,Jäckvik - Adolfström,1802.21629110794,"{""OBJECTID"": 12352240, ""STATLIGLED"": ""BD 87"", ""STATLIGLEDNAMN"": ""Jäckvik - Adolfström"", ""SHAPE.LEN"": 1802.21629110794}",16.727517845148988,66.3227247300509,LineString,1802.2162911076368,0.0,https://www.openstreetmap.org/?mlat=66.3227247&mlon=16.7275178#map=18/66.3227247/16.7275178,coordinate_fallback,,,statliga_leder
12352239,BD 87,Jäckvik - Adolfström,5584.12220412084,"{""OBJECTID"": 12352239, ""STATLIGLED"": ""BD 87"", ""STATLIGLEDNAMN"": ""Jäckvik - Adolfström"", ""SHAPE.LEN"": 5584.12220412084}",16.681792959564724,66.30050103393697,LineString,5584.12220412223,0.0,https://www.openstreetmap.org/?mlat=66.3005010&mlon=16.6817930#map=18/66.3005010/16.6817930,coordinate_fallback,,,statliga_leder
12352249,BD 87,Jäckvik - Adolfström,4331.5360004605,"{""OBJECTID"": 12352249, ""STATLIGLED"": ""BD 87"", ""STATLIGLEDNAMN"": ""Jäckvik - Adolfström"", ""SHAPE.LEN"": 4331.5360004605}",16.87644750785072,66.35708779780475,LineString,4331.53600046037,0.0,https://www.openstreetmap.org/?mlat=66.3570878&mlon=16.8764475#map=18/66.3570878/16.8764475,coordinate_fallback,,,statliga_leder
12352246,BD 87,Jäckvik - Adolfström,5205.60278586528,"{""OBJECTID"": 12352246, ""STATLIGLED"": ""BD 87"", ""STATLIGLEDNAMN"": ""Jäckvik - Adolfström"", ""SHAPE.LEN"": 5205.60278586528}",16.79072567109673,66.33791332385955,LineString,5205.602785861063,0.0,https://www.openstreetmap.org/?mlat=66.3379133&mlon=16.7907257#map=18/66.3379133/16.7907257,coordinate_fallback,,,statliga_leder
12351440,BD 88,Adolfström - Länsgränsen,11176.6295761663,"{""OBJECTID"": 12351440, ""STATLIGLED"": ""BD 88"", ""STATLIGLEDNAMN"": ""Adolfström - Länsgränsen"", ""SHAPE.LEN"": 11176.6295761663}",16.362118623631535,66.16013929172253,LineString,11176.629576166872,0.0,https://www.openstreetmap.org/?mlat=66.1601393&mlon=16.3621186#map=18/66.1601393/16.3621186,coordinate_fallback,,,statliga_leder
12351439,BD 88,Adolfström - Länsgränsen,4802.95125866391,"{""OBJECTID"": 12351439, ""STATLIGLED"": ""BD 88"", ""STATLIGLEDNAMN"": ""Adolfström - Länsgränsen"", ""SHAPE.LEN"": 4802.95125866391}",16.602359690610637,66.28351891645592,LineString,4802.951258663061,0.0,https://www.openstreetmap.org/?mlat=66.2835189&mlon=16.6023597#map=18/66.2835189/16.6023597,coordinate_fallback,,,statliga_leder
12351438,BD 88,Adolfström - Länsgränsen,2725.01526058972,"{""OBJECTID"": 12351438, ""STATLIGLED"": ""BD 88"", ""STATLIGLEDNAMN"": ""Adolfström - Länsgränsen"", ""SHAPE.LEN"": 2725.01526058972}",16.51553332789526,66.28249970099138,LineString,2725.015260599304,0.0,https://www.openstreetmap.org/?mlat=66.2824997&mlon=16.5155333#map=18/66.2824997/16.5155333,coordinate_fallback,,,statliga_leder
12351564,BD 88,Adolfström - Länsgränsen,2031.11677278391,"{""OBJECTID"": 12351564, ""STATLIGLED"": ""BD 88"", ""STATLIGLEDNAMN"": ""Adolfström - Länsgränsen"", ""SHAPE.LEN"": 2031.11677278391}",16.374016136694518,66.25941773866768,LineString,2031.1167727835616,0.0,https://www.openstreetmap.org/?mlat=66.2594177&mlon=16.3740161#map=18/66.2594177/16.3740161,coordinate_fallback,,,statliga_leder
12355902,BD 88,Adolfström - Länsgränsen,1450.06486137455,"{""OBJECTID"": 12355902, ""STATLIGLED"": ""BD 88"", ""STATLIGLEDNAMN"": ""Adolfström - Länsgränsen"", ""SHAPE.LEN"": 1450.06486137455}",16.339284716501506,66.25381889057712,LineString,1450.0648613746807,0.0,https://www.openstreetmap.org/?mlat=66.2538189&mlon=16.3392847#map=18/66.2538189/16.3392847,coordinate_fallback,,,statliga_leder
12349947,BD 88,Adolfström - Länsgränsen,2153.94737711119,"{""OBJECTID"": 12349947, ""STATLIGLED"": ""BD 88"", ""STATLIGLEDNAMN"": ""Adolfström - Länsgränsen"", ""SHAPE.LEN"": 2153.94737711119}",16.38618054749516,66.25544747329619,LineString,2153.9473771086473,0.0,https://www.openstreetmap.org/?mlat=66.2554475&mlon=16.3861805#map=18/66.2554475/16.3861805,coordinate_fallback,,,statliga_leder
12349926,BD 88,Adolfström - Länsgränsen,1650.09720462113,"{""OBJECTID"": 12349926, ""STATLIGLED"": ""BD 88"", ""STATLIGLEDNAMN"": ""Adolfström - Länsgränsen"", ""SHAPE.LEN"": 1650.09720462113}",16.366939706221558,66.24951424748016,LineString,1650.0972046204067,0.0,https://www.openstreetmap.org/?mlat=66.2495142&mlon=16.3669397#map=18/66.2495142/16.3669397,coordinate_fallback,,,statliga_leder
12350126,BD 88,Adolfström - Länsgränsen,5270.94516774052,"{""OBJECTID"": 12350126, ""STATLIGLED"": ""BD 88"", ""STATLIGLEDNAMN"": ""Adolfström - Länsgränsen"", ""SHAPE.LEN"": 5270.94516774052}",16.44346529511965,66.27488086502996,LineString,5270.945167744428,0.0,https://www.openstreetmap.org/?mlat=66.2748809&mlon=16.4434653#map=18/66.2748809/16.4434653,coordinate_fallback,,,statliga_leder
12352210,BD 88,Adolfström - Länsgränsen,656.044500551137,"{""OBJECTID"": 12352210, ""STATLIGLED"": ""BD 88"", ""STATLIGLEDNAMN"": ""Adolfström - Länsgränsen"", ""SHAPE.LEN"": 656.044500551137}",16.547256197778196,66.2838960730838,LineString,656.0445005494465,0.0,https://www.openstreetmap.org/?mlat=66.2838961&mlon=16.5472562#map=18/66.2838961/16.5472562,coordinate_fallback,,,statliga_leder
12352209,BD 88,Adolfström - Länsgränsen,4529.31272787353,"{""OBJECTID"": 12352209, ""STATLIGLED"": ""BD 88"", ""STATLIGLEDNAMN"": ""Adolfström - Länsgränsen"", ""SHAPE.LEN"": 4529.31272787353}",16.383253973672154,66.22841112367604,LineString,4529.312727876364,0.0,https://www.openstreetmap.org/?mlat=66.2284111&mlon=16.3832540#map=18/66.2284111/16.3832540,coordinate_fallback,,,statliga_leder
12349704,BD 21,Abisko - Abiskojaure,5049.23373125664,"{""OBJECTID"": 12349704, ""STATLIGLED"": ""BD 21"", ""STATLIGLEDNAMN"": ""Abisko - Abiskojaure"", ""SHAPE.LEN"": 5049.23373125664}",18.764694454781154,68.34035300998148,LineString,5049.233731258369,0.0,https://www.openstreetmap.org/?mlat=68.3403530&mlon=18.7646945#map=18/68.3403530/18.7646945,coordinate_fallback,,,statliga_leder
12350100,BD 21,Abisko - Abiskojaure,8806.18852675847,"{""OBJECTID"": 12350100, ""STATLIGLED"": ""BD 21"", ""STATLIGLEDNAMN"": ""Abisko - Abiskojaure"", ""SHAPE.LEN"": 8806.18852675847}",18.677600276468823,68.30631270225126,LineString,8806.188526758659,0.0,https://www.openstreetmap.org/?mlat=68.3063127&mlon=18.6776003#map=18/68.3063127/18.6776003,coordinate_fallback,,,statliga_leder
12351854,BD 56,Änonjalme - Kutjaure,10906.1133141726,"{""OBJECTID"": 12351854, ""STATLIGLED"": ""BD 56"", ""STATLIGLEDNAMN"": ""Änonjalme - Kutjaure"", ""SHAPE.LEN"": 10906.1133141726}",17.25865830164947,67.60748930556868,LineString,10906.113314173204,0.0,https://www.openstreetmap.org/?mlat=67.6074893&mlon=17.2586583#map=18/67.6074893/17.2586583,coordinate_fallback,,,statliga_leder
12349972,BD 38,Sälka - Singi,6302.85398209748,"{""OBJECTID"": 12349972, ""STATLIGLED"": ""BD 38"", ""STATLIGLEDNAMN"": ""Sälka - Singi"", ""SHAPE.LEN"": 6302.85398209748}",18.30384191558746,67.91944011801702,LineString,6302.853982097888,0.0,https://www.openstreetmap.org/?mlat=67.9194401&mlon=18.3038419#map=18/67.9194401/18.3038419,coordinate_fallback,,,statliga_leder
12350101,BD 38,Sälka - Singi,959.844638974706,"{""OBJECTID"": 12350101, ""STATLIGLED"": ""BD 38"", ""STATLIGLEDNAMN"": ""Sälka - Singi"", ""SHAPE.LEN"": 959.844638974706}",18.3231378446795,67.88740472656826,LineString,959.8446389739605,0.0,https://www.openstreetmap.org/?mlat=67.8874047&mlon=18.3231378#map=18/67.8874047/18.3231378,coordinate_fallback,,,statliga_leder
12349973,BD 38,Sälka - Singi,4044.57547560803,"{""OBJECTID"": 12349973, ""STATLIGLED"": ""BD 38"", ""STATLIGLEDNAMN"": ""Sälka - Singi"", ""SHAPE.LEN"": 4044.57547560803}",18.31462777633884,67.86582685325499,LineString,4044.575475605892,0.0,https://www.openstreetmap.org/?mlat=67.8658269&mlon=18.3146278#map=18/67.8658269/18.3146278,coordinate_fallback,,,statliga_leder
12355908,BD 42,Nikkaluokta - Kaitum hpl,6473.02152950872,"{""OBJECTID"": 12355908, ""STATLIGLED"": ""BD 42"", ""STATLIGLEDNAMN"": ""Nikkaluokta - Kaitum hpl"", ""SHAPE.LEN"": 6473.02152950872}",19.06992254950457,67.83626394029078,LineString,6473.021529508156,0.0,https://www.openstreetmap.org/?mlat=67.8362639&mlon=19.0699225#map=18/67.8362639/19.0699225,coordinate_fallback,,,statliga_leder
12349974,BD 42,Nikkaluokta - Kaitum hpl,32216.7914851858,"{""OBJECTID"": 12349974, ""STATLIGLED"": ""BD 42"", ""STATLIGLEDNAMN"": ""Nikkaluokta - Kaitum hpl"", ""SHAPE.LEN"": 32216.7914851858}",19.815493874575047,67.61961298854047,LineString,32216.791485178695,0.0,https://www.openstreetmap.org/?mlat=67.6196130&mlon=19.8154939#map=18/67.6196130/19.8154939,coordinate_fallback,,,statliga_leder
12355991,BD 49,Kaitumjaure - Teusajaure,6274.36839958583,"{""OBJECTID"": 12355991, ""STATLIGLED"": ""BD 49"", ""STATLIGLEDNAMN"": ""Kaitumjaure - Teusajaure"", ""SHAPE.LEN"": 6274.36839958583}",18.22309915175572,67.72132728403425,LineString,6274.368399585629,0.0,https://www.openstreetmap.org/?mlat=67.7213273&mlon=18.2230992#map=18/67.7213273/18.2230992,coordinate_fallback,,,statliga_leder
12355990,BD 49,Kaitumjaure - Teusajaure,2802.13881705351,"{""OBJECTID"": 12355990, ""STATLIGLED"": ""BD 49"", ""STATLIGLEDNAMN"": ""Kaitumjaure - Teusajaure"", ""SHAPE.LEN"": 2802.13881705351}",18.141523228981097,67.70565892986758,LineString,2802.138817054035,0.0,https://www.openstreetmap.org/?mlat=67.7056589&mlon=18.1415232#map=18/67.7056589/18.1415232,coordinate_fallback,,,statliga_leder
12350314,BD 49,Kaitumjaure - Teusajaure,146.890355869744,"{""OBJECTID"": 12350314, ""STATLIGLED"": ""BD 49"", ""STATLIGLEDNAMN"": ""Kaitumjaure - Teusajaure"", ""SHAPE.LEN"": 146.890355869744}",18.112131960871167,67.70918114425346,LineString,146.89035586993742,0.0,https://www.openstreetmap.org/?mlat=67.7091811&mlon=18.1121320#map=18/67.7091811/18.1121320,coordinate_fallback,,,statliga_leder
12350313,BD 49,Kaitumjaure - Teusajaure,2503.84022160188,"{""OBJECTID"": 12350313, ""STATLIGLED"": ""BD 49"", ""STATLIGLEDNAMN"": ""Kaitumjaure - Teusajaure"", ""SHAPE.LEN"": 2503.84022160188}",18.13220460658749,67.70045367647793,LineString,2503.840221602202,0.0,https://www.openstreetmap.org/?mlat=67.7004537&mlon=18.1322046#map=18/67.7004537/18.1322046,coordinate_fallback,,,statliga_leder
12352425,AC 26,Atostugan - Skalmodal,21437.4708882663,"{""OBJECTID"": 12352425, ""STATLIGLED"": ""AC 26"", ""STATLIGLEDNAMN"": ""Atostugan - Skalmodal"", ""SHAPE.LEN"": 21437.4708882663}",14.586272400660745,65.59297571364304,LineString,21437.470888268028,0.0,https://www.openstreetmap.org/?mlat=65.5929757&mlon=14.5862724#map=18/65.5929757/14.5862724,coordinate_fallback,,,statliga_leder
12344790,AC 26,Atostugan - Skalmodal,16092.2672835276,"{""OBJECTID"": 12344790, ""STATLIGLED"": ""AC 26"", ""STATLIGLEDNAMN"": ""Atostugan - Skalmodal"", ""SHAPE.LEN"": 16092.2672835276}",14.646749717072968,65.48345047271214,LineString,16092.267283519715,0.0,https://www.openstreetmap.org/?mlat=65.4834505&mlon=14.6467497#map=18/65.4834505/14.6467497,coordinate_fallback,,,statliga_leder
12344791,AC 26,Atostugan - Skalmodal,1855.07851890394,"{""OBJECTID"": 12344791, ""STATLIGLED"": ""AC 26"", ""STATLIGLEDNAMN"": ""Atostugan - Skalmodal"", ""SHAPE.LEN"": 1855.07851890394}",14.590616031899701,65.67851605822312,LineString,1855.0785189062285,0.0,https://www.openstreetmap.org/?mlat=65.6785161&mlon=14.5906160#map=18/65.6785161/14.5906160,coordinate_fallback,,,statliga_leder
12354633,BD 50,Teusajaure - Vakkotavare,13758.5012755978,"{""OBJECTID"": 12354633, ""STATLIGLED"": ""BD 50"", ""STATLIGLEDNAMN"": ""Teusajaure - Vakkotavare"", ""SHAPE.LEN"": 13758.5012755978}",18.115555086386475,67.64533248966808,LineString,13758.501275595188,0.0,https://www.openstreetmap.org/?mlat=67.6453325&mlon=18.1155551#map=18/67.6453325/18.1155551,coordinate_fallback,,,statliga_leder
12355534,BD 51,Tjuonajåkk - Kirjaluokta,16700.5454492694,"{""OBJECTID"": 12355534, ""STATLIGLED"": ""BD 51"", ""STATLIGLEDNAMN"": ""Tjuonajåkk - Kirjaluokta"", ""SHAPE.LEN"": 16700.5454492694}",18.95546466349611,67.55519402757683,LineString,16700.54544926895,0.0,https://www.openstreetmap.org/?mlat=67.5551940&mlon=18.9554647#map=18/67.5551940/18.9554647,coordinate_fallback,,,statliga_leder
12355911,BD 51,Tjuonajåkk - Kirjaluokta,3577.53480191163,"{""OBJECTID"": 12355911, ""STATLIGLED"": ""BD 51"", ""STATLIGLEDNAMN"": ""Tjuonajåkk - Kirjaluokta"", ""SHAPE.LEN"": 3577.53480191163}",18.83478503206794,67.44264255386463,LineString,3577.534801909578,0.0,https://www.openstreetmap.org/?mlat=67.4426426&mlon=18.8347850#map=18/67.4426426/18.8347850,coordinate_fallback,,,statliga_leder
12355910,BD 51,Tjuonajåkk - Kirjaluokta,3941.6207699092,"{""OBJECTID"": 12355910, ""STATLIGLED"": ""BD 51"", ""STATLIGLEDNAMN"": ""Tjuonajåkk - Kirjaluokta"", ""SHAPE.LEN"": 3941.6207699092}",18.79924477538229,67.41347142430583,LineString,3941.620769910328,0.0,https://www.openstreetmap.org/?mlat=67.4134714&mlon=18.7992448#map=18/67.4134714/18.7992448,coordinate_fallback,,,statliga_leder
12355909,BD 51,Tjuonajåkk - Kirjaluokta,5840.36289823893,"{""OBJECTID"": 12355909, ""STATLIGLED"": ""BD 51"", ""STATLIGLEDNAMN"": ""Tjuonajåkk - Kirjaluokta"", ""SHAPE.LEN"": 5840.36289823893}",18.8668148483599,67.4809753795289,LineString,5840.362898238814,0.0,https://www.openstreetmap.org/?mlat=67.4809754&mlon=18.8668148#map=18/67.4809754/18.8668148,coordinate_fallback,,,statliga_leder
12355627,BD 52,Teusajaure - Satisjaure - Vietas,4787.64849228685,"{""OBJECTID"": 12355627, ""STATLIGLED"": ""BD 52"", ""STATLIGLEDNAMN"": ""Teusajaure - Satisjaure - Vietas"", ""SHAPE.LEN"": 4787.64849228685}",18.39740513757353,67.49970133292203,LineString,4787.648492287895,0.0,https://www.openstreetmap.org/?mlat=67.4997013&mlon=18.3974051#map=18/67.4997013/18.3974051,coordinate_fallback,,,statliga_leder
12355626,BD 52,Teusajaure - Satisjaure - Vietas,4658.33864962971,"{""OBJECTID"": 12355626, ""STATLIGLED"": ""BD 52"", ""STATLIGLEDNAMN"": ""Teusajaure - Satisjaure - Vietas"", ""SHAPE.LEN"": 4658.33864962971}",18.46397823609918,67.52266297334724,LineString,4658.338649632468,0.0,https://www.openstreetmap.org/?mlat=67.5226630&mlon=18.4639782#map=18/67.5226630/18.4639782,coordinate_fallback,,,statliga_leder
12356003,BD 52,Teusajaure - Satisjaure - Vietas,8472.71198502439,"{""OBJECTID"": 12356003, ""STATLIGLED"": ""BD 52"", ""STATLIGLEDNAMN"": ""Teusajaure - Satisjaure - Vietas"", ""SHAPE.LEN"": 8472.71198502439}",18.428034280584818,67.56384691619164,LineString,8472.711985024958,0.0,https://www.openstreetmap.org/?mlat=67.5638469&mlon=18.4280343#map=18/67.5638469/18.4280343,coordinate_fallback,,,statliga_leder
12355988,BD 52,Teusajaure - Satisjaure - Vietas,9258.14247177868,"{""OBJECTID"": 12355988, ""STATLIGLED"": ""BD 52"", ""STATLIGLEDNAMN"": ""Teusajaure - Satisjaure - Vietas"", ""SHAPE.LEN"": 9258.14247177868}",18.234203675984634,67.66776797048433,LineString,9258.142471780935,0.0,https://www.openstreetmap.org/?mlat=67.6677680&mlon=18.2342037#map=18/67.6677680/18.2342037,coordinate_fallback,,,statliga_leder
12355987,BD 52,Teusajaure - Satisjaure - Vietas,6554.55540190382,"{""OBJECTID"": 12355987, ""STATLIGLED"": ""BD 52"", ""STATLIGLEDNAMN"": ""Teusajaure - Satisjaure - Vietas"", ""SHAPE.LEN"": 6554.55540190382}",18.350498463460525,67.62308830528991,LineString,6554.555401899293,0.0,https://www.openstreetmap.org/?mlat=67.6230883&mlon=18.3504985#map=18/67.6230883/18.3504985,coordinate_fallback,,,statliga_leder
12350364,BD 53,Satisjaure - Allavara,2969.76904274829,"{""OBJECTID"": 12350364, ""STATLIGLED"": ""BD 53"", ""STATLIGLEDNAMN"": ""Satisjaure - Allavara"", ""SHAPE.LEN"": 2969.76904274829}",19.780118675002882,67.3522098062441,LineString,2969.769042748122,0.0,https://www.openstreetmap.org/?mlat=67.3522098&mlon=19.7801187#map=18/67.3522098/19.7801187,coordinate_fallback,,,statliga_leder
12350363,BD 53,Satisjaure - Allavara,8135.00965673931,"{""OBJECTID"": 12350363, ""STATLIGLED"": ""BD 53"", ""STATLIGLEDNAMN"": ""Satisjaure - Allavara"", ""SHAPE.LEN"": 8135.00965673931}",19.83478851462184,67.30748703427274,LineString,8135.00965673896,0.0,https://www.openstreetmap.org/?mlat=67.3074870&mlon=19.8347885#map=18/67.3074870/19.8347885,coordinate_fallback,,,statliga_leder
12350362,BD 53,Satisjaure - Allavara,11533.2621486375,"{""OBJECTID"": 12350362, ""STATLIGLED"": ""BD 53"", ""STATLIGLEDNAMN"": ""Satisjaure - Allavara"", ""SHAPE.LEN"": 11533.2621486375}",20.01055825713158,67.26299290210153,LineString,11533.262148638843,0.0,https://www.openstreetmap.org/?mlat=67.2629929&mlon=20.0105583#map=18/67.2629929/20.0105583,coordinate_fallback,,,statliga_leder
12350317,BD 53,Satisjaure - Allavara,49699.5818319669,"{""OBJECTID"": 12350317, ""STATLIGLED"": ""BD 53"", ""STATLIGLEDNAMN"": ""Satisjaure - Allavara"", ""SHAPE.LEN"": 49699.5818319669}",19.34520249598936,67.43592415029164,LineString,49699.581831970725,0.0,https://www.openstreetmap.org/?mlat=67.4359242&mlon=19.3452025#map=18/67.4359242/19.3452025,coordinate_fallback,,,statliga_leder
12350316,BD 53,Satisjaure - Allavara,566.038611850716,"{""OBJECTID"": 12350316, ""STATLIGLED"": ""BD 53"", ""STATLIGLEDNAMN"": ""Satisjaure - Allavara"", ""SHAPE.LEN"": 566.038611850716}",19.88617270520788,67.27960963092157,LineString,566.0386118509417,0.0,https://www.openstreetmap.org/?mlat=67.2796096&mlon=19.8861727#map=18/67.2796096/19.8861727,coordinate_fallback,,,statliga_leder
12350574,BD 40,Singi - Kebnekaise,296.924312583428,"{""OBJECTID"": 12350574, ""STATLIGLED"": ""BD 40"", ""STATLIGLEDNAMN"": ""Singi - Kebnekaise"", ""SHAPE.LEN"": 296.924312583428}",18.319091916554015,67.84995000195617,LineString,296.92431258304237,0.0,https://www.openstreetmap.org/?mlat=67.8499500&mlon=18.3190919#map=18/67.8499500/18.3190919,coordinate_fallback,,,statliga_leder
12351911,BD 25,Abiskojaure - Unna Allakas,875.694017063504,"{""OBJECTID"": 12351911, ""STATLIGLED"": ""BD 25"", ""STATLIGLEDNAMN"": ""Abiskojaure - Unna Allakas"", ""SHAPE.LEN"": 875.694017063504}",18.583360377469745,68.28301766194319,LineString,875.6940170641183,0.0,https://www.openstreetmap.org/?mlat=68.2830177&mlon=18.5833604#map=18/68.2830177/18.5833604,coordinate_fallback,,,statliga_leder
12345600,BD 25,Abiskojaure - Unna Allakas,1619.51363734457,"{""OBJECTID"": 12345600, ""STATLIGLED"": ""BD 25"", ""STATLIGLEDNAMN"": ""Abiskojaure - Unna Allakas"", ""SHAPE.LEN"": 1619.51363734457}",18.56043886235254,68.27796443294476,LineString,1619.5136373431872,0.0,https://www.openstreetmap.org/?mlat=68.2779644&mlon=18.5604389#map=18/68.2779644/18.5604389,coordinate_fallback,,,statliga_leder
12349925,BD 38,Sälka - Singi,536.69830738601,"{""OBJECTID"": 12349925, ""STATLIGLED"": ""BD 38"", ""STATLIGLEDNAMN"": ""Sälka - Singi"", ""SHAPE.LEN"": 536.69830738601}",18.31535363516087,67.85272369876323,LineString,536.6983073888268,0.0,https://www.openstreetmap.org/?mlat=67.8527237&mlon=18.3153536#map=18/67.8527237/18.3153536,coordinate_fallback,,,statliga_leder
12350077,BD 49,Kaitumjaure - Teusajaure,1283.31493817397,"{""OBJECTID"": 12350077, ""STATLIGLED"": ""BD 49"", ""STATLIGLEDNAMN"": ""Kaitumjaure - Teusajaure"", ""SHAPE.LEN"": 1283.31493817397}",18.165520184081917,67.6968374049533,LineString,1283.3149381790038,0.0,https://www.openstreetmap.org/?mlat=67.6968374&mlon=18.1655202#map=18/67.6968374/18.1655202,coordinate_fallback,,,statliga_leder
12351070,Z 18,Storfulvurn - Styggråkkojan - Lakavattnet samt Styggråkkojan - Storåbränna,479.146036707116,"{""OBJECTID"": 12351070, ""STATLIGLED"": ""Z 18"", ""STATLIGLEDNAMN"": ""Storfulvurn - Styggråkkojan - Lakavattnet samt Styggråkkojan - Storåbränna"", ""SHAPE.LEN"": 479.146036707116}",14.894517308256482,63.97243590355642,LineString,479.14603670776734,0.0,https://www.openstreetmap.org/?mlat=63.9724359&mlon=14.8945173#map=18/63.9724359/14.8945173,coordinate_fallback,,,statliga_leder
12351067,Z 18,Storfulvurn - Styggråkkojan - Lakavattnet samt Styggråkkojan - Storåbränna,0.73158882577579,"{""OBJECTID"": 12351067, ""STATLIGLED"": ""Z 18"", ""STATLIGLEDNAMN"": ""Storfulvurn - Styggråkkojan - Lakavattnet samt Styggråkkojan - Storåbränna"", ""SHAPE.LEN"": 0.73158882577579}",14.898827273259752,63.97307905544767,LineString,0.7315888256808335,0.0,https://www.openstreetmap.org/?mlat=63.9730791&mlon=14.8988273#map=18/63.9730791/14.8988273,coordinate_fallback,,,statliga_leder
12350917,Z 18,Storfulvurn - Styggråkkojan - Lakavattnet samt Styggråkkojan - Storåbränna,11302.0012914721,"{""OBJECTID"": 12350917, ""STATLIGLED"": ""Z 18"", ""STATLIGLEDNAMN"": ""Storfulvurn - Styggråkkojan - Lakavattnet samt Styggråkkojan - Storåbränna"", ""SHAPE.LEN"": 11302.0012914721}",14.902143598349083,63.99064550261426,LineString,11302.001291472923,0.0,https://www.openstreetmap.org/?mlat=63.9906455&mlon=14.9021436#map=18/63.9906455/14.9021436,coordinate_fallback,,,statliga_leder
12350912,Z 18,Storfulvurn - Styggråkkojan - Lakavattnet samt Styggråkkojan - Storåbränna,2329.50034681105,"{""OBJECTID"": 12350912, ""STATLIGLED"": ""Z 18"", ""STATLIGLEDNAMN"": ""Storfulvurn - Styggråkkojan - Lakavattnet samt Styggråkkojan - Storåbränna"", ""SHAPE.LEN"": 2329.50034681105}",14.862234464607123,63.953362519254206,LineString,2329.5003468141604,0.0,https://www.openstreetmap.org/?mlat=63.9533625&mlon=14.8622345#map=18/63.9533625/14.8622345,coordinate_fallback,,,statliga_leder
12353012,Z 18,Storfulvurn - Styggråkkojan - Lakavattnet samt Styggråkkojan - Storåbränna,2407.79695952646,"{""OBJECTID"": 12353012, ""STATLIGLED"": ""Z 18"", ""STATLIGLEDNAMN"": ""Storfulvurn - Styggråkkojan - Lakavattnet samt Styggråkkojan - Storåbränna"", ""SHAPE.LEN"": 2407.79695952646}",14.797416878810925,64.10833493086119,LineString,2407.7969595260115,0.0,https://www.openstreetmap.org/?mlat=64.1083349&mlon=14.7974169#map=18/64.1083349/14.7974169,coordinate_fallback,,,statliga_leder
12353011,Z 18,Storfulvurn - Styggråkkojan - Lakavattnet samt Styggråkkojan - Storåbränna,2046.3394409648,"{""OBJECTID"": 12353011, ""STATLIGLED"": ""Z 18"", ""STATLIGLEDNAMN"": ""Storfulvurn - Styggråkkojan - Lakavattnet samt Styggråkkojan - Storåbränna"", ""SHAPE.LEN"": 2046.3394409648}",14.873691891833467,63.96848370321807,LineString,2046.3394409622556,0.0,https://www.openstreetmap.org/?mlat=63.9684837&mlon=14.8736919#map=18/63.9684837/14.8736919,coordinate_fallback,,,statliga_leder
12353010,Z 18,Storfulvurn - Styggråkkojan - Lakavattnet samt Styggråkkojan - Storåbränna,2817.05666402571,"{""OBJECTID"": 12353010, ""STATLIGLED"": ""Z 18"", ""STATLIGLEDNAMN"": ""Storfulvurn - Styggråkkojan - Lakavattnet samt Styggråkkojan - Storåbränna"", ""SHAPE.LEN"": 2817.05666402571}",14.834676208656505,63.96082478338546,LineString,2817.056664020761,0.0,https://www.openstreetmap.org/?mlat=63.9608248&mlon=14.8346762#map=18/63.9608248/14.8346762,coordinate_fallback,,,statliga_leder
12353009,Z 18,Storfulvurn - Styggråkkojan - Lakavattnet samt Styggråkkojan - Storåbränna,1262.72063438359,"{""OBJECTID"": 12353009, ""STATLIGLED"": ""Z 18"", ""STATLIGLEDNAMN"": ""Storfulvurn - Styggråkkojan - Lakavattnet samt Styggråkkojan - Storåbränna"", ""SHAPE.LEN"": 1262.72063438359}",14.810807664469715,64.0946343156611,LineString,1262.720634384444,0.0,https://www.openstreetmap.org/?mlat=64.0946343&mlon=14.8108077#map=18/64.0946343/14.8108077,coordinate_fallback,,,statliga_leder
12353341,Z 18,Storfulvurn - Styggråkkojan - Lakavattnet samt Styggråkkojan - Storåbränna,466.922081518212,"{""OBJECTID"": 12353341, ""STATLIGLED"": ""Z 18"", ""STATLIGLEDNAMN"": ""Storfulvurn - Styggråkkojan - Lakavattnet samt Styggråkkojan - Storåbränna"", ""SHAPE.LEN"": 466.922081518212}",14.870393796474872,64.03593923932848,LineString,466.9220815179889,0.0,https://www.openstreetmap.org/?mlat=64.0359392&mlon=14.8703938#map=18/64.0359392/14.8703938,coordinate_fallback,,,statliga_leder
12353340,Z 18,Storfulvurn - Styggråkkojan - Lakavattnet samt Styggråkkojan - Storåbränna,4446.36727158728,"{""OBJECTID"": 12353340, ""STATLIGLED"": ""Z 18"", ""STATLIGLEDNAMN"": ""Storfulvurn - Styggråkkojan - Lakavattnet samt Styggråkkojan - Storåbränna"", ""SHAPE.LEN"": 4446.36727158728}",14.930997485836064,63.920802384795174,LineString,4446.367271589563,0.0,https://www.openstreetmap.org/?mlat=63.9208024&mlon=14.9309975#map=18/63.9208024/14.9309975,coordinate_fallback,,,statliga_leder
12353298,Z 18,Storfulvurn - Styggråkkojan - Lakavattnet samt Styggråkkojan - Storåbränna,1711.40365681077,"{""OBJECTID"": 12353298, ""STATLIGLED"": ""Z 18"", ""STATLIGLEDNAMN"": ""Storfulvurn - Styggråkkojan - Lakavattnet samt Styggråkkojan - Storåbränna"", ""SHAPE.LEN"": 1711.40365681077}",14.854235029277975,64.0631864185897,LineString,1711.4036568120162,0.0,https://www.openstreetmap.org/?mlat=64.0631864&mlon=14.8542350#map=18/64.0631864/14.8542350,coordinate_fallback,,,statliga_leder
12353297,Z 18,Storfulvurn - Styggråkkojan - Lakavattnet samt Styggråkkojan - Storåbränna,1038.16649913844,"{""OBJECTID"": 12353297, ""STATLIGLED"": ""Z 18"", ""STATLIGLEDNAMN"": ""Storfulvurn - Styggråkkojan - Lakavattnet samt Styggråkkojan - Storåbränna"", ""SHAPE.LEN"": 1038.16649913844}",14.935998172470722,63.94371652502708,LineString,1038.1664991372988,0.0,https://www.openstreetmap.org/?mlat=63.9437165&mlon=14.9359982#map=18/63.9437165/14.9359982,coordinate_fallback,,,statliga_leder
12353296,Z 18,Storfulvurn - Styggråkkojan - Lakavattnet samt Styggråkkojan - Storåbränna,1016.73938417014,"{""OBJECTID"": 12353296, ""STATLIGLED"": ""Z 18"", ""STATLIGLEDNAMN"": ""Storfulvurn - Styggråkkojan - Lakavattnet samt Styggråkkojan - Storåbränna"", ""SHAPE.LEN"": 1016.73938417014}",14.830513026987694,64.09007751835382,LineString,1016.739384171992,0.0,https://www.openstreetmap.org/?mlat=64.0900775&mlon=14.8305130#map=18/64.0900775/14.8305130,coordinate_fallback,,,statliga_leder
12353294,Z 18,Storfulvurn - Styggråkkojan - Lakavattnet samt Styggråkkojan - Storåbränna,620.301710211082,"{""OBJECTID"": 12353294, ""STATLIGLED"": ""Z 18"", ""STATLIGLEDNAMN"": ""Storfulvurn - Styggråkkojan - Lakavattnet samt Styggråkkojan - Storåbränna"", ""SHAPE.LEN"": 620.301710211082}",14.904658402628321,63.97339281984168,LineString,620.3017102125186,0.0,https://www.openstreetmap.org/?mlat=63.9733928&mlon=14.9046584#map=18/63.9733928/14.9046584,coordinate_fallback,,,statliga_leder
12353293,Z 18,Storfulvurn - Styggråkkojan - Lakavattnet samt Styggråkkojan - Storåbränna,2070.85486248819,"{""OBJECTID"": 12353293, ""STATLIGLED"": ""Z 18"", ""STATLIGLEDNAMN"": ""Storfulvurn - Styggråkkojan - Lakavattnet samt Styggråkkojan - Storåbränna"", ""SHAPE.LEN"": 2070.85486248819}",14.856640131967543,64.04854459925701,LineString,2070.8548624874607,0.0,https://www.openstreetmap.org/?mlat=64.0485446&mlon=14.8566401#map=18/64.0485446/14.8566401,coordinate_fallback,,,statliga_leder
12353292,Z 18,Storfulvurn - Styggråkkojan - Lakavattnet samt Styggråkkojan - Storåbränna,551.501388752583,"{""OBJECTID"": 12353292, ""STATLIGLED"": ""Z 18"", ""STATLIGLEDNAMN"": ""Storfulvurn - Styggråkkojan - Lakavattnet samt Styggråkkojan - Storåbränna"", ""SHAPE.LEN"": 551.501388752583}",14.864742384228459,64.03926373631728,LineString,551.5013887513859,0.0,https://www.openstreetmap.org/?mlat=64.0392637&mlon=14.8647424#map=18/64.0392637/14.8647424,coordinate_fallback,,,statliga_leder
12353475,Z 18,Storfulvurn - Styggråkkojan - Lakavattnet samt Styggråkkojan - Storåbränna,452.326181289828,"{""OBJECTID"": 12353475, ""STATLIGLED"": ""Z 18"", ""STATLIGLEDNAMN"": ""Storfulvurn - Styggråkkojan - Lakavattnet samt Styggråkkojan - Storåbränna"", ""SHAPE.LEN"": 452.326181289828}",14.844695107549887,64.09029538053721,LineString,452.326181288018,0.0,https://www.openstreetmap.org/?mlat=64.0902954&mlon=14.8446951#map=18/64.0902954/14.8446951,coordinate_fallback,,,statliga_leder
12353474,Z 18,Storfulvurn - Styggråkkojan - Lakavattnet samt Styggråkkojan - Storåbränna,1.67417674178607,"{""OBJECTID"": 12353474, ""STATLIGLED"": ""Z 18"", ""STATLIGLEDNAMN"": ""Storfulvurn - Styggråkkojan - Lakavattnet samt Styggråkkojan - Storåbränna"", ""SHAPE.LEN"": 1.67417674178607}",14.840442364042138,64.08974268950867,LineString,1.6741767414832611,0.0,https://www.openstreetmap.org/?mlat=64.0897427&mlon=14.8404424#map=18/64.0897427/14.8404424,coordinate_fallback,,,statliga_leder
12353473,Z 18,Storfulvurn - Styggråkkojan - Lakavattnet samt Styggråkkojan - Storåbränna,2208.91923400702,"{""OBJECTID"": 12353473, ""STATLIGLED"": ""Z 18"", ""STATLIGLEDNAMN"": ""Storfulvurn - Styggråkkojan - Lakavattnet samt Styggråkkojan - Storåbränna"", ""SHAPE.LEN"": 2208.91923400702}",14.853255707025562,64.08087316610053,LineString,2208.919234008124,0.0,https://www.openstreetmap.org/?mlat=64.0808732&mlon=14.8532557#map=18/64.0808732/14.8532557,coordinate_fallback,,,statliga_leder
12353471,Z 18,Storfulvurn - Styggråkkojan - Lakavattnet samt Styggråkkojan - Storåbränna,4557.93787650023,"{""OBJECTID"": 12353471, ""STATLIGLED"": ""Z 18"", ""STATLIGLEDNAMN"": ""Storfulvurn - Styggråkkojan - Lakavattnet samt Styggråkkojan - Storåbränna"", ""SHAPE.LEN"": 4557.93787650023}",14.778384713277525,64.13526245727212,LineString,4557.937876499441,0.0,https://www.openstreetmap.org/?mlat=64.1352625&mlon=14.7783847#map=18/64.1352625/14.7783847,coordinate_fallback,,,statliga_leder
12348321,AC 57,Hemavan-Atoklimpen,735.980878751323,"{""OBJECTID"": 12348321, ""STATLIGLED"": ""AC 57"", ""STATLIGLEDNAMN"": ""Hemavan-Atoklimpen"", ""SHAPE.LEN"": 735.980878751323}",14.64204613704805,65.74998844451441,LineString,735.9808787525915,0.0,https://www.openstreetmap.org/?mlat=65.7499884&mlon=14.6420461#map=18/65.7499884/14.6420461,coordinate_fallback,,,statliga_leder
12348203,Z 58 A,Ljungans vindskydd - Ljungris (Kläppen),11757.7712019659,"{""OBJECTID"": 12348203, ""STATLIGLED"": ""Z 58 A"", ""STATLIGLEDNAMN"": ""Ljungans vindskydd - Ljungris (Kläppen)"", ""SHAPE.LEN"": 11757.7712019659}",12.705513073561505,62.944601151168754,LineString,11757.771201973343,0.0,https://www.openstreetmap.org/?mlat=62.9446012&mlon=12.7055131#map=18/62.9446012/12.7055131,coordinate_fallback,,,statliga_leder
12356007,AC 2,Tärnasjöstugorna - Syterstugorna (Kungsleden),10185.4870282888,"{""OBJECTID"": 12356007, ""STATLIGLED"": ""AC 2"", ""STATLIGLEDNAMN"": ""Tärnasjöstugorna - Syterstugorna (Kungsleden)"", ""SHAPE.LEN"": 10185.4870282888}",15.46885919751567,65.94607098092587,LineString,10185.487028287813,0.0,https://www.openstreetmap.org/?mlat=65.9460710&mlon=15.4688592#map=18/65.9460710/15.4688592,coordinate_fallback,,,statliga_leder
12348174,AC 2,Tärnasjöstugorna - Syterstugorna (Kungsleden),2863.96967469874,"{""OBJECTID"": 12348174, ""STATLIGLED"": ""AC 2"", ""STATLIGLEDNAMN"": ""Tärnasjöstugorna - Syterstugorna (Kungsleden)"", ""SHAPE.LEN"": 2863.96967469874}",15.423998507467678,65.89588676158755,LineString,2863.9696746979735,0.0,https://www.openstreetmap.org/?mlat=65.8958868&mlon=15.4239985#map=18/65.8958868/15.4239985,coordinate_fallback,,,statliga_leder
12354421,AC 3,Syterstugorna - Viterskalstugan - Hemavan,5031.55080428484,"{""OBJECTID"": 12354421, ""STATLIGLED"": ""AC 3"", ""STATLIGLEDNAMN"": ""Syterstugorna - Viterskalstugan - Hemavan"", ""SHAPE.LEN"": 5031.55080428484}",15.102002629837607,65.83307571703742,LineString,5031.55080428381,0.0,https://www.openstreetmap.org/?mlat=65.8330757&mlon=15.1020026#map=18/65.8330757/15.1020026,coordinate_fallback,,,statliga_leder
12354420,AC 3,Syterstugorna - Viterskalstugan - Hemavan,672.673213841571,"{""OBJECTID"": 12354420, ""STATLIGLED"": ""AC 3"", ""STATLIGLEDNAMN"": ""Syterstugorna - Viterskalstugan - Hemavan"", ""SHAPE.LEN"": 672.673213841571}",15.111656012356809,65.81481881783522,LineString,672.6732138402772,0.0,https://www.openstreetmap.org/?mlat=65.8148188&mlon=15.1116560#map=18/65.8148188/15.1116560,coordinate_fallback,,,statliga_leder
12356055,AC 17,Vuomejukke (led 16) - Lill och Stortjulträsket - Ammarnäs,1944.86408940976,"{""OBJECTID"": 12356055, ""STATLIGLED"": ""AC 17"", ""STATLIGLEDNAMN"": ""Vuomejukke (led 16) - Lill och Stortjulträsket - Ammarnäs"", ""SHAPE.LEN"": 1944.86408940976}",15.813730046288933,65.9711380320607,LineString,1944.8640894075252,0.0,https://www.openstreetmap.org/?mlat=65.9711380&mlon=15.8137300#map=18/65.9711380/15.8137300,coordinate_fallback,,,statliga_leder
12348181,AC 19,Guongenjukke (led 16) - Slätvik - Biellojaure - Biellojukke,3463.3754832451,"{""OBJECTID"": 12348181, ""STATLIGLED"": ""AC 19"", ""STATLIGLEDNAMN"": ""Guongenjukke (led 16) - Slätvik - Biellojaure - Biellojukke"", ""SHAPE.LEN"": 3463.3754832451}",16.16256671463431,65.91452791646361,LineString,3463.3754832459126,0.0,https://www.openstreetmap.org/?mlat=65.9145279&mlon=16.1625667#map=18/65.9145279/16.1625667,coordinate_fallback,,,statliga_leder
12348180,AC 19,Guongenjukke (led 16) - Slätvik - Biellojaure - Biellojukke,14082.8032542536,"{""OBJECTID"": 12348180, ""STATLIGLED"": ""AC 19"", ""STATLIGLEDNAMN"": ""Guongenjukke (led 16) - Slätvik - Biellojaure - Biellojukke"", ""SHAPE.LEN"": 14082.8032542536}",15.849945764174578,65.78100308378772,LineString,14082.803254253678,0.0,https://www.openstreetmap.org/?mlat=65.7810031&mlon=15.8499458#map=18/65.7810031/15.8499458,coordinate_fallback,,,statliga_leder
12352281,AC 38,Norska gränsen - Remdalen - Tjåkkolastugan,3307.00425114235,"{""OBJECTID"": 12352281, ""STATLIGLED"": ""AC 38"", ""STATLIGLEDNAMN"": ""Norska gränsen - Remdalen - Tjåkkolastugan"", ""SHAPE.LEN"": 3307.00425114235}",14.557499419953297,65.17424448495187,LineString,3307.0042511468505,0.0,https://www.openstreetmap.org/?mlat=65.1742445&mlon=14.5574994#map=18/65.1742445/14.5574994,coordinate_fallback,,,statliga_leder
12352282,AC 38,Norska gränsen - Remdalen - Tjåkkolastugan,1688.2288787418,"{""OBJECTID"": 12352282, ""STATLIGLED"": ""AC 38"", ""STATLIGLEDNAMN"": ""Norska gränsen - Remdalen - Tjåkkolastugan"", ""SHAPE.LEN"": 1688.2288787418}",14.558633156089758,65.18888882309126,LineString,1688.2288787403706,0.0,https://www.openstreetmap.org/?mlat=65.1888888&mlon=14.5586332#map=18/65.1888888/14.5586332,coordinate_fallback,,,statliga_leder
12349280,AC 41,Tjåkkolastugan - Stekenjokk,2173.12868861909,"{""OBJECTID"": 12349280, ""STATLIGLED"": ""AC 41"", ""STATLIGLEDNAMN"": ""Tjåkkolastugan - Stekenjokk"", ""SHAPE.LEN"": 2173.12868861909}",14.573590619455533,65.17591153819389,LineString,2173.128688624178,0.0,https://www.openstreetmap.org/?mlat=65.1759115&mlon=14.5735906#map=18/65.1759115/14.5735906,coordinate_fallback,,,statliga_leder
12352371,AC 44,Grönfjäll - Kittelfjäll - Svartbäcken,2872.46691653499,"{""OBJECTID"": 12352371, ""STATLIGLED"": ""AC 44"", ""STATLIGLEDNAMN"": ""Grönfjäll - Kittelfjäll - Svartbäcken"", ""SHAPE.LEN"": 2872.46691653499}",15.520147073727978,65.21883986194717,LineString,2872.4669165343835,0.0,https://www.openstreetmap.org/?mlat=65.2188399&mlon=15.5201471#map=18/65.2188399/15.5201471,coordinate_fallback,,,statliga_leder
12352370,AC 44,Grönfjäll - Kittelfjäll - Svartbäcken,4620.38231329257,"{""OBJECTID"": 12352370, ""STATLIGLED"": ""AC 44"", ""STATLIGLEDNAMN"": ""Grönfjäll - Kittelfjäll - Svartbäcken"", ""SHAPE.LEN"": 4620.38231329257}",15.522606496348203,65.24182333496694,LineString,4620.382313289961,0.0,https://www.openstreetmap.org/?mlat=65.2418233&mlon=15.5226065#map=18/65.2418233/15.5226065,coordinate_fallback,,,statliga_leder
12352369,AC 44,Grönfjäll - Kittelfjäll - Svartbäcken,1276.4641882234,"{""OBJECTID"": 12352369, ""STATLIGLED"": ""AC 44"", ""STATLIGLEDNAMN"": ""Grönfjäll - Kittelfjäll - Svartbäcken"", ""SHAPE.LEN"": 1276.4641882234}",15.55474135948201,65.223409367738,LineString,1276.4641882244864,0.0,https://www.openstreetmap.org/?mlat=65.2234094&mlon=15.5547414#map=18/65.2234094/15.5547414,coordinate_fallback,,,statliga_leder
12351103,AC 44,Grönfjäll - Kittelfjäll - Svartbäcken,6269.58233002132,"{""OBJECTID"": 12351103, ""STATLIGLED"": ""AC 44"", ""STATLIGLEDNAMN"": ""Grönfjäll - Kittelfjäll - Svartbäcken"", ""SHAPE.LEN"": 6269.58233002132}",15.494681711200968,65.2342664350615,LineString,6269.582330021599,0.0,https://www.openstreetmap.org/?mlat=65.2342664&mlon=15.4946817#map=18/65.2342664/15.4946817,coordinate_fallback,,,statliga_leder
12352278,AC 44,Grönfjäll - Kittelfjäll - Svartbäcken,10143.1673061798,"{""OBJECTID"": 12352278, ""STATLIGLED"": ""AC 44"", ""STATLIGLEDNAMN"": ""Grönfjäll - Kittelfjäll - Svartbäcken"", ""SHAPE.LEN"": 10143.1673061798}",15.566698356870946,65.27417213114728,LineString,10143.167306173744,0.0,https://www.openstreetmap.org/?mlat=65.2741721&mlon=15.5666984#map=18/65.2741721/15.5666984,coordinate_fallback,,,statliga_leder
12345306,AC 60,Slipsiken-Borgafjäll,1356.52117284945,"{""OBJECTID"": 12345306, ""STATLIGLED"": ""AC 60"", ""STATLIGLEDNAMN"": ""Slipsiken-Borgafjäll"", ""SHAPE.LEN"": 1356.52117284945}",15.110046988249003,64.84544241504855,LineString,1356.5211728455731,0.0,https://www.openstreetmap.org/?mlat=64.8454424&mlon=15.1100470#map=18/64.8454424/15.1100470,coordinate_fallback,,,statliga_leder
12345305,AC 48,Saxnäs - Borga,7881.63679190902,"{""OBJECTID"": 12345305, ""STATLIGLED"": ""AC 48"", ""STATLIGLEDNAMN"": ""Saxnäs - Borga"", ""SHAPE.LEN"": 7881.63679190902}",15.299916141994819,64.92489587528435,LineString,7881.63679191153,0.0,https://www.openstreetmap.org/?mlat=64.9248959&mlon=15.2999161#map=18/64.9248959/15.2999161,coordinate_fallback,,,statliga_leder
12345301,AC 48,Saxnäs - Borga,11311.130450202,"{""OBJECTID"": 12345301, ""STATLIGLED"": ""AC 48"", ""STATLIGLEDNAMN"": ""Saxnäs - Borga"", ""SHAPE.LEN"": 11311.130450202}",15.181545474362274,64.87364136959648,LineString,11311.13045019967,0.0,https://www.openstreetmap.org/?mlat=64.8736414&mlon=15.1815455#map=18/64.8736414/15.1815455,coordinate_fallback,,,statliga_leder
12352403,Z 12,Sielkentjakkstugan - Härbergsdalen,8806.81170891678,"{""OBJECTID"": 12352403, ""STATLIGLED"": ""Z 12"", ""STATLIGLEDNAMN"": ""Sielkentjakkstugan - Härbergsdalen"", ""SHAPE.LEN"": 8806.81170891678}",14.611701886804974,64.71855001954783,LineString,8806.81170891271,0.0,https://www.openstreetmap.org/?mlat=64.7185500&mlon=14.6117019#map=18/64.7185500/14.6117019,coordinate_fallback,,,statliga_leder
12351517,BD 78,Västerfjäll - Jäckvik,59015.0674026558,"{""OBJECTID"": 12351517, ""STATLIGLED"": ""BD 78"", ""STATLIGLEDNAMN"": ""Västerfjäll - Jäckvik"", ""SHAPE.LEN"": 59015.0674026558}",17.230941418424898,66.53520820347956,LineString,59015.067402676475,0.0,https://www.openstreetmap.org/?mlat=66.5352082&mlon=17.2309414#map=18/66.5352082/17.2309414,coordinate_fallback,,,statliga_leder
12352534,Z 58,Vålåstugorna - Helags,251.407705624925,"{""OBJECTID"": 12352534, ""STATLIGLED"": ""Z 58"", ""STATLIGLEDNAMN"": ""Vålåstugorna - Helags"", ""SHAPE.LEN"": 251.407705624925}",12.794809251040551,63.039669185778884,LineString,251.40770562154478,0.0,https://www.openstreetmap.org/?mlat=63.0396692&mlon=12.7948093#map=18/63.0396692/12.7948093,coordinate_fallback,,,statliga_leder
12352533,Z 58,Vålåstugorna - Helags,51.1181824202546,"{""OBJECTID"": 12352533, ""STATLIGLED"": ""Z 58"", ""STATLIGLEDNAMN"": ""Vålåstugorna - Helags"", ""SHAPE.LEN"": 51.1181824202546}",12.7950156809884,63.04101886871639,LineString,51.118182421861995,0.0,https://www.openstreetmap.org/?mlat=63.0410189&mlon=12.7950157#map=18/63.0410189/12.7950157,coordinate_fallback,,,statliga_leder
12352532,Z 58,Vålåstugorna - Helags,74.7305941030125,"{""OBJECTID"": 12352532, ""STATLIGLED"": ""Z 58"", ""STATLIGLEDNAMN"": ""Vålåstugorna - Helags"", ""SHAPE.LEN"": 74.7305941030125}",12.765574591457803,63.024425545839215,LineString,74.73059410304052,0.0,https://www.openstreetmap.org/?mlat=63.0244255&mlon=12.7655746#map=18/63.0244255/12.7655746,coordinate_fallback,,,statliga_leder
12352531,Z 58,Vålåstugorna - Helags,2178.45327826347,"{""OBJECTID"": 12352531, ""STATLIGLED"": ""Z 58"", ""STATLIGLEDNAMN"": ""Vålåstugorna - Helags"", ""SHAPE.LEN"": 2178.45327826347}",12.779719924055875,63.03239265026787,LineString,2178.4532782646065,0.0,https://www.openstreetmap.org/?mlat=63.0323927&mlon=12.7797199#map=18/63.0323927/12.7797199,coordinate_fallback,,,statliga_leder
12352481,Z 58,Vålåstugorna - Helags,338.992895032144,"{""OBJECTID"": 12352481, ""STATLIGLED"": ""Z 58"", ""STATLIGLEDNAMN"": ""Vålåstugorna - Helags"", ""SHAPE.LEN"": 338.992895032144}",12.795269215293178,63.042771417583126,LineString,338.9928950325013,0.0,https://www.openstreetmap.org/?mlat=63.0427714&mlon=12.7952692#map=18/63.0427714/12.7952692,coordinate_fallback,,,statliga_leder
12352480,Z 58,Vålåstugorna - Helags,318.98649004757,"{""OBJECTID"": 12352480, ""STATLIGLED"": ""Z 58"", ""STATLIGLEDNAMN"": ""Vålåstugorna - Helags"", ""SHAPE.LEN"": 318.98649004757}",12.796541253943781,63.03979249434852,LineString,318.98649004701554,0.0,https://www.openstreetmap.org/?mlat=63.0397925&mlon=12.7965413#map=18/63.0397925/12.7965413,coordinate_fallback,,,statliga_leder
12352479,Z 58,Vålåstugorna - Helags,2847.72916572123,"{""OBJECTID"": 12352479, ""STATLIGLED"": ""Z 58"", ""STATLIGLEDNAMN"": ""Vålåstugorna - Helags"", ""SHAPE.LEN"": 2847.72916572123}",12.754314445849221,63.01243880772125,LineString,2847.729165720358,0.0,https://www.openstreetmap.org/?mlat=63.0124388&mlon=12.7543144#map=18/63.0124388/12.7543144,coordinate_fallback,,,statliga_leder
12356033,Z 68,Spjätten - Hosjöbottnarna samt Lill-Acksjön - Bredsjöhögen,347.028479793123,"{""OBJECTID"": 12356033, ""STATLIGLED"": ""Z 68"", ""STATLIGLEDNAMN"": ""Spjätten - Hosjöbottnarna samt Lill-Acksjön - Bredsjöhögen"", ""SHAPE.LEN"": 347.028479793123}",13.595381084558833,63.13550547194053,LineString,347.0284797931227,0.0,https://www.openstreetmap.org/?mlat=63.1355055&mlon=13.5953811#map=18/63.1355055/13.5953811,coordinate_fallback,,,statliga_leder
12355514,Z 68,Spjätten - Hosjöbottnarna samt Lill-Acksjön - Bredsjöhögen,497.565996836531,"{""OBJECTID"": 12355514, ""STATLIGLED"": ""Z 68"", ""STATLIGLEDNAMN"": ""Spjätten - Hosjöbottnarna samt Lill-Acksjön - Bredsjöhögen"", ""SHAPE.LEN"": 497.565996836531}",13.593726160815784,63.12570129397598,LineString,497.5659968357059,0.0,https://www.openstreetmap.org/?mlat=63.1257013&mlon=13.5937262#map=18/63.1257013/13.5937262,coordinate_fallback,,,statliga_leder
12355513,Z 68,Spjätten - Hosjöbottnarna samt Lill-Acksjön - Bredsjöhögen,180.126126453873,"{""OBJECTID"": 12355513, ""STATLIGLED"": ""Z 68"", ""STATLIGLEDNAMN"": ""Spjätten - Hosjöbottnarna samt Lill-Acksjön - Bredsjöhögen"", ""SHAPE.LEN"": 180.126126453873}",13.599523771767881,63.13703644261425,LineString,180.12612645340238,0.0,https://www.openstreetmap.org/?mlat=63.1370364&mlon=13.5995238#map=18/63.1370364/13.5995238,coordinate_fallback,,,statliga_leder
12355512,Z 68,Spjätten - Hosjöbottnarna samt Lill-Acksjön - Bredsjöhögen,148.070992822041,"{""OBJECTID"": 12355512, ""STATLIGLED"": ""Z 68"", ""STATLIGLEDNAMN"": ""Spjätten - Hosjöbottnarna samt Lill-Acksjön - Bredsjöhögen"", ""SHAPE.LEN"": 148.070992822041}",13.547592513387876,63.107265082259346,LineString,148.07099282379627,0.0,https://www.openstreetmap.org/?mlat=63.1072651&mlon=13.5475925#map=18/63.1072651/13.5475925,coordinate_fallback,,,statliga_leder
12355511,Z 68,Spjätten - Hosjöbottnarna samt Lill-Acksjön - Bredsjöhögen,122.576170042691,"{""OBJECTID"": 12355511, ""STATLIGLED"": ""Z 68"", ""STATLIGLEDNAMN"": ""Spjätten - Hosjöbottnarna samt Lill-Acksjön - Bredsjöhögen"", ""SHAPE.LEN"": 122.576170042691}",13.580568423217263,63.117472887918304,LineString,122.57617004301025,0.0,https://www.openstreetmap.org/?mlat=63.1174729&mlon=13.5805684#map=18/63.1174729/13.5805684,coordinate_fallback,,,statliga_leder
12355510,Z 68,Spjätten - Hosjöbottnarna samt Lill-Acksjön - Bredsjöhögen,312.28467109426,"{""OBJECTID"": 12355510, ""STATLIGLED"": ""Z 68"", ""STATLIGLEDNAMN"": ""Spjätten - Hosjöbottnarna samt Lill-Acksjön - Bredsjöhögen"", ""SHAPE.LEN"": 312.28467109426}",13.5876651051097,63.12103018478153,LineString,312.2846710947456,0.0,https://www.openstreetmap.org/?mlat=63.1210302&mlon=13.5876651#map=18/63.1210302/13.5876651,coordinate_fallback,,,statliga_leder
12355516,Z 68,Spjätten - Hosjöbottnarna samt Lill-Acksjön - Bredsjöhögen,16.1857634237623,"{""OBJECTID"": 12355516, ""STATLIGLED"": ""Z 68"", ""STATLIGLEDNAMN"": ""Spjätten - Hosjöbottnarna samt Lill-Acksjön - Bredsjöhögen"", ""SHAPE.LEN"": 16.1857634237623}",13.58570749613026,63.11985281494471,LineString,16.185763423284026,0.0,https://www.openstreetmap.org/?mlat=63.1198528&mlon=13.5857075#map=18/63.1198528/13.5857075,coordinate_fallback,,,statliga_leder
12355515,Z 68,Spjätten - Hosjöbottnarna samt Lill-Acksjön - Bredsjöhögen,1392.170858708,"{""OBJECTID"": 12355515, ""STATLIGLED"": ""Z 68"", ""STATLIGLEDNAMN"": ""Spjätten - Hosjöbottnarna samt Lill-Acksjön - Bredsjöhögen"", ""SHAPE.LEN"": 1392.170858708}",13.608290906619477,63.140694259815064,LineString,1392.1708587098399,0.0,https://www.openstreetmap.org/?mlat=63.1406943&mlon=13.6082909#map=18/63.1406943/13.6082909,coordinate_fallback,,,statliga_leder
12355509,Z 68,Spjätten - Hosjöbottnarna samt Lill-Acksjön - Bredsjöhögen,2149.34194230556,"{""OBJECTID"": 12355509, ""STATLIGLED"": ""Z 68"", ""STATLIGLEDNAMN"": ""Spjätten - Hosjöbottnarna samt Lill-Acksjön - Bredsjöhögen"", ""SHAPE.LEN"": 2149.34194230556}",13.627741896048944,63.1502493173828,LineString,2149.341942304273,0.0,https://www.openstreetmap.org/?mlat=63.1502493&mlon=13.6277419#map=18/63.1502493/13.6277419,coordinate_fallback,,,statliga_leder
12355504,Z 68,Spjätten - Hosjöbottnarna samt Lill-Acksjön - Bredsjöhögen,52.5835157215643,"{""OBJECTID"": 12355504, ""STATLIGLED"": ""Z 68"", ""STATLIGLEDNAMN"": ""Spjätten - Hosjöbottnarna samt Lill-Acksjön - Bredsjöhögen"", ""SHAPE.LEN"": 52.5835157215643}",13.589827056068799,63.122342681592116,LineString,52.58351571935922,0.0,https://www.openstreetmap.org/?mlat=63.1223427&mlon=13.5898271#map=18/63.1223427/13.5898271,coordinate_fallback,,,statliga_leder
12355503,Z 68,Spjätten - Hosjöbottnarna samt Lill-Acksjön - Bredsjöhögen,864.185030471793,"{""OBJECTID"": 12355503, ""STATLIGLED"": ""Z 68"", ""STATLIGLEDNAMN"": ""Spjätten - Hosjöbottnarna samt Lill-Acksjön - Bredsjöhögen"", ""SHAPE.LEN"": 864.185030471793}",13.539826386279701,63.106208522245,LineString,864.1850304724132,0.0,https://www.openstreetmap.org/?mlat=63.1062085&mlon=13.5398264#map=18/63.1062085/13.5398264,coordinate_fallback,,,statliga_leder
12355480,Z 68,Spjätten - Hosjöbottnarna samt Lill-Acksjön - Bredsjöhögen,1727.06172551335,"{""OBJECTID"": 12355480, ""STATLIGLED"": ""Z 68"", ""STATLIGLEDNAMN"": ""Spjätten - Hosjöbottnarna samt Lill-Acksjön - Bredsjöhögen"", ""SHAPE.LEN"": 1727.06172551335}",13.565190359390318,63.112110760472106,LineString,1727.0617255132395,0.0,https://www.openstreetmap.org/?mlat=63.1121108&mlon=13.5651904#map=18/63.1121108/13.5651904,coordinate_fallback,,,statliga_leder
12355479,Z 68,Spjätten - Hosjöbottnarna samt Lill-Acksjön - Bredsjöhögen,222.216223540249,"{""OBJECTID"": 12355479, ""STATLIGLED"": ""Z 68"", ""STATLIGLEDNAMN"": ""Spjätten - Hosjöbottnarna samt Lill-Acksjön - Bredsjöhögen"", ""SHAPE.LEN"": 222.216223540249}",13.618759182477056,63.14707160052481,LineString,222.2162235400383,0.0,https://www.openstreetmap.org/?mlat=63.1470716&mlon=13.6187592#map=18/63.1470716/13.6187592,coordinate_fallback,,,statliga_leder
12355478,Z 68,Spjätten - Hosjöbottnarna samt Lill-Acksjön - Bredsjöhögen,173.500911217924,"{""OBJECTID"": 12355478, ""STATLIGLED"": ""Z 68"", ""STATLIGLEDNAMN"": ""Spjätten - Hosjöbottnarna samt Lill-Acksjön - Bredsjöhögen"", ""SHAPE.LEN"": 173.500911217924}",13.591168054726396,63.123155508291006,LineString,173.5009112180943,0.0,https://www.openstreetmap.org/?mlat=63.1231555&mlon=13.5911681#map=18/63.1231555/13.5911681,coordinate_fallback,,,statliga_leder
12352088,Z 68,Spjätten - Hosjöbottnarna samt Lill-Acksjön - Bredsjöhögen,212.492539585417,"{""OBJECTID"": 12352088, ""STATLIGLED"": ""Z 68"", ""STATLIGLEDNAMN"": ""Spjätten - Hosjöbottnarna samt Lill-Acksjön - Bredsjöhögen"", ""SHAPE.LEN"": 212.492539585417}",13.550612630659415,63.10815986212746,LineString,212.4925395839383,0.0,https://www.openstreetmap.org/?mlat=63.1081599&mlon=13.5506126#map=18/63.1081599/13.5506126,coordinate_fallback,,,statliga_leder
12352087,Z 68,Spjätten - Hosjöbottnarna samt Lill-Acksjön - Bredsjöhögen,106.458629838872,"{""OBJECTID"": 12352087, ""STATLIGLED"": ""Z 68"", ""STATLIGLEDNAMN"": ""Spjätten - Hosjöbottnarna samt Lill-Acksjön - Bredsjöhögen"", ""SHAPE.LEN"": 106.458629838872}",13.578520807975726,63.11707860267052,LineString,106.45862983954056,0.0,https://www.openstreetmap.org/?mlat=63.1170786&mlon=13.5785208#map=18/63.1170786/13.5785208,coordinate_fallback,,,statliga_leder
12352086,Z 68,Spjätten - Hosjöbottnarna samt Lill-Acksjön - Bredsjöhögen,86.9929371450924,"{""OBJECTID"": 12352086, ""STATLIGLED"": ""Z 68"", ""STATLIGLEDNAMN"": ""Spjätten - Hosjöbottnarna samt Lill-Acksjön - Bredsjöhögen"", ""SHAPE.LEN"": 86.9929371450924}",13.613849700624055,63.14717127298751,LineString,86.99293714268384,0.0,https://www.openstreetmap.org/?mlat=63.1471713&mlon=13.6138497#map=18/63.1471713/13.6138497,coordinate_fallback,,,statliga_leder
12352085,Z 68,Spjätten - Hosjöbottnarna samt Lill-Acksjön - Bredsjöhögen,301.758332823636,"{""OBJECTID"": 12352085, ""STATLIGLED"": ""Z 68"", ""STATLIGLEDNAMN"": ""Spjätten - Hosjöbottnarna samt Lill-Acksjön - Bredsjöhögen"", ""SHAPE.LEN"": 301.758332823636}",13.583604338642624,63.11879039345767,LineString,301.7583328258216,0.0,https://www.openstreetmap.org/?mlat=63.1187904&mlon=13.5836043#map=18/63.1187904/13.5836043,coordinate_fallback,,,statliga_leder
12352084,Z 68,Spjätten - Hosjöbottnarna samt Lill-Acksjön - Bredsjöhögen,975.376555346192,"{""OBJECTID"": 12352084, ""STATLIGLED"": ""Z 68"", ""STATLIGLEDNAMN"": ""Spjätten - Hosjöbottnarna samt Lill-Acksjön - Bredsjöhögen"", ""SHAPE.LEN"": 975.376555346192}",13.590229815552078,63.131555339273994,LineString,975.3765553453001,0.0,https://www.openstreetmap.org/?mlat=63.1315553&mlon=13.5902298#map=18/63.1315553/13.5902298,coordinate_fallback,,,statliga_leder
12352082,Z 68,Spjätten - Hosjöbottnarna samt Lill-Acksjön - Bredsjöhögen,113.799942408745,"{""OBJECTID"": 12352082, ""STATLIGLED"": ""Z 68"", ""STATLIGLEDNAMN"": ""Spjätten - Hosjöbottnarna samt Lill-Acksjön - Bredsjöhögen"", ""SHAPE.LEN"": 113.799942408745}",13.61551250544297,63.14738381176264,LineString,113.79994240882316,0.0,https://www.openstreetmap.org/?mlat=63.1473838&mlon=13.6155125#map=18/63.1473838/13.6155125,coordinate_fallback,,,statliga_leder
12352081,Z 68,Spjätten - Hosjöbottnarna samt Lill-Acksjön - Bredsjöhögen,3054.8557273282,"{""OBJECTID"": 12352081, ""STATLIGLED"": ""Z 68"", ""STATLIGLEDNAMN"": ""Spjätten - Hosjöbottnarna samt Lill-Acksjön - Bredsjöhögen"", ""SHAPE.LEN"": 3054.8557273282}",13.636744427542256,63.167131574368064,LineString,3054.855727329983,0.0,https://www.openstreetmap.org/?mlat=63.1671316&mlon=13.6367444#map=18/63.1671316/13.6367444,coordinate_fallback,,,statliga_leder
12352588,Z 81,Övre Nedalsjön (V Ekorrpasset) (led 52) - Väketjakke (led 82),47.5115519490787,"{""OBJECTID"": 12352588, ""STATLIGLED"": ""Z 81"", ""STATLIGLEDNAMN"": ""Övre Nedalsjön (V Ekorrpasset) (led 52) - Väketjakke (led 82)"", ""SHAPE.LEN"": 47.5115519490787}",12.427072222125975,62.86718652374425,LineString,47.51155194915243,0.0,https://www.openstreetmap.org/?mlat=62.8671865&mlon=12.4270722#map=18/62.8671865/12.4270722,coordinate_fallback,,,statliga_leder
12352587,Z 81,Övre Nedalsjön (V Ekorrpasset) (led 52) - Väketjakke (led 82),40.9887112912812,"{""OBJECTID"": 12352587, ""STATLIGLED"": ""Z 81"", ""STATLIGLEDNAMN"": ""Övre Nedalsjön (V Ekorrpasset) (led 52) - Väketjakke (led 82)"", ""SHAPE.LEN"": 40.9887112912812}",12.436620445650263,62.86717873029364,LineString,40.988711291025496,0.0,https://www.openstreetmap.org/?mlat=62.8671787&mlon=12.4366204#map=18/62.8671787/12.4366204,coordinate_fallback,,,statliga_leder
12352586,Z 81,Övre Nedalsjön (V Ekorrpasset) (led 52) - Väketjakke (led 82),44.5189649531523,"{""OBJECTID"": 12352586, ""STATLIGLED"": ""Z 81"", ""STATLIGLEDNAMN"": ""Övre Nedalsjön (V Ekorrpasset) (led 52) - Väketjakke (led 82)"", ""SHAPE.LEN"": 44.5189649531523}",12.451061419906413,62.86759150352833,LineString,44.518964952629496,0.0,https://www.openstreetmap.org/?mlat=62.8675915&mlon=12.4510614#map=18/62.8675915/12.4510614,coordinate_fallback,,,statliga_leder
12352585,Z 81,Övre Nedalsjön (V Ekorrpasset) (led 52) - Väketjakke (led 82),463.046602398001,"{""OBJECTID"": 12352585, ""STATLIGLED"": ""Z 81"", ""STATLIGLEDNAMN"": ""Övre Nedalsjön (V Ekorrpasset) (led 52) - Väketjakke (led 82)"", ""SHAPE.LEN"": 463.046602398001}",12.367489766731008,62.87079015538522,LineString,463.046602396183,0.0,https://www.openstreetmap.org/?mlat=62.8707902&mlon=12.3674898#map=18/62.8707902/12.3674898,coordinate_fallback,,,statliga_leder
12352584,Z 81,Övre Nedalsjön (V Ekorrpasset) (led 52) - Väketjakke (led 82),124.679296930396,"{""OBJECTID"": 12352584, ""STATLIGLED"": ""Z 81"", ""STATLIGLEDNAMN"": ""Övre Nedalsjön (V Ekorrpasset) (led 52) - Väketjakke (led 82)"", ""SHAPE.LEN"": 124.679296930396}",12.370914663527028,62.87287812696966,LineString,124.6792969287408,0.0,https://www.openstreetmap.org/?mlat=62.8728781&mlon=12.3709147#map=18/62.8728781/12.3709147,coordinate_fallback,,,statliga_leder
12352583,Z 81,Övre Nedalsjön (V Ekorrpasset) (led 52) - Väketjakke (led 82),110.178356938288,"{""OBJECTID"": 12352583, ""STATLIGLED"": ""Z 81"", ""STATLIGLEDNAMN"": ""Övre Nedalsjön (V Ekorrpasset) (led 52) - Väketjakke (led 82)"", ""SHAPE.LEN"": 110.178356938288}",12.44919374963913,62.86732679060418,LineString,110.17835693766028,0.0,https://www.openstreetmap.org/?mlat=62.8673268&mlon=12.4491937#map=18/62.8673268/12.4491937,coordinate_fallback,,,statliga_leder
12352582,Z 81,Övre Nedalsjön (V Ekorrpasset) (led 52) - Väketjakke (led 82),437.909523815178,"{""OBJECTID"": 12352582, ""STATLIGLED"": ""Z 81"", ""STATLIGLEDNAMN"": ""Övre Nedalsjön (V Ekorrpasset) (led 52) - Väketjakke (led 82)"", ""SHAPE.LEN"": 437.909523815178}",12.44389742639118,62.86707403120229,LineString,437.9095238149964,0.0,https://www.openstreetmap.org/?mlat=62.8670740&mlon=12.4438974#map=18/62.8670740/12.4438974,coordinate_fallback,,,statliga_leder
12352581,Z 81,Övre Nedalsjön (V Ekorrpasset) (led 52) - Väketjakke (led 82),3.37646727364564,"{""OBJECTID"": 12352581, ""STATLIGLED"": ""Z 81"", ""STATLIGLEDNAMN"": ""Övre Nedalsjön (V Ekorrpasset) (led 52) - Väketjakke (led 82)"", ""SHAPE.LEN"": 3.37646727364564}",12.45061828257272,62.86752646044917,LineString,3.3764672737755514,0.0,https://www.openstreetmap.org/?mlat=62.8675265&mlon=12.4506183#map=18/62.8675265/12.4506183,coordinate_fallback,,,statliga_leder
12347425,Z 81,Övre Nedalsjön (V Ekorrpasset) (led 52) - Väketjakke (led 82),60.8281739715092,"{""OBJECTID"": 12347425, ""STATLIGLED"": ""Z 81"", ""STATLIGLEDNAMN"": ""Övre Nedalsjön (V Ekorrpasset) (led 52) - Väketjakke (led 82)"", ""SHAPE.LEN"": 60.8281739715092}",12.372374297425939,62.87246505619432,LineString,60.828173971569434,0.0,https://www.openstreetmap.org/?mlat=62.8724651&mlon=12.3723743#map=18/62.8724651/12.3723743,coordinate_fallback,,,statliga_leder
12345530,Z 81,Övre Nedalsjön (V Ekorrpasset) (led 52) - Väketjakke (led 82),19.8653588578208,"{""OBJECTID"": 12345530, ""STATLIGLED"": ""Z 81"", ""STATLIGLEDNAMN"": ""Övre Nedalsjön (V Ekorrpasset) (led 52) - Väketjakke (led 82)"", ""SHAPE.LEN"": 19.8653588578208}",12.450399956353085,62.86749589429791,LineString,19.86535885734126,0.0,https://www.openstreetmap.org/?mlat=62.8674959&mlon=12.4504000#map=18/62.8674959/12.4504000,coordinate_fallback,,,statliga_leder
12345594,Z 81,Övre Nedalsjön (V Ekorrpasset) (led 52) - Väketjakke (led 82),61.0014821599119,"{""OBJECTID"": 12345594, ""STATLIGLED"": ""Z 81"", ""STATLIGLEDNAMN"": ""Övre Nedalsjön (V Ekorrpasset) (led 52) - Väketjakke (led 82)"", ""SHAPE.LEN"": 61.0014821599119}",12.437621707526384,62.86716124825614,LineString,61.00148216022898,0.0,https://www.openstreetmap.org/?mlat=62.8671612&mlon=12.4376217#map=18/62.8671612/12.4376217,coordinate_fallback,,,statliga_leder
12345593,Z 81,Övre Nedalsjön (V Ekorrpasset) (led 52) - Väketjakke (led 82),2428.75177387861,"{""OBJECTID"": 12345593, ""STATLIGLED"": ""Z 81"", ""STATLIGLEDNAMN"": ""Övre Nedalsjön (V Ekorrpasset) (led 52) - Väketjakke (led 82)"", ""SHAPE.LEN"": 2428.75177387861}",12.4745030599221,62.870371170711906,LineString,2428.7517738797933,0.0,https://www.openstreetmap.org/?mlat=62.8703712&mlon=12.4745031#map=18/62.8703712/12.4745031,coordinate_fallback,,,statliga_leder
12345592,Z 81,Övre Nedalsjön (V Ekorrpasset) (led 52) - Väketjakke (led 82),73.6004510812934,"{""OBJECTID"": 12345592, ""STATLIGLED"": ""Z 81"", ""STATLIGLEDNAMN"": ""Övre Nedalsjön (V Ekorrpasset) (led 52) - Väketjakke (led 82)"", ""SHAPE.LEN"": 73.6004510812934}",12.43894280280288,62.86713462251621,LineString,73.60045108055725,0.0,https://www.openstreetmap.org/?mlat=62.8671346&mlon=12.4389428#map=18/62.8671346/12.4389428,coordinate_fallback,,,statliga_leder
12345591,Z 81,Övre Nedalsjön (V Ekorrpasset) (led 52) - Väketjakke (led 82),40.0640914984978,"{""OBJECTID"": 12345591, ""STATLIGLED"": ""Z 81"", ""STATLIGLEDNAMN"": ""Övre Nedalsjön (V Ekorrpasset) (led 52) - Väketjakke (led 82)"", ""SHAPE.LEN"": 40.0640914984978}",12.369886206188795,62.872713628103455,LineString,40.064091498331024,0.0,https://www.openstreetmap.org/?mlat=62.8727136&mlon=12.3698862#map=18/62.8727136/12.3698862,coordinate_fallback,,,statliga_leder
12345590,Z 81,Övre Nedalsjön (V Ekorrpasset) (led 52) - Väketjakke (led 82),3309.95326086076,"{""OBJECTID"": 12345590, ""STATLIGLED"": ""Z 81"", ""STATLIGLEDNAMN"": ""Övre Nedalsjön (V Ekorrpasset) (led 52) - Väketjakke (led 82)"", ""SHAPE.LEN"": 3309.95326086076}",12.40446882647162,62.8686905889233,LineString,3309.953260859732,0.0,https://www.openstreetmap.org/?mlat=62.8686906&mlon=12.4044688#map=18/62.8686906/12.4044688,coordinate_fallback,,,statliga_leder
12352764,Z 86,Gröndalen - Hyddsjön,25.6679543500253,"{""OBJECTID"": 12352764, ""STATLIGLED"": ""Z 86"", ""STATLIGLEDNAMN"": ""Gröndalen - Hyddsjön"", ""SHAPE.LEN"": 25.6679543500253}",12.14801023091367,62.706591445036224,LineString,25.667954351264367,0.0,https://www.openstreetmap.org/?mlat=62.7065914&mlon=12.1480102#map=18/62.7065914/12.1480102,coordinate_fallback,,,statliga_leder
12352763,Z 86,Gröndalen - Hyddsjön,234.000569579132,"{""OBJECTID"": 12352763, ""STATLIGLED"": ""Z 86"", ""STATLIGLEDNAMN"": ""Gröndalen - Hyddsjön"", ""SHAPE.LEN"": 234.000569579132}",12.14585474967651,62.707044412872065,LineString,234.00056957667306,0.0,https://www.openstreetmap.org/?mlat=62.7070444&mlon=12.1458547#map=18/62.7070444/12.1458547,coordinate_fallback,,,statliga_leder
12352762,Z 86,Gröndalen - Hyddsjön,203.578161804674,"{""OBJECTID"": 12352762, ""STATLIGLED"": ""Z 86"", ""STATLIGLEDNAMN"": ""Gröndalen - Hyddsjön"", ""SHAPE.LEN"": 203.578161804674}",12.153477425128509,62.742636282716234,LineString,203.5781618034521,0.0,https://www.openstreetmap.org/?mlat=62.7426363&mlon=12.1534774#map=18/62.7426363/12.1534774,coordinate_fallback,,,statliga_leder
12352761,Z 86,Gröndalen - Hyddsjön,103.292393707605,"{""OBJECTID"": 12352761, ""STATLIGLED"": ""Z 86"", ""STATLIGLEDNAMN"": ""Gröndalen - Hyddsjön"", ""SHAPE.LEN"": 103.292393707605}",12.145128819882258,62.75986443322024,LineString,103.29239370780233,0.0,https://www.openstreetmap.org/?mlat=62.7598644&mlon=12.1451288#map=18/62.7598644/12.1451288,coordinate_fallback,,,statliga_leder
12352760,Z 86,Gröndalen - Hyddsjön,105.51696289426,"{""OBJECTID"": 12352760, ""STATLIGLED"": ""Z 86"", ""STATLIGLEDNAMN"": ""Gröndalen - Hyddsjön"", ""SHAPE.LEN"": 105.51696289426}",12.152152454938662,62.74139315074196,LineString,105.51696289504046,0.0,https://www.openstreetmap.org/?mlat=62.7413932&mlon=12.1521525#map=18/62.7413932/12.1521525,coordinate_fallback,,,statliga_leder
12352759,Z 86,Gröndalen - Hyddsjön,3790.50877002121,"{""OBJECTID"": 12352759, ""STATLIGLED"": ""Z 86"", ""STATLIGLEDNAMN"": ""Gröndalen - Hyddsjön"", ""SHAPE.LEN"": 3790.50877002121}",12.149424636625671,62.72344330987668,LineString,3790.5087700227887,0.0,https://www.openstreetmap.org/?mlat=62.7234433&mlon=12.1494246#map=18/62.7234433/12.1494246,coordinate_fallback,,,statliga_leder
12352758,Z 86,Gröndalen - Hyddsjön,384.085513508711,"{""OBJECTID"": 12352758, ""STATLIGLED"": ""Z 86"", ""STATLIGLEDNAMN"": ""Gröndalen - Hyddsjön"", ""SHAPE.LEN"": 384.085513508711}",12.151879428753642,62.70613882395972,LineString,384.08551350832505,0.0,https://www.openstreetmap.org/?mlat=62.7061388&mlon=12.1518794#map=18/62.7061388/12.1518794,coordinate_fallback,,,statliga_leder
12352757,Z 86,Gröndalen - Hyddsjön,172.168905457415,"{""OBJECTID"": 12352757, ""STATLIGLED"": ""Z 86"", ""STATLIGLEDNAMN"": ""Gröndalen - Hyddsjön"", ""SHAPE.LEN"": 172.168905457415}",12.143528278619423,62.76088212094122,LineString,172.16890545663426,0.0,https://www.openstreetmap.org/?mlat=62.7608821&mlon=12.1435283#map=18/62.7608821/12.1435283,coordinate_fallback,,,statliga_leder
12352592,Z 86,Gröndalen - Hyddsjön,29.4856838599684,"{""OBJECTID"": 12352592, ""STATLIGLED"": ""Z 86"", ""STATLIGLEDNAMN"": ""Gröndalen - Hyddsjön"", ""SHAPE.LEN"": 29.4856838599684}",12.151648851177972,62.74082621276502,LineString,29.485683858784494,0.0,https://www.openstreetmap.org/?mlat=62.7408262&mlon=12.1516489#map=18/62.7408262/12.1516489,coordinate_fallback,,,statliga_leder
12352591,Z 86,Gröndalen - Hyddsjön,71.3687449914176,"{""OBJECTID"": 12352591, ""STATLIGLED"": ""Z 86"", ""STATLIGLEDNAMN"": ""Gröndalen - Hyddsjön"", ""SHAPE.LEN"": 71.3687449914176}",12.155761591873514,62.70540914156426,LineString,71.36874499143616,0.0,https://www.openstreetmap.org/?mlat=62.7054091&mlon=12.1557616#map=18/62.7054091/12.1557616,coordinate_fallback,,,statliga_leder
12352590,Z 86,Gröndalen - Hyddsjön,0.638970625302916,"{""OBJECTID"": 12352590, ""STATLIGLED"": ""Z 86"", ""STATLIGLEDNAMN"": ""Gröndalen - Hyddsjön"", ""SHAPE.LEN"": 0.638970625302916}",12.155510941455223,62.705711016828474,LineString,0.638970625096721,0.0,https://www.openstreetmap.org/?mlat=62.7057110&mlon=12.1555109#map=18/62.7057110/12.1555109,coordinate_fallback,,,statliga_leder
12352589,Z 86,Gröndalen - Hyddsjön,2003.1165224879,"{""OBJECTID"": 12352589, ""STATLIGLED"": ""Z 86"", ""STATLIGLEDNAMN"": ""Gröndalen - Hyddsjön"", ""SHAPE.LEN"": 2003.1165224879}",12.153360443606942,62.75191510371741,LineString,2003.1165224881288,0.0,https://www.openstreetmap.org/?mlat=62.7519151&mlon=12.1533604#map=18/62.7519151/12.1533604,coordinate_fallback,,,statliga_leder
12355491,Z 106,Skedbrostugan - Reva (Norska gränsen),104.998633673539,"{""OBJECTID"": 12355491, ""STATLIGLED"": ""Z 106"", ""STATLIGLEDNAMN"": ""Skedbrostugan - Reva (Norska gränsen)"", ""SHAPE.LEN"": 104.998633673539}",12.287422386803982,62.3874875193805,LineString,104.99863367390293,0.0,https://www.openstreetmap.org/?mlat=62.3874875&mlon=12.2874224#map=18/62.3874875/12.2874224,coordinate_fallback,,,statliga_leder
12355464,Z 106,Skedbrostugan - Reva (Norska gränsen),80.7764045795984,"{""OBJECTID"": 12355464, ""STATLIGLED"": ""Z 106"", ""STATLIGLEDNAMN"": ""Skedbrostugan - Reva (Norska gränsen)"", ""SHAPE.LEN"": 80.7764045795984}",12.243379741265812,62.34916151585562,LineString,80.7764045786993,0.0,https://www.openstreetmap.org/?mlat=62.3491615&mlon=12.2433797#map=18/62.3491615/12.2433797,coordinate_fallback,,,statliga_leder
12352147,Z 106,Skedbrostugan - Reva (Norska gränsen),64.4757456005124,"{""OBJECTID"": 12352147, ""STATLIGLED"": ""Z 106"", ""STATLIGLEDNAMN"": ""Skedbrostugan - Reva (Norska gränsen)"", ""SHAPE.LEN"": 64.4757456005124}",12.268336141127646,62.38038993519215,LineString,64.47574560109105,0.0,https://www.openstreetmap.org/?mlat=62.3803899&mlon=12.2683361#map=18/62.3803899/12.2683361,coordinate_fallback,,,statliga_leder
12352093,Z 106,Skedbrostugan - Reva (Norska gränsen),180.427690605634,"{""OBJECTID"": 12352093, ""STATLIGLED"": ""Z 106"", ""STATLIGLEDNAMN"": ""Skedbrostugan - Reva (Norska gränsen)"", ""SHAPE.LEN"": 180.427690605634}",12.285165593573996,62.38714511658357,LineString,180.42769060585118,0.0,https://www.openstreetmap.org/?mlat=62.3871451&mlon=12.2851656#map=18/62.3871451/12.2851656,coordinate_fallback,,,statliga_leder
12352092,Z 106,Skedbrostugan - Reva (Norska gränsen),1152.45880286369,"{""OBJECTID"": 12352092, ""STATLIGLED"": ""Z 106"", ""STATLIGLEDNAMN"": ""Skedbrostugan - Reva (Norska gränsen)"", ""SHAPE.LEN"": 1152.45880286369}",12.275415755681124,62.384324996913,LineString,1152.4588028619223,0.0,https://www.openstreetmap.org/?mlat=62.3843250&mlon=12.2754158#map=18/62.3843250/12.2754158,coordinate_fallback,,,statliga_leder
12352083,Z 106,Skedbrostugan - Reva (Norska gränsen),0.533540064100157,"{""OBJECTID"": 12352083, ""STATLIGLED"": ""Z 106"", ""STATLIGLEDNAMN"": ""Skedbrostugan - Reva (Norska gränsen)"", ""SHAPE.LEN"": 0.533540064100157}",12.243774928020445,62.34943876863585,LineString,0.533540063866323,0.0,https://www.openstreetmap.org/?mlat=62.3494388&mlon=12.2437749#map=18/62.3494388/12.2437749,coordinate_fallback,,,statliga_leder
12352080,Z 106,Skedbrostugan - Reva (Norska gränsen),3921.24080186726,"{""OBJECTID"": 12352080, ""STATLIGLED"": ""Z 106"", ""STATLIGLEDNAMN"": ""Skedbrostugan - Reva (Norska gränsen)"", ""SHAPE.LEN"": 3921.24080186726}",12.253166515569484,62.36602667545955,LineString,3921.2408018690385,0.0,https://www.openstreetmap.org/?mlat=62.3660267&mlon=12.2531665#map=18/62.3660267/12.2531665,coordinate_fallback,,,statliga_leder
12355472,Z 107,Bustvålen (led 106) - Rogenstugan + vinterled Rödviken - Skedbrostugan,100.624616452437,"{""OBJECTID"": 12355472, ""STATLIGLED"": ""Z 107"", ""STATLIGLEDNAMN"": ""Bustvålen (led 106) - Rogenstugan + vinterled Rödviken - Skedbrostugan"", ""SHAPE.LEN"": 100.624616452437}",12.336527862531197,62.370051550746794,LineString,100.62461645297472,0.0,https://www.openstreetmap.org/?mlat=62.3700516&mlon=12.3365279#map=18/62.3700516/12.3365279,coordinate_fallback,,,statliga_leder
12355471,Z 107,Bustvålen (led 106) - Rogenstugan + vinterled Rödviken - Skedbrostugan,980.599099365972,"{""OBJECTID"": 12355471, ""STATLIGLED"": ""Z 107"", ""STATLIGLEDNAMN"": ""Bustvålen (led 106) - Rogenstugan + vinterled Rödviken - Skedbrostugan"", ""SHAPE.LEN"": 980.599099365972}",12.295273507836605,62.38604602036606,LineString,980.5990993670207,0.0,https://www.openstreetmap.org/?mlat=62.3860460&mlon=12.2952735#map=18/62.3860460/12.2952735,coordinate_fallback,,,statliga_leder
12355470,Z 107,Bustvålen (led 106) - Rogenstugan + vinterled Rödviken - Skedbrostugan,6690.18955511676,"{""OBJECTID"": 12355470, ""STATLIGLED"": ""Z 107"", ""STATLIGLEDNAMN"": ""Bustvålen (led 106) - Rogenstugan + vinterled Rödviken - Skedbrostugan"", ""SHAPE.LEN"": 6690.18955511676}",12.39635699178784,62.33635933081035,LineString,6690.189555116971,0.0,https://www.openstreetmap.org/?mlat=62.3363593&mlon=12.3963570#map=18/62.3363593/12.3963570,coordinate_fallback,,,statliga_leder
12355469,Z 107,Bustvålen (led 106) - Rogenstugan + vinterled Rödviken - Skedbrostugan,2028.56292630347,"{""OBJECTID"": 12355469, ""STATLIGLED"": ""Z 107"", ""STATLIGLEDNAMN"": ""Bustvålen (led 106) - Rogenstugan + vinterled Rödviken - Skedbrostugan"", ""SHAPE.LEN"": 2028.56292630347}",12.317615724196521,62.37769785115098,LineString,2028.5629263037692,0.0,https://www.openstreetmap.org/?mlat=62.3776979&mlon=12.3176157#map=18/62.3776979/12.3176157,coordinate_fallback,,,statliga_leder
12355468,Z 107,Bustvålen (led 106) - Rogenstugan + vinterled Rödviken - Skedbrostugan,46.6862842000732,"{""OBJECTID"": 12355468, ""STATLIGLED"": ""Z 107"", ""STATLIGLEDNAMN"": ""Bustvålen (led 106) - Rogenstugan + vinterled Rödviken - Skedbrostugan"", ""SHAPE.LEN"": 46.6862842000732}",12.337133556890088,62.36945341346109,LineString,46.68628419829238,0.0,https://www.openstreetmap.org/?mlat=62.3694534&mlon=12.3371336#map=18/62.3694534/12.3371336,coordinate_fallback,,,statliga_leder
12355467,Z 107,Bustvålen (led 106) - Rogenstugan + vinterled Rödviken - Skedbrostugan,598.982461776189,"{""OBJECTID"": 12355467, ""STATLIGLED"": ""Z 107"", ""STATLIGLEDNAMN"": ""Bustvålen (led 106) - Rogenstugan + vinterled Rödviken - Skedbrostugan"", ""SHAPE.LEN"": 598.982461776189}",12.342814974626302,62.356710390753776,LineString,598.9824617758313,0.0,https://www.openstreetmap.org/?mlat=62.3567104&mlon=12.3428150#map=18/62.3567104/12.3428150,coordinate_fallback,,,statliga_leder
12355466,Z 107,Bustvålen (led 106) - Rogenstugan + vinterled Rödviken - Skedbrostugan,1130.36562135469,"{""OBJECTID"": 12355466, ""STATLIGLED"": ""Z 107"", ""STATLIGLEDNAMN"": ""Bustvålen (led 106) - Rogenstugan + vinterled Rödviken - Skedbrostugan"", ""SHAPE.LEN"": 1130.36562135469}",12.3401743141718,62.3646653490562,LineString,1130.3656213560268,0.0,https://www.openstreetmap.org/?mlat=62.3646653&mlon=12.3401743#map=18/62.3646653/12.3401743,coordinate_fallback,,,statliga_leder
12355465,Z 107,Bustvålen (led 106) - Rogenstugan + vinterled Rödviken - Skedbrostugan,270.642447543393,"{""OBJECTID"": 12355465, ""STATLIGLED"": ""Z 107"", ""STATLIGLEDNAMN"": ""Bustvålen (led 106) - Rogenstugan + vinterled Rödviken - Skedbrostugan"", ""SHAPE.LEN"": 270.642447543393}",12.334764135327061,62.371594839895,LineString,270.64244754307987,0.0,https://www.openstreetmap.org/?mlat=62.3715948&mlon=12.3347641#map=18/62.3715948/12.3347641,coordinate_fallback,,,statliga_leder
