label,island,sites,toilets_total,avg_distance_m,avg_toilets_per_site
SAT Nåttarö,Nåttarö,10,26,67.3571608158913,2.6
SAT Finnhamn,Finnhamn,15,18,30.527699725988256,1.2
SAT Fjärdlång,Fjärdlång,10,14,50.78360320196446,1.4
SAT Grinda,Grinda,12,12,31.417177922466024,1.0
SAT Arholma,Arholma,9,9,39.19723076996962,1.0
SAT Utö,Utö,8,8,17.478826284182478,1.0
SAT Ingmarsö,Ingmarsö,5,8,24.82261393685154,1.6
SAT Rånö,Rånö,6,7,32.67399762736229,1.1666666666666667
SAT Sandhamn,Sandön,4,4,16.95394181196946,1.0
SAT Lidö,Lidö,3,4,47.205403948268774,1.3333333333333333
SAT Landsort,Öja,3,3,14.870789368584143,1.0
SAT Möja,Möja,3,3,17.928813617808185,1.0
SAT Ålö,Ålö,3,3,35.464055142387686,1.0
SAT Nämdö,Nämdö,2,2,8.25966664437358,1.0
SAT Furusund,Furusund,1,1,16.95887711666629,1.0
SAT Ornö,Ornö,1,1,4.2760339903841285,1.0
SAT Yxlan,Yxlan,1,1,94.32370686237392,1.0
