label,island,sites,avg_distance_m
SAT Finnhamn,Finnhamn,7,29.926555643425292
SAT Arholma,Arholma,4,52.56075509982761
SAT Rånö,Rånö,4,10.268688894635437
SAT Utö,Utö,4,41.69875316997326
SAT Ålö,Ålö,3,40.95608861789637
SAT Landsort,Öja,2,20.17792606684026
SAT Lidö,Lidö,2,37.572460682200784
SAT Nåttarö,Nåttarö,2,75.40009654750587
SAT Fjärdlång,Fjärdlång,1,5.464992819603241
SAT Grinda,Grinda,1,79.05777002223192
SAT Sandhamn,Sandön,1,8.338871695310928
SAT Svartsö,Svartsö,1,198.0484826377235
