label,island,sites,avg_distance_m
SAT Arholma,Arholma,4,52.56075509982761
SAT Rånö,Rånö,4,10.268688894635437
SAT Utö,Utö,4,41.69875316997326
SAT Ålö,Ålö,3,40.95608861789637
SAT Landsort,Öja,2,20.17792606684026
SAT Lidö,Lidö,2,37.572460682200784
SAT Ornö,Ornö,2,46.438389727801066
SAT Grinda,Grinda,1,79.05777002223192
SAT Ingmarsö,Ingmarsö,1,68.10622909801782
SAT Sandhamn,Sandön,1,8.338871695310928
